["bazelisk", "test", "//...", "//tests:gpu", "//tests:gpu_release_fast"]

Executed 3 out of 83 tests: 83 tests pass.
There were tests whose specified size is too big. Use the --test_verbose_timeout_warnings command line option to see which ones these are.
INFO: Invocation ID: d5d292e1-a37e-40f5-974e-cb18de22e98f
Computing main repo mapping: 
Loading: 
Loading: 0 packages loaded
Analyzing: 189 targets (0 packages loaded, 0 targets configured)
Analyzing: 189 targets (0 packages loaded, 3 targets configured)

DEBUG: /home/USER/.cache/bazel/_bazel_USER/100872e8ae7632816cc29185b66cbaf5/external/rules_python+/python/private/py_executable.bzl:1595:14: 
======================================================================
WARNING: Target @@//bazel:meson_build is using implicit __init__.py creation.
  This diabolic behavior is deprecated and will be disabled by default in a
  future release.
  See https://github.com/bazel-contrib/rules_python/issues/2945

  Ensure all __init__.py files are explicitly created and
  added to the srcs or deps of your targets.

  Disable implicit creation for your module in MODULE.bazel:

    rules_python_config = use_extension("@rules_python//python/extensions:config.bzl", "config")
    rules_python_config.explicit_init_py(default = True)

  Or for a specific target by setting:

    legacy_create_init = 0

  Or globally with the following Bazel flag:

    --incompatible_default_to_explicit_init_py
======================================================================
DEBUG: /home/USER/.cache/bazel/_bazel_USER/100872e8ae7632816cc29185b66cbaf5/external/rules_python+/python/private/py_executable.bzl:1595:14: 
======================================================================
WARNING: Target @@//tools:vulkan_stub is using implicit __init__.py creation.
  This diabolic behavior is deprecated and will be disabled by default in a
  future release.
  See https://github.com/bazel-contrib/rules_python/issues/2945

  Ensure all __init__.py files are explicitly created and
  added to the srcs or deps of your targets.

  Disable implicit creation for your module in MODULE.bazel:

    rules_python_config = use_extension("@rules_python//python/extensions:config.bzl", "config")
    rules_python_config.explicit_init_py(default = True)

  Or for a specific target by setting:

    legacy_create_init = 0

  Or globally with the following Bazel flag:

    --incompatible_default_to_explicit_init_py
======================================================================
DEBUG: /home/USER/.cache/bazel/_bazel_USER/100872e8ae7632816cc29185b66cbaf5/external/rules_python+/python/private/py_executable.bzl:1595:14: 
======================================================================
WARNING: Target @@//tools:generate_vulkan_bindings is using implicit __init__.py creation.
  This diabolic behavior is deprecated and will be disabled by default in a
  future release.
  See https://github.com/bazel-contrib/rules_python/issues/2945

  Ensure all __init__.py files are explicitly created and
  added to the srcs or deps of your targets.

  Disable implicit creation for your module in MODULE.bazel:

    rules_python_config = use_extension("@rules_python//python/extensions:config.bzl", "config")
    rules_python_config.explicit_init_py(default = True)

  Or for a specific target by setting:

    legacy_create_init = 0

  Or globally with the following Bazel flag:

    --incompatible_default_to_explicit_init_py
======================================================================
DEBUG: /home/USER/.cache/bazel/_bazel_USER/100872e8ae7632816cc29185b66cbaf5/external/rules_python+/python/private/py_executable.bzl:1595:14: 
======================================================================
WARNING: Target @@//tests:generate_vulkan_abi is using implicit __init__.py creation.
  This diabolic behavior is deprecated and will be disabled by default in a
  future release.
  See https://github.com/bazel-contrib/rules_python/issues/2945

  Ensure all __init__.py files are explicitly created and
  added to the srcs or deps of your targets.

  Disable implicit creation for your module in MODULE.bazel:

    rules_python_config = use_extension("@rules_python//python/extensions:config.bzl", "config")
    rules_python_config.explicit_init_py(default = True)

  Or for a specific target by setting:

    legacy_create_init = 0

  Or globally with the following Bazel flag:

    --incompatible_default_to_explicit_init_py
======================================================================
DEBUG: /home/USER/.cache/bazel/_bazel_USER/100872e8ae7632816cc29185b66cbaf5/external/rules_python+/python/private/py_executable.bzl:1595:14: 
======================================================================
WARNING: Target @@//tests:generate_gpu_timing_abi is using implicit __init__.py creation.
  This diabolic behavior is deprecated and will be disabled by default in a
  future release.
  See https://github.com/bazel-contrib/rules_python/issues/2945

  Ensure all __init__.py files are explicitly created and
  added to the srcs or deps of your targets.

  Disable implicit creation for your module in MODULE.bazel:

    rules_python_config = use_extension("@rules_python//python/extensions:config.bzl", "config")
    rules_python_config.explicit_init_py(default = True)

  Or for a specific target by setting:

    legacy_create_init = 0

  Or globally with the following Bazel flag:

    --incompatible_default_to_explicit_init_py
======================================================================
DEBUG: /home/USER/.cache/bazel/_bazel_USER/100872e8ae7632816cc29185b66cbaf5/external/rules_python+/python/private/py_executable.bzl:1595:14: 
======================================================================
WARNING: Target @@//bench/isa_lab:isa_tool is using implicit __init__.py creation.
  This diabolic behavior is deprecated and will be disabled by default in a
  future release.
  See https://github.com/bazel-contrib/rules_python/issues/2945

  Ensure all __init__.py files are explicitly created and
  added to the srcs or deps of your targets.

  Disable implicit creation for your module in MODULE.bazel:

    rules_python_config = use_extension("@rules_python//python/extensions:config.bzl", "config")
    rules_python_config.explicit_init_py(default = True)

  Or for a specific target by setting:

    legacy_create_init = 0

  Or globally with the following Bazel flag:

    --incompatible_default_to_explicit_init_py
======================================================================
DEBUG: /home/USER/.cache/bazel/_bazel_USER/100872e8ae7632816cc29185b66cbaf5/external/rules_python+/python/private/py_executable.bzl:1595:14: 
======================================================================
WARNING: Target @@//bench/isa_lab:gen_f16x is using implicit __init__.py creation.
  This diabolic behavior is deprecated and will be disabled by default in a
  future release.
  See https://github.com/bazel-contrib/rules_python/issues/2945

  Ensure all __init__.py files are explicitly created and
  added to the srcs or deps of your targets.

  Disable implicit creation for your module in MODULE.bazel:

    rules_python_config = use_extension("@rules_python//python/extensions:config.bzl", "config")
    rules_python_config.explicit_init_py(default = True)

  Or for a specific target by setting:

    legacy_create_init = 0

  Or globally with the following Bazel flag:

    --incompatible_default_to_explicit_init_py
======================================================================
DEBUG: /home/USER/.cache/bazel/_bazel_USER/100872e8ae7632816cc29185b66cbaf5/external/rules_python+/python/private/py_executable.bzl:1595:14: 
======================================================================
WARNING: Target @@//tests:test_gpu_driver_bench is using implicit __init__.py creation.
  This diabolic behavior is deprecated and will be disabled by default in a
  future release.
  See https://github.com/bazel-contrib/rules_python/issues/2945

  Ensure all __init__.py files are explicitly created and
  added to the srcs or deps of your targets.

  Disable implicit creation for your module in MODULE.bazel:

    rules_python_config = use_extension("@rules_python//python/extensions:config.bzl", "config")
    rules_python_config.explicit_init_py(default = True)

  Or for a specific target by setting:

    legacy_create_init = 0

  Or globally with the following Bazel flag:

    --incompatible_default_to_explicit_init_py
======================================================================
DEBUG: /home/USER/.cache/bazel/_bazel_USER/100872e8ae7632816cc29185b66cbaf5/external/rules_python+/python/private/py_executable.bzl:1595:14: 
======================================================================
WARNING: Target @@//tests:test_gguf_bench is using implicit __init__.py creation.
  This diabolic behavior is deprecated and will be disabled by default in a
  future release.
  See https://github.com/bazel-contrib/rules_python/issues/2945

  Ensure all __init__.py files are explicitly created and
  added to the srcs or deps of your targets.

  Disable implicit creation for your module in MODULE.bazel:

    rules_python_config = use_extension("@rules_python//python/extensions:config.bzl", "config")
    rules_python_config.explicit_init_py(default = True)

  Or for a specific target by setting:

    legacy_create_init = 0

  Or globally with the following Bazel flag:

    --incompatible_default_to_explicit_init_py
======================================================================
DEBUG: /home/USER/.cache/bazel/_bazel_USER/100872e8ae7632816cc29185b66cbaf5/external/rules_python+/python/private/py_executable.bzl:1595:14: 
======================================================================
WARNING: Target @@//tests:test_chat_bench is using implicit __init__.py creation.
  This diabolic behavior is deprecated and will be disabled by default in a
  future release.
  See https://github.com/bazel-contrib/rules_python/issues/2945

  Ensure all __init__.py files are explicitly created and
  added to the srcs or deps of your targets.

  Disable implicit creation for your module in MODULE.bazel:

    rules_python_config = use_extension("@rules_python//python/extensions:config.bzl", "config")
    rules_python_config.explicit_init_py(default = True)

  Or for a specific target by setting:

    legacy_create_init = 0

  Or globally with the following Bazel flag:

    --incompatible_default_to_explicit_init_py
======================================================================
DEBUG: /home/USER/.cache/bazel/_bazel_USER/100872e8ae7632816cc29185b66cbaf5/external/rules_python+/python/private/py_executable.bzl:1595:14: 
======================================================================
WARNING: Target @@//tests:test_kv_quality is using implicit __init__.py creation.
  This diabolic behavior is deprecated and will be disabled by default in a
  future release.
  See https://github.com/bazel-contrib/rules_python/issues/2945

  Ensure all __init__.py files are explicitly created and
  added to the srcs or deps of your targets.

  Disable implicit creation for your module in MODULE.bazel:

    rules_python_config = use_extension("@rules_python//python/extensions:config.bzl", "config")
    rules_python_config.explicit_init_py(default = True)

  Or for a specific target by setting:

    legacy_create_init = 0

  Or globally with the following Bazel flag:

    --incompatible_default_to_explicit_init_py
======================================================================
DEBUG: /home/USER/.cache/bazel/_bazel_USER/100872e8ae7632816cc29185b66cbaf5/external/rules_python+/python/private/py_executable.bzl:1595:14: 
======================================================================
WARNING: Target @@//tests:test_gpu_matvec is using implicit __init__.py creation.
  This diabolic behavior is deprecated and will be disabled by default in a
  future release.
  See https://github.com/bazel-contrib/rules_python/issues/2945

  Ensure all __init__.py files are explicitly created and
  added to the srcs or deps of your targets.

  Disable implicit creation for your module in MODULE.bazel:

    rules_python_config = use_extension("@rules_python//python/extensions:config.bzl", "config")
    rules_python_config.explicit_init_py(default = True)

  Or for a specific target by setting:

    legacy_create_init = 0

  Or globally with the following Bazel flag:

    --incompatible_default_to_explicit_init_py
======================================================================
DEBUG: /home/USER/.cache/bazel/_bazel_USER/100872e8ae7632816cc29185b66cbaf5/external/rules_python+/python/private/py_executable.bzl:1595:14: 
======================================================================
WARNING: Target @@//tests:test_build_lists is using implicit __init__.py creation.
  This diabolic behavior is deprecated and will be disabled by default in a
  future release.
  See https://github.com/bazel-contrib/rules_python/issues/2945

  Ensure all __init__.py files are explicitly created and
  added to the srcs or deps of your targets.

  Disable implicit creation for your module in MODULE.bazel:

    rules_python_config = use_extension("@rules_python//python/extensions:config.bzl", "config")
    rules_python_config.explicit_init_py(default = True)

  Or for a specific target by setting:

    legacy_create_init = 0

  Or globally with the following Bazel flag:

    --incompatible_default_to_explicit_init_py
======================================================================
DEBUG: /home/USER/.cache/bazel/_bazel_USER/100872e8ae7632816cc29185b66cbaf5/external/rules_python+/python/private/py_executable.bzl:1595:14: 
======================================================================
WARNING: Target @@//tests:test_tokenizer_baseline_rebuild is using implicit __init__.py creation.
  This diabolic behavior is deprecated and will be disabled by default in a
  future release.
  See https://github.com/bazel-contrib/rules_python/issues/2945

  Ensure all __init__.py files are explicitly created and
  added to the srcs or deps of your targets.

  Disable implicit creation for your module in MODULE.bazel:

    rules_python_config = use_extension("@rules_python//python/extensions:config.bzl", "config")
    rules_python_config.explicit_init_py(default = True)

  Or for a specific target by setting:

    legacy_create_init = 0

  Or globally with the following Bazel flag:

    --incompatible_default_to_explicit_init_py
======================================================================
DEBUG: /home/USER/.cache/bazel/_bazel_USER/100872e8ae7632816cc29185b66cbaf5/external/rules_python+/python/private/py_executable.bzl:1595:14: 
======================================================================
WARNING: Target @@//tests:test_output_reference is using implicit __init__.py creation.
  This diabolic behavior is deprecated and will be disabled by default in a
  future release.
  See https://github.com/bazel-contrib/rules_python/issues/2945

  Ensure all __init__.py files are explicitly created and
  added to the srcs or deps of your targets.

  Disable implicit creation for your module in MODULE.bazel:

    rules_python_config = use_extension("@rules_python//python/extensions:config.bzl", "config")
    rules_python_config.explicit_init_py(default = True)

  Or for a specific target by setting:

    legacy_create_init = 0

  Or globally with the following Bazel flag:

    --incompatible_default_to_explicit_init_py
======================================================================
DEBUG: /home/USER/.cache/bazel/_bazel_USER/100872e8ae7632816cc29185b66cbaf5/external/rules_python+/python/private/py_executable.bzl:1595:14: 
======================================================================
WARNING: Target @@//tests:test_quant_bench is using implicit __init__.py creation.
  This diabolic behavior is deprecated and will be disabled by default in a
  future release.
  See https://github.com/bazel-contrib/rules_python/issues/2945

  Ensure all __init__.py files are explicitly created and
  added to the srcs or deps of your targets.

  Disable implicit creation for your module in MODULE.bazel:

    rules_python_config = use_extension("@rules_python//python/extensions:config.bzl", "config")
    rules_python_config.explicit_init_py(default = True)

  Or for a specific target by setting:

    legacy_create_init = 0

  Or globally with the following Bazel flag:

    --incompatible_default_to_explicit_init_py
======================================================================
DEBUG: /home/USER/.cache/bazel/_bazel_USER/100872e8ae7632816cc29185b66cbaf5/external/rules_python+/python/private/py_executable.bzl:1595:14: 
======================================================================
WARNING: Target @@//tests:test_serving_harness is using implicit __init__.py creation.
  This diabolic behavior is deprecated and will be disabled by default in a
  future release.
  See https://github.com/bazel-contrib/rules_python/issues/2945

  Ensure all __init__.py files are explicitly created and
  added to the srcs or deps of your targets.

  Disable implicit creation for your module in MODULE.bazel:

    rules_python_config = use_extension("@rules_python//python/extensions:config.bzl", "config")
    rules_python_config.explicit_init_py(default = True)

  Or for a specific target by setting:

    legacy_create_init = 0

  Or globally with the following Bazel flag:

    --incompatible_default_to_explicit_init_py
======================================================================
DEBUG: /home/USER/.cache/bazel/_bazel_USER/100872e8ae7632816cc29185b66cbaf5/external/rules_python+/python/private/py_executable.bzl:1595:14: 
======================================================================
WARNING: Target @@//tools:py is using implicit __init__.py creation.
  This diabolic behavior is deprecated and will be disabled by default in a
  future release.
  See https://github.com/bazel-contrib/rules_python/issues/2945

  Ensure all __init__.py files are explicitly created and
  added to the srcs or deps of your targets.

  Disable implicit creation for your module in MODULE.bazel:

    rules_python_config = use_extension("@rules_python//python/extensions:config.bzl", "config")
    rules_python_config.explicit_init_py(default = True)

  Or for a specific target by setting:

    legacy_create_init = 0

  Or globally with the following Bazel flag:

    --incompatible_default_to_explicit_init_py
======================================================================
DEBUG: /home/USER/.cache/bazel/_bazel_USER/100872e8ae7632816cc29185b66cbaf5/external/rules_python+/python/private/py_executable.bzl:1595:14: 
======================================================================
WARNING: Target @@//tests:test_token_economics is using implicit __init__.py creation.
  This diabolic behavior is deprecated and will be disabled by default in a
  future release.
  See https://github.com/bazel-contrib/rules_python/issues/2945

  Ensure all __init__.py files are explicitly created and
  added to the srcs or deps of your targets.

  Disable implicit creation for your module in MODULE.bazel:

    rules_python_config = use_extension("@rules_python//python/extensions:config.bzl", "config")
    rules_python_config.explicit_init_py(default = True)

  Or for a specific target by setting:

    legacy_create_init = 0

  Or globally with the following Bazel flag:

    --incompatible_default_to_explicit_init_py
======================================================================
DEBUG: /home/USER/.cache/bazel/_bazel_USER/100872e8ae7632816cc29185b66cbaf5/external/rules_python+/python/private/py_executable.bzl:1595:14: 
======================================================================
WARNING: Target @@//tests:test_tokenizer_matched_bench is using implicit __init__.py creation.
  This diabolic behavior is deprecated and will be disabled by default in a
  future release.
  See https://github.com/bazel-contrib/rules_python/issues/2945

  Ensure all __init__.py files are explicitly created and
  added to the srcs or deps of your targets.

  Disable implicit creation for your module in MODULE.bazel:

    rules_python_config = use_extension("@rules_python//python/extensions:config.bzl", "config")
    rules_python_config.explicit_init_py(default = True)

  Or for a specific target by setting:

    legacy_create_init = 0

  Or globally with the following Bazel flag:

    --incompatible_default_to_explicit_init_py
======================================================================
DEBUG: /home/USER/.cache/bazel/_bazel_USER/100872e8ae7632816cc29185b66cbaf5/external/rules_python+/python/private/py_executable.bzl:1595:14: 
======================================================================
WARNING: Target @@//tests:test_tokenizer_bench is using implicit __init__.py creation.
  This diabolic behavior is deprecated and will be disabled by default in a
  future release.
  See https://github.com/bazel-contrib/rules_python/issues/2945

  Ensure all __init__.py files are explicitly created and
  added to the srcs or deps of your targets.

  Disable implicit creation for your module in MODULE.bazel:

    rules_python_config = use_extension("@rules_python//python/extensions:config.bzl", "config")
    rules_python_config.explicit_init_py(default = True)

  Or for a specific target by setting:

    legacy_create_init = 0

  Or globally with the following Bazel flag:

    --incompatible_default_to_explicit_init_py
======================================================================
DEBUG: /home/USER/.cache/bazel/_bazel_USER/100872e8ae7632816cc29185b66cbaf5/external/rules_python+/python/private/py_executable.bzl:1595:14: 
======================================================================
WARNING: Target @@//tests:test_nfc_bench is using implicit __init__.py creation.
  This diabolic behavior is deprecated and will be disabled by default in a
  future release.
  See https://github.com/bazel-contrib/rules_python/issues/2945

  Ensure all __init__.py files are explicitly created and
  added to the srcs or deps of your targets.

  Disable implicit creation for your module in MODULE.bazel:

    rules_python_config = use_extension("@rules_python//python/extensions:config.bzl", "config")
    rules_python_config.explicit_init_py(default = True)

  Or for a specific target by setting:

    legacy_create_init = 0

  Or globally with the following Bazel flag:

    --incompatible_default_to_explicit_init_py
======================================================================
DEBUG: /home/USER/.cache/bazel/_bazel_USER/100872e8ae7632816cc29185b66cbaf5/external/rules_python+/python/private/py_executable.bzl:1595:14: 
======================================================================
WARNING: Target @@//tests:test_vulkan_fixtures is using implicit __init__.py creation.
  This diabolic behavior is deprecated and will be disabled by default in a
  future release.
  See https://github.com/bazel-contrib/rules_python/issues/2945

  Ensure all __init__.py files are explicitly created and
  added to the srcs or deps of your targets.

  Disable implicit creation for your module in MODULE.bazel:

    rules_python_config = use_extension("@rules_python//python/extensions:config.bzl", "config")
    rules_python_config.explicit_init_py(default = True)

  Or for a specific target by setting:

    legacy_create_init = 0

  Or globally with the following Bazel flag:

    --incompatible_default_to_explicit_init_py
======================================================================
DEBUG: /home/USER/.cache/bazel/_bazel_USER/100872e8ae7632816cc29185b66cbaf5/external/rules_python+/python/private/py_executable.bzl:1595:14: 
======================================================================
WARNING: Target @@//bench/isa_lab:isa_tool is using implicit __init__.py creation.
  This diabolic behavior is deprecated and will be disabled by default in a
  future release.
  See https://github.com/bazel-contrib/rules_python/issues/2945

  Ensure all __init__.py files are explicitly created and
  added to the srcs or deps of your targets.

  Disable implicit creation for your module in MODULE.bazel:

    rules_python_config = use_extension("@rules_python//python/extensions:config.bzl", "config")
    rules_python_config.explicit_init_py(default = True)

  Or for a specific target by setting:

    legacy_create_init = 0

  Or globally with the following Bazel flag:

    --incompatible_default_to_explicit_init_py
======================================================================
DEBUG: /home/USER/.cache/bazel/_bazel_USER/100872e8ae7632816cc29185b66cbaf5/external/rules_python+/python/private/py_executable.bzl:1595:14: 
======================================================================
WARNING: Target @@//tests:test_model_market_summary is using implicit __init__.py creation.
  This diabolic behavior is deprecated and will be disabled by default in a
  future release.
  See https://github.com/bazel-contrib/rules_python/issues/2945

  Ensure all __init__.py files are explicitly created and
  added to the srcs or deps of your targets.

  Disable implicit creation for your module in MODULE.bazel:

    rules_python_config = use_extension("@rules_python//python/extensions:config.bzl", "config")
    rules_python_config.explicit_init_py(default = True)

  Or for a specific target by setting:

    legacy_create_init = 0

  Or globally with the following Bazel flag:

    --incompatible_default_to_explicit_init_py
======================================================================
DEBUG: /home/USER/.cache/bazel/_bazel_USER/100872e8ae7632816cc29185b66cbaf5/external/rules_python+/python/private/py_executable.bzl:1595:14: 
======================================================================
WARNING: Target @@//tests:test_model is using implicit __init__.py creation.
  This diabolic behavior is deprecated and will be disabled by default in a
  future release.
  See https://github.com/bazel-contrib/rules_python/issues/2945

  Ensure all __init__.py files are explicitly created and
  added to the srcs or deps of your targets.

  Disable implicit creation for your module in MODULE.bazel:

    rules_python_config = use_extension("@rules_python//python/extensions:config.bzl", "config")
    rules_python_config.explicit_init_py(default = True)

  Or for a specific target by setting:

    legacy_create_init = 0

  Or globally with the following Bazel flag:

    --incompatible_default_to_explicit_init_py
======================================================================
DEBUG: /home/USER/.cache/bazel/_bazel_USER/100872e8ae7632816cc29185b66cbaf5/external/rules_python+/python/private/py_executable.bzl:1595:14: 
======================================================================
WARNING: Target @@+http_archive+glslang//:build_info is using implicit __init__.py creation.
  This diabolic behavior is deprecated and will be disabled by default in a
  future release.
  See https://github.com/bazel-contrib/rules_python/issues/2945

  Ensure all __init__.py files are explicitly created and
  added to the srcs or deps of your targets.

  Disable implicit creation for your module in MODULE.bazel:

    rules_python_config = use_extension("@rules_python//python/extensions:config.bzl", "config")
    rules_python_config.explicit_init_py(default = True)

  Or for a specific target by setting:

    legacy_create_init = 0

  Or globally with the following Bazel flag:

    --incompatible_default_to_explicit_init_py
======================================================================
DEBUG: /home/USER/.cache/bazel/_bazel_USER/100872e8ae7632816cc29185b66cbaf5/external/rules_python+/python/private/py_executable.bzl:1595:14: 
======================================================================
WARNING: Target @@+http_archive+spirv_tools//:update_build_version is using implicit __init__.py creation.
  This diabolic behavior is deprecated and will be disabled by default in a
  future release.
  See https://github.com/bazel-contrib/rules_python/issues/2945

  Ensure all __init__.py files are explicitly created and
  added to the srcs or deps of your targets.

  Disable implicit creation for your module in MODULE.bazel:

    rules_python_config = use_extension("@rules_python//python/extensions:config.bzl", "config")
    rules_python_config.explicit_init_py(default = True)

  Or for a specific target by setting:

    legacy_create_init = 0

  Or globally with the following Bazel flag:

    --incompatible_default_to_explicit_init_py
======================================================================
DEBUG: /home/USER/.cache/bazel/_bazel_USER/100872e8ae7632816cc29185b66cbaf5/external/rules_python+/python/private/py_executable.bzl:1595:14: 
======================================================================
WARNING: Target @@//tests:generate_vulkan_abi is using implicit __init__.py creation.
  This diabolic behavior is deprecated and will be disabled by default in a
  future release.
  See https://github.com/bazel-contrib/rules_python/issues/2945

  Ensure all __init__.py files are explicitly created and
  added to the srcs or deps of your targets.

  Disable implicit creation for your module in MODULE.bazel:

    rules_python_config = use_extension("@rules_python//python/extensions:config.bzl", "config")
    rules_python_config.explicit_init_py(default = True)

  Or for a specific target by setting:

    legacy_create_init = 0

  Or globally with the following Bazel flag:

    --incompatible_default_to_explicit_init_py
======================================================================
DEBUG: /home/USER/.cache/bazel/_bazel_USER/100872e8ae7632816cc29185b66cbaf5/external/rules_python+/python/private/py_executable.bzl:1595:14: 
======================================================================
WARNING: Target @@//tools:vulkan_stub is using implicit __init__.py creation.
  This diabolic behavior is deprecated and will be disabled by default in a
  future release.
  See https://github.com/bazel-contrib/rules_python/issues/2945

  Ensure all __init__.py files are explicitly created and
  added to the srcs or deps of your targets.

  Disable implicit creation for your module in MODULE.bazel:

    rules_python_config = use_extension("@rules_python//python/extensions:config.bzl", "config")
    rules_python_config.explicit_init_py(default = True)

  Or for a specific target by setting:

    legacy_create_init = 0

  Or globally with the following Bazel flag:

    --incompatible_default_to_explicit_init_py
======================================================================
DEBUG: /home/USER/.cache/bazel/_bazel_USER/100872e8ae7632816cc29185b66cbaf5/external/rules_python+/python/private/py_executable.bzl:1595:14: 
======================================================================
WARNING: Target @@//tests:test_model_quant_bench is using implicit __init__.py creation.
  This diabolic behavior is deprecated and will be disabled by default in a
  future release.
  See https://github.com/bazel-contrib/rules_python/issues/2945

  Ensure all __init__.py files are explicitly created and
  added to the srcs or deps of your targets.

  Disable implicit creation for your module in MODULE.bazel:

    rules_python_config = use_extension("@rules_python//python/extensions:config.bzl", "config")
    rules_python_config.explicit_init_py(default = True)

  Or for a specific target by setting:

    legacy_create_init = 0

  Or globally with the following Bazel flag:

    --incompatible_default_to_explicit_init_py
======================================================================
DEBUG: /home/USER/.cache/bazel/_bazel_USER/100872e8ae7632816cc29185b66cbaf5/external/rules_python+/python/private/py_executable.bzl:1595:14: 
======================================================================
WARNING: Target @@//tests:test_split_bench is using implicit __init__.py creation.
  This diabolic behavior is deprecated and will be disabled by default in a
  future release.
  See https://github.com/bazel-contrib/rules_python/issues/2945

  Ensure all __init__.py files are explicitly created and
  added to the srcs or deps of your targets.

  Disable implicit creation for your module in MODULE.bazel:

    rules_python_config = use_extension("@rules_python//python/extensions:config.bzl", "config")
    rules_python_config.explicit_init_py(default = True)

  Or for a specific target by setting:

    legacy_create_init = 0

  Or globally with the following Bazel flag:

    --incompatible_default_to_explicit_init_py
======================================================================
DEBUG: /home/USER/.cache/bazel/_bazel_USER/100872e8ae7632816cc29185b66cbaf5/external/rules_python+/python/private/py_executable.bzl:1595:14: 
======================================================================
WARNING: Target @@//tests:generate_gpu_timing_abi is using implicit __init__.py creation.
  This diabolic behavior is deprecated and will be disabled by default in a
  future release.
  See https://github.com/bazel-contrib/rules_python/issues/2945

  Ensure all __init__.py files are explicitly created and
  added to the srcs or deps of your targets.

  Disable implicit creation for your module in MODULE.bazel:

    rules_python_config = use_extension("@rules_python//python/extensions:config.bzl", "config")
    rules_python_config.explicit_init_py(default = True)

  Or for a specific target by setting:

    legacy_create_init = 0

  Or globally with the following Bazel flag:

    --incompatible_default_to_explicit_init_py
======================================================================
DEBUG: /home/USER/.cache/bazel/_bazel_USER/100872e8ae7632816cc29185b66cbaf5/external/rules_python+/python/private/py_executable.bzl:1595:14: 
======================================================================
WARNING: Target @@+http_archive+spirv_tools//:generate_registry_tables is using implicit __init__.py creation.
  This diabolic behavior is deprecated and will be disabled by default in a
  future release.
  See https://github.com/bazel-contrib/rules_python/issues/2945

  Ensure all __init__.py files are explicitly created and
  added to the srcs or deps of your targets.

  Disable implicit creation for your module in MODULE.bazel:

    rules_python_config = use_extension("@rules_python//python/extensions:config.bzl", "config")
    rules_python_config.explicit_init_py(default = True)

  Or for a specific target by setting:

    legacy_create_init = 0

  Or globally with the following Bazel flag:

    --incompatible_default_to_explicit_init_py
======================================================================
DEBUG: /home/USER/.cache/bazel/_bazel_USER/100872e8ae7632816cc29185b66cbaf5/external/rules_python+/python/private/py_executable.bzl:1595:14: 
======================================================================
WARNING: Target @@+http_archive+spirv_tools//:ggt is using implicit __init__.py creation.
  This diabolic behavior is deprecated and will be disabled by default in a
  future release.
  See https://github.com/bazel-contrib/rules_python/issues/2945

  Ensure all __init__.py files are explicitly created and
  added to the srcs or deps of your targets.

  Disable implicit creation for your module in MODULE.bazel:

    rules_python_config = use_extension("@rules_python//python/extensions:config.bzl", "config")
    rules_python_config.explicit_init_py(default = True)

  Or for a specific target by setting:

    legacy_create_init = 0

  Or globally with the following Bazel flag:

    --incompatible_default_to_explicit_init_py
======================================================================
DEBUG: /home/USER/.cache/bazel/_bazel_USER/100872e8ae7632816cc29185b66cbaf5/external/rules_python+/python/private/py_executable.bzl:1595:14: 
======================================================================
WARNING: Target @@+http_archive+spirv_tools//:generate_language_headers is using implicit __init__.py creation.
  This diabolic behavior is deprecated and will be disabled by default in a
  future release.
  See https://github.com/bazel-contrib/rules_python/issues/2945

  Ensure all __init__.py files are explicitly created and
  added to the srcs or deps of your targets.

  Disable implicit creation for your module in MODULE.bazel:

    rules_python_config = use_extension("@rules_python//python/extensions:config.bzl", "config")
    rules_python_config.explicit_init_py(default = True)

  Or for a specific target by setting:

    legacy_create_init = 0

  Or globally with the following Bazel flag:

    --incompatible_default_to_explicit_init_py
======================================================================
DEBUG: /home/USER/.cache/bazel/_bazel_USER/100872e8ae7632816cc29185b66cbaf5/external/rules_python+/python/private/py_executable.bzl:1595:14: 
======================================================================
WARNING: Target @@//tests:test_rented_gpu_economics is using implicit __init__.py creation.
  This diabolic behavior is deprecated and will be disabled by default in a
  future release.
  See https://github.com/bazel-contrib/rules_python/issues/2945

  Ensure all __init__.py files are explicitly created and
  added to the srcs or deps of your targets.

  Disable implicit creation for your module in MODULE.bazel:

    rules_python_config = use_extension("@rules_python//python/extensions:config.bzl", "config")
    rules_python_config.explicit_init_py(default = True)

  Or for a specific target by setting:

    legacy_create_init = 0

  Or globally with the following Bazel flag:

    --incompatible_default_to_explicit_init_py
======================================================================
DEBUG: /home/USER/.cache/bazel/_bazel_USER/100872e8ae7632816cc29185b66cbaf5/external/rules_python+/python/private/py_executable.bzl:1595:14: 
======================================================================
WARNING: Target @@//bench/isa_lab:gen_f16x is using implicit __init__.py creation.
  This diabolic behavior is deprecated and will be disabled by default in a
  future release.
  See https://github.com/bazel-contrib/rules_python/issues/2945

  Ensure all __init__.py files are explicitly created and
  added to the srcs or deps of your targets.

  Disable implicit creation for your module in MODULE.bazel:

    rules_python_config = use_extension("@rules_python//python/extensions:config.bzl", "config")
    rules_python_config.explicit_init_py(default = True)

  Or for a specific target by setting:

    legacy_create_init = 0

  Or globally with the following Bazel flag:

    --incompatible_default_to_explicit_init_py
======================================================================
DEBUG: /home/USER/.cache/bazel/_bazel_USER/100872e8ae7632816cc29185b66cbaf5/external/rules_python+/python/private/py_executable.bzl:1595:14: 
======================================================================
WARNING: Target @@//tools:generate_vulkan_bindings is using implicit __init__.py creation.
  This diabolic behavior is deprecated and will be disabled by default in a
  future release.
  See https://github.com/bazel-contrib/rules_python/issues/2945

  Ensure all __init__.py files are explicitly created and
  added to the srcs or deps of your targets.

  Disable implicit creation for your module in MODULE.bazel:

    rules_python_config = use_extension("@rules_python//python/extensions:config.bzl", "config")
    rules_python_config.explicit_init_py(default = True)

  Or for a specific target by setting:

    legacy_create_init = 0

  Or globally with the following Bazel flag:

    --incompatible_default_to_explicit_init_py
======================================================================
DEBUG: /home/USER/.cache/bazel/_bazel_USER/100872e8ae7632816cc29185b66cbaf5/external/rules_python+/python/private/py_executable.bzl:1595:14: 
======================================================================
WARNING: Target @@//src/gpu:vk_zig_update is using implicit __init__.py creation.
  This diabolic behavior is deprecated and will be disabled by default in a
  future release.
  See https://github.com/bazel-contrib/rules_python/issues/2945

  Ensure all __init__.py files are explicitly created and
  added to the srcs or deps of your targets.

  Disable implicit creation for your module in MODULE.bazel:

    rules_python_config = use_extension("@rules_python//python/extensions:config.bzl", "config")
    rules_python_config.explicit_init_py(default = True)

  Or for a specific target by setting:

    legacy_create_init = 0

  Or globally with the following Bazel flag:

    --incompatible_default_to_explicit_init_py
======================================================================
DEBUG: /home/USER/.cache/bazel/_bazel_USER/100872e8ae7632816cc29185b66cbaf5/external/rules_python+/python/private/py_executable.bzl:1595:14: 
======================================================================
WARNING: Target @@//src/model:native_code_test_radv_test is using implicit __init__.py creation.
  This diabolic behavior is deprecated and will be disabled by default in a
  future release.
  See https://github.com/bazel-contrib/rules_python/issues/2945

  Ensure all __init__.py files are explicitly created and
  added to the srcs or deps of your targets.

  Disable implicit creation for your module in MODULE.bazel:

    rules_python_config = use_extension("@rules_python//python/extensions:config.bzl", "config")
    rules_python_config.explicit_init_py(default = True)

  Or for a specific target by setting:

    legacy_create_init = 0

  Or globally with the following Bazel flag:

    --incompatible_default_to_explicit_init_py
======================================================================
DEBUG: /home/USER/.cache/bazel/_bazel_USER/100872e8ae7632816cc29185b66cbaf5/external/rules_python+/python/private/py_executable.bzl:1595:14: 
======================================================================
WARNING: Target @@//src/model:native_code_test is using implicit __init__.py creation.
  This diabolic behavior is deprecated and will be disabled by default in a
  future release.
  See https://github.com/bazel-contrib/rules_python/issues/2945

  Ensure all __init__.py files are explicitly created and
  added to the srcs or deps of your targets.

  Disable implicit creation for your module in MODULE.bazel:

    rules_python_config = use_extension("@rules_python//python/extensions:config.bzl", "config")
    rules_python_config.explicit_init_py(default = True)

  Or for a specific target by setting:

    legacy_create_init = 0

  Or globally with the following Bazel flag:

    --incompatible_default_to_explicit_init_py
======================================================================
DEBUG: /home/USER/.cache/bazel/_bazel_USER/100872e8ae7632816cc29185b66cbaf5/external/rules_python+/python/private/py_executable.bzl:1595:14: 
======================================================================
WARNING: Target @@//src/gpu:vk_zig_test is using implicit __init__.py creation.
  This diabolic behavior is deprecated and will be disabled by default in a
  future release.
  See https://github.com/bazel-contrib/rules_python/issues/2945

  Ensure all __init__.py files are explicitly created and
  added to the srcs or deps of your targets.

  Disable implicit creation for your module in MODULE.bazel:

    rules_python_config = use_extension("@rules_python//python/extensions:config.bzl", "config")
    rules_python_config.explicit_init_py(default = True)

  Or for a specific target by setting:

    legacy_create_init = 0

  Or globally with the following Bazel flag:

    --incompatible_default_to_explicit_init_py
======================================================================
DEBUG: /home/USER/.cache/bazel/_bazel_USER/100872e8ae7632816cc29185b66cbaf5/external/rules_python+/python/private/py_executable.bzl:1595:14: 
======================================================================
WARNING: Target @@//tools:compile_matvec is using implicit __init__.py creation.
  This diabolic behavior is deprecated and will be disabled by default in a
  future release.
  See https://github.com/bazel-contrib/rules_python/issues/2945

  Ensure all __init__.py files are explicitly created and
  added to the srcs or deps of your targets.

  Disable implicit creation for your module in MODULE.bazel:

    rules_python_config = use_extension("@rules_python//python/extensions:config.bzl", "config")
    rules_python_config.explicit_init_py(default = True)

  Or for a specific target by setting:

    legacy_create_init = 0

  Or globally with the following Bazel flag:

    --incompatible_default_to_explicit_init_py
======================================================================
DEBUG: /home/USER/.cache/bazel/_bazel_USER/100872e8ae7632816cc29185b66cbaf5/external/rules_python+/python/private/py_executable.bzl:1595:14: 
======================================================================
WARNING: Target @@//tools:compile_model is using implicit __init__.py creation.
  This diabolic behavior is deprecated and will be disabled by default in a
  future release.
  See https://github.com/bazel-contrib/rules_python/issues/2945

  Ensure all __init__.py files are explicitly created and
  added to the srcs or deps of your targets.

  Disable implicit creation for your module in MODULE.bazel:

    rules_python_config = use_extension("@rules_python//python/extensions:config.bzl", "config")
    rules_python_config.explicit_init_py(default = True)

  Or for a specific target by setting:

    legacy_create_init = 0

  Or globally with the following Bazel flag:

    --incompatible_default_to_explicit_init_py
======================================================================
DEBUG: /home/USER/.cache/bazel/_bazel_USER/100872e8ae7632816cc29185b66cbaf5/external/rules_python+/python/private/py_executable.bzl:1595:14: 
======================================================================
WARNING: Target @@+http_archive+glslang//:gen_extension_headers is using implicit __init__.py creation.
  This diabolic behavior is deprecated and will be disabled by default in a
  future release.
  See https://github.com/bazel-contrib/rules_python/issues/2945

  Ensure all __init__.py files are explicitly created and
  added to the srcs or deps of your targets.

  Disable implicit creation for your module in MODULE.bazel:

    rules_python_config = use_extension("@rules_python//python/extensions:config.bzl", "config")
    rules_python_config.explicit_init_py(default = True)

  Or for a specific target by setting:

    legacy_create_init = 0

  Or globally with the following Bazel flag:

    --incompatible_default_to_explicit_init_py
======================================================================
DEBUG: /home/USER/.cache/bazel/_bazel_USER/100872e8ae7632816cc29185b66cbaf5/external/rules_python+/python/private/py_executable.bzl:1595:14: 
======================================================================
WARNING: Target @@//bazel:meson_build is using implicit __init__.py creation.
  This diabolic behavior is deprecated and will be disabled by default in a
  future release.
  See https://github.com/bazel-contrib/rules_python/issues/2945

  Ensure all __init__.py files are explicitly created and
  added to the srcs or deps of your targets.

  Disable implicit creation for your module in MODULE.bazel:

    rules_python_config = use_extension("@rules_python//python/extensions:config.bzl", "config")
    rules_python_config.explicit_init_py(default = True)

  Or for a specific target by setting:

    legacy_create_init = 0

  Or globally with the following Bazel flag:

    --incompatible_default_to_explicit_init_py
======================================================================
DEBUG: /home/USER/.cache/bazel/_bazel_USER/100872e8ae7632816cc29185b66cbaf5/external/rules_python+/python/private/py_executable.bzl:1595:14: 
======================================================================
WARNING: Target @@//tests:vulkan_fixtures_update is using implicit __init__.py creation.
  This diabolic behavior is deprecated and will be disabled by default in a
  future release.
  See https://github.com/bazel-contrib/rules_python/issues/2945

  Ensure all __init__.py files are explicitly created and
  added to the srcs or deps of your targets.

  Disable implicit creation for your module in MODULE.bazel:

    rules_python_config = use_extension("@rules_python//python/extensions:config.bzl", "config")
    rules_python_config.explicit_init_py(default = True)

  Or for a specific target by setting:

    legacy_create_init = 0

  Or globally with the following Bazel flag:

    --incompatible_default_to_explicit_init_py
======================================================================
DEBUG: /home/USER/.cache/bazel/_bazel_USER/100872e8ae7632816cc29185b66cbaf5/external/rules_python+/python/private/py_executable.bzl:1595:14: 
======================================================================
WARNING: Target @@//tests:vulkan_fixtures_test is using implicit __init__.py creation.
  This diabolic behavior is deprecated and will be disabled by default in a
  future release.
  See https://github.com/bazel-contrib/rules_python/issues/2945

  Ensure all __init__.py files are explicitly created and
  added to the srcs or deps of your targets.

  Disable implicit creation for your module in MODULE.bazel:

    rules_python_config = use_extension("@rules_python//python/extensions:config.bzl", "config")
    rules_python_config.explicit_init_py(default = True)

  Or for a specific target by setting:

    legacy_create_init = 0

  Or globally with the following Bazel flag:

    --incompatible_default_to_explicit_init_py
======================================================================
DEBUG: /home/USER/.cache/bazel/_bazel_USER/100872e8ae7632816cc29185b66cbaf5/external/rules_python+/python/private/py_executable.bzl:1595:14: 
======================================================================
WARNING: Target @@//tools:compile_matvec is using implicit __init__.py creation.
  This diabolic behavior is deprecated and will be disabled by default in a
  future release.
  See https://github.com/bazel-contrib/rules_python/issues/2945

  Ensure all __init__.py files are explicitly created and
  added to the srcs or deps of your targets.

  Disable implicit creation for your module in MODULE.bazel:

    rules_python_config = use_extension("@rules_python//python/extensions:config.bzl", "config")
    rules_python_config.explicit_init_py(default = True)

  Or for a specific target by setting:

    legacy_create_init = 0

  Or globally with the following Bazel flag:

    --incompatible_default_to_explicit_init_py
======================================================================
DEBUG: /home/USER/.cache/bazel/_bazel_USER/100872e8ae7632816cc29185b66cbaf5/external/rules_python+/python/private/py_executable.bzl:1595:14: 
======================================================================
WARNING: Target @@//tools:compile_model is using implicit __init__.py creation.
  This diabolic behavior is deprecated and will be disabled by default in a
  future release.
  See https://github.com/bazel-contrib/rules_python/issues/2945

  Ensure all __init__.py files are explicitly created and
  added to the srcs or deps of your targets.

  Disable implicit creation for your module in MODULE.bazel:

    rules_python_config = use_extension("@rules_python//python/extensions:config.bzl", "config")
    rules_python_config.explicit_init_py(default = True)

  Or for a specific target by setting:

    legacy_create_init = 0

  Or globally with the following Bazel flag:

    --incompatible_default_to_explicit_init_py
======================================================================
DEBUG: /home/USER/.cache/bazel/_bazel_USER/100872e8ae7632816cc29185b66cbaf5/external/rules_python+/python/private/py_executable.bzl:1595:14: 
======================================================================
WARNING: Target @@//src/model:generated_shaders_test is using implicit __init__.py creation.
  This diabolic behavior is deprecated and will be disabled by default in a
  future release.
  See https://github.com/bazel-contrib/rules_python/issues/2945

  Ensure all __init__.py files are explicitly created and
  added to the srcs or deps of your targets.

  Disable implicit creation for your module in MODULE.bazel:

    rules_python_config = use_extension("@rules_python//python/extensions:config.bzl", "config")
    rules_python_config.explicit_init_py(default = True)

  Or for a specific target by setting:

    legacy_create_init = 0

  Or globally with the following Bazel flag:

    --incompatible_default_to_explicit_init_py
======================================================================
DEBUG: /home/USER/.cache/bazel/_bazel_USER/100872e8ae7632816cc29185b66cbaf5/external/rules_python+/python/private/py_executable.bzl:1595:14: 
======================================================================
WARNING: Target @@//src/matvec:generated_shaders_test is using implicit __init__.py creation.
  This diabolic behavior is deprecated and will be disabled by default in a
  future release.
  See https://github.com/bazel-contrib/rules_python/issues/2945

  Ensure all __init__.py files are explicitly created and
  added to the srcs or deps of your targets.

  Disable implicit creation for your module in MODULE.bazel:

    rules_python_config = use_extension("@rules_python//python/extensions:config.bzl", "config")
    rules_python_config.explicit_init_py(default = True)

  Or for a specific target by setting:

    legacy_create_init = 0

  Or globally with the following Bazel flag:

    --incompatible_default_to_explicit_init_py
======================================================================
DEBUG: /home/USER/.cache/bazel/_bazel_USER/100872e8ae7632816cc29185b66cbaf5/external/rules_python+/python/private/py_executable.bzl:1595:14: 
======================================================================
WARNING: Target @@//src/matvec:update_shaders is using implicit __init__.py creation.
  This diabolic behavior is deprecated and will be disabled by default in a
  future release.
  See https://github.com/bazel-contrib/rules_python/issues/2945

  Ensure all __init__.py files are explicitly created and
  added to the srcs or deps of your targets.

  Disable implicit creation for your module in MODULE.bazel:

    rules_python_config = use_extension("@rules_python//python/extensions:config.bzl", "config")
    rules_python_config.explicit_init_py(default = True)

  Or for a specific target by setting:

    legacy_create_init = 0

  Or globally with the following Bazel flag:

    --incompatible_default_to_explicit_init_py
======================================================================
DEBUG: /home/USER/.cache/bazel/_bazel_USER/100872e8ae7632816cc29185b66cbaf5/external/rules_python+/python/private/py_executable.bzl:1595:14: 
======================================================================
WARNING: Target @@//src/model:update_shaders is using implicit __init__.py creation.
  This diabolic behavior is deprecated and will be disabled by default in a
  future release.
  See https://github.com/bazel-contrib/rules_python/issues/2945

  Ensure all __init__.py files are explicitly created and
  added to the srcs or deps of your targets.

  Disable implicit creation for your module in MODULE.bazel:

    rules_python_config = use_extension("@rules_python//python/extensions:config.bzl", "config")
    rules_python_config.explicit_init_py(default = True)

  Or for a specific target by setting:

    legacy_create_init = 0

  Or globally with the following Bazel flag:

    --incompatible_default_to_explicit_init_py
======================================================================
DEBUG: /home/USER/.cache/bazel/_bazel_USER/100872e8ae7632816cc29185b66cbaf5/external/rules_python+/python/private/py_executable.bzl:1595:14: 
======================================================================
WARNING: Target @@//tools:vulkan_stub is using implicit __init__.py creation.
  This diabolic behavior is deprecated and will be disabled by default in a
  future release.
  See https://github.com/bazel-contrib/rules_python/issues/2945

  Ensure all __init__.py files are explicitly created and
  added to the srcs or deps of your targets.

  Disable implicit creation for your module in MODULE.bazel:

    rules_python_config = use_extension("@rules_python//python/extensions:config.bzl", "config")
    rules_python_config.explicit_init_py(default = True)

  Or for a specific target by setting:

    legacy_create_init = 0

  Or globally with the following Bazel flag:

    --incompatible_default_to_explicit_init_py
======================================================================
DEBUG: /home/USER/.cache/bazel/_bazel_USER/100872e8ae7632816cc29185b66cbaf5/external/rules_python+/python/private/py_executable.bzl:1595:14: 
======================================================================
WARNING: Target @@+http_archive+glslang//:gen_extension_headers is using implicit __init__.py creation.
  This diabolic behavior is deprecated and will be disabled by default in a
  future release.
  See https://github.com/bazel-contrib/rules_python/issues/2945

  Ensure all __init__.py files are explicitly created and
  added to the srcs or deps of your targets.

  Disable implicit creation for your module in MODULE.bazel:

    rules_python_config = use_extension("@rules_python//python/extensions:config.bzl", "config")
    rules_python_config.explicit_init_py(default = True)

  Or for a specific target by setting:

    legacy_create_init = 0

  Or globally with the following Bazel flag:

    --incompatible_default_to_explicit_init_py
======================================================================
DEBUG: /home/USER/.cache/bazel/_bazel_USER/100872e8ae7632816cc29185b66cbaf5/external/rules_python+/python/private/py_executable.bzl:1595:14: 
======================================================================
WARNING: Target @@+http_archive+spirv_tools//:update_build_version is using implicit __init__.py creation.
  This diabolic behavior is deprecated and will be disabled by default in a
  future release.
  See https://github.com/bazel-contrib/rules_python/issues/2945

  Ensure all __init__.py files are explicitly created and
  added to the srcs or deps of your targets.

  Disable implicit creation for your module in MODULE.bazel:

    rules_python_config = use_extension("@rules_python//python/extensions:config.bzl", "config")
    rules_python_config.explicit_init_py(default = True)

  Or for a specific target by setting:

    legacy_create_init = 0

  Or globally with the following Bazel flag:

    --incompatible_default_to_explicit_init_py
======================================================================
DEBUG: /home/USER/.cache/bazel/_bazel_USER/100872e8ae7632816cc29185b66cbaf5/external/rules_python+/python/private/py_executable.bzl:1595:14: 
======================================================================
WARNING: Target @@+http_archive+spirv_tools//:ggt is using implicit __init__.py creation.
  This diabolic behavior is deprecated and will be disabled by default in a
  future release.
  See https://github.com/bazel-contrib/rules_python/issues/2945

  Ensure all __init__.py files are explicitly created and
  added to the srcs or deps of your targets.

  Disable implicit creation for your module in MODULE.bazel:

    rules_python_config = use_extension("@rules_python//python/extensions:config.bzl", "config")
    rules_python_config.explicit_init_py(default = True)

  Or for a specific target by setting:

    legacy_create_init = 0

  Or globally with the following Bazel flag:

    --incompatible_default_to_explicit_init_py
======================================================================
DEBUG: /home/USER/.cache/bazel/_bazel_USER/100872e8ae7632816cc29185b66cbaf5/external/rules_python+/python/private/py_executable.bzl:1595:14: 
======================================================================
WARNING: Target @@+http_archive+spirv_tools//:generate_registry_tables is using implicit __init__.py creation.
  This diabolic behavior is deprecated and will be disabled by default in a
  future release.
  See https://github.com/bazel-contrib/rules_python/issues/2945

  Ensure all __init__.py files are explicitly created and
  added to the srcs or deps of your targets.

  Disable implicit creation for your module in MODULE.bazel:

    rules_python_config = use_extension("@rules_python//python/extensions:config.bzl", "config")
    rules_python_config.explicit_init_py(default = True)

  Or for a specific target by setting:

    legacy_create_init = 0

  Or globally with the following Bazel flag:

    --incompatible_default_to_explicit_init_py
======================================================================
DEBUG: /home/USER/.cache/bazel/_bazel_USER/100872e8ae7632816cc29185b66cbaf5/external/rules_python+/python/private/py_executable.bzl:1595:14: 
======================================================================
WARNING: Target @@+http_archive+glslang//:build_info is using implicit __init__.py creation.
  This diabolic behavior is deprecated and will be disabled by default in a
  future release.
  See https://github.com/bazel-contrib/rules_python/issues/2945

  Ensure all __init__.py files are explicitly created and
  added to the srcs or deps of your targets.

  Disable implicit creation for your module in MODULE.bazel:

    rules_python_config = use_extension("@rules_python//python/extensions:config.bzl", "config")
    rules_python_config.explicit_init_py(default = True)

  Or for a specific target by setting:

    legacy_create_init = 0

  Or globally with the following Bazel flag:

    --incompatible_default_to_explicit_init_py
======================================================================
DEBUG: /home/USER/.cache/bazel/_bazel_USER/100872e8ae7632816cc29185b66cbaf5/external/rules_python+/python/private/py_executable.bzl:1595:14: 
======================================================================
WARNING: Target @@+http_archive+spirv_tools//:generate_language_headers is using implicit __init__.py creation.
  This diabolic behavior is deprecated and will be disabled by default in a
  future release.
  See https://github.com/bazel-contrib/rules_python/issues/2945

  Ensure all __init__.py files are explicitly created and
  added to the srcs or deps of your targets.

  Disable implicit creation for your module in MODULE.bazel:

    rules_python_config = use_extension("@rules_python//python/extensions:config.bzl", "config")
    rules_python_config.explicit_init_py(default = True)

  Or for a specific target by setting:

    legacy_create_init = 0

  Or globally with the following Bazel flag:

    --incompatible_default_to_explicit_init_py
======================================================================
DEBUG: /home/USER/.cache/bazel/_bazel_USER/100872e8ae7632816cc29185b66cbaf5/external/rules_python+/python/private/py_executable.bzl:1595:14: 
======================================================================
WARNING: Target @@//bazel:meson_build is using implicit __init__.py creation.
  This diabolic behavior is deprecated and will be disabled by default in a
  future release.
  See https://github.com/bazel-contrib/rules_python/issues/2945

  Ensure all __init__.py files are explicitly created and
  added to the srcs or deps of your targets.

  Disable implicit creation for your module in MODULE.bazel:

    rules_python_config = use_extension("@rules_python//python/extensions:config.bzl", "config")
    rules_python_config.explicit_init_py(default = True)

  Or for a specific target by setting:

    legacy_create_init = 0

  Or globally with the following Bazel flag:

    --incompatible_default_to_explicit_init_py
======================================================================
DEBUG: /home/USER/.cache/bazel/_bazel_USER/100872e8ae7632816cc29185b66cbaf5/external/rules_python+/python/private/py_executable.bzl:1595:14: 
======================================================================
WARNING: Target @@//tests:test_linkage is using implicit __init__.py creation.
  This diabolic behavior is deprecated and will be disabled by default in a
  future release.
  See https://github.com/bazel-contrib/rules_python/issues/2945

  Ensure all __init__.py files are explicitly created and
  added to the srcs or deps of your targets.

  Disable implicit creation for your module in MODULE.bazel:

    rules_python_config = use_extension("@rules_python//python/extensions:config.bzl", "config")
    rules_python_config.explicit_init_py(default = True)

  Or for a specific target by setting:

    legacy_create_init = 0

  Or globally with the following Bazel flag:

    --incompatible_default_to_explicit_init_py
======================================================================
Analyzing: 189 targets (0 packages loaded, 3120 targets configured, 19 aspect applications)
[1,952 / 1,954] 78 / 80 tests; Testing //:zig_fmt; 1s disk-cache, linux-sandbox ... (2 actions running)
INFO: Analyzed 189 targets (0 packages loaded, 3120 targets configured, 19 aspect applications).
[2,480 / 2,483] 78 / 83 tests; Testing //:zig_fmt; 2s disk-cache, linux-sandbox ... (3 actions running)
INFO: Found 106 targets and 83 test targets...
INFO: Elapsed time: 3.238s, Critical Path: 2.33s
INFO: 8 processes: 2477 action cache hit, 1 disk cache hit, 4 internal, 6 linux-sandbox.
INFO: Build completed successfully, 8 total actions
["bazelisk", "test", "--test_env=ZERV_HOST_VULKAN_ID=7d5761ec421a70e2593d9b251c6e1f55b36c5df1658b195eff5f4935d871aee1", "//tests:gpu_host", "//tests:gpu_host_release_fast"]

Executed 0 out of 2 tests: 2 tests pass.
INFO: Invocation ID: 6707f7a9-d0b0-4146-9653-203384dab2d3
Computing main repo mapping: 
Loading: 
Loading: 0 packages loaded
Analyzing: 2 targets (0 packages loaded, 0 targets configured)
Analyzing: 2 targets (0 packages loaded, 0 targets configured)

DEBUG: /home/USER/.cache/bazel/_bazel_USER/100872e8ae7632816cc29185b66cbaf5/external/rules_python+/python/private/py_executable.bzl:1595:14: 
======================================================================
WARNING: Target @@//tests:gpu_host is using implicit __init__.py creation.
  This diabolic behavior is deprecated and will be disabled by default in a
  future release.
  See https://github.com/bazel-contrib/rules_python/issues/2945

  Ensure all __init__.py files are explicitly created and
  added to the srcs or deps of your targets.

  Disable implicit creation for your module in MODULE.bazel:

    rules_python_config = use_extension("@rules_python//python/extensions:config.bzl", "config")
    rules_python_config.explicit_init_py(default = True)

  Or for a specific target by setting:

    legacy_create_init = 0

  Or globally with the following Bazel flag:

    --incompatible_default_to_explicit_init_py
======================================================================
DEBUG: /home/USER/.cache/bazel/_bazel_USER/100872e8ae7632816cc29185b66cbaf5/external/rules_python+/python/private/py_executable.bzl:1595:14: 
======================================================================
WARNING: Target @@//tests:gpu_host_release_fast is using implicit __init__.py creation.
  This diabolic behavior is deprecated and will be disabled by default in a
  future release.
  See https://github.com/bazel-contrib/rules_python/issues/2945

  Ensure all __init__.py files are explicitly created and
  added to the srcs or deps of your targets.

  Disable implicit creation for your module in MODULE.bazel:

    rules_python_config = use_extension("@rules_python//python/extensions:config.bzl", "config")
    rules_python_config.explicit_init_py(default = True)

  Or for a specific target by setting:

    legacy_create_init = 0

  Or globally with the following Bazel flag:

    --incompatible_default_to_explicit_init_py
======================================================================
INFO: Analyzed 2 targets (0 packages loaded, 12 targets configured).
INFO: Found 2 test targets...
INFO: Elapsed time: 0.675s, Critical Path: 0.01s
INFO: 1 process: 29 action cache hit, 1 internal.
INFO: Build completed successfully, 1 total action
["bazelisk", "build", "--config=release", "//bench:zerv-gpu-driver-bench"]
INFO: Invocation ID: 693ac19f-62dd-4933-abdd-119247dc1f8b
Computing main repo mapping: 
Loading: 
Loading: 0 packages loaded
WARNING: Build option --compilation_mode has changed, discarding analysis cache (this can be expensive, see https://bazel.build/advanced/performance/iteration-speed).
Analyzing: target //bench:zerv-gpu-driver-bench (0 packages loaded, 0 targets configured)
Analyzing: target //bench:zerv-gpu-driver-bench (0 packages loaded, 0 targets configured)

DEBUG: /home/USER/.cache/bazel/_bazel_USER/100872e8ae7632816cc29185b66cbaf5/external/rules_python+/python/private/py_executable.bzl:1595:14: 
======================================================================
WARNING: Target @@//tools:vulkan_stub is using implicit __init__.py creation.
  This diabolic behavior is deprecated and will be disabled by default in a
  future release.
  See https://github.com/bazel-contrib/rules_python/issues/2945

  Ensure all __init__.py files are explicitly created and
  added to the srcs or deps of your targets.

  Disable implicit creation for your module in MODULE.bazel:

    rules_python_config = use_extension("@rules_python//python/extensions:config.bzl", "config")
    rules_python_config.explicit_init_py(default = True)

  Or for a specific target by setting:

    legacy_create_init = 0

  Or globally with the following Bazel flag:

    --incompatible_default_to_explicit_init_py
======================================================================
INFO: Analyzed target //bench:zerv-gpu-driver-bench (0 packages loaded, 1602 targets configured).
[33 / 35] zig build-exe //bench:zerv-gpu-driver-bench; 1s disk-cache, linux-sandbox
[33 / 35] zig build-exe //bench:zerv-gpu-driver-bench; 11s disk-cache, linux-sandbox
[34 / 35] [Prepa] runfiles for //bench:zerv-gpu-driver-bench
INFO: Found 1 target...
Target //bench:zerv-gpu-driver-bench up-to-date:
  bazel-bin/bench/zerv-gpu-driver-bench
INFO: Elapsed time: 21.344s, Critical Path: 20.74s
INFO: 8 processes: 27 action cache hit, 7 internal, 1 linux-sandbox.
INFO: Build completed successfully, 8 total actions
INFO: 
INFO: 
["/home/USER/projects/zerv/third_party/gpu-driver-bench/2026-09-28-async-ownership-driver/native"]
{"kind":"affine","count":1,"bytes":260,"input_sha256":"9bc0e6c4cdc1cbadf6bb68e489d7694a64299319455a8de53fce6bef6fb163c8","output_sha256":"cda8e3b36b98f86f75a38b19879000a04f691142a1c191330efdce1446ef1cdd"}
{"kind":"affine","count":63,"bytes":508,"input_sha256":"155f0d252ab3e4d26fbdd744a180a5fa4b1c90b9e33c1890b2489fff60dc1674","output_sha256":"28752db314ce132a2aae0343e572270882b4d55c6be65a2c1b51863f6223b34c"}
{"kind":"affine","count":64,"bytes":512,"input_sha256":"1f4cf4211090322e87f727a10f2f380926ef9908074c1741edd9c80b12f8d79b","output_sha256":"c945021a4a8e4cc1b2aa0444d36104f07c068231da5ec1071cfb8cf37e6ea61c"}
{"kind":"affine","count":65,"bytes":516,"input_sha256":"78b283c5676c9aba54bac9b113e8caa8af3ed172b43da040b5ca75fed309ffc1","output_sha256":"485c8870fc2d776d500c41358484cb1eaf959362595fd11003e5585b59e0cfcb"}
{"kind":"affine","count":5120,"bytes":20736,"input_sha256":"6ecd43bf71a20dc0101331f0953bcb54c249e0da7eee9bbec149076fcb635722","output_sha256":"e37414073d68cf5b25d6345030cb56890a0d3fb0340b736633380b688ed066f7"}
{"kind":"affine","count":65537,"bytes":262404,"input_sha256":"b5d47639beaf36bd730c191a9d6723049c3fbf5bc1e349167e93ffb805bbd50a","output_sha256":"69a5edfd7c8820d94e24b0b0c5e621eb6dea43f29069bc5a6313587eff8c15d0"}
{"kind":"affine","count":1048576,"bytes":4194560,"input_sha256":"d9a82eef69b9a41279821c3a86d19a14179225bf7a04047e08b5be96217a8381","output_sha256":"d0c3554fe6140173577e460c7ac231ac37be1b0fb1a4063b9126426810c92872"}
{"kind":"roundtrip","count":256,"bytes":256,"input_sha256":"3f719c386c8359386210617f8a2cf4032f25ee08aa23f5adc65979674149dbbb","output_sha256":"3f719c386c8359386210617f8a2cf4032f25ee08aa23f5adc65979674149dbbb"}
{"kind":"roundtrip","count":1048576,"bytes":1048576,"input_sha256":"5f0b6c695294e5d3cba1308af8c31b06b685e5632ce6909daa0dc6283447a4b4","output_sha256":"5f0b6c695294e5d3cba1308af8c31b06b685e5632ce6909daa0dc6283447a4b4"}
{"kind":"roundtrip","count":67108864,"bytes":67108864,"input_sha256":"63d262ed906deeecfa9820dda3542c36da141feefa5b10a19a450520159481c6","output_sha256":"63d262ed906deeecfa9820dda3542c36da141feefa5b10a19a450520159481c6"}
device=AMD Radeon RX 7900 XTX (RADV NAVI31) vendor=1002 id=744c api=4211042 driver=109060099 family=1
allocation kind=affine count=1 bytes=260 allocation_sizes=272,272,272,272 memory_types=5,5,0,0
allocation kind=affine count=63 bytes=508 allocation_sizes=512,512,512,512 memory_types=5,5,0,0
allocation kind=affine count=64 bytes=512 allocation_sizes=512,512,512,512 memory_types=5,5,0,0
allocation kind=affine count=65 bytes=516 allocation_sizes=528,528,528,528 memory_types=5,5,0,0
allocation kind=affine count=5120 bytes=20736 allocation_sizes=20736,20736,20736,20736 memory_types=5,5,0,0
allocation kind=affine count=65537 bytes=262404 allocation_sizes=262416,262416,262416,262416 memory_types=5,5,0,0
allocation kind=affine count=1048576 bytes=4194560 allocation_sizes=4194560,4194560,4194560,4194560 memory_types=5,5,0,0
allocation kind=roundtrip count=256 bytes=256 allocation_sizes=256,256,256,256 memory_types=5,5,0,0
allocation kind=roundtrip count=1048576 bytes=1048576 allocation_sizes=1048576,1048576,1048576,1048576 memory_types=5,5,0,0
allocation kind=roundtrip count=67108864 bytes=67108864 allocation_sizes=67108864,67108864,67108864,67108864 memory_types=5,5,0,0
["/home/USER/projects/zerv/third_party/gpu-driver-bench/2026-09-28-async-ownership-driver/reference", "/home/USER/projects/zerv/tests/fixtures/gpu/affine.spv"]
{"kind":"affine","count":1,"bytes":260,"input_sha256":"9bc0e6c4cdc1cbadf6bb68e489d7694a64299319455a8de53fce6bef6fb163c8","output_sha256":"cda8e3b36b98f86f75a38b19879000a04f691142a1c191330efdce1446ef1cdd"}
{"kind":"affine","count":63,"bytes":508,"input_sha256":"155f0d252ab3e4d26fbdd744a180a5fa4b1c90b9e33c1890b2489fff60dc1674","output_sha256":"28752db314ce132a2aae0343e572270882b4d55c6be65a2c1b51863f6223b34c"}
{"kind":"affine","count":64,"bytes":512,"input_sha256":"1f4cf4211090322e87f727a10f2f380926ef9908074c1741edd9c80b12f8d79b","output_sha256":"c945021a4a8e4cc1b2aa0444d36104f07c068231da5ec1071cfb8cf37e6ea61c"}
{"kind":"affine","count":65,"bytes":516,"input_sha256":"78b283c5676c9aba54bac9b113e8caa8af3ed172b43da040b5ca75fed309ffc1","output_sha256":"485c8870fc2d776d500c41358484cb1eaf959362595fd11003e5585b59e0cfcb"}
{"kind":"affine","count":5120,"bytes":20736,"input_sha256":"6ecd43bf71a20dc0101331f0953bcb54c249e0da7eee9bbec149076fcb635722","output_sha256":"e37414073d68cf5b25d6345030cb56890a0d3fb0340b736633380b688ed066f7"}
{"kind":"affine","count":65537,"bytes":262404,"input_sha256":"b5d47639beaf36bd730c191a9d6723049c3fbf5bc1e349167e93ffb805bbd50a","output_sha256":"69a5edfd7c8820d94e24b0b0c5e621eb6dea43f29069bc5a6313587eff8c15d0"}
{"kind":"affine","count":1048576,"bytes":4194560,"input_sha256":"d9a82eef69b9a41279821c3a86d19a14179225bf7a04047e08b5be96217a8381","output_sha256":"d0c3554fe6140173577e460c7ac231ac37be1b0fb1a4063b9126426810c92872"}
{"kind":"roundtrip","count":256,"bytes":256,"input_sha256":"3f719c386c8359386210617f8a2cf4032f25ee08aa23f5adc65979674149dbbb","output_sha256":"3f719c386c8359386210617f8a2cf4032f25ee08aa23f5adc65979674149dbbb"}
{"kind":"roundtrip","count":1048576,"bytes":1048576,"input_sha256":"5f0b6c695294e5d3cba1308af8c31b06b685e5632ce6909daa0dc6283447a4b4","output_sha256":"5f0b6c695294e5d3cba1308af8c31b06b685e5632ce6909daa0dc6283447a4b4"}
{"kind":"roundtrip","count":67108864,"bytes":67108864,"input_sha256":"63d262ed906deeecfa9820dda3542c36da141feefa5b10a19a450520159481c6","output_sha256":"63d262ed906deeecfa9820dda3542c36da141feefa5b10a19a450520159481c6"}
device=AMD Radeon RX 7900 XTX (RADV NAVI31) vendor=1002 id=744c api=4211042 driver=109060099 family=1
allocation kind=affine count=1 bytes=260 allocation_sizes=272,272,272,272 memory_types=5,5,0,0
allocation kind=affine count=63 bytes=508 allocation_sizes=512,512,512,512 memory_types=5,5,0,0
allocation kind=affine count=64 bytes=512 allocation_sizes=512,512,512,512 memory_types=5,5,0,0
allocation kind=affine count=65 bytes=516 allocation_sizes=528,528,528,528 memory_types=5,5,0,0
allocation kind=affine count=5120 bytes=20736 allocation_sizes=20736,20736,20736,20736 memory_types=5,5,0,0
allocation kind=affine count=65537 bytes=262404 allocation_sizes=262416,262416,262416,262416 memory_types=5,5,0,0
allocation kind=affine count=1048576 bytes=4194560 allocation_sizes=4194560,4194560,4194560,4194560 memory_types=5,5,0,0
allocation kind=roundtrip count=256 bytes=256 allocation_sizes=256,256,256,256 memory_types=5,5,0,0
allocation kind=roundtrip count=1048576 bytes=1048576 allocation_sizes=1048576,1048576,1048576,1048576 memory_types=5,5,0,0
allocation kind=roundtrip count=67108864 bytes=67108864 allocation_sizes=67108864,67108864,67108864,67108864 memory_types=5,5,0,0
["/home/USER/projects/zerv/third_party/gpu-driver-bench/2026-09-28-async-ownership-driver/native", "--bench"]
{"kind":"timing","workload":"affine","count":65,"trial":0,"iterations":1000,"elapsed_ns":48983642}
{"kind":"timing","workload":"affine","count":65,"trial":1,"iterations":1000,"elapsed_ns":46002705}
{"kind":"timing","workload":"affine","count":65,"trial":2,"iterations":1000,"elapsed_ns":46309286}
{"kind":"timing","workload":"affine","count":65,"trial":3,"iterations":1000,"elapsed_ns":46715225}
{"kind":"timing","workload":"affine","count":65,"trial":4,"iterations":1000,"elapsed_ns":45418669}
{"kind":"timing","workload":"affine","count":65,"trial":5,"iterations":1000,"elapsed_ns":45376450}
{"kind":"timing","workload":"affine","count":65,"trial":6,"iterations":1000,"elapsed_ns":45173895}
{"kind":"affine","count":65,"bytes":516,"input_sha256":"78b283c5676c9aba54bac9b113e8caa8af3ed172b43da040b5ca75fed309ffc1","output_sha256":"485c8870fc2d776d500c41358484cb1eaf959362595fd11003e5585b59e0cfcb"}
{"kind":"timing","workload":"affine","count":5120,"trial":0,"iterations":1000,"elapsed_ns":44960732}
{"kind":"timing","workload":"affine","count":5120,"trial":1,"iterations":1000,"elapsed_ns":45398551}
{"kind":"timing","workload":"affine","count":5120,"trial":2,"iterations":1000,"elapsed_ns":45083555}
{"kind":"timing","workload":"affine","count":5120,"trial":3,"iterations":1000,"elapsed_ns":45296829}
{"kind":"timing","workload":"affine","count":5120,"trial":4,"iterations":1000,"elapsed_ns":44647639}
{"kind":"timing","workload":"affine","count":5120,"trial":5,"iterations":1000,"elapsed_ns":45263936}
{"kind":"timing","workload":"affine","count":5120,"trial":6,"iterations":1000,"elapsed_ns":44715057}
{"kind":"affine","count":5120,"bytes":20736,"input_sha256":"6ecd43bf71a20dc0101331f0953bcb54c249e0da7eee9bbec149076fcb635722","output_sha256":"e37414073d68cf5b25d6345030cb56890a0d3fb0340b736633380b688ed066f7"}
{"kind":"timing","workload":"affine","count":1048576,"trial":0,"iterations":100,"elapsed_ns":5580562}
{"kind":"timing","workload":"affine","count":1048576,"trial":1,"iterations":100,"elapsed_ns":5548751}
{"kind":"timing","workload":"affine","count":1048576,"trial":2,"iterations":100,"elapsed_ns":5395391}
{"kind":"timing","workload":"affine","count":1048576,"trial":3,"iterations":100,"elapsed_ns":5211773}
{"kind":"timing","workload":"affine","count":1048576,"trial":4,"iterations":100,"elapsed_ns":5312454}
{"kind":"timing","workload":"affine","count":1048576,"trial":5,"iterations":100,"elapsed_ns":5197075}
{"kind":"timing","workload":"affine","count":1048576,"trial":6,"iterations":100,"elapsed_ns":5197426}
{"kind":"affine","count":1048576,"bytes":4194560,"input_sha256":"d9a82eef69b9a41279821c3a86d19a14179225bf7a04047e08b5be96217a8381","output_sha256":"d0c3554fe6140173577e460c7ac231ac37be1b0fb1a4063b9126426810c92872"}
{"kind":"timing","workload":"roundtrip","count":256,"trial":0,"iterations":1000,"elapsed_ns":51811369}
{"kind":"timing","workload":"roundtrip","count":256,"trial":1,"iterations":1000,"elapsed_ns":48174119}
{"kind":"timing","workload":"roundtrip","count":256,"trial":2,"iterations":1000,"elapsed_ns":47196848}
{"kind":"timing","workload":"roundtrip","count":256,"trial":3,"iterations":1000,"elapsed_ns":46350044}
{"kind":"timing","workload":"roundtrip","count":256,"trial":4,"iterations":1000,"elapsed_ns":46287115}
{"kind":"timing","workload":"roundtrip","count":256,"trial":5,"iterations":1000,"elapsed_ns":46192776}
{"kind":"timing","workload":"roundtrip","count":256,"trial":6,"iterations":1000,"elapsed_ns":45933445}
{"kind":"roundtrip","count":256,"bytes":256,"input_sha256":"3f719c386c8359386210617f8a2cf4032f25ee08aa23f5adc65979674149dbbb","output_sha256":"3f719c386c8359386210617f8a2cf4032f25ee08aa23f5adc65979674149dbbb"}
{"kind":"timing","workload":"roundtrip","count":1048576,"trial":0,"iterations":100,"elapsed_ns":30085112}
{"kind":"timing","workload":"roundtrip","count":1048576,"trial":1,"iterations":100,"elapsed_ns":28142782}
{"kind":"timing","workload":"roundtrip","count":1048576,"trial":2,"iterations":100,"elapsed_ns":28057391}
{"kind":"timing","workload":"roundtrip","count":1048576,"trial":3,"iterations":100,"elapsed_ns":28000833}
{"kind":"timing","workload":"roundtrip","count":1048576,"trial":4,"iterations":100,"elapsed_ns":27784504}
{"kind":"timing","workload":"roundtrip","count":1048576,"trial":5,"iterations":100,"elapsed_ns":27616275}
{"kind":"timing","workload":"roundtrip","count":1048576,"trial":6,"iterations":100,"elapsed_ns":27440491}
{"kind":"roundtrip","count":1048576,"bytes":1048576,"input_sha256":"5f0b6c695294e5d3cba1308af8c31b06b685e5632ce6909daa0dc6283447a4b4","output_sha256":"5f0b6c695294e5d3cba1308af8c31b06b685e5632ce6909daa0dc6283447a4b4"}
{"kind":"timing","workload":"roundtrip","count":67108864,"trial":0,"iterations":10,"elapsed_ns":116787278}
{"kind":"timing","workload":"roundtrip","count":67108864,"trial":1,"iterations":10,"elapsed_ns":116500903}
{"kind":"timing","workload":"roundtrip","count":67108864,"trial":2,"iterations":10,"elapsed_ns":116831851}
{"kind":"timing","workload":"roundtrip","count":67108864,"trial":3,"iterations":10,"elapsed_ns":115814273}
{"kind":"timing","workload":"roundtrip","count":67108864,"trial":4,"iterations":10,"elapsed_ns":117309917}
{"kind":"timing","workload":"roundtrip","count":67108864,"trial":5,"iterations":10,"elapsed_ns":121244661}
{"kind":"timing","workload":"roundtrip","count":67108864,"trial":6,"iterations":10,"elapsed_ns":122136841}
{"kind":"roundtrip","count":67108864,"bytes":67108864,"input_sha256":"63d262ed906deeecfa9820dda3542c36da141feefa5b10a19a450520159481c6","output_sha256":"63d262ed906deeecfa9820dda3542c36da141feefa5b10a19a450520159481c6"}
device=AMD Radeon RX 7900 XTX (RADV NAVI31) vendor=1002 id=744c api=4211042 driver=109060099 family=1
allocation kind=affine count=65 bytes=516 allocation_sizes=528,528,528,528 memory_types=5,5,0,0
allocation kind=affine count=5120 bytes=20736 allocation_sizes=20736,20736,20736,20736 memory_types=5,5,0,0
allocation kind=affine count=1048576 bytes=4194560 allocation_sizes=4194560,4194560,4194560,4194560 memory_types=5,5,0,0
allocation kind=roundtrip count=256 bytes=256 allocation_sizes=256,256,256,256 memory_types=5,5,0,0
allocation kind=roundtrip count=1048576 bytes=1048576 allocation_sizes=1048576,1048576,1048576,1048576 memory_types=5,5,0,0
allocation kind=roundtrip count=67108864 bytes=67108864 allocation_sizes=67108864,67108864,67108864,67108864 memory_types=5,5,0,0
["/home/USER/projects/zerv/third_party/gpu-driver-bench/2026-09-28-async-ownership-driver/reference", "/home/USER/projects/zerv/tests/fixtures/gpu/affine.spv", "--bench"]
{"kind":"timing","workload":"affine","count":65,"trial":0,"iterations":1000,"elapsed_ns":49463792}
{"kind":"timing","workload":"affine","count":65,"trial":1,"iterations":1000,"elapsed_ns":46731216}
{"kind":"timing","workload":"affine","count":65,"trial":2,"iterations":1000,"elapsed_ns":46283027}
{"kind":"timing","workload":"affine","count":65,"trial":3,"iterations":1000,"elapsed_ns":46501530}
{"kind":"timing","workload":"affine","count":65,"trial":4,"iterations":1000,"elapsed_ns":45797917}
{"kind":"timing","workload":"affine","count":65,"trial":5,"iterations":1000,"elapsed_ns":45495675}
{"kind":"timing","workload":"affine","count":65,"trial":6,"iterations":1000,"elapsed_ns":46624103}
{"kind":"affine","count":65,"bytes":516,"input_sha256":"78b283c5676c9aba54bac9b113e8caa8af3ed172b43da040b5ca75fed309ffc1","output_sha256":"485c8870fc2d776d500c41358484cb1eaf959362595fd11003e5585b59e0cfcb"}
{"kind":"timing","workload":"affine","count":5120,"trial":0,"iterations":1000,"elapsed_ns":44559031}
{"kind":"timing","workload":"affine","count":5120,"trial":1,"iterations":1000,"elapsed_ns":45281569}
{"kind":"timing","workload":"affine","count":5120,"trial":2,"iterations":1000,"elapsed_ns":42216353}
{"kind":"timing","workload":"affine","count":5120,"trial":3,"iterations":1000,"elapsed_ns":44684007}
{"kind":"timing","workload":"affine","count":5120,"trial":4,"iterations":1000,"elapsed_ns":44150186}
{"kind":"timing","workload":"affine","count":5120,"trial":5,"iterations":1000,"elapsed_ns":41549350}
{"kind":"timing","workload":"affine","count":5120,"trial":6,"iterations":1000,"elapsed_ns":44834552}
{"kind":"affine","count":5120,"bytes":20736,"input_sha256":"6ecd43bf71a20dc0101331f0953bcb54c249e0da7eee9bbec149076fcb635722","output_sha256":"e37414073d68cf5b25d6345030cb56890a0d3fb0340b736633380b688ed066f7"}
{"kind":"timing","workload":"affine","count":1048576,"trial":0,"iterations":100,"elapsed_ns":5494228}
{"kind":"timing","workload":"affine","count":1048576,"trial":1,"iterations":100,"elapsed_ns":5310229}
{"kind":"timing","workload":"affine","count":1048576,"trial":2,"iterations":100,"elapsed_ns":5202375}
{"kind":"timing","workload":"affine","count":1048576,"trial":3,"iterations":100,"elapsed_ns":5286665}
{"kind":"timing","workload":"affine","count":1048576,"trial":4,"iterations":100,"elapsed_ns":5218636}
{"kind":"timing","workload":"affine","count":1048576,"trial":5,"iterations":100,"elapsed_ns":5174011}
{"kind":"timing","workload":"affine","count":1048576,"trial":6,"iterations":100,"elapsed_ns":5228214}
{"kind":"affine","count":1048576,"bytes":4194560,"input_sha256":"d9a82eef69b9a41279821c3a86d19a14179225bf7a04047e08b5be96217a8381","output_sha256":"d0c3554fe6140173577e460c7ac231ac37be1b0fb1a4063b9126426810c92872"}
{"kind":"timing","workload":"roundtrip","count":256,"trial":0,"iterations":1000,"elapsed_ns":50707818}
{"kind":"timing","workload":"roundtrip","count":256,"trial":1,"iterations":1000,"elapsed_ns":49492156}
{"kind":"timing","workload":"roundtrip","count":256,"trial":2,"iterations":1000,"elapsed_ns":48643128}
{"kind":"timing","workload":"roundtrip","count":256,"trial":3,"iterations":1000,"elapsed_ns":47242434}
{"kind":"timing","workload":"roundtrip","count":256,"trial":4,"iterations":1000,"elapsed_ns":47492748}
{"kind":"timing","workload":"roundtrip","count":256,"trial":5,"iterations":1000,"elapsed_ns":46457227}
{"kind":"timing","workload":"roundtrip","count":256,"trial":6,"iterations":1000,"elapsed_ns":46419615}
{"kind":"roundtrip","count":256,"bytes":256,"input_sha256":"3f719c386c8359386210617f8a2cf4032f25ee08aa23f5adc65979674149dbbb","output_sha256":"3f719c386c8359386210617f8a2cf4032f25ee08aa23f5adc65979674149dbbb"}
{"kind":"timing","workload":"roundtrip","count":1048576,"trial":0,"iterations":100,"elapsed_ns":29126396}
{"kind":"timing","workload":"roundtrip","count":1048576,"trial":1,"iterations":100,"elapsed_ns":28387637}
{"kind":"timing","workload":"roundtrip","count":1048576,"trial":2,"iterations":100,"elapsed_ns":28342390}
{"kind":"timing","workload":"roundtrip","count":1048576,"trial":3,"iterations":100,"elapsed_ns":28301694}
{"kind":"timing","workload":"roundtrip","count":1048576,"trial":4,"iterations":100,"elapsed_ns":28218767}
{"kind":"timing","workload":"roundtrip","count":1048576,"trial":5,"iterations":100,"elapsed_ns":28060567}
{"kind":"timing","workload":"roundtrip","count":1048576,"trial":6,"iterations":100,"elapsed_ns":27999811}
{"kind":"roundtrip","count":1048576,"bytes":1048576,"input_sha256":"5f0b6c695294e5d3cba1308af8c31b06b685e5632ce6909daa0dc6283447a4b4","output_sha256":"5f0b6c695294e5d3cba1308af8c31b06b685e5632ce6909daa0dc6283447a4b4"}
{"kind":"timing","workload":"roundtrip","count":67108864,"trial":0,"iterations":10,"elapsed_ns":115951353}
{"kind":"timing","workload":"roundtrip","count":67108864,"trial":1,"iterations":10,"elapsed_ns":115577254}
{"kind":"timing","workload":"roundtrip","count":67108864,"trial":2,"iterations":10,"elapsed_ns":115274481}
{"kind":"timing","workload":"roundtrip","count":67108864,"trial":3,"iterations":10,"elapsed_ns":116026696}
{"kind":"timing","workload":"roundtrip","count":67108864,"trial":4,"iterations":10,"elapsed_ns":115021071}
{"kind":"timing","workload":"roundtrip","count":67108864,"trial":5,"iterations":10,"elapsed_ns":115200571}
{"kind":"timing","workload":"roundtrip","count":67108864,"trial":6,"iterations":10,"elapsed_ns":115448962}
{"kind":"roundtrip","count":67108864,"bytes":67108864,"input_sha256":"63d262ed906deeecfa9820dda3542c36da141feefa5b10a19a450520159481c6","output_sha256":"63d262ed906deeecfa9820dda3542c36da141feefa5b10a19a450520159481c6"}
device=AMD Radeon RX 7900 XTX (RADV NAVI31) vendor=1002 id=744c api=4211042 driver=109060099 family=1
allocation kind=affine count=65 bytes=516 allocation_sizes=528,528,528,528 memory_types=5,5,0,0
allocation kind=affine count=5120 bytes=20736 allocation_sizes=20736,20736,20736,20736 memory_types=5,5,0,0
allocation kind=affine count=1048576 bytes=4194560 allocation_sizes=4194560,4194560,4194560,4194560 memory_types=5,5,0,0
allocation kind=roundtrip count=256 bytes=256 allocation_sizes=256,256,256,256 memory_types=5,5,0,0
allocation kind=roundtrip count=1048576 bytes=1048576 allocation_sizes=1048576,1048576,1048576,1048576 memory_types=5,5,0,0
allocation kind=roundtrip count=67108864 bytes=67108864 allocation_sizes=67108864,67108864,67108864,67108864 memory_types=5,5,0,0
["/home/USER/projects/zerv/third_party/gpu-driver-bench/2026-09-28-async-ownership-driver/reference", "/home/USER/projects/zerv/tests/fixtures/gpu/affine.spv", "--bench"]
{"kind":"timing","workload":"affine","count":65,"trial":0,"iterations":1000,"elapsed_ns":48836183}
{"kind":"timing","workload":"affine","count":65,"trial":1,"iterations":1000,"elapsed_ns":46386823}
{"kind":"timing","workload":"affine","count":65,"trial":2,"iterations":1000,"elapsed_ns":45883220}
{"kind":"timing","workload":"affine","count":65,"trial":3,"iterations":1000,"elapsed_ns":44976631}
{"kind":"timing","workload":"affine","count":65,"trial":4,"iterations":1000,"elapsed_ns":44800388}
{"kind":"timing","workload":"affine","count":65,"trial":5,"iterations":1000,"elapsed_ns":44577355}
{"kind":"timing","workload":"affine","count":65,"trial":6,"iterations":1000,"elapsed_ns":44674469}
{"kind":"affine","count":65,"bytes":516,"input_sha256":"78b283c5676c9aba54bac9b113e8caa8af3ed172b43da040b5ca75fed309ffc1","output_sha256":"485c8870fc2d776d500c41358484cb1eaf959362595fd11003e5585b59e0cfcb"}
{"kind":"timing","workload":"affine","count":5120,"trial":0,"iterations":1000,"elapsed_ns":44382597}
{"kind":"timing","workload":"affine","count":5120,"trial":1,"iterations":1000,"elapsed_ns":44745815}
{"kind":"timing","workload":"affine","count":5120,"trial":2,"iterations":1000,"elapsed_ns":44963126}
{"kind":"timing","workload":"affine","count":5120,"trial":3,"iterations":1000,"elapsed_ns":45272312}
{"kind":"timing","workload":"affine","count":5120,"trial":4,"iterations":1000,"elapsed_ns":45278454}
{"kind":"timing","workload":"affine","count":5120,"trial":5,"iterations":1000,"elapsed_ns":45575747}
{"kind":"timing","workload":"affine","count":5120,"trial":6,"iterations":1000,"elapsed_ns":45573472}
{"kind":"affine","count":5120,"bytes":20736,"input_sha256":"6ecd43bf71a20dc0101331f0953bcb54c249e0da7eee9bbec149076fcb635722","output_sha256":"e37414073d68cf5b25d6345030cb56890a0d3fb0340b736633380b688ed066f7"}
{"kind":"timing","workload":"affine","count":1048576,"trial":0,"iterations":100,"elapsed_ns":5462278}
{"kind":"timing","workload":"affine","count":1048576,"trial":1,"iterations":100,"elapsed_ns":5347500}
{"kind":"timing","workload":"affine","count":1048576,"trial":2,"iterations":100,"elapsed_ns":5219918}
{"kind":"timing","workload":"affine","count":1048576,"trial":3,"iterations":100,"elapsed_ns":5253712}
{"kind":"timing","workload":"affine","count":1048576,"trial":4,"iterations":100,"elapsed_ns":5210220}
{"kind":"timing","workload":"affine","count":1048576,"trial":5,"iterations":100,"elapsed_ns":5127163}
{"kind":"timing","workload":"affine","count":1048576,"trial":6,"iterations":100,"elapsed_ns":5042002}
{"kind":"affine","count":1048576,"bytes":4194560,"input_sha256":"d9a82eef69b9a41279821c3a86d19a14179225bf7a04047e08b5be96217a8381","output_sha256":"d0c3554fe6140173577e460c7ac231ac37be1b0fb1a4063b9126426810c92872"}
{"kind":"timing","workload":"roundtrip","count":256,"trial":0,"iterations":1000,"elapsed_ns":51682986}
{"kind":"timing","workload":"roundtrip","count":256,"trial":1,"iterations":1000,"elapsed_ns":47738905}
{"kind":"timing","workload":"roundtrip","count":256,"trial":2,"iterations":1000,"elapsed_ns":45606154}
{"kind":"timing","workload":"roundtrip","count":256,"trial":3,"iterations":1000,"elapsed_ns":46497573}
{"kind":"timing","workload":"roundtrip","count":256,"trial":4,"iterations":1000,"elapsed_ns":46123464}
{"kind":"timing","workload":"roundtrip","count":256,"trial":5,"iterations":1000,"elapsed_ns":45782689}
{"kind":"timing","workload":"roundtrip","count":256,"trial":6,"iterations":1000,"elapsed_ns":45168816}
{"kind":"roundtrip","count":256,"bytes":256,"input_sha256":"3f719c386c8359386210617f8a2cf4032f25ee08aa23f5adc65979674149dbbb","output_sha256":"3f719c386c8359386210617f8a2cf4032f25ee08aa23f5adc65979674149dbbb"}
{"kind":"timing","workload":"roundtrip","count":1048576,"trial":0,"iterations":100,"elapsed_ns":29188503}
{"kind":"timing","workload":"roundtrip","count":1048576,"trial":1,"iterations":100,"elapsed_ns":28286845}
{"kind":"timing","workload":"roundtrip","count":1048576,"trial":2,"iterations":100,"elapsed_ns":28063152}
{"kind":"timing","workload":"roundtrip","count":1048576,"trial":3,"iterations":100,"elapsed_ns":28519867}
{"kind":"timing","workload":"roundtrip","count":1048576,"trial":4,"iterations":100,"elapsed_ns":28327021}
{"kind":"timing","workload":"roundtrip","count":1048576,"trial":5,"iterations":100,"elapsed_ns":27756020}
{"kind":"timing","workload":"roundtrip","count":1048576,"trial":6,"iterations":100,"elapsed_ns":27637325}
{"kind":"roundtrip","count":1048576,"bytes":1048576,"input_sha256":"5f0b6c695294e5d3cba1308af8c31b06b685e5632ce6909daa0dc6283447a4b4","output_sha256":"5f0b6c695294e5d3cba1308af8c31b06b685e5632ce6909daa0dc6283447a4b4"}
{"kind":"timing","workload":"roundtrip","count":67108864,"trial":0,"iterations":10,"elapsed_ns":116168545}
{"kind":"timing","workload":"roundtrip","count":67108864,"trial":1,"iterations":10,"elapsed_ns":116048397}
{"kind":"timing","workload":"roundtrip","count":67108864,"trial":2,"iterations":10,"elapsed_ns":115521920}
{"kind":"timing","workload":"roundtrip","count":67108864,"trial":3,"iterations":10,"elapsed_ns":115291833}
{"kind":"timing","workload":"roundtrip","count":67108864,"trial":4,"iterations":10,"elapsed_ns":114992667}
{"kind":"timing","workload":"roundtrip","count":67108864,"trial":5,"iterations":10,"elapsed_ns":115388808}
{"kind":"timing","workload":"roundtrip","count":67108864,"trial":6,"iterations":10,"elapsed_ns":115122262}
{"kind":"roundtrip","count":67108864,"bytes":67108864,"input_sha256":"63d262ed906deeecfa9820dda3542c36da141feefa5b10a19a450520159481c6","output_sha256":"63d262ed906deeecfa9820dda3542c36da141feefa5b10a19a450520159481c6"}
device=AMD Radeon RX 7900 XTX (RADV NAVI31) vendor=1002 id=744c api=4211042 driver=109060099 family=1
allocation kind=affine count=65 bytes=516 allocation_sizes=528,528,528,528 memory_types=5,5,0,0
allocation kind=affine count=5120 bytes=20736 allocation_sizes=20736,20736,20736,20736 memory_types=5,5,0,0
allocation kind=affine count=1048576 bytes=4194560 allocation_sizes=4194560,4194560,4194560,4194560 memory_types=5,5,0,0
allocation kind=roundtrip count=256 bytes=256 allocation_sizes=256,256,256,256 memory_types=5,5,0,0
allocation kind=roundtrip count=1048576 bytes=1048576 allocation_sizes=1048576,1048576,1048576,1048576 memory_types=5,5,0,0
allocation kind=roundtrip count=67108864 bytes=67108864 allocation_sizes=67108864,67108864,67108864,67108864 memory_types=5,5,0,0
["/home/USER/projects/zerv/third_party/gpu-driver-bench/2026-09-28-async-ownership-driver/native", "--bench"]
{"kind":"timing","workload":"affine","count":65,"trial":0,"iterations":1000,"elapsed_ns":49587727}
{"kind":"timing","workload":"affine","count":65,"trial":1,"iterations":1000,"elapsed_ns":46401671}
{"kind":"timing","workload":"affine","count":65,"trial":2,"iterations":1000,"elapsed_ns":45796215}
{"kind":"timing","workload":"affine","count":65,"trial":3,"iterations":1000,"elapsed_ns":45471770}
{"kind":"timing","workload":"affine","count":65,"trial":4,"iterations":1000,"elapsed_ns":43312158}
{"kind":"timing","workload":"affine","count":65,"trial":5,"iterations":1000,"elapsed_ns":42525509}
{"kind":"timing","workload":"affine","count":65,"trial":6,"iterations":1000,"elapsed_ns":45147505}
{"kind":"affine","count":65,"bytes":516,"input_sha256":"78b283c5676c9aba54bac9b113e8caa8af3ed172b43da040b5ca75fed309ffc1","output_sha256":"485c8870fc2d776d500c41358484cb1eaf959362595fd11003e5585b59e0cfcb"}
{"kind":"timing","workload":"affine","count":5120,"trial":0,"iterations":1000,"elapsed_ns":42340408}
{"kind":"timing","workload":"affine","count":5120,"trial":1,"iterations":1000,"elapsed_ns":42319719}
{"kind":"timing","workload":"affine","count":5120,"trial":2,"iterations":1000,"elapsed_ns":44034187}
{"kind":"timing","workload":"affine","count":5120,"trial":3,"iterations":1000,"elapsed_ns":45250261}
{"kind":"timing","workload":"affine","count":5120,"trial":4,"iterations":1000,"elapsed_ns":45164829}
{"kind":"timing","workload":"affine","count":5120,"trial":5,"iterations":1000,"elapsed_ns":45922944}
{"kind":"timing","workload":"affine","count":5120,"trial":6,"iterations":1000,"elapsed_ns":46135547}
{"kind":"affine","count":5120,"bytes":20736,"input_sha256":"6ecd43bf71a20dc0101331f0953bcb54c249e0da7eee9bbec149076fcb635722","output_sha256":"e37414073d68cf5b25d6345030cb56890a0d3fb0340b736633380b688ed066f7"}
{"kind":"timing","workload":"affine","count":1048576,"trial":0,"iterations":100,"elapsed_ns":5670261}
{"kind":"timing","workload":"affine","count":1048576,"trial":1,"iterations":100,"elapsed_ns":5471555}
{"kind":"timing","workload":"affine","count":1048576,"trial":2,"iterations":100,"elapsed_ns":5453640}
{"kind":"timing","workload":"affine","count":1048576,"trial":3,"iterations":100,"elapsed_ns":5389239}
{"kind":"timing","workload":"affine","count":1048576,"trial":4,"iterations":100,"elapsed_ns":5425368}
{"kind":"timing","workload":"affine","count":1048576,"trial":5,"iterations":100,"elapsed_ns":5287557}
{"kind":"timing","workload":"affine","count":1048576,"trial":6,"iterations":100,"elapsed_ns":5200311}
{"kind":"affine","count":1048576,"bytes":4194560,"input_sha256":"d9a82eef69b9a41279821c3a86d19a14179225bf7a04047e08b5be96217a8381","output_sha256":"d0c3554fe6140173577e460c7ac231ac37be1b0fb1a4063b9126426810c92872"}
{"kind":"timing","workload":"roundtrip","count":256,"trial":0,"iterations":1000,"elapsed_ns":52678111}
{"kind":"timing","workload":"roundtrip","count":256,"trial":1,"iterations":1000,"elapsed_ns":48558356}
{"kind":"timing","workload":"roundtrip","count":256,"trial":2,"iterations":1000,"elapsed_ns":47721992}
{"kind":"timing","workload":"roundtrip","count":256,"trial":3,"iterations":1000,"elapsed_ns":47658312}
{"kind":"timing","workload":"roundtrip","count":256,"trial":4,"iterations":1000,"elapsed_ns":46966341}
{"kind":"timing","workload":"roundtrip","count":256,"trial":5,"iterations":1000,"elapsed_ns":46896920}
{"kind":"timing","workload":"roundtrip","count":256,"trial":6,"iterations":1000,"elapsed_ns":46283268}
{"kind":"roundtrip","count":256,"bytes":256,"input_sha256":"3f719c386c8359386210617f8a2cf4032f25ee08aa23f5adc65979674149dbbb","output_sha256":"3f719c386c8359386210617f8a2cf4032f25ee08aa23f5adc65979674149dbbb"}
{"kind":"timing","workload":"roundtrip","count":1048576,"trial":0,"iterations":100,"elapsed_ns":28933370}
{"kind":"timing","workload":"roundtrip","count":1048576,"trial":1,"iterations":100,"elapsed_ns":28315620}
{"kind":"timing","workload":"roundtrip","count":1048576,"trial":2,"iterations":100,"elapsed_ns":28263030}
{"kind":"timing","workload":"roundtrip","count":1048576,"trial":3,"iterations":100,"elapsed_ns":28280472}
{"kind":"timing","workload":"roundtrip","count":1048576,"trial":4,"iterations":100,"elapsed_ns":28236981}
{"kind":"timing","workload":"roundtrip","count":1048576,"trial":5,"iterations":100,"elapsed_ns":28199661}
{"kind":"timing","workload":"roundtrip","count":1048576,"trial":6,"iterations":100,"elapsed_ns":28245577}
{"kind":"roundtrip","count":1048576,"bytes":1048576,"input_sha256":"5f0b6c695294e5d3cba1308af8c31b06b685e5632ce6909daa0dc6283447a4b4","output_sha256":"5f0b6c695294e5d3cba1308af8c31b06b685e5632ce6909daa0dc6283447a4b4"}
{"kind":"timing","workload":"roundtrip","count":67108864,"trial":0,"iterations":10,"elapsed_ns":115516180}
{"kind":"timing","workload":"roundtrip","count":67108864,"trial":1,"iterations":10,"elapsed_ns":115051629}
{"kind":"timing","workload":"roundtrip","count":67108864,"trial":2,"iterations":10,"elapsed_ns":115039337}
{"kind":"timing","workload":"roundtrip","count":67108864,"trial":3,"iterations":10,"elapsed_ns":115098077}
{"kind":"timing","workload":"roundtrip","count":67108864,"trial":4,"iterations":10,"elapsed_ns":115119277}
{"kind":"timing","workload":"roundtrip","count":67108864,"trial":5,"iterations":10,"elapsed_ns":118587576}
{"kind":"timing","workload":"roundtrip","count":67108864,"trial":6,"iterations":10,"elapsed_ns":124527278}
{"kind":"roundtrip","count":67108864,"bytes":67108864,"input_sha256":"63d262ed906deeecfa9820dda3542c36da141feefa5b10a19a450520159481c6","output_sha256":"63d262ed906deeecfa9820dda3542c36da141feefa5b10a19a450520159481c6"}
device=AMD Radeon RX 7900 XTX (RADV NAVI31) vendor=1002 id=744c api=4211042 driver=109060099 family=1
allocation kind=affine count=65 bytes=516 allocation_sizes=528,528,528,528 memory_types=5,5,0,0
allocation kind=affine count=5120 bytes=20736 allocation_sizes=20736,20736,20736,20736 memory_types=5,5,0,0
allocation kind=affine count=1048576 bytes=4194560 allocation_sizes=4194560,4194560,4194560,4194560 memory_types=5,5,0,0
allocation kind=roundtrip count=256 bytes=256 allocation_sizes=256,256,256,256 memory_types=5,5,0,0
allocation kind=roundtrip count=1048576 bytes=1048576 allocation_sizes=1048576,1048576,1048576,1048576 memory_types=5,5,0,0
allocation kind=roundtrip count=67108864 bytes=67108864 allocation_sizes=67108864,67108864,67108864,67108864 memory_types=5,5,0,0
["/home/USER/projects/zerv/third_party/gpu-driver-bench/2026-09-28-async-ownership-driver/native", "--bench"]
{"kind":"timing","workload":"affine","count":65,"trial":0,"iterations":1000,"elapsed_ns":50377112}
{"kind":"timing","workload":"affine","count":65,"trial":1,"iterations":1000,"elapsed_ns":47186218}
{"kind":"timing","workload":"affine","count":65,"trial":2,"iterations":1000,"elapsed_ns":46827327}
{"kind":"timing","workload":"affine","count":65,"trial":3,"iterations":1000,"elapsed_ns":46416870}
{"kind":"timing","workload":"affine","count":65,"trial":4,"iterations":1000,"elapsed_ns":46629073}
{"kind":"timing","workload":"affine","count":65,"trial":5,"iterations":1000,"elapsed_ns":47410052}
{"kind":"timing","workload":"affine","count":65,"trial":6,"iterations":1000,"elapsed_ns":47852600}
{"kind":"affine","count":65,"bytes":516,"input_sha256":"78b283c5676c9aba54bac9b113e8caa8af3ed172b43da040b5ca75fed309ffc1","output_sha256":"485c8870fc2d776d500c41358484cb1eaf959362595fd11003e5585b59e0cfcb"}
{"kind":"timing","workload":"affine","count":5120,"trial":0,"iterations":1000,"elapsed_ns":46166175}
{"kind":"timing","workload":"affine","count":5120,"trial":1,"iterations":1000,"elapsed_ns":46880899}
{"kind":"timing","workload":"affine","count":5120,"trial":2,"iterations":1000,"elapsed_ns":45824118}
{"kind":"timing","workload":"affine","count":5120,"trial":3,"iterations":1000,"elapsed_ns":45923786}
{"kind":"timing","workload":"affine","count":5120,"trial":4,"iterations":1000,"elapsed_ns":47418557}
{"kind":"timing","workload":"affine","count":5120,"trial":5,"iterations":1000,"elapsed_ns":46042381}
{"kind":"timing","workload":"affine","count":5120,"trial":6,"iterations":1000,"elapsed_ns":45477831}
{"kind":"affine","count":5120,"bytes":20736,"input_sha256":"6ecd43bf71a20dc0101331f0953bcb54c249e0da7eee9bbec149076fcb635722","output_sha256":"e37414073d68cf5b25d6345030cb56890a0d3fb0340b736633380b688ed066f7"}
{"kind":"timing","workload":"affine","count":1048576,"trial":0,"iterations":100,"elapsed_ns":5781353}
{"kind":"timing","workload":"affine","count":1048576,"trial":1,"iterations":100,"elapsed_ns":5521109}
{"kind":"timing","workload":"affine","count":1048576,"trial":2,"iterations":100,"elapsed_ns":5391463}
{"kind":"timing","workload":"affine","count":1048576,"trial":3,"iterations":100,"elapsed_ns":5430418}
{"kind":"timing","workload":"affine","count":1048576,"trial":4,"iterations":100,"elapsed_ns":5189471}
{"kind":"timing","workload":"affine","count":1048576,"trial":5,"iterations":100,"elapsed_ns":5236009}
{"kind":"timing","workload":"affine","count":1048576,"trial":6,"iterations":100,"elapsed_ns":5133995}
{"kind":"affine","count":1048576,"bytes":4194560,"input_sha256":"d9a82eef69b9a41279821c3a86d19a14179225bf7a04047e08b5be96217a8381","output_sha256":"d0c3554fe6140173577e460c7ac231ac37be1b0fb1a4063b9126426810c92872"}
{"kind":"timing","workload":"roundtrip","count":256,"trial":0,"iterations":1000,"elapsed_ns":52685986}
{"kind":"timing","workload":"roundtrip","count":256,"trial":1,"iterations":1000,"elapsed_ns":48636004}
{"kind":"timing","workload":"roundtrip","count":256,"trial":2,"iterations":1000,"elapsed_ns":47807424}
{"kind":"timing","workload":"roundtrip","count":256,"trial":3,"iterations":1000,"elapsed_ns":47878278}
{"kind":"timing","workload":"roundtrip","count":256,"trial":4,"iterations":1000,"elapsed_ns":46902340}
{"kind":"timing","workload":"roundtrip","count":256,"trial":5,"iterations":1000,"elapsed_ns":46823640}
{"kind":"timing","workload":"roundtrip","count":256,"trial":6,"iterations":1000,"elapsed_ns":46903061}
{"kind":"roundtrip","count":256,"bytes":256,"input_sha256":"3f719c386c8359386210617f8a2cf4032f25ee08aa23f5adc65979674149dbbb","output_sha256":"3f719c386c8359386210617f8a2cf4032f25ee08aa23f5adc65979674149dbbb"}
{"kind":"timing","workload":"roundtrip","count":1048576,"trial":0,"iterations":100,"elapsed_ns":28891340}
{"kind":"timing","workload":"roundtrip","count":1048576,"trial":1,"iterations":100,"elapsed_ns":28370293}
{"kind":"timing","workload":"roundtrip","count":1048576,"trial":2,"iterations":100,"elapsed_ns":28286805}
{"kind":"timing","workload":"roundtrip","count":1048576,"trial":3,"iterations":100,"elapsed_ns":27889763}
{"kind":"timing","workload":"roundtrip","count":1048576,"trial":4,"iterations":100,"elapsed_ns":27573203}
{"kind":"timing","workload":"roundtrip","count":1048576,"trial":5,"iterations":100,"elapsed_ns":27321958}
{"kind":"timing","workload":"roundtrip","count":1048576,"trial":6,"iterations":100,"elapsed_ns":27071995}
{"kind":"roundtrip","count":1048576,"bytes":1048576,"input_sha256":"5f0b6c695294e5d3cba1308af8c31b06b685e5632ce6909daa0dc6283447a4b4","output_sha256":"5f0b6c695294e5d3cba1308af8c31b06b685e5632ce6909daa0dc6283447a4b4"}
{"kind":"timing","workload":"roundtrip","count":67108864,"trial":0,"iterations":10,"elapsed_ns":115171315}
{"kind":"timing","workload":"roundtrip","count":67108864,"trial":1,"iterations":10,"elapsed_ns":115069092}
{"kind":"timing","workload":"roundtrip","count":67108864,"trial":2,"iterations":10,"elapsed_ns":116572199}
{"kind":"timing","workload":"roundtrip","count":67108864,"trial":3,"iterations":10,"elapsed_ns":117435685}
{"kind":"timing","workload":"roundtrip","count":67108864,"trial":4,"iterations":10,"elapsed_ns":123218880}
{"kind":"timing","workload":"roundtrip","count":67108864,"trial":5,"iterations":10,"elapsed_ns":119825102}
{"kind":"timing","workload":"roundtrip","count":67108864,"trial":6,"iterations":10,"elapsed_ns":115784898}
{"kind":"roundtrip","count":67108864,"bytes":67108864,"input_sha256":"63d262ed906deeecfa9820dda3542c36da141feefa5b10a19a450520159481c6","output_sha256":"63d262ed906deeecfa9820dda3542c36da141feefa5b10a19a450520159481c6"}
device=AMD Radeon RX 7900 XTX (RADV NAVI31) vendor=1002 id=744c api=4211042 driver=109060099 family=1
allocation kind=affine count=65 bytes=516 allocation_sizes=528,528,528,528 memory_types=5,5,0,0
allocation kind=affine count=5120 bytes=20736 allocation_sizes=20736,20736,20736,20736 memory_types=5,5,0,0
allocation kind=affine count=1048576 bytes=4194560 allocation_sizes=4194560,4194560,4194560,4194560 memory_types=5,5,0,0
allocation kind=roundtrip count=256 bytes=256 allocation_sizes=256,256,256,256 memory_types=5,5,0,0
allocation kind=roundtrip count=1048576 bytes=1048576 allocation_sizes=1048576,1048576,1048576,1048576 memory_types=5,5,0,0
allocation kind=roundtrip count=67108864 bytes=67108864 allocation_sizes=67108864,67108864,67108864,67108864 memory_types=5,5,0,0
["/home/USER/projects/zerv/third_party/gpu-driver-bench/2026-09-28-async-ownership-driver/reference", "/home/USER/projects/zerv/tests/fixtures/gpu/affine.spv", "--bench"]
{"kind":"timing","workload":"affine","count":65,"trial":0,"iterations":1000,"elapsed_ns":48562484}
{"kind":"timing","workload":"affine","count":65,"trial":1,"iterations":1000,"elapsed_ns":45395626}
{"kind":"timing","workload":"affine","count":65,"trial":2,"iterations":1000,"elapsed_ns":47612154}
{"kind":"timing","workload":"affine","count":65,"trial":3,"iterations":1000,"elapsed_ns":42229037}
{"kind":"timing","workload":"affine","count":65,"trial":4,"iterations":1000,"elapsed_ns":43175179}
{"kind":"timing","workload":"affine","count":65,"trial":5,"iterations":1000,"elapsed_ns":50955548}
{"kind":"timing","workload":"affine","count":65,"trial":6,"iterations":1000,"elapsed_ns":48747876}
{"kind":"affine","count":65,"bytes":516,"input_sha256":"78b283c5676c9aba54bac9b113e8caa8af3ed172b43da040b5ca75fed309ffc1","output_sha256":"485c8870fc2d776d500c41358484cb1eaf959362595fd11003e5585b59e0cfcb"}
{"kind":"timing","workload":"affine","count":5120,"trial":0,"iterations":1000,"elapsed_ns":46108266}
{"kind":"timing","workload":"affine","count":5120,"trial":1,"iterations":1000,"elapsed_ns":45506054}
{"kind":"timing","workload":"affine","count":5120,"trial":2,"iterations":1000,"elapsed_ns":45429940}
{"kind":"timing","workload":"affine","count":5120,"trial":3,"iterations":1000,"elapsed_ns":45452443}
{"kind":"timing","workload":"affine","count":5120,"trial":4,"iterations":1000,"elapsed_ns":51612302}
{"kind":"timing","workload":"affine","count":5120,"trial":5,"iterations":1000,"elapsed_ns":46438321}
{"kind":"timing","workload":"affine","count":5120,"trial":6,"iterations":1000,"elapsed_ns":45251252}
{"kind":"affine","count":5120,"bytes":20736,"input_sha256":"6ecd43bf71a20dc0101331f0953bcb54c249e0da7eee9bbec149076fcb635722","output_sha256":"e37414073d68cf5b25d6345030cb56890a0d3fb0340b736633380b688ed066f7"}
{"kind":"timing","workload":"affine","count":1048576,"trial":0,"iterations":100,"elapsed_ns":5549142}
{"kind":"timing","workload":"affine","count":1048576,"trial":1,"iterations":100,"elapsed_ns":5465283}
{"kind":"timing","workload":"affine","count":1048576,"trial":2,"iterations":100,"elapsed_ns":5320719}
{"kind":"timing","workload":"affine","count":1048576,"trial":3,"iterations":100,"elapsed_ns":5193358}
{"kind":"timing","workload":"affine","count":1048576,"trial":4,"iterations":100,"elapsed_ns":5273199}
{"kind":"timing","workload":"affine","count":1048576,"trial":5,"iterations":100,"elapsed_ns":5267368}
{"kind":"timing","workload":"affine","count":1048576,"trial":6,"iterations":100,"elapsed_ns":5124398}
{"kind":"affine","count":1048576,"bytes":4194560,"input_sha256":"d9a82eef69b9a41279821c3a86d19a14179225bf7a04047e08b5be96217a8381","output_sha256":"d0c3554fe6140173577e460c7ac231ac37be1b0fb1a4063b9126426810c92872"}
{"kind":"timing","workload":"roundtrip","count":256,"trial":0,"iterations":1000,"elapsed_ns":51530307}
{"kind":"timing","workload":"roundtrip","count":256,"trial":1,"iterations":1000,"elapsed_ns":48623870}
{"kind":"timing","workload":"roundtrip","count":256,"trial":2,"iterations":1000,"elapsed_ns":135729520}
{"kind":"timing","workload":"roundtrip","count":256,"trial":3,"iterations":1000,"elapsed_ns":111792545}
{"kind":"timing","workload":"roundtrip","count":256,"trial":4,"iterations":1000,"elapsed_ns":92367095}
{"kind":"timing","workload":"roundtrip","count":256,"trial":5,"iterations":1000,"elapsed_ns":52986897}
{"kind":"timing","workload":"roundtrip","count":256,"trial":6,"iterations":1000,"elapsed_ns":50259048}
{"kind":"roundtrip","count":256,"bytes":256,"input_sha256":"3f719c386c8359386210617f8a2cf4032f25ee08aa23f5adc65979674149dbbb","output_sha256":"3f719c386c8359386210617f8a2cf4032f25ee08aa23f5adc65979674149dbbb"}
{"kind":"timing","workload":"roundtrip","count":1048576,"trial":0,"iterations":100,"elapsed_ns":29824839}
{"kind":"timing","workload":"roundtrip","count":1048576,"trial":1,"iterations":100,"elapsed_ns":28330559}
{"kind":"timing","workload":"roundtrip","count":1048576,"trial":2,"iterations":100,"elapsed_ns":33276107}
{"kind":"timing","workload":"roundtrip","count":1048576,"trial":3,"iterations":100,"elapsed_ns":28848540}
{"kind":"timing","workload":"roundtrip","count":1048576,"trial":4,"iterations":100,"elapsed_ns":31244800}
{"kind":"timing","workload":"roundtrip","count":1048576,"trial":5,"iterations":100,"elapsed_ns":29084076}
{"kind":"timing","workload":"roundtrip","count":1048576,"trial":6,"iterations":100,"elapsed_ns":27153978}
{"kind":"roundtrip","count":1048576,"bytes":1048576,"input_sha256":"5f0b6c695294e5d3cba1308af8c31b06b685e5632ce6909daa0dc6283447a4b4","output_sha256":"5f0b6c695294e5d3cba1308af8c31b06b685e5632ce6909daa0dc6283447a4b4"}
{"kind":"timing","workload":"roundtrip","count":67108864,"trial":0,"iterations":10,"elapsed_ns":119867842}
{"kind":"timing","workload":"roundtrip","count":67108864,"trial":1,"iterations":10,"elapsed_ns":116877978}
{"kind":"timing","workload":"roundtrip","count":67108864,"trial":2,"iterations":10,"elapsed_ns":117509395}
{"kind":"timing","workload":"roundtrip","count":67108864,"trial":3,"iterations":10,"elapsed_ns":116146944}
{"kind":"timing","workload":"roundtrip","count":67108864,"trial":4,"iterations":10,"elapsed_ns":118971264}
{"kind":"timing","workload":"roundtrip","count":67108864,"trial":5,"iterations":10,"elapsed_ns":115930695}
{"kind":"timing","workload":"roundtrip","count":67108864,"trial":6,"iterations":10,"elapsed_ns":116087872}
{"kind":"roundtrip","count":67108864,"bytes":67108864,"input_sha256":"63d262ed906deeecfa9820dda3542c36da141feefa5b10a19a450520159481c6","output_sha256":"63d262ed906deeecfa9820dda3542c36da141feefa5b10a19a450520159481c6"}
device=AMD Radeon RX 7900 XTX (RADV NAVI31) vendor=1002 id=744c api=4211042 driver=109060099 family=1
allocation kind=affine count=65 bytes=516 allocation_sizes=528,528,528,528 memory_types=5,5,0,0
allocation kind=affine count=5120 bytes=20736 allocation_sizes=20736,20736,20736,20736 memory_types=5,5,0,0
allocation kind=affine count=1048576 bytes=4194560 allocation_sizes=4194560,4194560,4194560,4194560 memory_types=5,5,0,0
allocation kind=roundtrip count=256 bytes=256 allocation_sizes=256,256,256,256 memory_types=5,5,0,0
allocation kind=roundtrip count=1048576 bytes=1048576 allocation_sizes=1048576,1048576,1048576,1048576 memory_types=5,5,0,0
allocation kind=roundtrip count=67108864 bytes=67108864 allocation_sizes=67108864,67108864,67108864,67108864 memory_types=5,5,0,0
