["glslc", "--target-env=vulkan1.1", "-O", "-fshader-stage=compute", "/home/USER/projects/zerv/bench/matvec_stream.comp", "-o", "/home/USER/projects/zerv/third_party/matvec-push/2026-09-22-matvec-push-gpu-run1/stream.spv"]
["spirv-val", "--target-env", "vulkan1.1", "/home/USER/projects/zerv/third_party/matvec-push/2026-09-22-matvec-push-gpu-run1/stream.spv"]
["/home/USER/projects/zerv/.tools/zig-x86_64-linux-0.16.0/zig", "build", "gpu-matvec-bench-build", "-Doptimize=ReleaseFast", "-Dcpu=native"]
["/home/USER/projects/zerv/third_party/matvec-push/2026-09-22-matvec-push-gpu-run1/native", "/home/USER/projects/zerv/third_party/gpu-matvec-bench/2026-09-22-gpu-matvec-repeat/q6_k-5120-248320.case", "/home/USER/projects/zerv/third_party/matvec-push/2026-09-22-matvec-push-gpu-run1/q6_k-5120-248320-stress.output", "0", "--timestamps"]
{"profile_trial":0,"wall_ns":1217126,"gpu_ns":1163440,"timestamp_bits":64,"timestamp_period_ns":10}
{"profile_trial":1,"wall_ns":1215463,"gpu_ns":1162840,"timestamp_bits":64,"timestamp_period_ns":10}
{"profile_trial":2,"wall_ns":1218589,"gpu_ns":1165320,"timestamp_bits":64,"timestamp_period_ns":10}
{"profile_trial":3,"wall_ns":1227786,"gpu_ns":1173280,"timestamp_bits":64,"timestamp_period_ns":10}
{"profile_trial":4,"wall_ns":1217677,"gpu_ns":1167360,"timestamp_bits":64,"timestamp_period_ns":10}
{"profile_trial":5,"wall_ns":1219591,"gpu_ns":1166920,"timestamp_bits":64,"timestamp_period_ns":10}
{"profile_trial":6,"wall_ns":1216926,"gpu_ns":1167720,"timestamp_bits":64,"timestamp_period_ns":10}
{"profile_trial":7,"wall_ns":1217206,"gpu_ns":1168040,"timestamp_bits":64,"timestamp_period_ns":10}
{"profile_trial":8,"wall_ns":1216315,"gpu_ns":1158440,"timestamp_bits":64,"timestamp_period_ns":10}
{"profile_trial":9,"wall_ns":1219140,"gpu_ns":1169520,"timestamp_bits":64,"timestamp_period_ns":10}
{"profile_trial":10,"wall_ns":1222096,"gpu_ns":1166680,"timestamp_bits":64,"timestamp_period_ns":10}
{"profile_trial":11,"wall_ns":1241201,"gpu_ns":1191960,"timestamp_bits":64,"timestamp_period_ns":10}
{"profile_trial":12,"wall_ns":1219200,"gpu_ns":1169360,"timestamp_bits":64,"timestamp_period_ns":10}
{"profile_trial":13,"wall_ns":1212698,"gpu_ns":1162360,"timestamp_bits":64,"timestamp_period_ns":10}
{"profile_trial":14,"wall_ns":1214642,"gpu_ns":1164840,"timestamp_bits":64,"timestamp_period_ns":10}
{"profile_trial":15,"wall_ns":1217747,"gpu_ns":1168120,"timestamp_bits":64,"timestamp_period_ns":10}
{"profile_trial":16,"wall_ns":1216274,"gpu_ns":1166800,"timestamp_bits":64,"timestamp_period_ns":10}
{"profile_trial":17,"wall_ns":1221765,"gpu_ns":1166960,"timestamp_bits":64,"timestamp_period_ns":10}
{"profile_trial":18,"wall_ns":1217707,"gpu_ns":1167400,"timestamp_bits":64,"timestamp_period_ns":10}
{"profile_trial":19,"wall_ns":1212368,"gpu_ns":1163160,"timestamp_bits":64,"timestamp_period_ns":10}
{"profile_trial":20,"wall_ns":1218609,"gpu_ns":1169680,"timestamp_bits":64,"timestamp_period_ns":10}
{"profile_trial":21,"wall_ns":1219711,"gpu_ns":1168840,"timestamp_bits":64,"timestamp_period_ns":10}
{"profile_trial":22,"wall_ns":1216064,"gpu_ns":1163320,"timestamp_bits":64,"timestamp_period_ns":10}
{"profile_trial":23,"wall_ns":1215643,"gpu_ns":1164160,"timestamp_bits":64,"timestamp_period_ns":10}
{"profile_trial":24,"wall_ns":1222286,"gpu_ns":1176320,"timestamp_bits":64,"timestamp_period_ns":10}
{"profile_trial":25,"wall_ns":1216475,"gpu_ns":1163960,"timestamp_bits":64,"timestamp_period_ns":10}
{"profile_trial":26,"wall_ns":1212838,"gpu_ns":1163400,"timestamp_bits":64,"timestamp_period_ns":10}
{"profile_trial":27,"wall_ns":1217797,"gpu_ns":1166920,"timestamp_bits":64,"timestamp_period_ns":10}
{"profile_trial":28,"wall_ns":1209813,"gpu_ns":1159640,"timestamp_bits":64,"timestamp_period_ns":10}
{"profile_trial":29,"wall_ns":1218639,"gpu_ns":1168480,"timestamp_bits":64,"timestamp_period_ns":10}
{"profile_trial":30,"wall_ns":1221334,"gpu_ns":1168560,"timestamp_bits":64,"timestamp_period_ns":10}
{"profile_trial":31,"wall_ns":1218549,"gpu_ns":1165200,"timestamp_bits":64,"timestamp_period_ns":10}
device=AMD Radeon RX 7900 XTX (RADV NAVI31) vendor=1002 id=744c api=4211042 driver=109060099 family=1
allocation_bytes=2088909104 sizes=1043957872,1043957872,993360 memory_types=5,0,5 groups=62080,4,1
["/home/USER/projects/zerv/third_party/matvec-push/2026-09-22-matvec-push-gpu-run1/native", "/home/USER/projects/zerv/third_party/gpu-matvec-bench/2026-09-22-gpu-matvec-repeat/q6_k-5120-248320.case", "/home/USER/projects/zerv/third_party/matvec-push/2026-09-22-matvec-push-gpu-run1/q6_k-5120-248320-aligned.output", "0", "--aligned", "--timestamps"]
{"profile_trial":0,"wall_ns":1217787,"gpu_ns":1167440,"timestamp_bits":64,"timestamp_period_ns":10}
{"profile_trial":1,"wall_ns":1214962,"gpu_ns":1163760,"timestamp_bits":64,"timestamp_period_ns":10}
{"profile_trial":2,"wall_ns":1213298,"gpu_ns":1163320,"timestamp_bits":64,"timestamp_period_ns":10}
{"profile_trial":3,"wall_ns":1215683,"gpu_ns":1164360,"timestamp_bits":64,"timestamp_period_ns":10}
{"profile_trial":4,"wall_ns":1214992,"gpu_ns":1163000,"timestamp_bits":64,"timestamp_period_ns":10}
{"profile_trial":5,"wall_ns":1218309,"gpu_ns":1163720,"timestamp_bits":64,"timestamp_period_ns":10}
{"profile_trial":6,"wall_ns":1213960,"gpu_ns":1162920,"timestamp_bits":64,"timestamp_period_ns":10}
{"profile_trial":7,"wall_ns":1211776,"gpu_ns":1161400,"timestamp_bits":64,"timestamp_period_ns":10}
{"profile_trial":8,"wall_ns":1217547,"gpu_ns":1167960,"timestamp_bits":64,"timestamp_period_ns":10}
{"profile_trial":9,"wall_ns":1247153,"gpu_ns":1196760,"timestamp_bits":64,"timestamp_period_ns":10}
{"profile_trial":10,"wall_ns":1214161,"gpu_ns":1164720,"timestamp_bits":64,"timestamp_period_ns":10}
{"profile_trial":11,"wall_ns":1219230,"gpu_ns":1169800,"timestamp_bits":64,"timestamp_period_ns":10}
{"profile_trial":12,"wall_ns":1214841,"gpu_ns":1165600,"timestamp_bits":64,"timestamp_period_ns":10}
{"profile_trial":13,"wall_ns":1223358,"gpu_ns":1169800,"timestamp_bits":64,"timestamp_period_ns":10}
{"profile_trial":14,"wall_ns":1213179,"gpu_ns":1163920,"timestamp_bits":64,"timestamp_period_ns":10}
{"profile_trial":15,"wall_ns":1218228,"gpu_ns":1167600,"timestamp_bits":64,"timestamp_period_ns":10}
{"profile_trial":16,"wall_ns":1220161,"gpu_ns":1167600,"timestamp_bits":64,"timestamp_period_ns":10}
{"profile_trial":17,"wall_ns":1221153,"gpu_ns":1172480,"timestamp_bits":64,"timestamp_period_ns":10}
{"profile_trial":18,"wall_ns":1209882,"gpu_ns":1159080,"timestamp_bits":64,"timestamp_period_ns":10}
{"profile_trial":19,"wall_ns":1211506,"gpu_ns":1158760,"timestamp_bits":64,"timestamp_period_ns":10}
{"profile_trial":20,"wall_ns":1219090,"gpu_ns":1169560,"timestamp_bits":64,"timestamp_period_ns":10}
{"profile_trial":21,"wall_ns":1217356,"gpu_ns":1163360,"timestamp_bits":64,"timestamp_period_ns":10}
{"profile_trial":22,"wall_ns":1205264,"gpu_ns":1155400,"timestamp_bits":64,"timestamp_period_ns":10}
{"profile_trial":23,"wall_ns":1227857,"gpu_ns":1172000,"timestamp_bits":64,"timestamp_period_ns":10}
{"profile_trial":24,"wall_ns":1212959,"gpu_ns":1161560,"timestamp_bits":64,"timestamp_period_ns":10}
{"profile_trial":25,"wall_ns":1214912,"gpu_ns":1164360,"timestamp_bits":64,"timestamp_period_ns":10}
{"profile_trial":26,"wall_ns":1214721,"gpu_ns":1165120,"timestamp_bits":64,"timestamp_period_ns":10}
{"profile_trial":27,"wall_ns":1219149,"gpu_ns":1167960,"timestamp_bits":64,"timestamp_period_ns":10}
{"profile_trial":28,"wall_ns":1220903,"gpu_ns":1170720,"timestamp_bits":64,"timestamp_period_ns":10}
{"profile_trial":29,"wall_ns":1216145,"gpu_ns":1165120,"timestamp_bits":64,"timestamp_period_ns":10}
{"profile_trial":30,"wall_ns":1241722,"gpu_ns":1168000,"timestamp_bits":64,"timestamp_period_ns":10}
{"profile_trial":31,"wall_ns":1220542,"gpu_ns":1169240,"timestamp_bits":64,"timestamp_period_ns":10}
device=AMD Radeon RX 7900 XTX (RADV NAVI31) vendor=1002 id=744c api=4211042 driver=109060099 family=1
allocation_bytes=2088909072 sizes=1043957856,1043957856,993360 memory_types=5,0,5 groups=62080,4,1
["/home/USER/projects/zerv/third_party/matvec-push/2026-09-22-matvec-push-gpu-run1/native", "/home/USER/projects/zerv/third_party/gpu-matvec-bench/2026-09-22-gpu-matvec-repeat/q6_k-5120-248320.case", "/home/USER/projects/zerv/third_party/matvec-push/2026-09-22-matvec-push-gpu-run1/q6_k-5120-248320-stream.output", "0", "/home/USER/projects/zerv/third_party/matvec-push/2026-09-22-matvec-push-gpu-run1/stream.spv", "1", "--aligned", "--timestamps"]
{"profile_trial":0,"wall_ns":1165369,"gpu_ns":1123520,"timestamp_bits":64,"timestamp_period_ns":10}
{"profile_trial":1,"wall_ns":1201457,"gpu_ns":1142280,"timestamp_bits":64,"timestamp_period_ns":10}
{"profile_trial":2,"wall_ns":1180297,"gpu_ns":1132520,"timestamp_bits":64,"timestamp_period_ns":10}
{"profile_trial":3,"wall_ns":1181949,"gpu_ns":1133560,"timestamp_bits":64,"timestamp_period_ns":10}
{"profile_trial":4,"wall_ns":1182881,"gpu_ns":1133120,"timestamp_bits":64,"timestamp_period_ns":10}
{"profile_trial":5,"wall_ns":1177642,"gpu_ns":1130800,"timestamp_bits":64,"timestamp_period_ns":10}
{"profile_trial":6,"wall_ns":1180387,"gpu_ns":1132080,"timestamp_bits":64,"timestamp_period_ns":10}
{"profile_trial":7,"wall_ns":1183713,"gpu_ns":1132920,"timestamp_bits":64,"timestamp_period_ns":10}
{"profile_trial":8,"wall_ns":1180847,"gpu_ns":1133120,"timestamp_bits":64,"timestamp_period_ns":10}
{"profile_trial":9,"wall_ns":1180837,"gpu_ns":1130360,"timestamp_bits":64,"timestamp_period_ns":10}
{"profile_trial":10,"wall_ns":1181389,"gpu_ns":1133000,"timestamp_bits":64,"timestamp_period_ns":10}
{"profile_trial":11,"wall_ns":1182962,"gpu_ns":1132840,"timestamp_bits":64,"timestamp_period_ns":10}
{"profile_trial":12,"wall_ns":1184524,"gpu_ns":1133840,"timestamp_bits":64,"timestamp_period_ns":10}
{"profile_trial":13,"wall_ns":1184845,"gpu_ns":1129920,"timestamp_bits":64,"timestamp_period_ns":10}
{"profile_trial":14,"wall_ns":1198591,"gpu_ns":1132360,"timestamp_bits":64,"timestamp_period_ns":10}
{"profile_trial":15,"wall_ns":1212067,"gpu_ns":1163200,"timestamp_bits":64,"timestamp_period_ns":10}
{"profile_trial":16,"wall_ns":1180818,"gpu_ns":1132680,"timestamp_bits":64,"timestamp_period_ns":10}
{"profile_trial":17,"wall_ns":1178452,"gpu_ns":1130720,"timestamp_bits":64,"timestamp_period_ns":10}
{"profile_trial":18,"wall_ns":1178643,"gpu_ns":1130600,"timestamp_bits":64,"timestamp_period_ns":10}
{"profile_trial":19,"wall_ns":1180938,"gpu_ns":1134040,"timestamp_bits":64,"timestamp_period_ns":10}
{"profile_trial":20,"wall_ns":1184575,"gpu_ns":1133720,"timestamp_bits":64,"timestamp_period_ns":10}
{"profile_trial":21,"wall_ns":1181328,"gpu_ns":1130800,"timestamp_bits":64,"timestamp_period_ns":10}
{"profile_trial":22,"wall_ns":1182490,"gpu_ns":1132520,"timestamp_bits":64,"timestamp_period_ns":10}
{"profile_trial":23,"wall_ns":1182882,"gpu_ns":1134080,"timestamp_bits":64,"timestamp_period_ns":10}
{"profile_trial":24,"wall_ns":1185586,"gpu_ns":1133480,"timestamp_bits":64,"timestamp_period_ns":10}
{"profile_trial":25,"wall_ns":1182751,"gpu_ns":1132000,"timestamp_bits":64,"timestamp_period_ns":10}
{"profile_trial":26,"wall_ns":1182501,"gpu_ns":1133080,"timestamp_bits":64,"timestamp_period_ns":10}
{"profile_trial":27,"wall_ns":1184534,"gpu_ns":1133280,"timestamp_bits":64,"timestamp_period_ns":10}
{"profile_trial":28,"wall_ns":1180668,"gpu_ns":1131720,"timestamp_bits":64,"timestamp_period_ns":10}
{"profile_trial":29,"wall_ns":1213389,"gpu_ns":1163920,"timestamp_bits":64,"timestamp_period_ns":10}
{"profile_trial":30,"wall_ns":1188894,"gpu_ns":1130240,"timestamp_bits":64,"timestamp_period_ns":10}
{"profile_trial":31,"wall_ns":1181899,"gpu_ns":1132280,"timestamp_bits":64,"timestamp_period_ns":10}
device=AMD Radeon RX 7900 XTX (RADV NAVI31) vendor=1002 id=744c api=4211042 driver=109060099 family=1
allocation_bytes=2088909072 sizes=1043957856,1043957856,993360 memory_types=5,0,5 groups=65535,4,1
["/home/USER/projects/zerv/third_party/matvec-push/2026-09-22-matvec-push-gpu-run1/native", "/home/USER/projects/zerv/third_party/gpu-matvec-bench/2026-09-22-gpu-matvec-repeat/q4_0-5120-6144.case", "/home/USER/projects/zerv/third_party/matvec-push/2026-09-22-matvec-push-gpu-run1/q4_0-5120-6144-stress.output", "0", "--timestamps"]
{"profile_trial":0,"wall_ns":90622,"gpu_ns":34200,"timestamp_bits":64,"timestamp_period_ns":10}
{"profile_trial":1,"wall_ns":91934,"gpu_ns":34320,"timestamp_bits":64,"timestamp_period_ns":10}
{"profile_trial":2,"wall_ns":92024,"gpu_ns":34160,"timestamp_bits":64,"timestamp_period_ns":10}
{"profile_trial":3,"wall_ns":90842,"gpu_ns":33920,"timestamp_bits":64,"timestamp_period_ns":10}
{"profile_trial":4,"wall_ns":90992,"gpu_ns":34160,"timestamp_bits":64,"timestamp_period_ns":10}
{"profile_trial":5,"wall_ns":91003,"gpu_ns":33880,"timestamp_bits":64,"timestamp_period_ns":10}
{"profile_trial":6,"wall_ns":91022,"gpu_ns":34120,"timestamp_bits":64,"timestamp_period_ns":10}
{"profile_trial":7,"wall_ns":96273,"gpu_ns":34000,"timestamp_bits":64,"timestamp_period_ns":10}
{"profile_trial":8,"wall_ns":90532,"gpu_ns":34200,"timestamp_bits":64,"timestamp_period_ns":10}
{"profile_trial":9,"wall_ns":90872,"gpu_ns":34040,"timestamp_bits":64,"timestamp_period_ns":10}
{"profile_trial":10,"wall_ns":91063,"gpu_ns":34240,"timestamp_bits":64,"timestamp_period_ns":10}
{"profile_trial":11,"wall_ns":91042,"gpu_ns":34000,"timestamp_bits":64,"timestamp_period_ns":10}
{"profile_trial":12,"wall_ns":91102,"gpu_ns":34080,"timestamp_bits":64,"timestamp_period_ns":10}
{"profile_trial":13,"wall_ns":90782,"gpu_ns":34040,"timestamp_bits":64,"timestamp_period_ns":10}
{"profile_trial":14,"wall_ns":91464,"gpu_ns":34200,"timestamp_bits":64,"timestamp_period_ns":10}
{"profile_trial":15,"wall_ns":90661,"gpu_ns":33920,"timestamp_bits":64,"timestamp_period_ns":10}
{"profile_trial":16,"wall_ns":90311,"gpu_ns":34200,"timestamp_bits":64,"timestamp_period_ns":10}
{"profile_trial":17,"wall_ns":98416,"gpu_ns":34000,"timestamp_bits":64,"timestamp_period_ns":10}
{"profile_trial":18,"wall_ns":89230,"gpu_ns":34200,"timestamp_bits":64,"timestamp_period_ns":10}
{"profile_trial":19,"wall_ns":90912,"gpu_ns":33920,"timestamp_bits":64,"timestamp_period_ns":10}
{"profile_trial":20,"wall_ns":91053,"gpu_ns":34360,"timestamp_bits":64,"timestamp_period_ns":10}
{"profile_trial":21,"wall_ns":90902,"gpu_ns":34000,"timestamp_bits":64,"timestamp_period_ns":10}
{"profile_trial":22,"wall_ns":91924,"gpu_ns":34200,"timestamp_bits":64,"timestamp_period_ns":10}
{"profile_trial":23,"wall_ns":90010,"gpu_ns":34000,"timestamp_bits":64,"timestamp_period_ns":10}
{"profile_trial":24,"wall_ns":91514,"gpu_ns":34200,"timestamp_bits":64,"timestamp_period_ns":10}
{"profile_trial":25,"wall_ns":90682,"gpu_ns":34000,"timestamp_bits":64,"timestamp_period_ns":10}
{"profile_trial":26,"wall_ns":90481,"gpu_ns":34240,"timestamp_bits":64,"timestamp_period_ns":10}
{"profile_trial":27,"wall_ns":90762,"gpu_ns":33840,"timestamp_bits":64,"timestamp_period_ns":10}
{"profile_trial":28,"wall_ns":92566,"gpu_ns":34240,"timestamp_bits":64,"timestamp_period_ns":10}
{"profile_trial":29,"wall_ns":92214,"gpu_ns":34000,"timestamp_bits":64,"timestamp_period_ns":10}
{"profile_trial":30,"wall_ns":93627,"gpu_ns":34000,"timestamp_bits":64,"timestamp_period_ns":10}
{"profile_trial":31,"wall_ns":91133,"gpu_ns":33960,"timestamp_bits":64,"timestamp_period_ns":10}
device=AMD Radeon RX 7900 XTX (RADV NAVI31) vendor=1002 id=744c api=4211042 driver=109060099 family=1
allocation_bytes=35504432 sizes=17739888,17739888,24656 memory_types=5,0,5 groups=6144,1,1
["/home/USER/projects/zerv/third_party/matvec-push/2026-09-22-matvec-push-gpu-run1/native", "/home/USER/projects/zerv/third_party/gpu-matvec-bench/2026-09-22-gpu-matvec-repeat/q4_0-5120-6144.case", "/home/USER/projects/zerv/third_party/matvec-push/2026-09-22-matvec-push-gpu-run1/q4_0-5120-6144-aligned.output", "0", "--aligned", "--timestamps"]
{"profile_trial":0,"wall_ns":92836,"gpu_ns":33760,"timestamp_bits":64,"timestamp_period_ns":10}
{"profile_trial":1,"wall_ns":92134,"gpu_ns":33280,"timestamp_bits":64,"timestamp_period_ns":10}
{"profile_trial":2,"wall_ns":91353,"gpu_ns":33920,"timestamp_bits":64,"timestamp_period_ns":10}
{"profile_trial":3,"wall_ns":91323,"gpu_ns":33560,"timestamp_bits":64,"timestamp_period_ns":10}
{"profile_trial":4,"wall_ns":91062,"gpu_ns":33400,"timestamp_bits":64,"timestamp_period_ns":10}
{"profile_trial":5,"wall_ns":91062,"gpu_ns":33600,"timestamp_bits":64,"timestamp_period_ns":10}
{"profile_trial":6,"wall_ns":90702,"gpu_ns":33800,"timestamp_bits":64,"timestamp_period_ns":10}
{"profile_trial":7,"wall_ns":90662,"gpu_ns":33720,"timestamp_bits":64,"timestamp_period_ns":10}
{"profile_trial":8,"wall_ns":90391,"gpu_ns":33960,"timestamp_bits":64,"timestamp_period_ns":10}
{"profile_trial":9,"wall_ns":90862,"gpu_ns":33400,"timestamp_bits":64,"timestamp_period_ns":10}
{"profile_trial":10,"wall_ns":81906,"gpu_ns":33960,"timestamp_bits":64,"timestamp_period_ns":10}
{"profile_trial":11,"wall_ns":90461,"gpu_ns":33760,"timestamp_bits":64,"timestamp_period_ns":10}
{"profile_trial":12,"wall_ns":91373,"gpu_ns":33480,"timestamp_bits":64,"timestamp_period_ns":10}
{"profile_trial":13,"wall_ns":90722,"gpu_ns":33280,"timestamp_bits":64,"timestamp_period_ns":10}
{"profile_trial":14,"wall_ns":91042,"gpu_ns":33520,"timestamp_bits":64,"timestamp_period_ns":10}
{"profile_trial":15,"wall_ns":91083,"gpu_ns":33440,"timestamp_bits":64,"timestamp_period_ns":10}
{"profile_trial":16,"wall_ns":90992,"gpu_ns":33640,"timestamp_bits":64,"timestamp_period_ns":10}
{"profile_trial":17,"wall_ns":91784,"gpu_ns":33280,"timestamp_bits":64,"timestamp_period_ns":10}
{"profile_trial":18,"wall_ns":91263,"gpu_ns":33840,"timestamp_bits":64,"timestamp_period_ns":10}
{"profile_trial":19,"wall_ns":132201,"gpu_ns":33600,"timestamp_bits":64,"timestamp_period_ns":10}
{"profile_trial":20,"wall_ns":91484,"gpu_ns":33480,"timestamp_bits":64,"timestamp_period_ns":10}
{"profile_trial":21,"wall_ns":91553,"gpu_ns":33680,"timestamp_bits":64,"timestamp_period_ns":10}
{"profile_trial":22,"wall_ns":90241,"gpu_ns":34200,"timestamp_bits":64,"timestamp_period_ns":10}
{"profile_trial":23,"wall_ns":90982,"gpu_ns":33480,"timestamp_bits":64,"timestamp_period_ns":10}
{"profile_trial":24,"wall_ns":91383,"gpu_ns":33440,"timestamp_bits":64,"timestamp_period_ns":10}
{"profile_trial":25,"wall_ns":90662,"gpu_ns":33880,"timestamp_bits":64,"timestamp_period_ns":10}
{"profile_trial":26,"wall_ns":91113,"gpu_ns":33600,"timestamp_bits":64,"timestamp_period_ns":10}
{"profile_trial":27,"wall_ns":91183,"gpu_ns":33280,"timestamp_bits":64,"timestamp_period_ns":10}
{"profile_trial":28,"wall_ns":92024,"gpu_ns":33880,"timestamp_bits":64,"timestamp_period_ns":10}
{"profile_trial":29,"wall_ns":92124,"gpu_ns":33360,"timestamp_bits":64,"timestamp_period_ns":10}
{"profile_trial":30,"wall_ns":91173,"gpu_ns":33800,"timestamp_bits":64,"timestamp_period_ns":10}
{"profile_trial":31,"wall_ns":91604,"gpu_ns":33440,"timestamp_bits":64,"timestamp_period_ns":10}
device=AMD Radeon RX 7900 XTX (RADV NAVI31) vendor=1002 id=744c api=4211042 driver=109060099 family=1
allocation_bytes=35504400 sizes=17739872,17739872,24656 memory_types=5,0,5 groups=6144,1,1
["/home/USER/projects/zerv/third_party/matvec-push/2026-09-22-matvec-push-gpu-run1/native", "/home/USER/projects/zerv/third_party/gpu-matvec-bench/2026-09-22-gpu-matvec-repeat/q4_0-5120-6144.case", "/home/USER/projects/zerv/third_party/matvec-push/2026-09-22-matvec-push-gpu-run1/q4_0-5120-6144-stream.output", "0", "/home/USER/projects/zerv/third_party/matvec-push/2026-09-22-matvec-push-gpu-run1/stream.spv", "1", "--aligned", "--timestamps"]
{"profile_trial":0,"wall_ns":91183,"gpu_ns":23920,"timestamp_bits":64,"timestamp_period_ns":10}
{"profile_trial":1,"wall_ns":80934,"gpu_ns":23000,"timestamp_bits":64,"timestamp_period_ns":10}
{"profile_trial":2,"wall_ns":74601,"gpu_ns":23800,"timestamp_bits":64,"timestamp_period_ns":10}
{"profile_trial":3,"wall_ns":74631,"gpu_ns":23120,"timestamp_bits":64,"timestamp_period_ns":10}
{"profile_trial":4,"wall_ns":74832,"gpu_ns":23560,"timestamp_bits":64,"timestamp_period_ns":10}
{"profile_trial":5,"wall_ns":76826,"gpu_ns":23040,"timestamp_bits":64,"timestamp_period_ns":10}
{"profile_trial":6,"wall_ns":75924,"gpu_ns":23760,"timestamp_bits":64,"timestamp_period_ns":10}
{"profile_trial":7,"wall_ns":74331,"gpu_ns":23040,"timestamp_bits":64,"timestamp_period_ns":10}
{"profile_trial":8,"wall_ns":72607,"gpu_ns":23520,"timestamp_bits":64,"timestamp_period_ns":10}
{"profile_trial":9,"wall_ns":73089,"gpu_ns":23040,"timestamp_bits":64,"timestamp_period_ns":10}
{"profile_trial":10,"wall_ns":73710,"gpu_ns":23440,"timestamp_bits":64,"timestamp_period_ns":10}
{"profile_trial":11,"wall_ns":74090,"gpu_ns":23040,"timestamp_bits":64,"timestamp_period_ns":10}
{"profile_trial":12,"wall_ns":77798,"gpu_ns":23400,"timestamp_bits":64,"timestamp_period_ns":10}
{"profile_trial":13,"wall_ns":72878,"gpu_ns":23080,"timestamp_bits":64,"timestamp_period_ns":10}
{"profile_trial":14,"wall_ns":74161,"gpu_ns":23440,"timestamp_bits":64,"timestamp_period_ns":10}
{"profile_trial":15,"wall_ns":73409,"gpu_ns":23000,"timestamp_bits":64,"timestamp_period_ns":10}
{"profile_trial":16,"wall_ns":73880,"gpu_ns":23440,"timestamp_bits":64,"timestamp_period_ns":10}
{"profile_trial":17,"wall_ns":73429,"gpu_ns":23080,"timestamp_bits":64,"timestamp_period_ns":10}
{"profile_trial":18,"wall_ns":74001,"gpu_ns":23600,"timestamp_bits":64,"timestamp_period_ns":10}
{"profile_trial":19,"wall_ns":73218,"gpu_ns":23040,"timestamp_bits":64,"timestamp_period_ns":10}
{"profile_trial":20,"wall_ns":74030,"gpu_ns":23440,"timestamp_bits":64,"timestamp_period_ns":10}
{"profile_trial":21,"wall_ns":72688,"gpu_ns":23040,"timestamp_bits":64,"timestamp_period_ns":10}
{"profile_trial":22,"wall_ns":70864,"gpu_ns":23760,"timestamp_bits":64,"timestamp_period_ns":10}
{"profile_trial":23,"wall_ns":72447,"gpu_ns":23000,"timestamp_bits":64,"timestamp_period_ns":10}
{"profile_trial":24,"wall_ns":74031,"gpu_ns":23440,"timestamp_bits":64,"timestamp_period_ns":10}
{"profile_trial":25,"wall_ns":72357,"gpu_ns":23080,"timestamp_bits":64,"timestamp_period_ns":10}
{"profile_trial":26,"wall_ns":73339,"gpu_ns":23400,"timestamp_bits":64,"timestamp_period_ns":10}
{"profile_trial":27,"wall_ns":73058,"gpu_ns":23080,"timestamp_bits":64,"timestamp_period_ns":10}
{"profile_trial":28,"wall_ns":74832,"gpu_ns":23480,"timestamp_bits":64,"timestamp_period_ns":10}
{"profile_trial":29,"wall_ns":74552,"gpu_ns":23040,"timestamp_bits":64,"timestamp_period_ns":10}
{"profile_trial":30,"wall_ns":74250,"gpu_ns":23440,"timestamp_bits":64,"timestamp_period_ns":10}
{"profile_trial":31,"wall_ns":74331,"gpu_ns":23000,"timestamp_bits":64,"timestamp_period_ns":10}
device=AMD Radeon RX 7900 XTX (RADV NAVI31) vendor=1002 id=744c api=4211042 driver=109060099 family=1
allocation_bytes=35504400 sizes=17739872,17739872,24656 memory_types=5,0,5 groups=6144,1,1
["/home/USER/projects/zerv/third_party/matvec-push/2026-09-22-matvec-push-gpu-run1/native", "/home/USER/projects/zerv/third_party/gpu-matvec-bench/2026-09-22-gpu-matvec-repeat/q4_0-5120-10240.case", "/home/USER/projects/zerv/third_party/matvec-push/2026-09-22-matvec-push-gpu-run1/q4_0-5120-10240-stress.output", "0", "--timestamps"]
{"profile_trial":0,"wall_ns":108586,"gpu_ns":52320,"timestamp_bits":64,"timestamp_period_ns":10}
{"profile_trial":1,"wall_ns":108134,"gpu_ns":52200,"timestamp_bits":64,"timestamp_period_ns":10}
{"profile_trial":2,"wall_ns":108095,"gpu_ns":52360,"timestamp_bits":64,"timestamp_period_ns":10}
{"profile_trial":3,"wall_ns":108646,"gpu_ns":52120,"timestamp_bits":64,"timestamp_period_ns":10}
{"profile_trial":4,"wall_ns":109187,"gpu_ns":52400,"timestamp_bits":64,"timestamp_period_ns":10}
{"profile_trial":5,"wall_ns":108586,"gpu_ns":52080,"timestamp_bits":64,"timestamp_period_ns":10}
{"profile_trial":6,"wall_ns":107994,"gpu_ns":52280,"timestamp_bits":64,"timestamp_period_ns":10}
{"profile_trial":7,"wall_ns":108645,"gpu_ns":52120,"timestamp_bits":64,"timestamp_period_ns":10}
{"profile_trial":8,"wall_ns":108766,"gpu_ns":52440,"timestamp_bits":64,"timestamp_period_ns":10}
{"profile_trial":9,"wall_ns":108956,"gpu_ns":52440,"timestamp_bits":64,"timestamp_period_ns":10}
{"profile_trial":10,"wall_ns":108295,"gpu_ns":52400,"timestamp_bits":64,"timestamp_period_ns":10}
{"profile_trial":11,"wall_ns":108866,"gpu_ns":52080,"timestamp_bits":64,"timestamp_period_ns":10}
{"profile_trial":12,"wall_ns":108335,"gpu_ns":52400,"timestamp_bits":64,"timestamp_period_ns":10}
{"profile_trial":13,"wall_ns":108686,"gpu_ns":52040,"timestamp_bits":64,"timestamp_period_ns":10}
{"profile_trial":14,"wall_ns":106492,"gpu_ns":52200,"timestamp_bits":64,"timestamp_period_ns":10}
{"profile_trial":15,"wall_ns":112133,"gpu_ns":52080,"timestamp_bits":64,"timestamp_period_ns":10}
{"profile_trial":16,"wall_ns":108485,"gpu_ns":52320,"timestamp_bits":64,"timestamp_period_ns":10}
{"profile_trial":17,"wall_ns":108305,"gpu_ns":52120,"timestamp_bits":64,"timestamp_period_ns":10}
{"profile_trial":18,"wall_ns":108144,"gpu_ns":52280,"timestamp_bits":64,"timestamp_period_ns":10}
{"profile_trial":19,"wall_ns":108526,"gpu_ns":52520,"timestamp_bits":64,"timestamp_period_ns":10}
{"profile_trial":20,"wall_ns":108606,"gpu_ns":52360,"timestamp_bits":64,"timestamp_period_ns":10}
{"profile_trial":21,"wall_ns":108496,"gpu_ns":52000,"timestamp_bits":64,"timestamp_period_ns":10}
{"profile_trial":22,"wall_ns":108035,"gpu_ns":52160,"timestamp_bits":64,"timestamp_period_ns":10}
{"profile_trial":23,"wall_ns":106882,"gpu_ns":52080,"timestamp_bits":64,"timestamp_period_ns":10}
{"profile_trial":24,"wall_ns":107494,"gpu_ns":52120,"timestamp_bits":64,"timestamp_period_ns":10}
{"profile_trial":25,"wall_ns":114437,"gpu_ns":52120,"timestamp_bits":64,"timestamp_period_ns":10}
{"profile_trial":26,"wall_ns":108536,"gpu_ns":52240,"timestamp_bits":64,"timestamp_period_ns":10}
{"profile_trial":27,"wall_ns":108305,"gpu_ns":52000,"timestamp_bits":64,"timestamp_period_ns":10}
{"profile_trial":28,"wall_ns":107814,"gpu_ns":52320,"timestamp_bits":64,"timestamp_period_ns":10}
{"profile_trial":29,"wall_ns":107815,"gpu_ns":52520,"timestamp_bits":64,"timestamp_period_ns":10}
{"profile_trial":30,"wall_ns":107784,"gpu_ns":52240,"timestamp_bits":64,"timestamp_period_ns":10}
{"profile_trial":31,"wall_ns":108506,"gpu_ns":52080,"timestamp_bits":64,"timestamp_period_ns":10}
device=AMD Radeon RX 7900 XTX (RADV NAVI31) vendor=1002 id=744c api=4211042 driver=109060099 family=1
allocation_bytes=59146544 sizes=29552752,29552752,41040 memory_types=5,0,5 groups=10240,1,1
["/home/USER/projects/zerv/third_party/matvec-push/2026-09-22-matvec-push-gpu-run1/native", "/home/USER/projects/zerv/third_party/gpu-matvec-bench/2026-09-22-gpu-matvec-repeat/q4_0-5120-10240.case", "/home/USER/projects/zerv/third_party/matvec-push/2026-09-22-matvec-push-gpu-run1/q4_0-5120-10240-aligned.output", "0", "--aligned", "--timestamps"]
{"profile_trial":0,"wall_ns":111211,"gpu_ns":51920,"timestamp_bits":64,"timestamp_period_ns":10}
{"profile_trial":1,"wall_ns":111251,"gpu_ns":51800,"timestamp_bits":64,"timestamp_period_ns":10}
{"profile_trial":2,"wall_ns":108536,"gpu_ns":51800,"timestamp_bits":64,"timestamp_period_ns":10}
{"profile_trial":3,"wall_ns":108085,"gpu_ns":51800,"timestamp_bits":64,"timestamp_period_ns":10}
{"profile_trial":4,"wall_ns":107714,"gpu_ns":51920,"timestamp_bits":64,"timestamp_period_ns":10}
{"profile_trial":5,"wall_ns":107334,"gpu_ns":51920,"timestamp_bits":64,"timestamp_period_ns":10}
{"profile_trial":6,"wall_ns":107924,"gpu_ns":51960,"timestamp_bits":64,"timestamp_period_ns":10}
{"profile_trial":7,"wall_ns":107093,"gpu_ns":51800,"timestamp_bits":64,"timestamp_period_ns":10}
{"profile_trial":8,"wall_ns":106943,"gpu_ns":51880,"timestamp_bits":64,"timestamp_period_ns":10}
{"profile_trial":9,"wall_ns":106923,"gpu_ns":51800,"timestamp_bits":64,"timestamp_period_ns":10}
{"profile_trial":10,"wall_ns":116010,"gpu_ns":51920,"timestamp_bits":64,"timestamp_period_ns":10}
{"profile_trial":11,"wall_ns":109908,"gpu_ns":54720,"timestamp_bits":64,"timestamp_period_ns":10}
{"profile_trial":12,"wall_ns":112393,"gpu_ns":51920,"timestamp_bits":64,"timestamp_period_ns":10}
{"profile_trial":13,"wall_ns":104378,"gpu_ns":51680,"timestamp_bits":64,"timestamp_period_ns":10}
{"profile_trial":14,"wall_ns":102494,"gpu_ns":52000,"timestamp_bits":64,"timestamp_period_ns":10}
{"profile_trial":15,"wall_ns":110630,"gpu_ns":51760,"timestamp_bits":64,"timestamp_period_ns":10}
{"profile_trial":16,"wall_ns":108245,"gpu_ns":51880,"timestamp_bits":64,"timestamp_period_ns":10}
{"profile_trial":17,"wall_ns":107794,"gpu_ns":51800,"timestamp_bits":64,"timestamp_period_ns":10}
{"profile_trial":18,"wall_ns":107333,"gpu_ns":51960,"timestamp_bits":64,"timestamp_period_ns":10}
{"profile_trial":19,"wall_ns":108345,"gpu_ns":51720,"timestamp_bits":64,"timestamp_period_ns":10}
{"profile_trial":20,"wall_ns":107163,"gpu_ns":51920,"timestamp_bits":64,"timestamp_period_ns":10}
{"profile_trial":21,"wall_ns":107864,"gpu_ns":51840,"timestamp_bits":64,"timestamp_period_ns":10}
{"profile_trial":22,"wall_ns":107794,"gpu_ns":51960,"timestamp_bits":64,"timestamp_period_ns":10}
{"profile_trial":23,"wall_ns":107895,"gpu_ns":51800,"timestamp_bits":64,"timestamp_period_ns":10}
{"profile_trial":24,"wall_ns":106943,"gpu_ns":51880,"timestamp_bits":64,"timestamp_period_ns":10}
{"profile_trial":25,"wall_ns":107233,"gpu_ns":51800,"timestamp_bits":64,"timestamp_period_ns":10}
{"profile_trial":26,"wall_ns":107854,"gpu_ns":51920,"timestamp_bits":64,"timestamp_period_ns":10}
{"profile_trial":27,"wall_ns":106291,"gpu_ns":51760,"timestamp_bits":64,"timestamp_period_ns":10}
{"profile_trial":28,"wall_ns":107043,"gpu_ns":51920,"timestamp_bits":64,"timestamp_period_ns":10}
{"profile_trial":29,"wall_ns":114387,"gpu_ns":51920,"timestamp_bits":64,"timestamp_period_ns":10}
{"profile_trial":30,"wall_ns":107934,"gpu_ns":52160,"timestamp_bits":64,"timestamp_period_ns":10}
{"profile_trial":31,"wall_ns":107975,"gpu_ns":51720,"timestamp_bits":64,"timestamp_period_ns":10}
device=AMD Radeon RX 7900 XTX (RADV NAVI31) vendor=1002 id=744c api=4211042 driver=109060099 family=1
allocation_bytes=59146512 sizes=29552736,29552736,41040 memory_types=5,0,5 groups=10240,1,1
["/home/USER/projects/zerv/third_party/matvec-push/2026-09-22-matvec-push-gpu-run1/native", "/home/USER/projects/zerv/third_party/gpu-matvec-bench/2026-09-22-gpu-matvec-repeat/q4_0-5120-10240.case", "/home/USER/projects/zerv/third_party/matvec-push/2026-09-22-matvec-push-gpu-run1/q4_0-5120-10240-stream.output", "0", "/home/USER/projects/zerv/third_party/matvec-push/2026-09-22-matvec-push-gpu-run1/stream.spv", "1", "--aligned", "--timestamps"]
{"profile_trial":0,"wall_ns":91543,"gpu_ns":31720,"timestamp_bits":64,"timestamp_period_ns":10}
{"profile_trial":1,"wall_ns":87656,"gpu_ns":31320,"timestamp_bits":64,"timestamp_period_ns":10}
{"profile_trial":2,"wall_ns":91454,"gpu_ns":31800,"timestamp_bits":64,"timestamp_period_ns":10}
{"profile_trial":3,"wall_ns":90562,"gpu_ns":31440,"timestamp_bits":64,"timestamp_period_ns":10}
{"profile_trial":4,"wall_ns":90722,"gpu_ns":31760,"timestamp_bits":64,"timestamp_period_ns":10}
{"profile_trial":5,"wall_ns":81154,"gpu_ns":31400,"timestamp_bits":64,"timestamp_period_ns":10}
{"profile_trial":6,"wall_ns":91193,"gpu_ns":31840,"timestamp_bits":64,"timestamp_period_ns":10}
{"profile_trial":7,"wall_ns":91082,"gpu_ns":31400,"timestamp_bits":64,"timestamp_period_ns":10}
{"profile_trial":8,"wall_ns":91053,"gpu_ns":31760,"timestamp_bits":64,"timestamp_period_ns":10}
{"profile_trial":9,"wall_ns":91203,"gpu_ns":31440,"timestamp_bits":64,"timestamp_period_ns":10}
{"profile_trial":10,"wall_ns":90882,"gpu_ns":31800,"timestamp_bits":64,"timestamp_period_ns":10}
{"profile_trial":11,"wall_ns":90953,"gpu_ns":31400,"timestamp_bits":64,"timestamp_period_ns":10}
{"profile_trial":12,"wall_ns":90441,"gpu_ns":31760,"timestamp_bits":64,"timestamp_period_ns":10}
{"profile_trial":13,"wall_ns":82526,"gpu_ns":31360,"timestamp_bits":64,"timestamp_period_ns":10}
{"profile_trial":14,"wall_ns":90341,"gpu_ns":31760,"timestamp_bits":64,"timestamp_period_ns":10}
{"profile_trial":15,"wall_ns":91052,"gpu_ns":31400,"timestamp_bits":64,"timestamp_period_ns":10}
{"profile_trial":16,"wall_ns":91202,"gpu_ns":31760,"timestamp_bits":64,"timestamp_period_ns":10}
{"profile_trial":17,"wall_ns":90853,"gpu_ns":31440,"timestamp_bits":64,"timestamp_period_ns":10}
{"profile_trial":18,"wall_ns":91142,"gpu_ns":31760,"timestamp_bits":64,"timestamp_period_ns":10}
{"profile_trial":19,"wall_ns":91023,"gpu_ns":31400,"timestamp_bits":64,"timestamp_period_ns":10}
{"profile_trial":20,"wall_ns":91493,"gpu_ns":31800,"timestamp_bits":64,"timestamp_period_ns":10}
{"profile_trial":21,"wall_ns":90771,"gpu_ns":31400,"timestamp_bits":64,"timestamp_period_ns":10}
{"profile_trial":22,"wall_ns":89880,"gpu_ns":31760,"timestamp_bits":64,"timestamp_period_ns":10}
{"profile_trial":23,"wall_ns":80643,"gpu_ns":31400,"timestamp_bits":64,"timestamp_period_ns":10}
{"profile_trial":24,"wall_ns":92585,"gpu_ns":31840,"timestamp_bits":64,"timestamp_period_ns":10}
{"profile_trial":25,"wall_ns":90160,"gpu_ns":31520,"timestamp_bits":64,"timestamp_period_ns":10}
{"profile_trial":26,"wall_ns":91073,"gpu_ns":31800,"timestamp_bits":64,"timestamp_period_ns":10}
{"profile_trial":27,"wall_ns":91023,"gpu_ns":31440,"timestamp_bits":64,"timestamp_period_ns":10}
{"profile_trial":28,"wall_ns":90862,"gpu_ns":31760,"timestamp_bits":64,"timestamp_period_ns":10}
{"profile_trial":29,"wall_ns":90973,"gpu_ns":31440,"timestamp_bits":64,"timestamp_period_ns":10}
{"profile_trial":30,"wall_ns":91082,"gpu_ns":31840,"timestamp_bits":64,"timestamp_period_ns":10}
{"profile_trial":31,"wall_ns":91202,"gpu_ns":31440,"timestamp_bits":64,"timestamp_period_ns":10}
device=AMD Radeon RX 7900 XTX (RADV NAVI31) vendor=1002 id=744c api=4211042 driver=109060099 family=1
allocation_bytes=59146512 sizes=29552736,29552736,41040 memory_types=5,0,5 groups=10240,1,1
["/home/USER/projects/zerv/third_party/matvec-push/2026-09-22-matvec-push-gpu-run1/native", "/home/USER/projects/zerv/third_party/gpu-matvec-bench/2026-09-22-gpu-matvec-repeat/q4_1-17408-5120.case", "/home/USER/projects/zerv/third_party/matvec-push/2026-09-22-matvec-push-gpu-run1/q4_1-17408-5120-stress.output", "0", "--timestamps"]
{"profile_trial":0,"wall_ns":150545,"gpu_ns":92240,"timestamp_bits":64,"timestamp_period_ns":10}
{"profile_trial":1,"wall_ns":153040,"gpu_ns":92120,"timestamp_bits":64,"timestamp_period_ns":10}
{"profile_trial":2,"wall_ns":151857,"gpu_ns":92080,"timestamp_bits":64,"timestamp_period_ns":10}
{"profile_trial":3,"wall_ns":150886,"gpu_ns":91600,"timestamp_bits":64,"timestamp_period_ns":10}
{"profile_trial":4,"wall_ns":147620,"gpu_ns":92000,"timestamp_bits":64,"timestamp_period_ns":10}
{"profile_trial":5,"wall_ns":146658,"gpu_ns":91880,"timestamp_bits":64,"timestamp_period_ns":10}
{"profile_trial":6,"wall_ns":144744,"gpu_ns":91960,"timestamp_bits":64,"timestamp_period_ns":10}
{"profile_trial":7,"wall_ns":148441,"gpu_ns":92080,"timestamp_bits":64,"timestamp_period_ns":10}
{"profile_trial":8,"wall_ns":147579,"gpu_ns":91960,"timestamp_bits":64,"timestamp_period_ns":10}
{"profile_trial":9,"wall_ns":147880,"gpu_ns":91960,"timestamp_bits":64,"timestamp_period_ns":10}
{"profile_trial":10,"wall_ns":147900,"gpu_ns":92240,"timestamp_bits":64,"timestamp_period_ns":10}
{"profile_trial":11,"wall_ns":146768,"gpu_ns":91760,"timestamp_bits":64,"timestamp_period_ns":10}
{"profile_trial":12,"wall_ns":147059,"gpu_ns":92040,"timestamp_bits":64,"timestamp_period_ns":10}
{"profile_trial":13,"wall_ns":146387,"gpu_ns":91760,"timestamp_bits":64,"timestamp_period_ns":10}
{"profile_trial":14,"wall_ns":146768,"gpu_ns":91880,"timestamp_bits":64,"timestamp_period_ns":10}
{"profile_trial":15,"wall_ns":148311,"gpu_ns":91720,"timestamp_bits":64,"timestamp_period_ns":10}
{"profile_trial":16,"wall_ns":147750,"gpu_ns":92120,"timestamp_bits":64,"timestamp_period_ns":10}
{"profile_trial":17,"wall_ns":147760,"gpu_ns":91720,"timestamp_bits":64,"timestamp_period_ns":10}
{"profile_trial":18,"wall_ns":147239,"gpu_ns":92000,"timestamp_bits":64,"timestamp_period_ns":10}
{"profile_trial":19,"wall_ns":147169,"gpu_ns":92160,"timestamp_bits":64,"timestamp_period_ns":10}
{"profile_trial":20,"wall_ns":146698,"gpu_ns":91920,"timestamp_bits":64,"timestamp_period_ns":10}
{"profile_trial":21,"wall_ns":147289,"gpu_ns":91800,"timestamp_bits":64,"timestamp_period_ns":10}
{"profile_trial":22,"wall_ns":147810,"gpu_ns":92080,"timestamp_bits":64,"timestamp_period_ns":10}
{"profile_trial":23,"wall_ns":147890,"gpu_ns":91880,"timestamp_bits":64,"timestamp_period_ns":10}
{"profile_trial":24,"wall_ns":147900,"gpu_ns":92200,"timestamp_bits":64,"timestamp_period_ns":10}
{"profile_trial":25,"wall_ns":148011,"gpu_ns":91760,"timestamp_bits":64,"timestamp_period_ns":10}
{"profile_trial":26,"wall_ns":147639,"gpu_ns":91880,"timestamp_bits":64,"timestamp_period_ns":10}
{"profile_trial":27,"wall_ns":140236,"gpu_ns":87360,"timestamp_bits":64,"timestamp_period_ns":10}
{"profile_trial":28,"wall_ns":142500,"gpu_ns":87880,"timestamp_bits":64,"timestamp_period_ns":10}
{"profile_trial":29,"wall_ns":142250,"gpu_ns":87680,"timestamp_bits":64,"timestamp_period_ns":10}
{"profile_trial":30,"wall_ns":150966,"gpu_ns":87760,"timestamp_bits":64,"timestamp_period_ns":10}
{"profile_trial":31,"wall_ns":144493,"gpu_ns":87360,"timestamp_bits":64,"timestamp_period_ns":10}
device=AMD Radeon RX 7900 XTX (RADV NAVI31) vendor=1002 id=744c api=4211042 driver=109060099 family=1
allocation_bytes=111612208 sizes=55795824,55795824,20560 memory_types=5,0,5 groups=5120,1,1
["/home/USER/projects/zerv/third_party/matvec-push/2026-09-22-matvec-push-gpu-run1/native", "/home/USER/projects/zerv/third_party/gpu-matvec-bench/2026-09-22-gpu-matvec-repeat/q4_1-17408-5120.case", "/home/USER/projects/zerv/third_party/matvec-push/2026-09-22-matvec-push-gpu-run1/q4_1-17408-5120-aligned.output", "0", "--aligned", "--timestamps"]
{"profile_trial":0,"wall_ns":142670,"gpu_ns":85840,"timestamp_bits":64,"timestamp_period_ns":10}
{"profile_trial":1,"wall_ns":141288,"gpu_ns":85520,"timestamp_bits":64,"timestamp_period_ns":10}
{"profile_trial":2,"wall_ns":141659,"gpu_ns":85880,"timestamp_bits":64,"timestamp_period_ns":10}
{"profile_trial":3,"wall_ns":142961,"gpu_ns":85720,"timestamp_bits":64,"timestamp_period_ns":10}
{"profile_trial":4,"wall_ns":141799,"gpu_ns":85760,"timestamp_bits":64,"timestamp_period_ns":10}
{"profile_trial":5,"wall_ns":141588,"gpu_ns":85720,"timestamp_bits":64,"timestamp_period_ns":10}
{"profile_trial":6,"wall_ns":141488,"gpu_ns":85800,"timestamp_bits":64,"timestamp_period_ns":10}
{"profile_trial":7,"wall_ns":141939,"gpu_ns":85720,"timestamp_bits":64,"timestamp_period_ns":10}
{"profile_trial":8,"wall_ns":141529,"gpu_ns":86000,"timestamp_bits":64,"timestamp_period_ns":10}
{"profile_trial":9,"wall_ns":140827,"gpu_ns":85800,"timestamp_bits":64,"timestamp_period_ns":10}
{"profile_trial":10,"wall_ns":140496,"gpu_ns":85800,"timestamp_bits":64,"timestamp_period_ns":10}
{"profile_trial":11,"wall_ns":141708,"gpu_ns":85600,"timestamp_bits":64,"timestamp_period_ns":10}
{"profile_trial":12,"wall_ns":141568,"gpu_ns":85720,"timestamp_bits":64,"timestamp_period_ns":10}
{"profile_trial":13,"wall_ns":141708,"gpu_ns":85760,"timestamp_bits":64,"timestamp_period_ns":10}
{"profile_trial":14,"wall_ns":141408,"gpu_ns":85800,"timestamp_bits":64,"timestamp_period_ns":10}
{"profile_trial":15,"wall_ns":141599,"gpu_ns":85760,"timestamp_bits":64,"timestamp_period_ns":10}
{"profile_trial":16,"wall_ns":141317,"gpu_ns":85640,"timestamp_bits":64,"timestamp_period_ns":10}
{"profile_trial":17,"wall_ns":141118,"gpu_ns":85640,"timestamp_bits":64,"timestamp_period_ns":10}
{"profile_trial":18,"wall_ns":141748,"gpu_ns":85800,"timestamp_bits":64,"timestamp_period_ns":10}
{"profile_trial":19,"wall_ns":141618,"gpu_ns":85320,"timestamp_bits":64,"timestamp_period_ns":10}
{"profile_trial":20,"wall_ns":139605,"gpu_ns":84840,"timestamp_bits":64,"timestamp_period_ns":10}
{"profile_trial":21,"wall_ns":140305,"gpu_ns":84520,"timestamp_bits":64,"timestamp_period_ns":10}
{"profile_trial":22,"wall_ns":139465,"gpu_ns":84720,"timestamp_bits":64,"timestamp_period_ns":10}
{"profile_trial":23,"wall_ns":140586,"gpu_ns":84640,"timestamp_bits":64,"timestamp_period_ns":10}
{"profile_trial":24,"wall_ns":138963,"gpu_ns":84720,"timestamp_bits":64,"timestamp_period_ns":10}
{"profile_trial":25,"wall_ns":139784,"gpu_ns":84480,"timestamp_bits":64,"timestamp_period_ns":10}
{"profile_trial":26,"wall_ns":140557,"gpu_ns":84760,"timestamp_bits":64,"timestamp_period_ns":10}
{"profile_trial":27,"wall_ns":140987,"gpu_ns":84800,"timestamp_bits":64,"timestamp_period_ns":10}
{"profile_trial":28,"wall_ns":220237,"gpu_ns":81680,"timestamp_bits":64,"timestamp_period_ns":10}
{"profile_trial":29,"wall_ns":136208,"gpu_ns":80960,"timestamp_bits":64,"timestamp_period_ns":10}
{"profile_trial":30,"wall_ns":135056,"gpu_ns":81160,"timestamp_bits":64,"timestamp_period_ns":10}
{"profile_trial":31,"wall_ns":135156,"gpu_ns":80960,"timestamp_bits":64,"timestamp_period_ns":10}
device=AMD Radeon RX 7900 XTX (RADV NAVI31) vendor=1002 id=744c api=4211042 driver=109060099 family=1
allocation_bytes=111612176 sizes=55795808,55795808,20560 memory_types=5,0,5 groups=5120,1,1
["/home/USER/projects/zerv/third_party/matvec-push/2026-09-22-matvec-push-gpu-run1/native", "/home/USER/projects/zerv/third_party/gpu-matvec-bench/2026-09-22-gpu-matvec-repeat/q4_1-17408-5120.case", "/home/USER/projects/zerv/third_party/matvec-push/2026-09-22-matvec-push-gpu-run1/q4_1-17408-5120-stream.output", "0", "/home/USER/projects/zerv/third_party/matvec-push/2026-09-22-matvec-push-gpu-run1/stream.spv", "1", "--aligned", "--timestamps"]
{"profile_trial":0,"wall_ns":95822,"gpu_ns":39480,"timestamp_bits":64,"timestamp_period_ns":10}
{"profile_trial":1,"wall_ns":99569,"gpu_ns":39360,"timestamp_bits":64,"timestamp_period_ns":10}
{"profile_trial":2,"wall_ns":95982,"gpu_ns":39640,"timestamp_bits":64,"timestamp_period_ns":10}
{"profile_trial":3,"wall_ns":95151,"gpu_ns":39200,"timestamp_bits":64,"timestamp_period_ns":10}
{"profile_trial":4,"wall_ns":96342,"gpu_ns":39840,"timestamp_bits":64,"timestamp_period_ns":10}
{"profile_trial":5,"wall_ns":94960,"gpu_ns":39160,"timestamp_bits":64,"timestamp_period_ns":10}
{"profile_trial":6,"wall_ns":95702,"gpu_ns":39920,"timestamp_bits":64,"timestamp_period_ns":10}
{"profile_trial":7,"wall_ns":94910,"gpu_ns":39280,"timestamp_bits":64,"timestamp_period_ns":10}
{"profile_trial":8,"wall_ns":94288,"gpu_ns":39200,"timestamp_bits":64,"timestamp_period_ns":10}
{"profile_trial":9,"wall_ns":95161,"gpu_ns":39120,"timestamp_bits":64,"timestamp_period_ns":10}
{"profile_trial":10,"wall_ns":95641,"gpu_ns":39320,"timestamp_bits":64,"timestamp_period_ns":10}
{"profile_trial":11,"wall_ns":95491,"gpu_ns":39160,"timestamp_bits":64,"timestamp_period_ns":10}
{"profile_trial":12,"wall_ns":94980,"gpu_ns":39880,"timestamp_bits":64,"timestamp_period_ns":10}
{"profile_trial":13,"wall_ns":92095,"gpu_ns":39200,"timestamp_bits":64,"timestamp_period_ns":10}
{"profile_trial":14,"wall_ns":95111,"gpu_ns":39640,"timestamp_bits":64,"timestamp_period_ns":10}
{"profile_trial":15,"wall_ns":95631,"gpu_ns":39480,"timestamp_bits":64,"timestamp_period_ns":10}
{"profile_trial":16,"wall_ns":95661,"gpu_ns":39560,"timestamp_bits":64,"timestamp_period_ns":10}
{"profile_trial":17,"wall_ns":95070,"gpu_ns":39440,"timestamp_bits":64,"timestamp_period_ns":10}
{"profile_trial":18,"wall_ns":94850,"gpu_ns":39640,"timestamp_bits":64,"timestamp_period_ns":10}
{"profile_trial":19,"wall_ns":94499,"gpu_ns":39080,"timestamp_bits":64,"timestamp_period_ns":10}
{"profile_trial":20,"wall_ns":95642,"gpu_ns":39440,"timestamp_bits":64,"timestamp_period_ns":10}
{"profile_trial":21,"wall_ns":96142,"gpu_ns":39400,"timestamp_bits":64,"timestamp_period_ns":10}
{"profile_trial":22,"wall_ns":95271,"gpu_ns":39800,"timestamp_bits":64,"timestamp_period_ns":10}
{"profile_trial":23,"wall_ns":93938,"gpu_ns":39080,"timestamp_bits":64,"timestamp_period_ns":10}
{"profile_trial":24,"wall_ns":94850,"gpu_ns":40120,"timestamp_bits":64,"timestamp_period_ns":10}
{"profile_trial":25,"wall_ns":95110,"gpu_ns":39360,"timestamp_bits":64,"timestamp_period_ns":10}
{"profile_trial":26,"wall_ns":96944,"gpu_ns":39880,"timestamp_bits":64,"timestamp_period_ns":10}
{"profile_trial":27,"wall_ns":95891,"gpu_ns":39000,"timestamp_bits":64,"timestamp_period_ns":10}
{"profile_trial":28,"wall_ns":96102,"gpu_ns":39720,"timestamp_bits":64,"timestamp_period_ns":10}
{"profile_trial":29,"wall_ns":95721,"gpu_ns":39520,"timestamp_bits":64,"timestamp_period_ns":10}
{"profile_trial":30,"wall_ns":95381,"gpu_ns":39640,"timestamp_bits":64,"timestamp_period_ns":10}
{"profile_trial":31,"wall_ns":95531,"gpu_ns":39320,"timestamp_bits":64,"timestamp_period_ns":10}
device=AMD Radeon RX 7900 XTX (RADV NAVI31) vendor=1002 id=744c api=4211042 driver=109060099 family=1
allocation_bytes=111612176 sizes=55795808,55795808,20560 memory_types=5,0,5 groups=5120,1,1
["/home/USER/projects/zerv/third_party/matvec-push/2026-09-22-matvec-push-gpu-run1/native", "/home/USER/projects/zerv/third_party/gpu-matvec-bench/2026-09-22-gpu-matvec-repeat/q4_0-5120-17408.case", "/home/USER/projects/zerv/third_party/matvec-push/2026-09-22-matvec-push-gpu-run1/q4_0-5120-17408-stress.output", "0", "--timestamps"]
{"profile_trial":0,"wall_ns":141698,"gpu_ns":85320,"timestamp_bits":64,"timestamp_period_ns":10}
{"profile_trial":1,"wall_ns":141588,"gpu_ns":84920,"timestamp_bits":64,"timestamp_period_ns":10}
{"profile_trial":2,"wall_ns":141208,"gpu_ns":85400,"timestamp_bits":64,"timestamp_period_ns":10}
{"profile_trial":3,"wall_ns":141768,"gpu_ns":84720,"timestamp_bits":64,"timestamp_period_ns":10}
{"profile_trial":4,"wall_ns":141188,"gpu_ns":85200,"timestamp_bits":64,"timestamp_period_ns":10}
{"profile_trial":5,"wall_ns":141318,"gpu_ns":84760,"timestamp_bits":64,"timestamp_period_ns":10}
{"profile_trial":6,"wall_ns":141568,"gpu_ns":85200,"timestamp_bits":64,"timestamp_period_ns":10}
{"profile_trial":7,"wall_ns":141118,"gpu_ns":84880,"timestamp_bits":64,"timestamp_period_ns":10}
{"profile_trial":8,"wall_ns":139564,"gpu_ns":85200,"timestamp_bits":64,"timestamp_period_ns":10}
{"profile_trial":9,"wall_ns":141017,"gpu_ns":85040,"timestamp_bits":64,"timestamp_period_ns":10}
{"profile_trial":10,"wall_ns":140716,"gpu_ns":85080,"timestamp_bits":64,"timestamp_period_ns":10}
{"profile_trial":11,"wall_ns":141569,"gpu_ns":84840,"timestamp_bits":64,"timestamp_period_ns":10}
{"profile_trial":12,"wall_ns":141478,"gpu_ns":85320,"timestamp_bits":64,"timestamp_period_ns":10}
{"profile_trial":13,"wall_ns":141618,"gpu_ns":84800,"timestamp_bits":64,"timestamp_period_ns":10}
{"profile_trial":14,"wall_ns":139986,"gpu_ns":85200,"timestamp_bits":64,"timestamp_period_ns":10}
{"profile_trial":15,"wall_ns":140346,"gpu_ns":84760,"timestamp_bits":64,"timestamp_period_ns":10}
{"profile_trial":16,"wall_ns":140927,"gpu_ns":85360,"timestamp_bits":64,"timestamp_period_ns":10}
{"profile_trial":17,"wall_ns":141528,"gpu_ns":84840,"timestamp_bits":64,"timestamp_period_ns":10}
{"profile_trial":18,"wall_ns":140647,"gpu_ns":85040,"timestamp_bits":64,"timestamp_period_ns":10}
{"profile_trial":19,"wall_ns":140997,"gpu_ns":84760,"timestamp_bits":64,"timestamp_period_ns":10}
{"profile_trial":20,"wall_ns":140867,"gpu_ns":85240,"timestamp_bits":64,"timestamp_period_ns":10}
{"profile_trial":21,"wall_ns":140817,"gpu_ns":84720,"timestamp_bits":64,"timestamp_period_ns":10}
{"profile_trial":22,"wall_ns":141027,"gpu_ns":85040,"timestamp_bits":64,"timestamp_period_ns":10}
{"profile_trial":23,"wall_ns":141258,"gpu_ns":84920,"timestamp_bits":64,"timestamp_period_ns":10}
{"profile_trial":24,"wall_ns":140937,"gpu_ns":85080,"timestamp_bits":64,"timestamp_period_ns":10}
{"profile_trial":25,"wall_ns":141148,"gpu_ns":84760,"timestamp_bits":64,"timestamp_period_ns":10}
{"profile_trial":26,"wall_ns":140225,"gpu_ns":85160,"timestamp_bits":64,"timestamp_period_ns":10}
{"profile_trial":27,"wall_ns":141669,"gpu_ns":84800,"timestamp_bits":64,"timestamp_period_ns":10}
{"profile_trial":28,"wall_ns":141979,"gpu_ns":85080,"timestamp_bits":64,"timestamp_period_ns":10}
{"profile_trial":29,"wall_ns":140947,"gpu_ns":84720,"timestamp_bits":64,"timestamp_period_ns":10}
{"profile_trial":30,"wall_ns":141568,"gpu_ns":85160,"timestamp_bits":64,"timestamp_period_ns":10}
{"profile_trial":31,"wall_ns":141387,"gpu_ns":84640,"timestamp_bits":64,"timestamp_period_ns":10}
device=AMD Radeon RX 7900 XTX (RADV NAVI31) vendor=1002 id=744c api=4211042 driver=109060099 family=1
allocation_bytes=100520240 sizes=50225264,50225264,69712 memory_types=5,0,5 groups=17408,1,1
["/home/USER/projects/zerv/third_party/matvec-push/2026-09-22-matvec-push-gpu-run1/native", "/home/USER/projects/zerv/third_party/gpu-matvec-bench/2026-09-22-gpu-matvec-repeat/q4_0-5120-17408.case", "/home/USER/projects/zerv/third_party/matvec-push/2026-09-22-matvec-push-gpu-run1/q4_0-5120-17408-aligned.output", "0", "--aligned", "--timestamps"]
{"profile_trial":0,"wall_ns":140877,"gpu_ns":84560,"timestamp_bits":64,"timestamp_period_ns":10}
{"profile_trial":1,"wall_ns":140997,"gpu_ns":84040,"timestamp_bits":64,"timestamp_period_ns":10}
{"profile_trial":2,"wall_ns":140166,"gpu_ns":84640,"timestamp_bits":64,"timestamp_period_ns":10}
{"profile_trial":3,"wall_ns":143572,"gpu_ns":84120,"timestamp_bits":64,"timestamp_period_ns":10}
{"profile_trial":4,"wall_ns":141198,"gpu_ns":84400,"timestamp_bits":64,"timestamp_period_ns":10}
{"profile_trial":5,"wall_ns":140496,"gpu_ns":84240,"timestamp_bits":64,"timestamp_period_ns":10}
{"profile_trial":6,"wall_ns":140136,"gpu_ns":84400,"timestamp_bits":64,"timestamp_period_ns":10}
{"profile_trial":7,"wall_ns":140656,"gpu_ns":84120,"timestamp_bits":64,"timestamp_period_ns":10}
{"profile_trial":8,"wall_ns":140325,"gpu_ns":84520,"timestamp_bits":64,"timestamp_period_ns":10}
{"profile_trial":9,"wall_ns":139525,"gpu_ns":84080,"timestamp_bits":64,"timestamp_period_ns":10}
{"profile_trial":10,"wall_ns":139554,"gpu_ns":84480,"timestamp_bits":64,"timestamp_period_ns":10}
{"profile_trial":11,"wall_ns":145476,"gpu_ns":84080,"timestamp_bits":64,"timestamp_period_ns":10}
{"profile_trial":12,"wall_ns":140306,"gpu_ns":84480,"timestamp_bits":64,"timestamp_period_ns":10}
{"profile_trial":13,"wall_ns":140486,"gpu_ns":84120,"timestamp_bits":64,"timestamp_period_ns":10}
{"profile_trial":14,"wall_ns":140507,"gpu_ns":84400,"timestamp_bits":64,"timestamp_period_ns":10}
{"profile_trial":15,"wall_ns":139965,"gpu_ns":84120,"timestamp_bits":64,"timestamp_period_ns":10}
{"profile_trial":16,"wall_ns":140206,"gpu_ns":84600,"timestamp_bits":64,"timestamp_period_ns":10}
{"profile_trial":17,"wall_ns":139414,"gpu_ns":84080,"timestamp_bits":64,"timestamp_period_ns":10}
{"profile_trial":18,"wall_ns":147790,"gpu_ns":84480,"timestamp_bits":64,"timestamp_period_ns":10}
{"profile_trial":19,"wall_ns":139494,"gpu_ns":84200,"timestamp_bits":64,"timestamp_period_ns":10}
{"profile_trial":20,"wall_ns":140476,"gpu_ns":84760,"timestamp_bits":64,"timestamp_period_ns":10}
{"profile_trial":21,"wall_ns":140266,"gpu_ns":84000,"timestamp_bits":64,"timestamp_period_ns":10}
{"profile_trial":22,"wall_ns":140235,"gpu_ns":84480,"timestamp_bits":64,"timestamp_period_ns":10}
{"profile_trial":23,"wall_ns":140146,"gpu_ns":84040,"timestamp_bits":64,"timestamp_period_ns":10}
{"profile_trial":24,"wall_ns":139564,"gpu_ns":84440,"timestamp_bits":64,"timestamp_period_ns":10}
{"profile_trial":25,"wall_ns":139555,"gpu_ns":84120,"timestamp_bits":64,"timestamp_period_ns":10}
{"profile_trial":26,"wall_ns":141007,"gpu_ns":84360,"timestamp_bits":64,"timestamp_period_ns":10}
{"profile_trial":27,"wall_ns":140216,"gpu_ns":84040,"timestamp_bits":64,"timestamp_period_ns":10}
{"profile_trial":28,"wall_ns":141288,"gpu_ns":84480,"timestamp_bits":64,"timestamp_period_ns":10}
{"profile_trial":29,"wall_ns":140336,"gpu_ns":84000,"timestamp_bits":64,"timestamp_period_ns":10}
{"profile_trial":30,"wall_ns":139915,"gpu_ns":84320,"timestamp_bits":64,"timestamp_period_ns":10}
{"profile_trial":31,"wall_ns":139354,"gpu_ns":83960,"timestamp_bits":64,"timestamp_period_ns":10}
device=AMD Radeon RX 7900 XTX (RADV NAVI31) vendor=1002 id=744c api=4211042 driver=109060099 family=1
allocation_bytes=100520208 sizes=50225248,50225248,69712 memory_types=5,0,5 groups=17408,1,1
["/home/USER/projects/zerv/third_party/matvec-push/2026-09-22-matvec-push-gpu-run1/native", "/home/USER/projects/zerv/third_party/gpu-matvec-bench/2026-09-22-gpu-matvec-repeat/q4_0-5120-17408.case", "/home/USER/projects/zerv/third_party/matvec-push/2026-09-22-matvec-push-gpu-run1/q4_0-5120-17408-stream.output", "0", "/home/USER/projects/zerv/third_party/matvec-push/2026-09-22-matvec-push-gpu-run1/stream.spv", "1", "--aligned", "--timestamps"]
{"profile_trial":0,"wall_ns":103106,"gpu_ns":46600,"timestamp_bits":64,"timestamp_period_ns":10}
{"profile_trial":1,"wall_ns":103456,"gpu_ns":46200,"timestamp_bits":64,"timestamp_period_ns":10}
{"profile_trial":2,"wall_ns":103096,"gpu_ns":46520,"timestamp_bits":64,"timestamp_period_ns":10}
{"profile_trial":3,"wall_ns":102665,"gpu_ns":46080,"timestamp_bits":64,"timestamp_period_ns":10}
{"profile_trial":4,"wall_ns":102273,"gpu_ns":46560,"timestamp_bits":64,"timestamp_period_ns":10}
{"profile_trial":5,"wall_ns":102043,"gpu_ns":46200,"timestamp_bits":64,"timestamp_period_ns":10}
{"profile_trial":6,"wall_ns":101132,"gpu_ns":46560,"timestamp_bits":64,"timestamp_period_ns":10}
{"profile_trial":7,"wall_ns":102895,"gpu_ns":46240,"timestamp_bits":64,"timestamp_period_ns":10}
{"profile_trial":8,"wall_ns":102845,"gpu_ns":46600,"timestamp_bits":64,"timestamp_period_ns":10}
{"profile_trial":9,"wall_ns":101663,"gpu_ns":46160,"timestamp_bits":64,"timestamp_period_ns":10}
{"profile_trial":10,"wall_ns":101663,"gpu_ns":46600,"timestamp_bits":64,"timestamp_period_ns":10}
{"profile_trial":11,"wall_ns":101843,"gpu_ns":46160,"timestamp_bits":64,"timestamp_period_ns":10}
{"profile_trial":12,"wall_ns":102164,"gpu_ns":46520,"timestamp_bits":64,"timestamp_period_ns":10}
{"profile_trial":13,"wall_ns":102384,"gpu_ns":46240,"timestamp_bits":64,"timestamp_period_ns":10}
{"profile_trial":14,"wall_ns":102344,"gpu_ns":46960,"timestamp_bits":64,"timestamp_period_ns":10}
{"profile_trial":15,"wall_ns":101773,"gpu_ns":46160,"timestamp_bits":64,"timestamp_period_ns":10}
{"profile_trial":16,"wall_ns":103115,"gpu_ns":46600,"timestamp_bits":64,"timestamp_period_ns":10}
{"profile_trial":17,"wall_ns":104648,"gpu_ns":46280,"timestamp_bits":64,"timestamp_period_ns":10}
{"profile_trial":18,"wall_ns":103496,"gpu_ns":46440,"timestamp_bits":64,"timestamp_period_ns":10}
{"profile_trial":19,"wall_ns":103436,"gpu_ns":46160,"timestamp_bits":64,"timestamp_period_ns":10}
{"profile_trial":20,"wall_ns":103486,"gpu_ns":46600,"timestamp_bits":64,"timestamp_period_ns":10}
{"profile_trial":21,"wall_ns":103345,"gpu_ns":46080,"timestamp_bits":64,"timestamp_period_ns":10}
{"profile_trial":22,"wall_ns":103335,"gpu_ns":46600,"timestamp_bits":64,"timestamp_period_ns":10}
{"profile_trial":23,"wall_ns":103215,"gpu_ns":46200,"timestamp_bits":64,"timestamp_period_ns":10}
{"profile_trial":24,"wall_ns":102975,"gpu_ns":46520,"timestamp_bits":64,"timestamp_period_ns":10}
{"profile_trial":25,"wall_ns":99699,"gpu_ns":46240,"timestamp_bits":64,"timestamp_period_ns":10}
{"profile_trial":26,"wall_ns":103186,"gpu_ns":46560,"timestamp_bits":64,"timestamp_period_ns":10}
{"profile_trial":27,"wall_ns":103346,"gpu_ns":46160,"timestamp_bits":64,"timestamp_period_ns":10}
{"profile_trial":28,"wall_ns":103566,"gpu_ns":46600,"timestamp_bits":64,"timestamp_period_ns":10}
{"profile_trial":29,"wall_ns":102895,"gpu_ns":46120,"timestamp_bits":64,"timestamp_period_ns":10}
{"profile_trial":30,"wall_ns":102525,"gpu_ns":46840,"timestamp_bits":64,"timestamp_period_ns":10}
{"profile_trial":31,"wall_ns":103706,"gpu_ns":46160,"timestamp_bits":64,"timestamp_period_ns":10}
device=AMD Radeon RX 7900 XTX (RADV NAVI31) vendor=1002 id=744c api=4211042 driver=109060099 family=1
allocation_bytes=100520208 sizes=50225248,50225248,69712 memory_types=5,0,5 groups=17408,1,1
["/home/USER/projects/zerv/third_party/matvec-push/2026-09-22-matvec-push-gpu-run1/native", "/home/USER/projects/zerv/third_party/gpu-matvec-bench/2026-09-22-gpu-matvec-repeat/f32-5120-48.case", "/home/USER/projects/zerv/third_party/matvec-push/2026-09-22-matvec-push-gpu-run1/f32-5120-48-stress.output", "0", "--timestamps"]
{"profile_trial":0,"wall_ns":59723,"gpu_ns":10280,"timestamp_bits":64,"timestamp_period_ns":10}
{"profile_trial":1,"wall_ns":59733,"gpu_ns":10240,"timestamp_bits":64,"timestamp_period_ns":10}
{"profile_trial":2,"wall_ns":59182,"gpu_ns":10280,"timestamp_bits":64,"timestamp_period_ns":10}
{"profile_trial":3,"wall_ns":59933,"gpu_ns":9920,"timestamp_bits":64,"timestamp_period_ns":10}
{"profile_trial":4,"wall_ns":59523,"gpu_ns":10280,"timestamp_bits":64,"timestamp_period_ns":10}
{"profile_trial":5,"wall_ns":59814,"gpu_ns":9880,"timestamp_bits":64,"timestamp_period_ns":10}
{"profile_trial":6,"wall_ns":60555,"gpu_ns":10240,"timestamp_bits":64,"timestamp_period_ns":10}
{"profile_trial":7,"wall_ns":59312,"gpu_ns":9880,"timestamp_bits":64,"timestamp_period_ns":10}
{"profile_trial":8,"wall_ns":59443,"gpu_ns":10320,"timestamp_bits":64,"timestamp_period_ns":10}
{"profile_trial":9,"wall_ns":59803,"gpu_ns":9880,"timestamp_bits":64,"timestamp_period_ns":10}
{"profile_trial":10,"wall_ns":59323,"gpu_ns":10280,"timestamp_bits":64,"timestamp_period_ns":10}
{"profile_trial":11,"wall_ns":60063,"gpu_ns":9920,"timestamp_bits":64,"timestamp_period_ns":10}
{"profile_trial":12,"wall_ns":60124,"gpu_ns":10280,"timestamp_bits":64,"timestamp_period_ns":10}
{"profile_trial":13,"wall_ns":59252,"gpu_ns":9880,"timestamp_bits":64,"timestamp_period_ns":10}
{"profile_trial":14,"wall_ns":59433,"gpu_ns":10280,"timestamp_bits":64,"timestamp_period_ns":10}
{"profile_trial":15,"wall_ns":59182,"gpu_ns":9880,"timestamp_bits":64,"timestamp_period_ns":10}
{"profile_trial":16,"wall_ns":59162,"gpu_ns":10280,"timestamp_bits":64,"timestamp_period_ns":10}
{"profile_trial":17,"wall_ns":59072,"gpu_ns":9880,"timestamp_bits":64,"timestamp_period_ns":10}
{"profile_trial":18,"wall_ns":60214,"gpu_ns":10280,"timestamp_bits":64,"timestamp_period_ns":10}
{"profile_trial":19,"wall_ns":63090,"gpu_ns":9920,"timestamp_bits":64,"timestamp_period_ns":10}
{"profile_trial":20,"wall_ns":62478,"gpu_ns":10280,"timestamp_bits":64,"timestamp_period_ns":10}
{"profile_trial":21,"wall_ns":61586,"gpu_ns":9920,"timestamp_bits":64,"timestamp_period_ns":10}
{"profile_trial":22,"wall_ns":60946,"gpu_ns":10280,"timestamp_bits":64,"timestamp_period_ns":10}
{"profile_trial":23,"wall_ns":64683,"gpu_ns":9880,"timestamp_bits":64,"timestamp_period_ns":10}
{"profile_trial":24,"wall_ns":60544,"gpu_ns":10280,"timestamp_bits":64,"timestamp_period_ns":10}
{"profile_trial":25,"wall_ns":75112,"gpu_ns":26760,"timestamp_bits":64,"timestamp_period_ns":10}
{"profile_trial":26,"wall_ns":62178,"gpu_ns":10280,"timestamp_bits":64,"timestamp_period_ns":10}
{"profile_trial":27,"wall_ns":60405,"gpu_ns":9880,"timestamp_bits":64,"timestamp_period_ns":10}
{"profile_trial":28,"wall_ns":59552,"gpu_ns":10320,"timestamp_bits":64,"timestamp_period_ns":10}
{"profile_trial":29,"wall_ns":60123,"gpu_ns":9880,"timestamp_bits":64,"timestamp_period_ns":10}
{"profile_trial":30,"wall_ns":60604,"gpu_ns":10320,"timestamp_bits":64,"timestamp_period_ns":10}
{"profile_trial":31,"wall_ns":60024,"gpu_ns":9880,"timestamp_bits":64,"timestamp_period_ns":10}
device=AMD Radeon RX 7900 XTX (RADV NAVI31) vendor=1002 id=744c api=4211042 driver=109060099 family=1
allocation_bytes=2007920 sizes=1003824,1003824,272 memory_types=5,0,5 groups=48,1,1
["/home/USER/projects/zerv/third_party/matvec-push/2026-09-22-matvec-push-gpu-run1/native", "/home/USER/projects/zerv/third_party/gpu-matvec-bench/2026-09-22-gpu-matvec-repeat/f32-5120-48.case", "/home/USER/projects/zerv/third_party/matvec-push/2026-09-22-matvec-push-gpu-run1/f32-5120-48-aligned.output", "0", "--aligned", "--timestamps"]
{"profile_trial":0,"wall_ns":59743,"gpu_ns":10360,"timestamp_bits":64,"timestamp_period_ns":10}
{"profile_trial":1,"wall_ns":59694,"gpu_ns":9960,"timestamp_bits":64,"timestamp_period_ns":10}
{"profile_trial":2,"wall_ns":59633,"gpu_ns":10400,"timestamp_bits":64,"timestamp_period_ns":10}
{"profile_trial":3,"wall_ns":59302,"gpu_ns":10000,"timestamp_bits":64,"timestamp_period_ns":10}
{"profile_trial":4,"wall_ns":59472,"gpu_ns":10360,"timestamp_bits":64,"timestamp_period_ns":10}
{"profile_trial":5,"wall_ns":59273,"gpu_ns":9960,"timestamp_bits":64,"timestamp_period_ns":10}
{"profile_trial":6,"wall_ns":59603,"gpu_ns":10360,"timestamp_bits":64,"timestamp_period_ns":10}
{"profile_trial":7,"wall_ns":59764,"gpu_ns":9960,"timestamp_bits":64,"timestamp_period_ns":10}
{"profile_trial":8,"wall_ns":59242,"gpu_ns":10400,"timestamp_bits":64,"timestamp_period_ns":10}
{"profile_trial":9,"wall_ns":59282,"gpu_ns":9960,"timestamp_bits":64,"timestamp_period_ns":10}
{"profile_trial":10,"wall_ns":59222,"gpu_ns":10360,"timestamp_bits":64,"timestamp_period_ns":10}
{"profile_trial":11,"wall_ns":59192,"gpu_ns":9960,"timestamp_bits":64,"timestamp_period_ns":10}
{"profile_trial":12,"wall_ns":60354,"gpu_ns":10360,"timestamp_bits":64,"timestamp_period_ns":10}
{"profile_trial":13,"wall_ns":60545,"gpu_ns":9960,"timestamp_bits":64,"timestamp_period_ns":10}
{"profile_trial":14,"wall_ns":59142,"gpu_ns":10360,"timestamp_bits":64,"timestamp_period_ns":10}
{"profile_trial":15,"wall_ns":59894,"gpu_ns":9960,"timestamp_bits":64,"timestamp_period_ns":10}
{"profile_trial":16,"wall_ns":59052,"gpu_ns":10360,"timestamp_bits":64,"timestamp_period_ns":10}
{"profile_trial":17,"wall_ns":59022,"gpu_ns":9960,"timestamp_bits":64,"timestamp_period_ns":10}
{"profile_trial":18,"wall_ns":59533,"gpu_ns":10360,"timestamp_bits":64,"timestamp_period_ns":10}
{"profile_trial":19,"wall_ns":59031,"gpu_ns":10000,"timestamp_bits":64,"timestamp_period_ns":10}
{"profile_trial":20,"wall_ns":60043,"gpu_ns":10360,"timestamp_bits":64,"timestamp_period_ns":10}
{"profile_trial":21,"wall_ns":60194,"gpu_ns":9920,"timestamp_bits":64,"timestamp_period_ns":10}
{"profile_trial":22,"wall_ns":57499,"gpu_ns":10360,"timestamp_bits":64,"timestamp_period_ns":10}
{"profile_trial":23,"wall_ns":59172,"gpu_ns":9960,"timestamp_bits":64,"timestamp_period_ns":10}
{"profile_trial":24,"wall_ns":62869,"gpu_ns":10360,"timestamp_bits":64,"timestamp_period_ns":10}
{"profile_trial":25,"wall_ns":59503,"gpu_ns":9960,"timestamp_bits":64,"timestamp_period_ns":10}
{"profile_trial":26,"wall_ns":59392,"gpu_ns":10360,"timestamp_bits":64,"timestamp_period_ns":10}
{"profile_trial":27,"wall_ns":59643,"gpu_ns":9960,"timestamp_bits":64,"timestamp_period_ns":10}
{"profile_trial":28,"wall_ns":95291,"gpu_ns":10400,"timestamp_bits":64,"timestamp_period_ns":10}
{"profile_trial":29,"wall_ns":66937,"gpu_ns":9960,"timestamp_bits":64,"timestamp_period_ns":10}
{"profile_trial":30,"wall_ns":61396,"gpu_ns":10320,"timestamp_bits":64,"timestamp_period_ns":10}
{"profile_trial":31,"wall_ns":59643,"gpu_ns":10320,"timestamp_bits":64,"timestamp_period_ns":10}
device=AMD Radeon RX 7900 XTX (RADV NAVI31) vendor=1002 id=744c api=4211042 driver=109060099 family=1
allocation_bytes=2007888 sizes=1003808,1003808,272 memory_types=5,0,5 groups=48,1,1
["/home/USER/projects/zerv/third_party/matvec-push/2026-09-22-matvec-push-gpu-run1/native", "/home/USER/projects/zerv/third_party/gpu-matvec-bench/2026-09-22-gpu-matvec-repeat/f32-5120-48.case", "/home/USER/projects/zerv/third_party/matvec-push/2026-09-22-matvec-push-gpu-run1/f32-5120-48-stream.output", "0", "/home/USER/projects/zerv/third_party/matvec-push/2026-09-22-matvec-push-gpu-run1/stream.spv", "1", "--aligned", "--timestamps"]
{"profile_trial":0,"wall_ns":60164,"gpu_ns":10320,"timestamp_bits":64,"timestamp_period_ns":10}
{"profile_trial":1,"wall_ns":59904,"gpu_ns":9920,"timestamp_bits":64,"timestamp_period_ns":10}
{"profile_trial":2,"wall_ns":60535,"gpu_ns":10320,"timestamp_bits":64,"timestamp_period_ns":10}
{"profile_trial":3,"wall_ns":59863,"gpu_ns":9960,"timestamp_bits":64,"timestamp_period_ns":10}
{"profile_trial":4,"wall_ns":59613,"gpu_ns":10320,"timestamp_bits":64,"timestamp_period_ns":10}
{"profile_trial":5,"wall_ns":59703,"gpu_ns":9920,"timestamp_bits":64,"timestamp_period_ns":10}
{"profile_trial":6,"wall_ns":60664,"gpu_ns":10360,"timestamp_bits":64,"timestamp_period_ns":10}
{"profile_trial":7,"wall_ns":58961,"gpu_ns":9920,"timestamp_bits":64,"timestamp_period_ns":10}
{"profile_trial":8,"wall_ns":59363,"gpu_ns":10320,"timestamp_bits":64,"timestamp_period_ns":10}
{"profile_trial":9,"wall_ns":59753,"gpu_ns":9920,"timestamp_bits":64,"timestamp_period_ns":10}
{"profile_trial":10,"wall_ns":59643,"gpu_ns":10360,"timestamp_bits":64,"timestamp_period_ns":10}
{"profile_trial":11,"wall_ns":59874,"gpu_ns":9960,"timestamp_bits":64,"timestamp_period_ns":10}
{"profile_trial":12,"wall_ns":59923,"gpu_ns":10360,"timestamp_bits":64,"timestamp_period_ns":10}
{"profile_trial":13,"wall_ns":59333,"gpu_ns":9960,"timestamp_bits":64,"timestamp_period_ns":10}
{"profile_trial":14,"wall_ns":59893,"gpu_ns":10320,"timestamp_bits":64,"timestamp_period_ns":10}
{"profile_trial":15,"wall_ns":60024,"gpu_ns":9960,"timestamp_bits":64,"timestamp_period_ns":10}
{"profile_trial":16,"wall_ns":59643,"gpu_ns":10360,"timestamp_bits":64,"timestamp_period_ns":10}
{"profile_trial":17,"wall_ns":57950,"gpu_ns":9960,"timestamp_bits":64,"timestamp_period_ns":10}
{"profile_trial":18,"wall_ns":59803,"gpu_ns":10360,"timestamp_bits":64,"timestamp_period_ns":10}
{"profile_trial":19,"wall_ns":60264,"gpu_ns":9920,"timestamp_bits":64,"timestamp_period_ns":10}
{"profile_trial":20,"wall_ns":61337,"gpu_ns":10320,"timestamp_bits":64,"timestamp_period_ns":10}
{"profile_trial":21,"wall_ns":59412,"gpu_ns":9920,"timestamp_bits":64,"timestamp_period_ns":10}
{"profile_trial":22,"wall_ns":64663,"gpu_ns":10320,"timestamp_bits":64,"timestamp_period_ns":10}
{"profile_trial":23,"wall_ns":59292,"gpu_ns":9960,"timestamp_bits":64,"timestamp_period_ns":10}
{"profile_trial":24,"wall_ns":60144,"gpu_ns":10320,"timestamp_bits":64,"timestamp_period_ns":10}
{"profile_trial":25,"wall_ns":59112,"gpu_ns":9960,"timestamp_bits":64,"timestamp_period_ns":10}
{"profile_trial":26,"wall_ns":59523,"gpu_ns":10360,"timestamp_bits":64,"timestamp_period_ns":10}
{"profile_trial":27,"wall_ns":59603,"gpu_ns":9920,"timestamp_bits":64,"timestamp_period_ns":10}
{"profile_trial":28,"wall_ns":60084,"gpu_ns":10320,"timestamp_bits":64,"timestamp_period_ns":10}
{"profile_trial":29,"wall_ns":59463,"gpu_ns":10280,"timestamp_bits":64,"timestamp_period_ns":10}
{"profile_trial":30,"wall_ns":60875,"gpu_ns":10360,"timestamp_bits":64,"timestamp_period_ns":10}
{"profile_trial":31,"wall_ns":59774,"gpu_ns":9960,"timestamp_bits":64,"timestamp_period_ns":10}
device=AMD Radeon RX 7900 XTX (RADV NAVI31) vendor=1002 id=744c api=4211042 driver=109060099 family=1
allocation_bytes=2007888 sizes=1003808,1003808,272 memory_types=5,0,5 groups=48,1,1
["/home/USER/projects/zerv/third_party/matvec-push/2026-09-22-matvec-push-gpu-run1/native", "/home/USER/projects/zerv/third_party/gpu-matvec-bench/2026-09-22-gpu-matvec-repeat/q5_k-6144-5120.case", "/home/USER/projects/zerv/third_party/matvec-push/2026-09-22-matvec-push-gpu-run1/q5_k-6144-5120-stress.output", "0", "--timestamps"]
{"profile_trial":0,"wall_ns":112333,"gpu_ns":52360,"timestamp_bits":64,"timestamp_period_ns":10}
{"profile_trial":1,"wall_ns":111110,"gpu_ns":51720,"timestamp_bits":64,"timestamp_period_ns":10}
{"profile_trial":2,"wall_ns":109016,"gpu_ns":51400,"timestamp_bits":64,"timestamp_period_ns":10}
{"profile_trial":3,"wall_ns":107443,"gpu_ns":50760,"timestamp_bits":64,"timestamp_period_ns":10}
{"profile_trial":4,"wall_ns":107284,"gpu_ns":51520,"timestamp_bits":64,"timestamp_period_ns":10}
{"profile_trial":5,"wall_ns":107543,"gpu_ns":51800,"timestamp_bits":64,"timestamp_period_ns":10}
{"profile_trial":6,"wall_ns":106872,"gpu_ns":51840,"timestamp_bits":64,"timestamp_period_ns":10}
{"profile_trial":7,"wall_ns":106452,"gpu_ns":51600,"timestamp_bits":64,"timestamp_period_ns":10}
{"profile_trial":8,"wall_ns":107073,"gpu_ns":51520,"timestamp_bits":64,"timestamp_period_ns":10}
{"profile_trial":9,"wall_ns":106732,"gpu_ns":51240,"timestamp_bits":64,"timestamp_period_ns":10}
{"profile_trial":10,"wall_ns":106302,"gpu_ns":51880,"timestamp_bits":64,"timestamp_period_ns":10}
{"profile_trial":11,"wall_ns":108265,"gpu_ns":51520,"timestamp_bits":64,"timestamp_period_ns":10}
{"profile_trial":12,"wall_ns":107654,"gpu_ns":51560,"timestamp_bits":64,"timestamp_period_ns":10}
{"profile_trial":13,"wall_ns":109067,"gpu_ns":51920,"timestamp_bits":64,"timestamp_period_ns":10}
{"profile_trial":14,"wall_ns":107404,"gpu_ns":51920,"timestamp_bits":64,"timestamp_period_ns":10}
{"profile_trial":15,"wall_ns":106812,"gpu_ns":51640,"timestamp_bits":64,"timestamp_period_ns":10}
{"profile_trial":16,"wall_ns":105831,"gpu_ns":52280,"timestamp_bits":64,"timestamp_period_ns":10}
{"profile_trial":17,"wall_ns":108435,"gpu_ns":51920,"timestamp_bits":64,"timestamp_period_ns":10}
{"profile_trial":18,"wall_ns":107734,"gpu_ns":52240,"timestamp_bits":64,"timestamp_period_ns":10}
{"profile_trial":19,"wall_ns":107424,"gpu_ns":51480,"timestamp_bits":64,"timestamp_period_ns":10}
{"profile_trial":20,"wall_ns":107543,"gpu_ns":51720,"timestamp_bits":64,"timestamp_period_ns":10}
{"profile_trial":21,"wall_ns":106842,"gpu_ns":51720,"timestamp_bits":64,"timestamp_period_ns":10}
{"profile_trial":22,"wall_ns":105770,"gpu_ns":51280,"timestamp_bits":64,"timestamp_period_ns":10}
{"profile_trial":23,"wall_ns":106292,"gpu_ns":51480,"timestamp_bits":64,"timestamp_period_ns":10}
{"profile_trial":24,"wall_ns":106401,"gpu_ns":51440,"timestamp_bits":64,"timestamp_period_ns":10}
{"profile_trial":25,"wall_ns":106162,"gpu_ns":51720,"timestamp_bits":64,"timestamp_period_ns":10}
{"profile_trial":26,"wall_ns":107363,"gpu_ns":51640,"timestamp_bits":64,"timestamp_period_ns":10}
{"profile_trial":27,"wall_ns":114347,"gpu_ns":51920,"timestamp_bits":64,"timestamp_period_ns":10}
{"profile_trial":28,"wall_ns":108626,"gpu_ns":52320,"timestamp_bits":64,"timestamp_period_ns":10}
{"profile_trial":29,"wall_ns":108616,"gpu_ns":52280,"timestamp_bits":64,"timestamp_period_ns":10}
{"profile_trial":30,"wall_ns":108285,"gpu_ns":51560,"timestamp_bits":64,"timestamp_period_ns":10}
{"profile_trial":31,"wall_ns":108165,"gpu_ns":51640,"timestamp_bits":64,"timestamp_period_ns":10}
device=AMD Radeon RX 7900 XTX (RADV NAVI31) vendor=1002 id=744c api=4211042 driver=109060099 family=1
allocation_bytes=43364656 sizes=21672048,21672048,20560 memory_types=5,0,5 groups=5120,1,1
["/home/USER/projects/zerv/third_party/matvec-push/2026-09-22-matvec-push-gpu-run1/native", "/home/USER/projects/zerv/third_party/gpu-matvec-bench/2026-09-22-gpu-matvec-repeat/q5_k-6144-5120.case", "/home/USER/projects/zerv/third_party/matvec-push/2026-09-22-matvec-push-gpu-run1/q5_k-6144-5120-aligned.output", "0", "--aligned", "--timestamps"]
{"profile_trial":0,"wall_ns":97725,"gpu_ns":39280,"timestamp_bits":64,"timestamp_period_ns":10}
{"profile_trial":1,"wall_ns":94359,"gpu_ns":38720,"timestamp_bits":64,"timestamp_period_ns":10}
{"profile_trial":2,"wall_ns":97415,"gpu_ns":39520,"timestamp_bits":64,"timestamp_period_ns":10}
{"profile_trial":3,"wall_ns":95651,"gpu_ns":39000,"timestamp_bits":64,"timestamp_period_ns":10}
{"profile_trial":4,"wall_ns":94559,"gpu_ns":39160,"timestamp_bits":64,"timestamp_period_ns":10}
{"profile_trial":5,"wall_ns":95551,"gpu_ns":39080,"timestamp_bits":64,"timestamp_period_ns":10}
{"profile_trial":6,"wall_ns":99789,"gpu_ns":39000,"timestamp_bits":64,"timestamp_period_ns":10}
{"profile_trial":7,"wall_ns":94880,"gpu_ns":38920,"timestamp_bits":64,"timestamp_period_ns":10}
{"profile_trial":8,"wall_ns":94359,"gpu_ns":38920,"timestamp_bits":64,"timestamp_period_ns":10}
{"profile_trial":9,"wall_ns":94860,"gpu_ns":38960,"timestamp_bits":64,"timestamp_period_ns":10}
{"profile_trial":10,"wall_ns":94609,"gpu_ns":39080,"timestamp_bits":64,"timestamp_period_ns":10}
{"profile_trial":11,"wall_ns":94890,"gpu_ns":38960,"timestamp_bits":64,"timestamp_period_ns":10}
{"profile_trial":12,"wall_ns":94379,"gpu_ns":39080,"timestamp_bits":64,"timestamp_period_ns":10}
{"profile_trial":13,"wall_ns":94339,"gpu_ns":39040,"timestamp_bits":64,"timestamp_period_ns":10}
{"profile_trial":14,"wall_ns":93196,"gpu_ns":39280,"timestamp_bits":64,"timestamp_period_ns":10}
{"profile_trial":15,"wall_ns":93096,"gpu_ns":38800,"timestamp_bits":64,"timestamp_period_ns":10}
{"profile_trial":16,"wall_ns":94349,"gpu_ns":39040,"timestamp_bits":64,"timestamp_period_ns":10}
{"profile_trial":17,"wall_ns":93878,"gpu_ns":38840,"timestamp_bits":64,"timestamp_period_ns":10}
{"profile_trial":18,"wall_ns":95561,"gpu_ns":39120,"timestamp_bits":64,"timestamp_period_ns":10}
{"profile_trial":19,"wall_ns":93838,"gpu_ns":38800,"timestamp_bits":64,"timestamp_period_ns":10}
{"profile_trial":20,"wall_ns":100370,"gpu_ns":39000,"timestamp_bits":64,"timestamp_period_ns":10}
{"profile_trial":21,"wall_ns":95471,"gpu_ns":38880,"timestamp_bits":64,"timestamp_period_ns":10}
{"profile_trial":22,"wall_ns":93287,"gpu_ns":38880,"timestamp_bits":64,"timestamp_period_ns":10}
{"profile_trial":23,"wall_ns":97525,"gpu_ns":39040,"timestamp_bits":64,"timestamp_period_ns":10}
{"profile_trial":24,"wall_ns":93657,"gpu_ns":39160,"timestamp_bits":64,"timestamp_period_ns":10}
{"profile_trial":25,"wall_ns":93457,"gpu_ns":39040,"timestamp_bits":64,"timestamp_period_ns":10}
{"profile_trial":26,"wall_ns":94119,"gpu_ns":39160,"timestamp_bits":64,"timestamp_period_ns":10}
{"profile_trial":27,"wall_ns":99629,"gpu_ns":38880,"timestamp_bits":64,"timestamp_period_ns":10}
{"profile_trial":28,"wall_ns":95130,"gpu_ns":39200,"timestamp_bits":64,"timestamp_period_ns":10}
{"profile_trial":29,"wall_ns":95100,"gpu_ns":39160,"timestamp_bits":64,"timestamp_period_ns":10}
{"profile_trial":30,"wall_ns":94909,"gpu_ns":39000,"timestamp_bits":64,"timestamp_period_ns":10}
{"profile_trial":31,"wall_ns":94299,"gpu_ns":38800,"timestamp_bits":64,"timestamp_period_ns":10}
device=AMD Radeon RX 7900 XTX (RADV NAVI31) vendor=1002 id=744c api=4211042 driver=109060099 family=1
allocation_bytes=43364624 sizes=21672032,21672032,20560 memory_types=5,0,5 groups=5120,1,1
["/home/USER/projects/zerv/third_party/matvec-push/2026-09-22-matvec-push-gpu-run1/native", "/home/USER/projects/zerv/third_party/gpu-matvec-bench/2026-09-22-gpu-matvec-repeat/q5_k-6144-5120.case", "/home/USER/projects/zerv/third_party/matvec-push/2026-09-22-matvec-push-gpu-run1/q5_k-6144-5120-stream.output", "0", "/home/USER/projects/zerv/third_party/matvec-push/2026-09-22-matvec-push-gpu-run1/stream.spv", "1", "--aligned", "--timestamps"]
{"profile_trial":0,"wall_ns":86604,"gpu_ns":26560,"timestamp_bits":64,"timestamp_period_ns":10}
{"profile_trial":1,"wall_ns":83648,"gpu_ns":26400,"timestamp_bits":64,"timestamp_period_ns":10}
{"profile_trial":2,"wall_ns":77096,"gpu_ns":26640,"timestamp_bits":64,"timestamp_period_ns":10}
{"profile_trial":3,"wall_ns":76735,"gpu_ns":26000,"timestamp_bits":64,"timestamp_period_ns":10}
{"profile_trial":4,"wall_ns":77206,"gpu_ns":27040,"timestamp_bits":64,"timestamp_period_ns":10}
{"profile_trial":5,"wall_ns":77206,"gpu_ns":26280,"timestamp_bits":64,"timestamp_period_ns":10}
{"profile_trial":6,"wall_ns":78509,"gpu_ns":26720,"timestamp_bits":64,"timestamp_period_ns":10}
{"profile_trial":7,"wall_ns":78178,"gpu_ns":26240,"timestamp_bits":64,"timestamp_period_ns":10}
{"profile_trial":8,"wall_ns":76976,"gpu_ns":26520,"timestamp_bits":64,"timestamp_period_ns":10}
{"profile_trial":9,"wall_ns":76895,"gpu_ns":26320,"timestamp_bits":64,"timestamp_period_ns":10}
{"profile_trial":10,"wall_ns":77107,"gpu_ns":26800,"timestamp_bits":64,"timestamp_period_ns":10}
{"profile_trial":11,"wall_ns":76805,"gpu_ns":26360,"timestamp_bits":64,"timestamp_period_ns":10}
{"profile_trial":12,"wall_ns":77918,"gpu_ns":26600,"timestamp_bits":64,"timestamp_period_ns":10}
{"profile_trial":13,"wall_ns":76484,"gpu_ns":26160,"timestamp_bits":64,"timestamp_period_ns":10}
{"profile_trial":14,"wall_ns":76755,"gpu_ns":26600,"timestamp_bits":64,"timestamp_period_ns":10}
{"profile_trial":15,"wall_ns":76836,"gpu_ns":26480,"timestamp_bits":64,"timestamp_period_ns":10}
{"profile_trial":16,"wall_ns":77186,"gpu_ns":26560,"timestamp_bits":64,"timestamp_period_ns":10}
{"profile_trial":17,"wall_ns":76906,"gpu_ns":26400,"timestamp_bits":64,"timestamp_period_ns":10}
{"profile_trial":18,"wall_ns":76665,"gpu_ns":26920,"timestamp_bits":64,"timestamp_period_ns":10}
{"profile_trial":19,"wall_ns":78840,"gpu_ns":26440,"timestamp_bits":64,"timestamp_period_ns":10}
{"profile_trial":20,"wall_ns":77016,"gpu_ns":26600,"timestamp_bits":64,"timestamp_period_ns":10}
{"profile_trial":21,"wall_ns":75994,"gpu_ns":26040,"timestamp_bits":64,"timestamp_period_ns":10}
{"profile_trial":22,"wall_ns":75693,"gpu_ns":26960,"timestamp_bits":64,"timestamp_period_ns":10}
{"profile_trial":23,"wall_ns":76074,"gpu_ns":26080,"timestamp_bits":64,"timestamp_period_ns":10}
{"profile_trial":24,"wall_ns":77167,"gpu_ns":26480,"timestamp_bits":64,"timestamp_period_ns":10}
{"profile_trial":25,"wall_ns":78288,"gpu_ns":26240,"timestamp_bits":64,"timestamp_period_ns":10}
{"profile_trial":26,"wall_ns":79010,"gpu_ns":27000,"timestamp_bits":64,"timestamp_period_ns":10}
{"profile_trial":27,"wall_ns":78338,"gpu_ns":26240,"timestamp_bits":64,"timestamp_period_ns":10}
{"profile_trial":28,"wall_ns":78259,"gpu_ns":26720,"timestamp_bits":64,"timestamp_period_ns":10}
{"profile_trial":29,"wall_ns":77156,"gpu_ns":26040,"timestamp_bits":64,"timestamp_period_ns":10}
{"profile_trial":30,"wall_ns":103556,"gpu_ns":51840,"timestamp_bits":64,"timestamp_period_ns":10}
{"profile_trial":31,"wall_ns":78309,"gpu_ns":26200,"timestamp_bits":64,"timestamp_period_ns":10}
device=AMD Radeon RX 7900 XTX (RADV NAVI31) vendor=1002 id=744c api=4211042 driver=109060099 family=1
allocation_bytes=43364624 sizes=21672032,21672032,20560 memory_types=5,0,5 groups=5120,1,1
["/home/USER/projects/zerv/third_party/matvec-push/2026-09-22-matvec-push-gpu-run1/native", "/home/USER/projects/zerv/third_party/gpu-matvec-bench/2026-09-22-gpu-matvec-repeat/q4_0-5120-1024.case", "/home/USER/projects/zerv/third_party/matvec-push/2026-09-22-matvec-push-gpu-run1/q4_0-5120-1024-stress.output", "0", "--timestamps"]
{"profile_trial":0,"wall_ns":61326,"gpu_ns":11840,"timestamp_bits":64,"timestamp_period_ns":10}
{"profile_trial":1,"wall_ns":61467,"gpu_ns":11520,"timestamp_bits":64,"timestamp_period_ns":10}
{"profile_trial":2,"wall_ns":61066,"gpu_ns":11800,"timestamp_bits":64,"timestamp_period_ns":10}
{"profile_trial":3,"wall_ns":60434,"gpu_ns":11480,"timestamp_bits":64,"timestamp_period_ns":10}
{"profile_trial":4,"wall_ns":59904,"gpu_ns":11640,"timestamp_bits":64,"timestamp_period_ns":10}
{"profile_trial":5,"wall_ns":61136,"gpu_ns":11400,"timestamp_bits":64,"timestamp_period_ns":10}
{"profile_trial":6,"wall_ns":61126,"gpu_ns":11720,"timestamp_bits":64,"timestamp_period_ns":10}
{"profile_trial":7,"wall_ns":60254,"gpu_ns":11520,"timestamp_bits":64,"timestamp_period_ns":10}
{"profile_trial":8,"wall_ns":93958,"gpu_ns":11640,"timestamp_bits":64,"timestamp_period_ns":10}
{"profile_trial":9,"wall_ns":68180,"gpu_ns":11640,"timestamp_bits":64,"timestamp_period_ns":10}
{"profile_trial":10,"wall_ns":61516,"gpu_ns":11720,"timestamp_bits":64,"timestamp_period_ns":10}
{"profile_trial":11,"wall_ns":60565,"gpu_ns":11560,"timestamp_bits":64,"timestamp_period_ns":10}
{"profile_trial":12,"wall_ns":60365,"gpu_ns":11680,"timestamp_bits":64,"timestamp_period_ns":10}
{"profile_trial":13,"wall_ns":60444,"gpu_ns":11440,"timestamp_bits":64,"timestamp_period_ns":10}
{"profile_trial":14,"wall_ns":61186,"gpu_ns":11760,"timestamp_bits":64,"timestamp_period_ns":10}
{"profile_trial":15,"wall_ns":65835,"gpu_ns":11560,"timestamp_bits":64,"timestamp_period_ns":10}
{"profile_trial":16,"wall_ns":60555,"gpu_ns":11720,"timestamp_bits":64,"timestamp_period_ns":10}
{"profile_trial":17,"wall_ns":60535,"gpu_ns":11720,"timestamp_bits":64,"timestamp_period_ns":10}
{"profile_trial":18,"wall_ns":61506,"gpu_ns":11920,"timestamp_bits":64,"timestamp_period_ns":10}
{"profile_trial":19,"wall_ns":60275,"gpu_ns":11520,"timestamp_bits":64,"timestamp_period_ns":10}
{"profile_trial":20,"wall_ns":60444,"gpu_ns":11840,"timestamp_bits":64,"timestamp_period_ns":10}
{"profile_trial":21,"wall_ns":60545,"gpu_ns":11520,"timestamp_bits":64,"timestamp_period_ns":10}
{"profile_trial":22,"wall_ns":60485,"gpu_ns":11800,"timestamp_bits":64,"timestamp_period_ns":10}
{"profile_trial":23,"wall_ns":61076,"gpu_ns":11480,"timestamp_bits":64,"timestamp_period_ns":10}
{"profile_trial":24,"wall_ns":60524,"gpu_ns":11720,"timestamp_bits":64,"timestamp_period_ns":10}
{"profile_trial":25,"wall_ns":60806,"gpu_ns":11520,"timestamp_bits":64,"timestamp_period_ns":10}
{"profile_trial":26,"wall_ns":60835,"gpu_ns":11800,"timestamp_bits":64,"timestamp_period_ns":10}
{"profile_trial":27,"wall_ns":61076,"gpu_ns":11560,"timestamp_bits":64,"timestamp_period_ns":10}
{"profile_trial":28,"wall_ns":60685,"gpu_ns":11720,"timestamp_bits":64,"timestamp_period_ns":10}
{"profile_trial":29,"wall_ns":61216,"gpu_ns":11480,"timestamp_bits":64,"timestamp_period_ns":10}
{"profile_trial":30,"wall_ns":61306,"gpu_ns":11760,"timestamp_bits":64,"timestamp_period_ns":10}
{"profile_trial":31,"wall_ns":61266,"gpu_ns":11520,"timestamp_bits":64,"timestamp_period_ns":10}
device=AMD Radeon RX 7900 XTX (RADV NAVI31) vendor=1002 id=744c api=4211042 driver=109060099 family=1
allocation_bytes=5951792 sizes=2973808,2973808,4176 memory_types=5,0,5 groups=1024,1,1
["/home/USER/projects/zerv/third_party/matvec-push/2026-09-22-matvec-push-gpu-run1/native", "/home/USER/projects/zerv/third_party/gpu-matvec-bench/2026-09-22-gpu-matvec-repeat/q4_0-5120-1024.case", "/home/USER/projects/zerv/third_party/matvec-push/2026-09-22-matvec-push-gpu-run1/q4_0-5120-1024-aligned.output", "0", "--aligned", "--timestamps"]
{"profile_trial":0,"wall_ns":60675,"gpu_ns":11480,"timestamp_bits":64,"timestamp_period_ns":10}
{"profile_trial":1,"wall_ns":60745,"gpu_ns":11360,"timestamp_bits":64,"timestamp_period_ns":10}
{"profile_trial":2,"wall_ns":59813,"gpu_ns":11480,"timestamp_bits":64,"timestamp_period_ns":10}
{"profile_trial":3,"wall_ns":60685,"gpu_ns":11400,"timestamp_bits":64,"timestamp_period_ns":10}
{"profile_trial":4,"wall_ns":59963,"gpu_ns":11520,"timestamp_bits":64,"timestamp_period_ns":10}
{"profile_trial":5,"wall_ns":60194,"gpu_ns":11320,"timestamp_bits":64,"timestamp_period_ns":10}
{"profile_trial":6,"wall_ns":61506,"gpu_ns":11520,"timestamp_bits":64,"timestamp_period_ns":10}
{"profile_trial":7,"wall_ns":60585,"gpu_ns":11360,"timestamp_bits":64,"timestamp_period_ns":10}
{"profile_trial":8,"wall_ns":60445,"gpu_ns":11600,"timestamp_bits":64,"timestamp_period_ns":10}
{"profile_trial":9,"wall_ns":60875,"gpu_ns":11360,"timestamp_bits":64,"timestamp_period_ns":10}
{"profile_trial":10,"wall_ns":60354,"gpu_ns":11480,"timestamp_bits":64,"timestamp_period_ns":10}
{"profile_trial":11,"wall_ns":60234,"gpu_ns":11480,"timestamp_bits":64,"timestamp_period_ns":10}
{"profile_trial":12,"wall_ns":60685,"gpu_ns":11520,"timestamp_bits":64,"timestamp_period_ns":10}
{"profile_trial":13,"wall_ns":61176,"gpu_ns":11360,"timestamp_bits":64,"timestamp_period_ns":10}
{"profile_trial":14,"wall_ns":60484,"gpu_ns":11520,"timestamp_bits":64,"timestamp_period_ns":10}
{"profile_trial":15,"wall_ns":61507,"gpu_ns":11360,"timestamp_bits":64,"timestamp_period_ns":10}
{"profile_trial":16,"wall_ns":60214,"gpu_ns":11560,"timestamp_bits":64,"timestamp_period_ns":10}
{"profile_trial":17,"wall_ns":59934,"gpu_ns":11400,"timestamp_bits":64,"timestamp_period_ns":10}
{"profile_trial":18,"wall_ns":60134,"gpu_ns":11600,"timestamp_bits":64,"timestamp_period_ns":10}
{"profile_trial":19,"wall_ns":60945,"gpu_ns":11280,"timestamp_bits":64,"timestamp_period_ns":10}
{"profile_trial":20,"wall_ns":60235,"gpu_ns":11480,"timestamp_bits":64,"timestamp_period_ns":10}
{"profile_trial":21,"wall_ns":60835,"gpu_ns":11320,"timestamp_bits":64,"timestamp_period_ns":10}
{"profile_trial":22,"wall_ns":60575,"gpu_ns":11520,"timestamp_bits":64,"timestamp_period_ns":10}
{"profile_trial":23,"wall_ns":60835,"gpu_ns":11680,"timestamp_bits":64,"timestamp_period_ns":10}
{"profile_trial":24,"wall_ns":60515,"gpu_ns":11480,"timestamp_bits":64,"timestamp_period_ns":10}
{"profile_trial":25,"wall_ns":60124,"gpu_ns":11360,"timestamp_bits":64,"timestamp_period_ns":10}
{"profile_trial":26,"wall_ns":60374,"gpu_ns":11600,"timestamp_bits":64,"timestamp_period_ns":10}
{"profile_trial":27,"wall_ns":60535,"gpu_ns":11320,"timestamp_bits":64,"timestamp_period_ns":10}
{"profile_trial":28,"wall_ns":59713,"gpu_ns":11800,"timestamp_bits":64,"timestamp_period_ns":10}
{"profile_trial":29,"wall_ns":61457,"gpu_ns":11320,"timestamp_bits":64,"timestamp_period_ns":10}
{"profile_trial":30,"wall_ns":62168,"gpu_ns":11480,"timestamp_bits":64,"timestamp_period_ns":10}
{"profile_trial":31,"wall_ns":61286,"gpu_ns":11360,"timestamp_bits":64,"timestamp_period_ns":10}
device=AMD Radeon RX 7900 XTX (RADV NAVI31) vendor=1002 id=744c api=4211042 driver=109060099 family=1
allocation_bytes=5951760 sizes=2973792,2973792,4176 memory_types=5,0,5 groups=1024,1,1
["/home/USER/projects/zerv/third_party/matvec-push/2026-09-22-matvec-push-gpu-run1/native", "/home/USER/projects/zerv/third_party/gpu-matvec-bench/2026-09-22-gpu-matvec-repeat/q4_0-5120-1024.case", "/home/USER/projects/zerv/third_party/matvec-push/2026-09-22-matvec-push-gpu-run1/q4_0-5120-1024-stream.output", "0", "/home/USER/projects/zerv/third_party/matvec-push/2026-09-22-matvec-push-gpu-run1/stream.spv", "1", "--aligned", "--timestamps"]
{"profile_trial":0,"wall_ns":99238,"gpu_ns":12920,"timestamp_bits":64,"timestamp_period_ns":10}
{"profile_trial":1,"wall_ns":64172,"gpu_ns":12480,"timestamp_bits":64,"timestamp_period_ns":10}
{"profile_trial":2,"wall_ns":61547,"gpu_ns":12840,"timestamp_bits":64,"timestamp_period_ns":10}
{"profile_trial":3,"wall_ns":61817,"gpu_ns":12400,"timestamp_bits":64,"timestamp_period_ns":10}
{"profile_trial":4,"wall_ns":61266,"gpu_ns":12840,"timestamp_bits":64,"timestamp_period_ns":10}
{"profile_trial":5,"wall_ns":61587,"gpu_ns":12440,"timestamp_bits":64,"timestamp_period_ns":10}
{"profile_trial":6,"wall_ns":62619,"gpu_ns":12880,"timestamp_bits":64,"timestamp_period_ns":10}
{"profile_trial":7,"wall_ns":62037,"gpu_ns":12440,"timestamp_bits":64,"timestamp_period_ns":10}
{"profile_trial":8,"wall_ns":61777,"gpu_ns":12920,"timestamp_bits":64,"timestamp_period_ns":10}
{"profile_trial":9,"wall_ns":62628,"gpu_ns":12440,"timestamp_bits":64,"timestamp_period_ns":10}
{"profile_trial":10,"wall_ns":62469,"gpu_ns":12840,"timestamp_bits":64,"timestamp_period_ns":10}
{"profile_trial":11,"wall_ns":61366,"gpu_ns":12520,"timestamp_bits":64,"timestamp_period_ns":10}
{"profile_trial":12,"wall_ns":63670,"gpu_ns":12800,"timestamp_bits":64,"timestamp_period_ns":10}
{"profile_trial":13,"wall_ns":61707,"gpu_ns":12440,"timestamp_bits":64,"timestamp_period_ns":10}
{"profile_trial":14,"wall_ns":61437,"gpu_ns":12920,"timestamp_bits":64,"timestamp_period_ns":10}
{"profile_trial":15,"wall_ns":61877,"gpu_ns":12480,"timestamp_bits":64,"timestamp_period_ns":10}
{"profile_trial":16,"wall_ns":61266,"gpu_ns":12880,"timestamp_bits":64,"timestamp_period_ns":10}
{"profile_trial":17,"wall_ns":61527,"gpu_ns":12480,"timestamp_bits":64,"timestamp_period_ns":10}
{"profile_trial":18,"wall_ns":61677,"gpu_ns":12800,"timestamp_bits":64,"timestamp_period_ns":10}
{"profile_trial":19,"wall_ns":62929,"gpu_ns":12440,"timestamp_bits":64,"timestamp_period_ns":10}
{"profile_trial":20,"wall_ns":61447,"gpu_ns":13200,"timestamp_bits":64,"timestamp_period_ns":10}
{"profile_trial":21,"wall_ns":61937,"gpu_ns":12480,"timestamp_bits":64,"timestamp_period_ns":10}
{"profile_trial":22,"wall_ns":61356,"gpu_ns":12840,"timestamp_bits":64,"timestamp_period_ns":10}
{"profile_trial":23,"wall_ns":61507,"gpu_ns":12440,"timestamp_bits":64,"timestamp_period_ns":10}
{"profile_trial":24,"wall_ns":62388,"gpu_ns":12880,"timestamp_bits":64,"timestamp_period_ns":10}
{"profile_trial":25,"wall_ns":62488,"gpu_ns":12440,"timestamp_bits":64,"timestamp_period_ns":10}
{"profile_trial":26,"wall_ns":62299,"gpu_ns":12840,"timestamp_bits":64,"timestamp_period_ns":10}
{"profile_trial":27,"wall_ns":62408,"gpu_ns":12480,"timestamp_bits":64,"timestamp_period_ns":10}
{"profile_trial":28,"wall_ns":63580,"gpu_ns":12840,"timestamp_bits":64,"timestamp_period_ns":10}
{"profile_trial":29,"wall_ns":61657,"gpu_ns":12440,"timestamp_bits":64,"timestamp_period_ns":10}
{"profile_trial":30,"wall_ns":62038,"gpu_ns":12920,"timestamp_bits":64,"timestamp_period_ns":10}
{"profile_trial":31,"wall_ns":63039,"gpu_ns":12440,"timestamp_bits":64,"timestamp_period_ns":10}
device=AMD Radeon RX 7900 XTX (RADV NAVI31) vendor=1002 id=744c api=4211042 driver=109060099 family=1
allocation_bytes=5951760 sizes=2973792,2973792,4176 memory_types=5,0,5 groups=1024,1,1
["/home/USER/projects/zerv/third_party/matvec-push/2026-09-22-matvec-push-gpu-run1/native", "/home/USER/projects/zerv/third_party/gpu-matvec-bench/2026-09-22-gpu-matvec-repeat/q4_0-6144-5120.case", "/home/USER/projects/zerv/third_party/matvec-push/2026-09-22-matvec-push-gpu-run1/q4_0-6144-5120-stress.output", "0", "--timestamps"]
{"profile_trial":0,"wall_ns":91393,"gpu_ns":32920,"timestamp_bits":64,"timestamp_period_ns":10}
{"profile_trial":1,"wall_ns":91073,"gpu_ns":32840,"timestamp_bits":64,"timestamp_period_ns":10}
{"profile_trial":2,"wall_ns":90662,"gpu_ns":33000,"timestamp_bits":64,"timestamp_period_ns":10}
{"profile_trial":3,"wall_ns":91152,"gpu_ns":32800,"timestamp_bits":64,"timestamp_period_ns":10}
{"profile_trial":4,"wall_ns":89189,"gpu_ns":33120,"timestamp_bits":64,"timestamp_period_ns":10}
{"profile_trial":5,"wall_ns":92445,"gpu_ns":33000,"timestamp_bits":64,"timestamp_period_ns":10}
{"profile_trial":6,"wall_ns":90432,"gpu_ns":33040,"timestamp_bits":64,"timestamp_period_ns":10}
{"profile_trial":7,"wall_ns":91032,"gpu_ns":32960,"timestamp_bits":64,"timestamp_period_ns":10}
{"profile_trial":8,"wall_ns":91222,"gpu_ns":33000,"timestamp_bits":64,"timestamp_period_ns":10}
{"profile_trial":9,"wall_ns":90922,"gpu_ns":32800,"timestamp_bits":64,"timestamp_period_ns":10}
{"profile_trial":10,"wall_ns":90732,"gpu_ns":33000,"timestamp_bits":64,"timestamp_period_ns":10}
{"profile_trial":11,"wall_ns":91002,"gpu_ns":33040,"timestamp_bits":64,"timestamp_period_ns":10}
{"profile_trial":12,"wall_ns":91082,"gpu_ns":33520,"timestamp_bits":64,"timestamp_period_ns":10}
{"profile_trial":13,"wall_ns":90983,"gpu_ns":33160,"timestamp_bits":64,"timestamp_period_ns":10}
{"profile_trial":14,"wall_ns":90401,"gpu_ns":33520,"timestamp_bits":64,"timestamp_period_ns":10}
{"profile_trial":15,"wall_ns":91053,"gpu_ns":32880,"timestamp_bits":64,"timestamp_period_ns":10}
{"profile_trial":16,"wall_ns":92094,"gpu_ns":33000,"timestamp_bits":64,"timestamp_period_ns":10}
{"profile_trial":17,"wall_ns":91103,"gpu_ns":32920,"timestamp_bits":64,"timestamp_period_ns":10}
{"profile_trial":18,"wall_ns":91012,"gpu_ns":33040,"timestamp_bits":64,"timestamp_period_ns":10}
{"profile_trial":19,"wall_ns":90903,"gpu_ns":32800,"timestamp_bits":64,"timestamp_period_ns":10}
{"profile_trial":20,"wall_ns":90942,"gpu_ns":32920,"timestamp_bits":64,"timestamp_period_ns":10}
{"profile_trial":21,"wall_ns":91063,"gpu_ns":33120,"timestamp_bits":64,"timestamp_period_ns":10}
{"profile_trial":22,"wall_ns":91112,"gpu_ns":33080,"timestamp_bits":64,"timestamp_period_ns":10}
{"profile_trial":23,"wall_ns":91003,"gpu_ns":32800,"timestamp_bits":64,"timestamp_period_ns":10}
{"profile_trial":24,"wall_ns":82366,"gpu_ns":33040,"timestamp_bits":64,"timestamp_period_ns":10}
{"profile_trial":25,"wall_ns":87535,"gpu_ns":35400,"timestamp_bits":64,"timestamp_period_ns":10}
{"profile_trial":26,"wall_ns":85522,"gpu_ns":33200,"timestamp_bits":64,"timestamp_period_ns":10}
{"profile_trial":27,"wall_ns":91804,"gpu_ns":32840,"timestamp_bits":64,"timestamp_period_ns":10}
{"profile_trial":28,"wall_ns":85281,"gpu_ns":33120,"timestamp_bits":64,"timestamp_period_ns":10}
{"profile_trial":29,"wall_ns":83809,"gpu_ns":33560,"timestamp_bits":64,"timestamp_period_ns":10}
{"profile_trial":30,"wall_ns":94409,"gpu_ns":33040,"timestamp_bits":64,"timestamp_period_ns":10}
{"profile_trial":31,"wall_ns":97846,"gpu_ns":33200,"timestamp_bits":64,"timestamp_period_ns":10}
device=AMD Radeon RX 7900 XTX (RADV NAVI31) vendor=1002 id=744c api=4211042 driver=109060099 family=1
allocation_bytes=35500336 sizes=17739888,17739888,20560 memory_types=5,0,5 groups=5120,1,1
["/home/USER/projects/zerv/third_party/matvec-push/2026-09-22-matvec-push-gpu-run1/native", "/home/USER/projects/zerv/third_party/gpu-matvec-bench/2026-09-22-gpu-matvec-repeat/q4_0-6144-5120.case", "/home/USER/projects/zerv/third_party/matvec-push/2026-09-22-matvec-push-gpu-run1/q4_0-6144-5120-aligned.output", "0", "--aligned", "--timestamps"]
{"profile_trial":0,"wall_ns":91424,"gpu_ns":32920,"timestamp_bits":64,"timestamp_period_ns":10}
{"profile_trial":1,"wall_ns":88908,"gpu_ns":32680,"timestamp_bits":64,"timestamp_period_ns":10}
{"profile_trial":2,"wall_ns":90741,"gpu_ns":32920,"timestamp_bits":64,"timestamp_period_ns":10}
{"profile_trial":3,"wall_ns":91112,"gpu_ns":32800,"timestamp_bits":64,"timestamp_period_ns":10}
{"profile_trial":4,"wall_ns":90913,"gpu_ns":32840,"timestamp_bits":64,"timestamp_period_ns":10}
{"profile_trial":5,"wall_ns":91002,"gpu_ns":32760,"timestamp_bits":64,"timestamp_period_ns":10}
{"profile_trial":6,"wall_ns":91243,"gpu_ns":32880,"timestamp_bits":64,"timestamp_period_ns":10}
{"profile_trial":7,"wall_ns":90872,"gpu_ns":32600,"timestamp_bits":64,"timestamp_period_ns":10}
{"profile_trial":8,"wall_ns":90842,"gpu_ns":32880,"timestamp_bits":64,"timestamp_period_ns":10}
{"profile_trial":9,"wall_ns":90692,"gpu_ns":32720,"timestamp_bits":64,"timestamp_period_ns":10}
{"profile_trial":10,"wall_ns":90812,"gpu_ns":32880,"timestamp_bits":64,"timestamp_period_ns":10}
{"profile_trial":11,"wall_ns":92195,"gpu_ns":32840,"timestamp_bits":64,"timestamp_period_ns":10}
{"profile_trial":12,"wall_ns":90502,"gpu_ns":32760,"timestamp_bits":64,"timestamp_period_ns":10}
{"profile_trial":13,"wall_ns":81224,"gpu_ns":32640,"timestamp_bits":64,"timestamp_period_ns":10}
{"profile_trial":14,"wall_ns":91213,"gpu_ns":32920,"timestamp_bits":64,"timestamp_period_ns":10}
{"profile_trial":15,"wall_ns":91212,"gpu_ns":32720,"timestamp_bits":64,"timestamp_period_ns":10}
{"profile_trial":16,"wall_ns":90982,"gpu_ns":32800,"timestamp_bits":64,"timestamp_period_ns":10}
{"profile_trial":17,"wall_ns":91183,"gpu_ns":32960,"timestamp_bits":64,"timestamp_period_ns":10}
{"profile_trial":18,"wall_ns":90842,"gpu_ns":32840,"timestamp_bits":64,"timestamp_period_ns":10}
{"profile_trial":19,"wall_ns":91093,"gpu_ns":32760,"timestamp_bits":64,"timestamp_period_ns":10}
{"profile_trial":20,"wall_ns":90291,"gpu_ns":32840,"timestamp_bits":64,"timestamp_period_ns":10}
{"profile_trial":21,"wall_ns":91343,"gpu_ns":32640,"timestamp_bits":64,"timestamp_period_ns":10}
{"profile_trial":22,"wall_ns":91804,"gpu_ns":32880,"timestamp_bits":64,"timestamp_period_ns":10}
{"profile_trial":23,"wall_ns":90903,"gpu_ns":32880,"timestamp_bits":64,"timestamp_period_ns":10}
{"profile_trial":24,"wall_ns":90862,"gpu_ns":32880,"timestamp_bits":64,"timestamp_period_ns":10}
{"profile_trial":25,"wall_ns":91343,"gpu_ns":32680,"timestamp_bits":64,"timestamp_period_ns":10}
{"profile_trial":26,"wall_ns":90903,"gpu_ns":32920,"timestamp_bits":64,"timestamp_period_ns":10}
{"profile_trial":27,"wall_ns":91313,"gpu_ns":32680,"timestamp_bits":64,"timestamp_period_ns":10}
{"profile_trial":28,"wall_ns":90812,"gpu_ns":32960,"timestamp_bits":64,"timestamp_period_ns":10}
{"profile_trial":29,"wall_ns":91143,"gpu_ns":32720,"timestamp_bits":64,"timestamp_period_ns":10}
{"profile_trial":30,"wall_ns":91323,"gpu_ns":32920,"timestamp_bits":64,"timestamp_period_ns":10}
{"profile_trial":31,"wall_ns":90131,"gpu_ns":32720,"timestamp_bits":64,"timestamp_period_ns":10}
device=AMD Radeon RX 7900 XTX (RADV NAVI31) vendor=1002 id=744c api=4211042 driver=109060099 family=1
allocation_bytes=35500304 sizes=17739872,17739872,20560 memory_types=5,0,5 groups=5120,1,1
["/home/USER/projects/zerv/third_party/matvec-push/2026-09-22-matvec-push-gpu-run1/native", "/home/USER/projects/zerv/third_party/gpu-matvec-bench/2026-09-22-gpu-matvec-repeat/q4_0-6144-5120.case", "/home/USER/projects/zerv/third_party/matvec-push/2026-09-22-matvec-push-gpu-run1/q4_0-6144-5120-stream.output", "0", "/home/USER/projects/zerv/third_party/matvec-push/2026-09-22-matvec-push-gpu-run1/stream.spv", "1", "--aligned", "--timestamps"]
{"profile_trial":0,"wall_ns":72367,"gpu_ns":22040,"timestamp_bits":64,"timestamp_period_ns":10}
{"profile_trial":1,"wall_ns":79782,"gpu_ns":21280,"timestamp_bits":64,"timestamp_period_ns":10}
{"profile_trial":2,"wall_ns":72668,"gpu_ns":21640,"timestamp_bits":64,"timestamp_period_ns":10}
{"profile_trial":3,"wall_ns":73108,"gpu_ns":21240,"timestamp_bits":64,"timestamp_period_ns":10}
{"profile_trial":4,"wall_ns":72578,"gpu_ns":21640,"timestamp_bits":64,"timestamp_period_ns":10}
{"profile_trial":5,"wall_ns":73860,"gpu_ns":21280,"timestamp_bits":64,"timestamp_period_ns":10}
{"profile_trial":6,"wall_ns":72217,"gpu_ns":21640,"timestamp_bits":64,"timestamp_period_ns":10}
{"profile_trial":7,"wall_ns":71094,"gpu_ns":21280,"timestamp_bits":64,"timestamp_period_ns":10}
{"profile_trial":8,"wall_ns":71376,"gpu_ns":21640,"timestamp_bits":64,"timestamp_period_ns":10}
{"profile_trial":9,"wall_ns":71866,"gpu_ns":21280,"timestamp_bits":64,"timestamp_period_ns":10}
{"profile_trial":10,"wall_ns":71375,"gpu_ns":21600,"timestamp_bits":64,"timestamp_period_ns":10}
{"profile_trial":11,"wall_ns":70123,"gpu_ns":21240,"timestamp_bits":64,"timestamp_period_ns":10}
{"profile_trial":12,"wall_ns":71977,"gpu_ns":21560,"timestamp_bits":64,"timestamp_period_ns":10}
{"profile_trial":13,"wall_ns":72147,"gpu_ns":21240,"timestamp_bits":64,"timestamp_period_ns":10}
{"profile_trial":14,"wall_ns":71826,"gpu_ns":21640,"timestamp_bits":64,"timestamp_period_ns":10}
{"profile_trial":15,"wall_ns":70934,"gpu_ns":21240,"timestamp_bits":64,"timestamp_period_ns":10}
{"profile_trial":16,"wall_ns":71726,"gpu_ns":21680,"timestamp_bits":64,"timestamp_period_ns":10}
{"profile_trial":17,"wall_ns":71255,"gpu_ns":21280,"timestamp_bits":64,"timestamp_period_ns":10}
{"profile_trial":18,"wall_ns":72838,"gpu_ns":21640,"timestamp_bits":64,"timestamp_period_ns":10}
{"profile_trial":19,"wall_ns":73750,"gpu_ns":21200,"timestamp_bits":64,"timestamp_period_ns":10}
{"profile_trial":20,"wall_ns":71936,"gpu_ns":21640,"timestamp_bits":64,"timestamp_period_ns":10}
{"profile_trial":21,"wall_ns":71646,"gpu_ns":21280,"timestamp_bits":64,"timestamp_period_ns":10}
{"profile_trial":22,"wall_ns":71686,"gpu_ns":21640,"timestamp_bits":64,"timestamp_period_ns":10}
{"profile_trial":23,"wall_ns":71075,"gpu_ns":21240,"timestamp_bits":64,"timestamp_period_ns":10}
{"profile_trial":24,"wall_ns":71445,"gpu_ns":21600,"timestamp_bits":64,"timestamp_period_ns":10}
{"profile_trial":25,"wall_ns":70945,"gpu_ns":21280,"timestamp_bits":64,"timestamp_period_ns":10}
{"profile_trial":26,"wall_ns":71846,"gpu_ns":21640,"timestamp_bits":64,"timestamp_period_ns":10}
{"profile_trial":27,"wall_ns":72577,"gpu_ns":21280,"timestamp_bits":64,"timestamp_period_ns":10}
{"profile_trial":28,"wall_ns":71445,"gpu_ns":21600,"timestamp_bits":64,"timestamp_period_ns":10}
{"profile_trial":29,"wall_ns":71435,"gpu_ns":21240,"timestamp_bits":64,"timestamp_period_ns":10}
{"profile_trial":30,"wall_ns":71917,"gpu_ns":21640,"timestamp_bits":64,"timestamp_period_ns":10}
{"profile_trial":31,"wall_ns":71285,"gpu_ns":21240,"timestamp_bits":64,"timestamp_period_ns":10}
device=AMD Radeon RX 7900 XTX (RADV NAVI31) vendor=1002 id=744c api=4211042 driver=109060099 family=1
allocation_bytes=35500304 sizes=17739872,17739872,20560 memory_types=5,0,5 groups=5120,1,1
["/home/USER/projects/zerv/third_party/matvec-push/2026-09-22-matvec-push-gpu-run1/native", "/home/USER/projects/zerv/third_party/gpu-matvec-bench/2026-09-22-gpu-matvec-repeat/q4_0-5120-12288.case", "/home/USER/projects/zerv/third_party/matvec-push/2026-09-22-matvec-push-gpu-run1/q4_0-5120-12288-stress.output", "0", "--timestamps"]
{"profile_trial":0,"wall_ns":120268,"gpu_ns":61760,"timestamp_bits":64,"timestamp_period_ns":10}
{"profile_trial":1,"wall_ns":120599,"gpu_ns":61880,"timestamp_bits":64,"timestamp_period_ns":10}
{"profile_trial":2,"wall_ns":119116,"gpu_ns":61880,"timestamp_bits":64,"timestamp_period_ns":10}
{"profile_trial":3,"wall_ns":119867,"gpu_ns":61480,"timestamp_bits":64,"timestamp_period_ns":10}
{"profile_trial":4,"wall_ns":118795,"gpu_ns":61880,"timestamp_bits":64,"timestamp_period_ns":10}
{"profile_trial":5,"wall_ns":119246,"gpu_ns":61720,"timestamp_bits":64,"timestamp_period_ns":10}
{"profile_trial":6,"wall_ns":118986,"gpu_ns":61840,"timestamp_bits":64,"timestamp_period_ns":10}
{"profile_trial":7,"wall_ns":120809,"gpu_ns":62000,"timestamp_bits":64,"timestamp_period_ns":10}
{"profile_trial":8,"wall_ns":119316,"gpu_ns":61840,"timestamp_bits":64,"timestamp_period_ns":10}
{"profile_trial":9,"wall_ns":120178,"gpu_ns":62000,"timestamp_bits":64,"timestamp_period_ns":10}
{"profile_trial":10,"wall_ns":119717,"gpu_ns":61800,"timestamp_bits":64,"timestamp_period_ns":10}
{"profile_trial":11,"wall_ns":120839,"gpu_ns":61840,"timestamp_bits":64,"timestamp_period_ns":10}
{"profile_trial":12,"wall_ns":119246,"gpu_ns":61960,"timestamp_bits":64,"timestamp_period_ns":10}
{"profile_trial":13,"wall_ns":119326,"gpu_ns":61880,"timestamp_bits":64,"timestamp_period_ns":10}
{"profile_trial":14,"wall_ns":118945,"gpu_ns":61760,"timestamp_bits":64,"timestamp_period_ns":10}
{"profile_trial":15,"wall_ns":119968,"gpu_ns":61560,"timestamp_bits":64,"timestamp_period_ns":10}
{"profile_trial":16,"wall_ns":118054,"gpu_ns":62400,"timestamp_bits":64,"timestamp_period_ns":10}
{"profile_trial":17,"wall_ns":118856,"gpu_ns":61640,"timestamp_bits":64,"timestamp_period_ns":10}
{"profile_trial":18,"wall_ns":119065,"gpu_ns":61760,"timestamp_bits":64,"timestamp_period_ns":10}
{"profile_trial":19,"wall_ns":120308,"gpu_ns":61880,"timestamp_bits":64,"timestamp_period_ns":10}
{"profile_trial":20,"wall_ns":119286,"gpu_ns":62000,"timestamp_bits":64,"timestamp_period_ns":10}
{"profile_trial":21,"wall_ns":118955,"gpu_ns":61800,"timestamp_bits":64,"timestamp_period_ns":10}
{"profile_trial":22,"wall_ns":120709,"gpu_ns":61960,"timestamp_bits":64,"timestamp_period_ns":10}
{"profile_trial":23,"wall_ns":121951,"gpu_ns":61640,"timestamp_bits":64,"timestamp_period_ns":10}
{"profile_trial":24,"wall_ns":122942,"gpu_ns":61840,"timestamp_bits":64,"timestamp_period_ns":10}
{"profile_trial":25,"wall_ns":119276,"gpu_ns":61760,"timestamp_bits":64,"timestamp_period_ns":10}
{"profile_trial":26,"wall_ns":120458,"gpu_ns":61840,"timestamp_bits":64,"timestamp_period_ns":10}
{"profile_trial":27,"wall_ns":120268,"gpu_ns":61400,"timestamp_bits":64,"timestamp_period_ns":10}
{"profile_trial":28,"wall_ns":118454,"gpu_ns":61720,"timestamp_bits":64,"timestamp_period_ns":10}
{"profile_trial":29,"wall_ns":119527,"gpu_ns":61600,"timestamp_bits":64,"timestamp_period_ns":10}
{"profile_trial":30,"wall_ns":119336,"gpu_ns":61800,"timestamp_bits":64,"timestamp_period_ns":10}
{"profile_trial":31,"wall_ns":123274,"gpu_ns":61680,"timestamp_bits":64,"timestamp_period_ns":10}
device=AMD Radeon RX 7900 XTX (RADV NAVI31) vendor=1002 id=744c api=4211042 driver=109060099 family=1
allocation_bytes=70967600 sizes=35459184,35459184,49232 memory_types=5,0,5 groups=12288,1,1
["/home/USER/projects/zerv/third_party/matvec-push/2026-09-22-matvec-push-gpu-run1/native", "/home/USER/projects/zerv/third_party/gpu-matvec-bench/2026-09-22-gpu-matvec-repeat/q4_0-5120-12288.case", "/home/USER/projects/zerv/third_party/matvec-push/2026-09-22-matvec-push-gpu-run1/q4_0-5120-12288-aligned.output", "0", "--aligned", "--timestamps"]
{"profile_trial":0,"wall_ns":124335,"gpu_ns":61120,"timestamp_bits":64,"timestamp_period_ns":10}
{"profile_trial":1,"wall_ns":123063,"gpu_ns":60720,"timestamp_bits":64,"timestamp_period_ns":10}
{"profile_trial":2,"wall_ns":120438,"gpu_ns":61400,"timestamp_bits":64,"timestamp_period_ns":10}
{"profile_trial":3,"wall_ns":121080,"gpu_ns":61400,"timestamp_bits":64,"timestamp_period_ns":10}
{"profile_trial":4,"wall_ns":120248,"gpu_ns":61200,"timestamp_bits":64,"timestamp_period_ns":10}
{"profile_trial":5,"wall_ns":119857,"gpu_ns":61520,"timestamp_bits":64,"timestamp_period_ns":10}
{"profile_trial":6,"wall_ns":119306,"gpu_ns":61480,"timestamp_bits":64,"timestamp_period_ns":10}
{"profile_trial":7,"wall_ns":120478,"gpu_ns":61040,"timestamp_bits":64,"timestamp_period_ns":10}
{"profile_trial":8,"wall_ns":118174,"gpu_ns":61160,"timestamp_bits":64,"timestamp_period_ns":10}
{"profile_trial":9,"wall_ns":118384,"gpu_ns":60960,"timestamp_bits":64,"timestamp_period_ns":10}
{"profile_trial":10,"wall_ns":118334,"gpu_ns":61600,"timestamp_bits":64,"timestamp_period_ns":10}
{"profile_trial":11,"wall_ns":118224,"gpu_ns":61080,"timestamp_bits":64,"timestamp_period_ns":10}
{"profile_trial":12,"wall_ns":118244,"gpu_ns":61320,"timestamp_bits":64,"timestamp_period_ns":10}
{"profile_trial":13,"wall_ns":118274,"gpu_ns":61160,"timestamp_bits":64,"timestamp_period_ns":10}
{"profile_trial":14,"wall_ns":117933,"gpu_ns":61280,"timestamp_bits":64,"timestamp_period_ns":10}
{"profile_trial":15,"wall_ns":118564,"gpu_ns":61480,"timestamp_bits":64,"timestamp_period_ns":10}
{"profile_trial":16,"wall_ns":119316,"gpu_ns":61160,"timestamp_bits":64,"timestamp_period_ns":10}
{"profile_trial":17,"wall_ns":120418,"gpu_ns":61120,"timestamp_bits":64,"timestamp_period_ns":10}
{"profile_trial":18,"wall_ns":118875,"gpu_ns":61080,"timestamp_bits":64,"timestamp_period_ns":10}
{"profile_trial":19,"wall_ns":118514,"gpu_ns":61040,"timestamp_bits":64,"timestamp_period_ns":10}
{"profile_trial":20,"wall_ns":117503,"gpu_ns":61040,"timestamp_bits":64,"timestamp_period_ns":10}
{"profile_trial":21,"wall_ns":118144,"gpu_ns":60760,"timestamp_bits":64,"timestamp_period_ns":10}
{"profile_trial":22,"wall_ns":117763,"gpu_ns":61640,"timestamp_bits":64,"timestamp_period_ns":10}
{"profile_trial":23,"wall_ns":118805,"gpu_ns":61160,"timestamp_bits":64,"timestamp_period_ns":10}
{"profile_trial":24,"wall_ns":118885,"gpu_ns":61000,"timestamp_bits":64,"timestamp_period_ns":10}
{"profile_trial":25,"wall_ns":118815,"gpu_ns":61320,"timestamp_bits":64,"timestamp_period_ns":10}
{"profile_trial":26,"wall_ns":119697,"gpu_ns":61280,"timestamp_bits":64,"timestamp_period_ns":10}
{"profile_trial":27,"wall_ns":119707,"gpu_ns":61200,"timestamp_bits":64,"timestamp_period_ns":10}
{"profile_trial":28,"wall_ns":120198,"gpu_ns":61360,"timestamp_bits":64,"timestamp_period_ns":10}
{"profile_trial":29,"wall_ns":118284,"gpu_ns":60840,"timestamp_bits":64,"timestamp_period_ns":10}
{"profile_trial":30,"wall_ns":117984,"gpu_ns":61480,"timestamp_bits":64,"timestamp_period_ns":10}
{"profile_trial":31,"wall_ns":119867,"gpu_ns":60920,"timestamp_bits":64,"timestamp_period_ns":10}
device=AMD Radeon RX 7900 XTX (RADV NAVI31) vendor=1002 id=744c api=4211042 driver=109060099 family=1
allocation_bytes=70967568 sizes=35459168,35459168,49232 memory_types=5,0,5 groups=12288,1,1
["/home/USER/projects/zerv/third_party/matvec-push/2026-09-22-matvec-push-gpu-run1/native", "/home/USER/projects/zerv/third_party/gpu-matvec-bench/2026-09-22-gpu-matvec-repeat/q4_0-5120-12288.case", "/home/USER/projects/zerv/third_party/matvec-push/2026-09-22-matvec-push-gpu-run1/q4_0-5120-12288-stream.output", "0", "/home/USER/projects/zerv/third_party/matvec-push/2026-09-22-matvec-push-gpu-run1/stream.spv", "1", "--aligned", "--timestamps"]
{"profile_trial":0,"wall_ns":96413,"gpu_ns":37040,"timestamp_bits":64,"timestamp_period_ns":10}
{"profile_trial":1,"wall_ns":90020,"gpu_ns":36640,"timestamp_bits":64,"timestamp_period_ns":10}
{"profile_trial":2,"wall_ns":91143,"gpu_ns":37400,"timestamp_bits":64,"timestamp_period_ns":10}
{"profile_trial":3,"wall_ns":87877,"gpu_ns":36640,"timestamp_bits":64,"timestamp_period_ns":10}
{"profile_trial":4,"wall_ns":98306,"gpu_ns":37080,"timestamp_bits":64,"timestamp_period_ns":10}
{"profile_trial":5,"wall_ns":90432,"gpu_ns":36640,"timestamp_bits":64,"timestamp_period_ns":10}
{"profile_trial":6,"wall_ns":99289,"gpu_ns":39760,"timestamp_bits":64,"timestamp_period_ns":10}
{"profile_trial":7,"wall_ns":96412,"gpu_ns":36960,"timestamp_bits":64,"timestamp_period_ns":10}
{"profile_trial":8,"wall_ns":96352,"gpu_ns":37080,"timestamp_bits":64,"timestamp_period_ns":10}
{"profile_trial":9,"wall_ns":93999,"gpu_ns":36600,"timestamp_bits":64,"timestamp_period_ns":10}
{"profile_trial":10,"wall_ns":94078,"gpu_ns":37080,"timestamp_bits":64,"timestamp_period_ns":10}
{"profile_trial":11,"wall_ns":94189,"gpu_ns":36600,"timestamp_bits":64,"timestamp_period_ns":10}
{"profile_trial":12,"wall_ns":93728,"gpu_ns":37440,"timestamp_bits":64,"timestamp_period_ns":10}
{"profile_trial":13,"wall_ns":100320,"gpu_ns":37000,"timestamp_bits":64,"timestamp_period_ns":10}
{"profile_trial":14,"wall_ns":96112,"gpu_ns":37040,"timestamp_bits":64,"timestamp_period_ns":10}
{"profile_trial":15,"wall_ns":95672,"gpu_ns":36640,"timestamp_bits":64,"timestamp_period_ns":10}
{"profile_trial":16,"wall_ns":93497,"gpu_ns":37080,"timestamp_bits":64,"timestamp_period_ns":10}
{"profile_trial":17,"wall_ns":94790,"gpu_ns":36680,"timestamp_bits":64,"timestamp_period_ns":10}
{"profile_trial":18,"wall_ns":94358,"gpu_ns":37040,"timestamp_bits":64,"timestamp_period_ns":10}
{"profile_trial":19,"wall_ns":95321,"gpu_ns":36600,"timestamp_bits":64,"timestamp_period_ns":10}
{"profile_trial":20,"wall_ns":95721,"gpu_ns":37080,"timestamp_bits":64,"timestamp_period_ns":10}
{"profile_trial":21,"wall_ns":95621,"gpu_ns":36680,"timestamp_bits":64,"timestamp_period_ns":10}
{"profile_trial":22,"wall_ns":93366,"gpu_ns":37160,"timestamp_bits":64,"timestamp_period_ns":10}
{"profile_trial":23,"wall_ns":92926,"gpu_ns":36600,"timestamp_bits":64,"timestamp_period_ns":10}
{"profile_trial":24,"wall_ns":95000,"gpu_ns":37000,"timestamp_bits":64,"timestamp_period_ns":10}
{"profile_trial":25,"wall_ns":94269,"gpu_ns":36600,"timestamp_bits":64,"timestamp_period_ns":10}
{"profile_trial":26,"wall_ns":95330,"gpu_ns":37080,"timestamp_bits":64,"timestamp_period_ns":10}
{"profile_trial":27,"wall_ns":94580,"gpu_ns":36560,"timestamp_bits":64,"timestamp_period_ns":10}
{"profile_trial":28,"wall_ns":95611,"gpu_ns":37040,"timestamp_bits":64,"timestamp_period_ns":10}
{"profile_trial":29,"wall_ns":95541,"gpu_ns":36640,"timestamp_bits":64,"timestamp_period_ns":10}
{"profile_trial":30,"wall_ns":95390,"gpu_ns":37000,"timestamp_bits":64,"timestamp_period_ns":10}
{"profile_trial":31,"wall_ns":95031,"gpu_ns":36680,"timestamp_bits":64,"timestamp_period_ns":10}
device=AMD Radeon RX 7900 XTX (RADV NAVI31) vendor=1002 id=744c api=4211042 driver=109060099 family=1
allocation_bytes=70967568 sizes=35459168,35459168,49232 memory_types=5,0,5 groups=12288,1,1
["/home/USER/projects/zerv/third_party/matvec-push/2026-09-22-matvec-push-gpu-run1/native", "/home/USER/projects/zerv/third_party/gpu-matvec-bench/2026-09-22-gpu-matvec-repeat/q4_0-17408-5120.case", "/home/USER/projects/zerv/third_party/matvec-push/2026-09-22-matvec-push-gpu-run1/q4_0-17408-5120-stress.output", "0", "--timestamps"]
{"profile_trial":0,"wall_ns":141658,"gpu_ns":83600,"timestamp_bits":64,"timestamp_period_ns":10}
{"profile_trial":1,"wall_ns":142129,"gpu_ns":83440,"timestamp_bits":64,"timestamp_period_ns":10}
{"profile_trial":2,"wall_ns":141047,"gpu_ns":83760,"timestamp_bits":64,"timestamp_period_ns":10}
{"profile_trial":3,"wall_ns":140707,"gpu_ns":83080,"timestamp_bits":64,"timestamp_period_ns":10}
{"profile_trial":4,"wall_ns":140917,"gpu_ns":83520,"timestamp_bits":64,"timestamp_period_ns":10}
{"profile_trial":5,"wall_ns":140757,"gpu_ns":83480,"timestamp_bits":64,"timestamp_period_ns":10}
{"profile_trial":6,"wall_ns":140366,"gpu_ns":83720,"timestamp_bits":64,"timestamp_period_ns":10}
{"profile_trial":7,"wall_ns":140576,"gpu_ns":83320,"timestamp_bits":64,"timestamp_period_ns":10}
{"profile_trial":8,"wall_ns":141949,"gpu_ns":83560,"timestamp_bits":64,"timestamp_period_ns":10}
{"profile_trial":9,"wall_ns":141158,"gpu_ns":83360,"timestamp_bits":64,"timestamp_period_ns":10}
{"profile_trial":10,"wall_ns":140797,"gpu_ns":83360,"timestamp_bits":64,"timestamp_period_ns":10}
{"profile_trial":11,"wall_ns":141408,"gpu_ns":83640,"timestamp_bits":64,"timestamp_period_ns":10}
{"profile_trial":12,"wall_ns":140055,"gpu_ns":83200,"timestamp_bits":64,"timestamp_period_ns":10}
{"profile_trial":13,"wall_ns":140276,"gpu_ns":83120,"timestamp_bits":64,"timestamp_period_ns":10}
{"profile_trial":14,"wall_ns":141458,"gpu_ns":83920,"timestamp_bits":64,"timestamp_period_ns":10}
{"profile_trial":15,"wall_ns":142470,"gpu_ns":83520,"timestamp_bits":64,"timestamp_period_ns":10}
{"profile_trial":16,"wall_ns":141007,"gpu_ns":83440,"timestamp_bits":64,"timestamp_period_ns":10}
{"profile_trial":17,"wall_ns":140837,"gpu_ns":83320,"timestamp_bits":64,"timestamp_period_ns":10}
{"profile_trial":18,"wall_ns":141729,"gpu_ns":84280,"timestamp_bits":64,"timestamp_period_ns":10}
{"profile_trial":19,"wall_ns":140707,"gpu_ns":83120,"timestamp_bits":64,"timestamp_period_ns":10}
{"profile_trial":20,"wall_ns":139604,"gpu_ns":83400,"timestamp_bits":64,"timestamp_period_ns":10}
{"profile_trial":21,"wall_ns":141779,"gpu_ns":83240,"timestamp_bits":64,"timestamp_period_ns":10}
{"profile_trial":22,"wall_ns":140757,"gpu_ns":83600,"timestamp_bits":64,"timestamp_period_ns":10}
{"profile_trial":23,"wall_ns":140596,"gpu_ns":83200,"timestamp_bits":64,"timestamp_period_ns":10}
{"profile_trial":24,"wall_ns":141558,"gpu_ns":83560,"timestamp_bits":64,"timestamp_period_ns":10}
{"profile_trial":25,"wall_ns":144514,"gpu_ns":83040,"timestamp_bits":64,"timestamp_period_ns":10}
{"profile_trial":26,"wall_ns":140055,"gpu_ns":83520,"timestamp_bits":64,"timestamp_period_ns":10}
{"profile_trial":27,"wall_ns":139495,"gpu_ns":83520,"timestamp_bits":64,"timestamp_period_ns":10}
{"profile_trial":28,"wall_ns":150685,"gpu_ns":83120,"timestamp_bits":64,"timestamp_period_ns":10}
{"profile_trial":29,"wall_ns":223493,"gpu_ns":79720,"timestamp_bits":64,"timestamp_period_ns":10}
{"profile_trial":30,"wall_ns":137290,"gpu_ns":80040,"timestamp_bits":64,"timestamp_period_ns":10}
{"profile_trial":31,"wall_ns":136709,"gpu_ns":79800,"timestamp_bits":64,"timestamp_period_ns":10}
device=AMD Radeon RX 7900 XTX (RADV NAVI31) vendor=1002 id=744c api=4211042 driver=109060099 family=1
allocation_bytes=100471088 sizes=50225264,50225264,20560 memory_types=5,0,5 groups=5120,1,1
["/home/USER/projects/zerv/third_party/matvec-push/2026-09-22-matvec-push-gpu-run1/native", "/home/USER/projects/zerv/third_party/gpu-matvec-bench/2026-09-22-gpu-matvec-repeat/q4_0-17408-5120.case", "/home/USER/projects/zerv/third_party/matvec-push/2026-09-22-matvec-push-gpu-run1/q4_0-17408-5120-aligned.output", "0", "--aligned", "--timestamps"]
{"profile_trial":0,"wall_ns":140256,"gpu_ns":82920,"timestamp_bits":64,"timestamp_period_ns":10}
{"profile_trial":1,"wall_ns":140787,"gpu_ns":82680,"timestamp_bits":64,"timestamp_period_ns":10}
{"profile_trial":2,"wall_ns":140316,"gpu_ns":82840,"timestamp_bits":64,"timestamp_period_ns":10}
{"profile_trial":3,"wall_ns":139855,"gpu_ns":82760,"timestamp_bits":64,"timestamp_period_ns":10}
{"profile_trial":4,"wall_ns":139885,"gpu_ns":82880,"timestamp_bits":64,"timestamp_period_ns":10}
{"profile_trial":5,"wall_ns":140526,"gpu_ns":82760,"timestamp_bits":64,"timestamp_period_ns":10}
{"profile_trial":6,"wall_ns":140246,"gpu_ns":82880,"timestamp_bits":64,"timestamp_period_ns":10}
{"profile_trial":7,"wall_ns":140086,"gpu_ns":82760,"timestamp_bits":64,"timestamp_period_ns":10}
{"profile_trial":8,"wall_ns":140085,"gpu_ns":83000,"timestamp_bits":64,"timestamp_period_ns":10}
{"profile_trial":9,"wall_ns":139945,"gpu_ns":82640,"timestamp_bits":64,"timestamp_period_ns":10}
{"profile_trial":10,"wall_ns":139274,"gpu_ns":83040,"timestamp_bits":64,"timestamp_period_ns":10}
{"profile_trial":11,"wall_ns":139815,"gpu_ns":82760,"timestamp_bits":64,"timestamp_period_ns":10}
{"profile_trial":12,"wall_ns":140506,"gpu_ns":83160,"timestamp_bits":64,"timestamp_period_ns":10}
{"profile_trial":13,"wall_ns":140406,"gpu_ns":82800,"timestamp_bits":64,"timestamp_period_ns":10}
{"profile_trial":14,"wall_ns":140356,"gpu_ns":82880,"timestamp_bits":64,"timestamp_period_ns":10}
{"profile_trial":15,"wall_ns":140206,"gpu_ns":82720,"timestamp_bits":64,"timestamp_period_ns":10}
{"profile_trial":16,"wall_ns":139714,"gpu_ns":82880,"timestamp_bits":64,"timestamp_period_ns":10}
{"profile_trial":17,"wall_ns":139745,"gpu_ns":82640,"timestamp_bits":64,"timestamp_period_ns":10}
{"profile_trial":18,"wall_ns":139785,"gpu_ns":82760,"timestamp_bits":64,"timestamp_period_ns":10}
{"profile_trial":19,"wall_ns":140496,"gpu_ns":82800,"timestamp_bits":64,"timestamp_period_ns":10}
{"profile_trial":20,"wall_ns":139123,"gpu_ns":82800,"timestamp_bits":64,"timestamp_period_ns":10}
{"profile_trial":21,"wall_ns":139835,"gpu_ns":82880,"timestamp_bits":64,"timestamp_period_ns":10}
{"profile_trial":22,"wall_ns":139735,"gpu_ns":82920,"timestamp_bits":64,"timestamp_period_ns":10}
{"profile_trial":23,"wall_ns":138893,"gpu_ns":82560,"timestamp_bits":64,"timestamp_period_ns":10}
{"profile_trial":24,"wall_ns":138943,"gpu_ns":83000,"timestamp_bits":64,"timestamp_period_ns":10}
{"profile_trial":25,"wall_ns":140457,"gpu_ns":82600,"timestamp_bits":64,"timestamp_period_ns":10}
{"profile_trial":26,"wall_ns":140616,"gpu_ns":83000,"timestamp_bits":64,"timestamp_period_ns":10}
{"profile_trial":27,"wall_ns":140266,"gpu_ns":82680,"timestamp_bits":64,"timestamp_period_ns":10}
{"profile_trial":28,"wall_ns":139835,"gpu_ns":82840,"timestamp_bits":64,"timestamp_period_ns":10}
{"profile_trial":29,"wall_ns":141138,"gpu_ns":82600,"timestamp_bits":64,"timestamp_period_ns":10}
{"profile_trial":30,"wall_ns":141117,"gpu_ns":83000,"timestamp_bits":64,"timestamp_period_ns":10}
{"profile_trial":31,"wall_ns":140186,"gpu_ns":82720,"timestamp_bits":64,"timestamp_period_ns":10}
device=AMD Radeon RX 7900 XTX (RADV NAVI31) vendor=1002 id=744c api=4211042 driver=109060099 family=1
allocation_bytes=100471056 sizes=50225248,50225248,20560 memory_types=5,0,5 groups=5120,1,1
["/home/USER/projects/zerv/third_party/matvec-push/2026-09-22-matvec-push-gpu-run1/native", "/home/USER/projects/zerv/third_party/gpu-matvec-bench/2026-09-22-gpu-matvec-repeat/q4_0-17408-5120.case", "/home/USER/projects/zerv/third_party/matvec-push/2026-09-22-matvec-push-gpu-run1/q4_0-17408-5120-stream.output", "0", "/home/USER/projects/zerv/third_party/matvec-push/2026-09-22-matvec-push-gpu-run1/stream.spv", "1", "--aligned", "--timestamps"]
{"profile_trial":0,"wall_ns":103005,"gpu_ns":40800,"timestamp_bits":64,"timestamp_period_ns":10}
{"profile_trial":1,"wall_ns":114387,"gpu_ns":40160,"timestamp_bits":64,"timestamp_period_ns":10}
{"profile_trial":2,"wall_ns":101913,"gpu_ns":39920,"timestamp_bits":64,"timestamp_period_ns":10}
{"profile_trial":3,"wall_ns":105380,"gpu_ns":40040,"timestamp_bits":64,"timestamp_period_ns":10}
{"profile_trial":4,"wall_ns":98807,"gpu_ns":40440,"timestamp_bits":64,"timestamp_period_ns":10}
{"profile_trial":5,"wall_ns":98116,"gpu_ns":39600,"timestamp_bits":64,"timestamp_period_ns":10}
{"profile_trial":6,"wall_ns":99088,"gpu_ns":40800,"timestamp_bits":64,"timestamp_period_ns":10}
{"profile_trial":7,"wall_ns":98156,"gpu_ns":40000,"timestamp_bits":64,"timestamp_period_ns":10}
{"profile_trial":8,"wall_ns":96553,"gpu_ns":40480,"timestamp_bits":64,"timestamp_period_ns":10}
{"profile_trial":9,"wall_ns":98777,"gpu_ns":40080,"timestamp_bits":64,"timestamp_period_ns":10}
{"profile_trial":10,"wall_ns":98707,"gpu_ns":40880,"timestamp_bits":64,"timestamp_period_ns":10}
{"profile_trial":11,"wall_ns":98186,"gpu_ns":39560,"timestamp_bits":64,"timestamp_period_ns":10}
{"profile_trial":12,"wall_ns":98837,"gpu_ns":40280,"timestamp_bits":64,"timestamp_period_ns":10}
{"profile_trial":13,"wall_ns":106783,"gpu_ns":40520,"timestamp_bits":64,"timestamp_period_ns":10}
{"profile_trial":14,"wall_ns":98526,"gpu_ns":40440,"timestamp_bits":64,"timestamp_period_ns":10}
{"profile_trial":15,"wall_ns":98918,"gpu_ns":40360,"timestamp_bits":64,"timestamp_period_ns":10}
{"profile_trial":16,"wall_ns":98336,"gpu_ns":40520,"timestamp_bits":64,"timestamp_period_ns":10}
{"profile_trial":17,"wall_ns":97726,"gpu_ns":40080,"timestamp_bits":64,"timestamp_period_ns":10}
{"profile_trial":18,"wall_ns":98667,"gpu_ns":40680,"timestamp_bits":64,"timestamp_period_ns":10}
{"profile_trial":19,"wall_ns":97164,"gpu_ns":39520,"timestamp_bits":64,"timestamp_period_ns":10}
{"profile_trial":20,"wall_ns":97304,"gpu_ns":39920,"timestamp_bits":64,"timestamp_period_ns":10}
{"profile_trial":21,"wall_ns":95972,"gpu_ns":39320,"timestamp_bits":64,"timestamp_period_ns":10}
{"profile_trial":22,"wall_ns":100521,"gpu_ns":40040,"timestamp_bits":64,"timestamp_period_ns":10}
{"profile_trial":23,"wall_ns":99308,"gpu_ns":39600,"timestamp_bits":64,"timestamp_period_ns":10}
{"profile_trial":24,"wall_ns":97885,"gpu_ns":39720,"timestamp_bits":64,"timestamp_period_ns":10}
{"profile_trial":25,"wall_ns":97825,"gpu_ns":39600,"timestamp_bits":64,"timestamp_period_ns":10}
{"profile_trial":26,"wall_ns":98056,"gpu_ns":40200,"timestamp_bits":64,"timestamp_period_ns":10}
{"profile_trial":27,"wall_ns":98687,"gpu_ns":40080,"timestamp_bits":64,"timestamp_period_ns":10}
{"profile_trial":28,"wall_ns":98948,"gpu_ns":40320,"timestamp_bits":64,"timestamp_period_ns":10}
{"profile_trial":29,"wall_ns":97424,"gpu_ns":39640,"timestamp_bits":64,"timestamp_period_ns":10}
{"profile_trial":30,"wall_ns":118935,"gpu_ns":40520,"timestamp_bits":64,"timestamp_period_ns":10}
{"profile_trial":31,"wall_ns":98637,"gpu_ns":38720,"timestamp_bits":64,"timestamp_period_ns":10}
device=AMD Radeon RX 7900 XTX (RADV NAVI31) vendor=1002 id=744c api=4211042 driver=109060099 family=1
allocation_bytes=100471056 sizes=50225248,50225248,20560 memory_types=5,0,5 groups=5120,1,1
