["glslc", "--target-env=vulkan1.1", "-O", "-fshader-stage=compute", "/home/USER/projects/zerv/bench/matvec_stream.comp", "-o", "/home/USER/projects/zerv/third_party/matvec-push/2026-09-22-matvec-profile/stream.spv"]
["spirv-val", "--target-env", "vulkan1.1", "/home/USER/projects/zerv/third_party/matvec-push/2026-09-22-matvec-profile/stream.spv"]
["/home/USER/projects/zerv/.tools/zig-x86_64-linux-0.16.0/zig", "build", "gpu-matvec-bench-build", "-Doptimize=ReleaseFast", "-Dcpu=native"]
["/home/USER/projects/zerv/third_party/matvec-push/2026-09-22-matvec-profile/native", "/home/USER/projects/zerv/third_party/gpu-matvec-bench/2026-09-22-gpu-matvec-repeat/q6_k-5120-248320.case", "/home/USER/projects/zerv/third_party/matvec-push/2026-09-22-matvec-profile/q6_k-5120-248320-stress.output", "0", "--timestamps"]
{"profile_trial":0,"wall_ns":1288361,"gpu_ns":1170440,"timestamp_bits":64,"timestamp_period_ns":10}
{"profile_trial":1,"wall_ns":1227796,"gpu_ns":1169400,"timestamp_bits":64,"timestamp_period_ns":10}
{"profile_trial":2,"wall_ns":1212768,"gpu_ns":1164640,"timestamp_bits":64,"timestamp_period_ns":10}
{"profile_trial":3,"wall_ns":1233338,"gpu_ns":1179760,"timestamp_bits":64,"timestamp_period_ns":10}
{"profile_trial":4,"wall_ns":1225111,"gpu_ns":1173160,"timestamp_bits":64,"timestamp_period_ns":10}
{"profile_trial":5,"wall_ns":1224951,"gpu_ns":1173480,"timestamp_bits":64,"timestamp_period_ns":10}
{"profile_trial":6,"wall_ns":1223018,"gpu_ns":1171880,"timestamp_bits":64,"timestamp_period_ns":10}
{"profile_trial":7,"wall_ns":1270918,"gpu_ns":1172320,"timestamp_bits":64,"timestamp_period_ns":10}
{"profile_trial":8,"wall_ns":1216526,"gpu_ns":1167240,"timestamp_bits":64,"timestamp_period_ns":10}
{"profile_trial":9,"wall_ns":1225242,"gpu_ns":1172800,"timestamp_bits":64,"timestamp_period_ns":10}
{"profile_trial":10,"wall_ns":1214200,"gpu_ns":1161800,"timestamp_bits":64,"timestamp_period_ns":10}
{"profile_trial":11,"wall_ns":1221734,"gpu_ns":1171520,"timestamp_bits":64,"timestamp_period_ns":10}
{"profile_trial":12,"wall_ns":1223067,"gpu_ns":1171840,"timestamp_bits":64,"timestamp_period_ns":10}
{"profile_trial":13,"wall_ns":1227316,"gpu_ns":1174880,"timestamp_bits":64,"timestamp_period_ns":10}
{"profile_trial":14,"wall_ns":1221474,"gpu_ns":1169640,"timestamp_bits":64,"timestamp_period_ns":10}
{"profile_trial":15,"wall_ns":1221324,"gpu_ns":1170600,"timestamp_bits":64,"timestamp_period_ns":10}
{"profile_trial":16,"wall_ns":1245400,"gpu_ns":1196400,"timestamp_bits":64,"timestamp_period_ns":10}
{"profile_trial":17,"wall_ns":1222486,"gpu_ns":1170680,"timestamp_bits":64,"timestamp_period_ns":10}
{"profile_trial":18,"wall_ns":1224791,"gpu_ns":1173160,"timestamp_bits":64,"timestamp_period_ns":10}
{"profile_trial":19,"wall_ns":1230231,"gpu_ns":1178840,"timestamp_bits":64,"timestamp_period_ns":10}
{"profile_trial":20,"wall_ns":1229539,"gpu_ns":1172360,"timestamp_bits":64,"timestamp_period_ns":10}
{"profile_trial":21,"wall_ns":1218779,"gpu_ns":1167400,"timestamp_bits":64,"timestamp_period_ns":10}
{"profile_trial":22,"wall_ns":1229731,"gpu_ns":1178120,"timestamp_bits":64,"timestamp_period_ns":10}
{"profile_trial":23,"wall_ns":1219802,"gpu_ns":1167880,"timestamp_bits":64,"timestamp_period_ns":10}
{"profile_trial":24,"wall_ns":1218298,"gpu_ns":1167240,"timestamp_bits":64,"timestamp_period_ns":10}
{"profile_trial":25,"wall_ns":1221084,"gpu_ns":1168920,"timestamp_bits":64,"timestamp_period_ns":10}
{"profile_trial":26,"wall_ns":1229380,"gpu_ns":1174360,"timestamp_bits":64,"timestamp_period_ns":10}
{"profile_trial":27,"wall_ns":1234108,"gpu_ns":1179680,"timestamp_bits":64,"timestamp_period_ns":10}
{"profile_trial":28,"wall_ns":1220924,"gpu_ns":1168800,"timestamp_bits":64,"timestamp_period_ns":10}
{"profile_trial":29,"wall_ns":1223688,"gpu_ns":1169160,"timestamp_bits":64,"timestamp_period_ns":10}
{"profile_trial":30,"wall_ns":1252964,"gpu_ns":1200960,"timestamp_bits":64,"timestamp_period_ns":10}
{"profile_trial":31,"wall_ns":1226093,"gpu_ns":1173040,"timestamp_bits":64,"timestamp_period_ns":10}
device=AMD Radeon RX 7900 XTX (RADV NAVI31) vendor=1002 id=744c api=4211042 driver=109060099 family=1
allocation_bytes=2088909104 sizes=1043957872,1043957872,993360 memory_types=5,0,5 groups=62080,4,1
["/home/USER/projects/zerv/third_party/matvec-push/2026-09-22-matvec-profile/native", "/home/USER/projects/zerv/third_party/gpu-matvec-bench/2026-09-22-gpu-matvec-repeat/q6_k-5120-248320.case", "/home/USER/projects/zerv/third_party/matvec-push/2026-09-22-matvec-profile/q6_k-5120-248320-aligned.output", "0", "--aligned", "--timestamps"]
{"profile_trial":0,"wall_ns":1253895,"gpu_ns":1197640,"timestamp_bits":64,"timestamp_period_ns":10}
{"profile_trial":1,"wall_ns":1346281,"gpu_ns":1194720,"timestamp_bits":64,"timestamp_period_ns":10}
{"profile_trial":2,"wall_ns":1224791,"gpu_ns":1169120,"timestamp_bits":64,"timestamp_period_ns":10}
{"profile_trial":3,"wall_ns":1221785,"gpu_ns":1172360,"timestamp_bits":64,"timestamp_period_ns":10}
{"profile_trial":4,"wall_ns":1223709,"gpu_ns":1167160,"timestamp_bits":64,"timestamp_period_ns":10}
{"profile_trial":5,"wall_ns":1220984,"gpu_ns":1170600,"timestamp_bits":64,"timestamp_period_ns":10}
{"profile_trial":6,"wall_ns":1220292,"gpu_ns":1170600,"timestamp_bits":64,"timestamp_period_ns":10}
{"profile_trial":7,"wall_ns":1230762,"gpu_ns":1180360,"timestamp_bits":64,"timestamp_period_ns":10}
{"profile_trial":8,"wall_ns":1218548,"gpu_ns":1166840,"timestamp_bits":64,"timestamp_period_ns":10}
{"profile_trial":9,"wall_ns":1431963,"gpu_ns":1173200,"timestamp_bits":64,"timestamp_period_ns":10}
{"profile_trial":10,"wall_ns":1217537,"gpu_ns":1163160,"timestamp_bits":64,"timestamp_period_ns":10}
{"profile_trial":11,"wall_ns":1207549,"gpu_ns":1159080,"timestamp_bits":64,"timestamp_period_ns":10}
{"profile_trial":12,"wall_ns":1222206,"gpu_ns":1170920,"timestamp_bits":64,"timestamp_period_ns":10}
{"profile_trial":13,"wall_ns":1213569,"gpu_ns":1163920,"timestamp_bits":64,"timestamp_period_ns":10}
{"profile_trial":14,"wall_ns":1220162,"gpu_ns":1171320,"timestamp_bits":64,"timestamp_period_ns":10}
{"profile_trial":15,"wall_ns":1296757,"gpu_ns":1198160,"timestamp_bits":64,"timestamp_period_ns":10}
{"profile_trial":16,"wall_ns":1221524,"gpu_ns":1170080,"timestamp_bits":64,"timestamp_period_ns":10}
{"profile_trial":17,"wall_ns":1394823,"gpu_ns":1174160,"timestamp_bits":64,"timestamp_period_ns":10}
{"profile_trial":18,"wall_ns":1226374,"gpu_ns":1170640,"timestamp_bits":64,"timestamp_period_ns":10}
{"profile_trial":19,"wall_ns":1219981,"gpu_ns":1169000,"timestamp_bits":64,"timestamp_period_ns":10}
{"profile_trial":20,"wall_ns":1218178,"gpu_ns":1164360,"timestamp_bits":64,"timestamp_period_ns":10}
{"profile_trial":21,"wall_ns":1232125,"gpu_ns":1177600,"timestamp_bits":64,"timestamp_period_ns":10}
{"profile_trial":22,"wall_ns":1224831,"gpu_ns":1174000,"timestamp_bits":64,"timestamp_period_ns":10}
{"profile_trial":23,"wall_ns":1225232,"gpu_ns":1172800,"timestamp_bits":64,"timestamp_period_ns":10}
{"profile_trial":24,"wall_ns":1218068,"gpu_ns":1166520,"timestamp_bits":64,"timestamp_period_ns":10}
{"profile_trial":25,"wall_ns":1429259,"gpu_ns":1169000,"timestamp_bits":64,"timestamp_period_ns":10}
{"profile_trial":26,"wall_ns":1222666,"gpu_ns":1167400,"timestamp_bits":64,"timestamp_period_ns":10}
{"profile_trial":27,"wall_ns":1210814,"gpu_ns":1161360,"timestamp_bits":64,"timestamp_period_ns":10}
{"profile_trial":28,"wall_ns":1248085,"gpu_ns":1199800,"timestamp_bits":64,"timestamp_period_ns":10}
{"profile_trial":29,"wall_ns":1227015,"gpu_ns":1173720,"timestamp_bits":64,"timestamp_period_ns":10}
{"profile_trial":30,"wall_ns":1220814,"gpu_ns":1167400,"timestamp_bits":64,"timestamp_period_ns":10}
{"profile_trial":31,"wall_ns":1219721,"gpu_ns":1169800,"timestamp_bits":64,"timestamp_period_ns":10}
device=AMD Radeon RX 7900 XTX (RADV NAVI31) vendor=1002 id=744c api=4211042 driver=109060099 family=1
allocation_bytes=2088909072 sizes=1043957856,1043957856,993360 memory_types=5,0,5 groups=62080,4,1
["/home/USER/projects/zerv/third_party/matvec-push/2026-09-22-matvec-profile/native", "/home/USER/projects/zerv/third_party/gpu-matvec-bench/2026-09-22-gpu-matvec-repeat/q6_k-5120-248320.case", "/home/USER/projects/zerv/third_party/matvec-push/2026-09-22-matvec-profile/q6_k-5120-248320-stream.output", "0", "/home/USER/projects/zerv/third_party/matvec-push/2026-09-22-matvec-profile/stream.spv", "1", "--aligned", "--timestamps"]
{"profile_trial":0,"wall_ns":1182170,"gpu_ns":1132640,"timestamp_bits":64,"timestamp_period_ns":10}
{"profile_trial":1,"wall_ns":1206927,"gpu_ns":1155160,"timestamp_bits":64,"timestamp_period_ns":10}
{"profile_trial":2,"wall_ns":1177501,"gpu_ns":1129360,"timestamp_bits":64,"timestamp_period_ns":10}
{"profile_trial":3,"wall_ns":1179876,"gpu_ns":1132440,"timestamp_bits":64,"timestamp_period_ns":10}
{"profile_trial":4,"wall_ns":1178172,"gpu_ns":1130240,"timestamp_bits":64,"timestamp_period_ns":10}
{"profile_trial":5,"wall_ns":1182761,"gpu_ns":1133440,"timestamp_bits":64,"timestamp_period_ns":10}
{"profile_trial":6,"wall_ns":1519208,"gpu_ns":1132840,"timestamp_bits":64,"timestamp_period_ns":10}
{"profile_trial":7,"wall_ns":1427655,"gpu_ns":1130480,"timestamp_bits":64,"timestamp_period_ns":10}
{"profile_trial":8,"wall_ns":1177741,"gpu_ns":1131080,"timestamp_bits":64,"timestamp_period_ns":10}
{"profile_trial":9,"wall_ns":1182500,"gpu_ns":1132560,"timestamp_bits":64,"timestamp_period_ns":10}
{"profile_trial":10,"wall_ns":1182891,"gpu_ns":1132440,"timestamp_bits":64,"timestamp_period_ns":10}
{"profile_trial":11,"wall_ns":1183172,"gpu_ns":1133280,"timestamp_bits":64,"timestamp_period_ns":10}
{"profile_trial":12,"wall_ns":1181890,"gpu_ns":1130480,"timestamp_bits":64,"timestamp_period_ns":10}
{"profile_trial":13,"wall_ns":1183593,"gpu_ns":1132880,"timestamp_bits":64,"timestamp_period_ns":10}
{"profile_trial":14,"wall_ns":1473552,"gpu_ns":1132320,"timestamp_bits":64,"timestamp_period_ns":10}
{"profile_trial":15,"wall_ns":1195916,"gpu_ns":1137080,"timestamp_bits":64,"timestamp_period_ns":10}
{"profile_trial":16,"wall_ns":1179786,"gpu_ns":1132760,"timestamp_bits":64,"timestamp_period_ns":10}
{"profile_trial":17,"wall_ns":1179044,"gpu_ns":1131560,"timestamp_bits":64,"timestamp_period_ns":10}
{"profile_trial":18,"wall_ns":1181869,"gpu_ns":1131360,"timestamp_bits":64,"timestamp_period_ns":10}
{"profile_trial":19,"wall_ns":1183923,"gpu_ns":1133080,"timestamp_bits":64,"timestamp_period_ns":10}
{"profile_trial":20,"wall_ns":1182972,"gpu_ns":1133120,"timestamp_bits":64,"timestamp_period_ns":10}
{"profile_trial":21,"wall_ns":1178553,"gpu_ns":1130720,"timestamp_bits":64,"timestamp_period_ns":10}
{"profile_trial":22,"wall_ns":1712024,"gpu_ns":1132960,"timestamp_bits":64,"timestamp_period_ns":10}
{"profile_trial":23,"wall_ns":1345490,"gpu_ns":1133680,"timestamp_bits":64,"timestamp_period_ns":10}
{"profile_trial":24,"wall_ns":1179776,"gpu_ns":1130840,"timestamp_bits":64,"timestamp_period_ns":10}
{"profile_trial":25,"wall_ns":1183021,"gpu_ns":1133480,"timestamp_bits":64,"timestamp_period_ns":10}
{"profile_trial":26,"wall_ns":1181428,"gpu_ns":1133920,"timestamp_bits":64,"timestamp_period_ns":10}
{"profile_trial":27,"wall_ns":1225632,"gpu_ns":1130600,"timestamp_bits":64,"timestamp_period_ns":10}
{"profile_trial":28,"wall_ns":1253424,"gpu_ns":1154560,"timestamp_bits":64,"timestamp_period_ns":10}
{"profile_trial":29,"wall_ns":1183833,"gpu_ns":1133720,"timestamp_bits":64,"timestamp_period_ns":10}
{"profile_trial":30,"wall_ns":1440630,"gpu_ns":1130560,"timestamp_bits":64,"timestamp_period_ns":10}
{"profile_trial":31,"wall_ns":1184004,"gpu_ns":1131720,"timestamp_bits":64,"timestamp_period_ns":10}
device=AMD Radeon RX 7900 XTX (RADV NAVI31) vendor=1002 id=744c api=4211042 driver=109060099 family=1
allocation_bytes=2088909072 sizes=1043957856,1043957856,993360 memory_types=5,0,5 groups=65535,4,1
["/home/USER/projects/zerv/third_party/matvec-push/2026-09-22-matvec-profile/native", "/home/USER/projects/zerv/third_party/gpu-matvec-bench/2026-09-22-gpu-matvec-repeat/q4_0-5120-6144.case", "/home/USER/projects/zerv/third_party/matvec-push/2026-09-22-matvec-profile/q4_0-5120-6144-stress.output", "0", "--timestamps"]
{"profile_trial":0,"wall_ns":97495,"gpu_ns":41840,"timestamp_bits":64,"timestamp_period_ns":10}
{"profile_trial":1,"wall_ns":97084,"gpu_ns":41560,"timestamp_bits":64,"timestamp_period_ns":10}
{"profile_trial":2,"wall_ns":97424,"gpu_ns":41800,"timestamp_bits":64,"timestamp_period_ns":10}
{"profile_trial":3,"wall_ns":96943,"gpu_ns":41920,"timestamp_bits":64,"timestamp_period_ns":10}
{"profile_trial":4,"wall_ns":96953,"gpu_ns":41680,"timestamp_bits":64,"timestamp_period_ns":10}
{"profile_trial":5,"wall_ns":103145,"gpu_ns":41640,"timestamp_bits":64,"timestamp_period_ns":10}
{"profile_trial":6,"wall_ns":98677,"gpu_ns":41680,"timestamp_bits":64,"timestamp_period_ns":10}
{"profile_trial":7,"wall_ns":98126,"gpu_ns":41920,"timestamp_bits":64,"timestamp_period_ns":10}
{"profile_trial":8,"wall_ns":97444,"gpu_ns":41640,"timestamp_bits":64,"timestamp_period_ns":10}
{"profile_trial":9,"wall_ns":97585,"gpu_ns":41520,"timestamp_bits":64,"timestamp_period_ns":10}
{"profile_trial":10,"wall_ns":97875,"gpu_ns":41680,"timestamp_bits":64,"timestamp_period_ns":10}
{"profile_trial":11,"wall_ns":97554,"gpu_ns":41520,"timestamp_bits":64,"timestamp_period_ns":10}
{"profile_trial":12,"wall_ns":101762,"gpu_ns":41720,"timestamp_bits":64,"timestamp_period_ns":10}
{"profile_trial":13,"wall_ns":98096,"gpu_ns":41440,"timestamp_bits":64,"timestamp_period_ns":10}
{"profile_trial":14,"wall_ns":97094,"gpu_ns":41720,"timestamp_bits":64,"timestamp_period_ns":10}
{"profile_trial":15,"wall_ns":96603,"gpu_ns":41520,"timestamp_bits":64,"timestamp_period_ns":10}
{"profile_trial":16,"wall_ns":97365,"gpu_ns":42320,"timestamp_bits":64,"timestamp_period_ns":10}
{"profile_trial":17,"wall_ns":97896,"gpu_ns":41800,"timestamp_bits":64,"timestamp_period_ns":10}
{"profile_trial":18,"wall_ns":98557,"gpu_ns":42160,"timestamp_bits":64,"timestamp_period_ns":10}
{"profile_trial":19,"wall_ns":99358,"gpu_ns":41440,"timestamp_bits":64,"timestamp_period_ns":10}
{"profile_trial":20,"wall_ns":97214,"gpu_ns":41720,"timestamp_bits":64,"timestamp_period_ns":10}
{"profile_trial":21,"wall_ns":96924,"gpu_ns":42280,"timestamp_bits":64,"timestamp_period_ns":10}
{"profile_trial":22,"wall_ns":97925,"gpu_ns":41760,"timestamp_bits":64,"timestamp_period_ns":10}
{"profile_trial":23,"wall_ns":105429,"gpu_ns":41560,"timestamp_bits":64,"timestamp_period_ns":10}
{"profile_trial":24,"wall_ns":97945,"gpu_ns":41800,"timestamp_bits":64,"timestamp_period_ns":10}
{"profile_trial":25,"wall_ns":97124,"gpu_ns":41600,"timestamp_bits":64,"timestamp_period_ns":10}
{"profile_trial":26,"wall_ns":97515,"gpu_ns":41760,"timestamp_bits":64,"timestamp_period_ns":10}
{"profile_trial":27,"wall_ns":97535,"gpu_ns":41520,"timestamp_bits":64,"timestamp_period_ns":10}
{"profile_trial":28,"wall_ns":91383,"gpu_ns":41680,"timestamp_bits":64,"timestamp_period_ns":10}
{"profile_trial":29,"wall_ns":96272,"gpu_ns":44840,"timestamp_bits":64,"timestamp_period_ns":10}
{"profile_trial":30,"wall_ns":91153,"gpu_ns":41760,"timestamp_bits":64,"timestamp_period_ns":10}
{"profile_trial":31,"wall_ns":97715,"gpu_ns":41560,"timestamp_bits":64,"timestamp_period_ns":10}
device=AMD Radeon RX 7900 XTX (RADV NAVI31) vendor=1002 id=744c api=4211042 driver=109060099 family=1
allocation_bytes=35504432 sizes=17739888,17739888,24656 memory_types=5,0,5 groups=6144,1,1
["/home/USER/projects/zerv/third_party/matvec-push/2026-09-22-matvec-profile/native", "/home/USER/projects/zerv/third_party/gpu-matvec-bench/2026-09-22-gpu-matvec-repeat/q4_0-5120-6144.case", "/home/USER/projects/zerv/third_party/matvec-push/2026-09-22-matvec-profile/q4_0-5120-6144-aligned.output", "0", "--aligned", "--timestamps"]
{"profile_trial":0,"wall_ns":101923,"gpu_ns":42360,"timestamp_bits":64,"timestamp_period_ns":10}
{"profile_trial":1,"wall_ns":108145,"gpu_ns":41920,"timestamp_bits":64,"timestamp_period_ns":10}
{"profile_trial":2,"wall_ns":101412,"gpu_ns":42200,"timestamp_bits":64,"timestamp_period_ns":10}
{"profile_trial":3,"wall_ns":97996,"gpu_ns":42080,"timestamp_bits":64,"timestamp_period_ns":10}
{"profile_trial":4,"wall_ns":96443,"gpu_ns":42040,"timestamp_bits":64,"timestamp_period_ns":10}
{"profile_trial":5,"wall_ns":97405,"gpu_ns":42000,"timestamp_bits":64,"timestamp_period_ns":10}
{"profile_trial":6,"wall_ns":98326,"gpu_ns":42160,"timestamp_bits":64,"timestamp_period_ns":10}
{"profile_trial":7,"wall_ns":97094,"gpu_ns":42000,"timestamp_bits":64,"timestamp_period_ns":10}
{"profile_trial":8,"wall_ns":96673,"gpu_ns":42120,"timestamp_bits":64,"timestamp_period_ns":10}
{"profile_trial":9,"wall_ns":97134,"gpu_ns":41920,"timestamp_bits":64,"timestamp_period_ns":10}
{"profile_trial":10,"wall_ns":97746,"gpu_ns":42200,"timestamp_bits":64,"timestamp_period_ns":10}
{"profile_trial":11,"wall_ns":95070,"gpu_ns":42000,"timestamp_bits":64,"timestamp_period_ns":10}
{"profile_trial":12,"wall_ns":98066,"gpu_ns":42160,"timestamp_bits":64,"timestamp_period_ns":10}
{"profile_trial":13,"wall_ns":97655,"gpu_ns":42040,"timestamp_bits":64,"timestamp_period_ns":10}
{"profile_trial":14,"wall_ns":95842,"gpu_ns":42040,"timestamp_bits":64,"timestamp_period_ns":10}
{"profile_trial":15,"wall_ns":97885,"gpu_ns":42080,"timestamp_bits":64,"timestamp_period_ns":10}
{"profile_trial":16,"wall_ns":97104,"gpu_ns":42040,"timestamp_bits":64,"timestamp_period_ns":10}
{"profile_trial":17,"wall_ns":97094,"gpu_ns":41960,"timestamp_bits":64,"timestamp_period_ns":10}
{"profile_trial":18,"wall_ns":96924,"gpu_ns":42120,"timestamp_bits":64,"timestamp_period_ns":10}
{"profile_trial":19,"wall_ns":96823,"gpu_ns":41960,"timestamp_bits":64,"timestamp_period_ns":10}
{"profile_trial":20,"wall_ns":97224,"gpu_ns":42160,"timestamp_bits":64,"timestamp_period_ns":10}
{"profile_trial":21,"wall_ns":97846,"gpu_ns":41840,"timestamp_bits":64,"timestamp_period_ns":10}
{"profile_trial":22,"wall_ns":97044,"gpu_ns":42080,"timestamp_bits":64,"timestamp_period_ns":10}
{"profile_trial":23,"wall_ns":97054,"gpu_ns":42080,"timestamp_bits":64,"timestamp_period_ns":10}
{"profile_trial":24,"wall_ns":96984,"gpu_ns":42720,"timestamp_bits":64,"timestamp_period_ns":10}
{"profile_trial":25,"wall_ns":98136,"gpu_ns":42240,"timestamp_bits":64,"timestamp_period_ns":10}
{"profile_trial":26,"wall_ns":99098,"gpu_ns":42040,"timestamp_bits":64,"timestamp_period_ns":10}
{"profile_trial":27,"wall_ns":98657,"gpu_ns":42000,"timestamp_bits":64,"timestamp_period_ns":10}
{"profile_trial":28,"wall_ns":99299,"gpu_ns":42160,"timestamp_bits":64,"timestamp_period_ns":10}
{"profile_trial":29,"wall_ns":97444,"gpu_ns":41960,"timestamp_bits":64,"timestamp_period_ns":10}
{"profile_trial":30,"wall_ns":97985,"gpu_ns":42280,"timestamp_bits":64,"timestamp_period_ns":10}
{"profile_trial":31,"wall_ns":97695,"gpu_ns":42120,"timestamp_bits":64,"timestamp_period_ns":10}
device=AMD Radeon RX 7900 XTX (RADV NAVI31) vendor=1002 id=744c api=4211042 driver=109060099 family=1
allocation_bytes=35504400 sizes=17739872,17739872,24656 memory_types=5,0,5 groups=6144,1,1
["/home/USER/projects/zerv/third_party/matvec-push/2026-09-22-matvec-profile/native", "/home/USER/projects/zerv/third_party/gpu-matvec-bench/2026-09-22-gpu-matvec-repeat/q4_0-5120-6144.case", "/home/USER/projects/zerv/third_party/matvec-push/2026-09-22-matvec-profile/q4_0-5120-6144-stream.output", "0", "/home/USER/projects/zerv/third_party/matvec-push/2026-09-22-matvec-profile/stream.spv", "1", "--aligned", "--timestamps"]
{"profile_trial":0,"wall_ns":76685,"gpu_ns":23360,"timestamp_bits":64,"timestamp_period_ns":10}
{"profile_trial":1,"wall_ns":81905,"gpu_ns":23080,"timestamp_bits":64,"timestamp_period_ns":10}
{"profile_trial":2,"wall_ns":76956,"gpu_ns":23400,"timestamp_bits":64,"timestamp_period_ns":10}
{"profile_trial":3,"wall_ns":76495,"gpu_ns":22960,"timestamp_bits":64,"timestamp_period_ns":10}
{"profile_trial":4,"wall_ns":76365,"gpu_ns":23480,"timestamp_bits":64,"timestamp_period_ns":10}
{"profile_trial":5,"wall_ns":75934,"gpu_ns":23000,"timestamp_bits":64,"timestamp_period_ns":10}
{"profile_trial":6,"wall_ns":76004,"gpu_ns":23400,"timestamp_bits":64,"timestamp_period_ns":10}
{"profile_trial":7,"wall_ns":74862,"gpu_ns":23040,"timestamp_bits":64,"timestamp_period_ns":10}
{"profile_trial":8,"wall_ns":73139,"gpu_ns":23400,"timestamp_bits":64,"timestamp_period_ns":10}
{"profile_trial":9,"wall_ns":72848,"gpu_ns":22920,"timestamp_bits":64,"timestamp_period_ns":10}
{"profile_trial":10,"wall_ns":74331,"gpu_ns":23360,"timestamp_bits":64,"timestamp_period_ns":10}
{"profile_trial":11,"wall_ns":73479,"gpu_ns":22960,"timestamp_bits":64,"timestamp_period_ns":10}
{"profile_trial":12,"wall_ns":73780,"gpu_ns":23440,"timestamp_bits":64,"timestamp_period_ns":10}
{"profile_trial":13,"wall_ns":73339,"gpu_ns":22920,"timestamp_bits":64,"timestamp_period_ns":10}
{"profile_trial":14,"wall_ns":73169,"gpu_ns":23400,"timestamp_bits":64,"timestamp_period_ns":10}
{"profile_trial":15,"wall_ns":73830,"gpu_ns":23040,"timestamp_bits":64,"timestamp_period_ns":10}
{"profile_trial":16,"wall_ns":72678,"gpu_ns":23360,"timestamp_bits":64,"timestamp_period_ns":10}
{"profile_trial":17,"wall_ns":72708,"gpu_ns":23000,"timestamp_bits":64,"timestamp_period_ns":10}
{"profile_trial":18,"wall_ns":72568,"gpu_ns":23400,"timestamp_bits":64,"timestamp_period_ns":10}
{"profile_trial":19,"wall_ns":73339,"gpu_ns":23040,"timestamp_bits":64,"timestamp_period_ns":10}
{"profile_trial":20,"wall_ns":72919,"gpu_ns":23440,"timestamp_bits":64,"timestamp_period_ns":10}
{"profile_trial":21,"wall_ns":74381,"gpu_ns":23000,"timestamp_bits":64,"timestamp_period_ns":10}
{"profile_trial":22,"wall_ns":72347,"gpu_ns":23400,"timestamp_bits":64,"timestamp_period_ns":10}
{"profile_trial":23,"wall_ns":73139,"gpu_ns":23000,"timestamp_bits":64,"timestamp_period_ns":10}
{"profile_trial":24,"wall_ns":73850,"gpu_ns":23320,"timestamp_bits":64,"timestamp_period_ns":10}
{"profile_trial":25,"wall_ns":74181,"gpu_ns":23000,"timestamp_bits":64,"timestamp_period_ns":10}
{"profile_trial":26,"wall_ns":77868,"gpu_ns":23440,"timestamp_bits":64,"timestamp_period_ns":10}
{"profile_trial":27,"wall_ns":79050,"gpu_ns":23000,"timestamp_bits":64,"timestamp_period_ns":10}
{"profile_trial":28,"wall_ns":71536,"gpu_ns":23440,"timestamp_bits":64,"timestamp_period_ns":10}
{"profile_trial":29,"wall_ns":72678,"gpu_ns":23000,"timestamp_bits":64,"timestamp_period_ns":10}
{"profile_trial":30,"wall_ns":72968,"gpu_ns":23400,"timestamp_bits":64,"timestamp_period_ns":10}
{"profile_trial":31,"wall_ns":73991,"gpu_ns":23000,"timestamp_bits":64,"timestamp_period_ns":10}
device=AMD Radeon RX 7900 XTX (RADV NAVI31) vendor=1002 id=744c api=4211042 driver=109060099 family=1
allocation_bytes=35504400 sizes=17739872,17739872,24656 memory_types=5,0,5 groups=6144,1,1
["/home/USER/projects/zerv/third_party/matvec-push/2026-09-22-matvec-profile/native", "/home/USER/projects/zerv/third_party/gpu-matvec-bench/2026-09-22-gpu-matvec-repeat/q4_0-5120-10240.case", "/home/USER/projects/zerv/third_party/matvec-push/2026-09-22-matvec-profile/q4_0-5120-10240-stress.output", "0", "--timestamps"]
{"profile_trial":0,"wall_ns":125598,"gpu_ns":66480,"timestamp_bits":64,"timestamp_period_ns":10}
{"profile_trial":1,"wall_ns":125027,"gpu_ns":66520,"timestamp_bits":64,"timestamp_period_ns":10}
{"profile_trial":2,"wall_ns":123895,"gpu_ns":66480,"timestamp_bits":64,"timestamp_period_ns":10}
{"profile_trial":3,"wall_ns":124035,"gpu_ns":66480,"timestamp_bits":64,"timestamp_period_ns":10}
{"profile_trial":4,"wall_ns":123254,"gpu_ns":66440,"timestamp_bits":64,"timestamp_period_ns":10}
{"profile_trial":5,"wall_ns":123434,"gpu_ns":66280,"timestamp_bits":64,"timestamp_period_ns":10}
{"profile_trial":6,"wall_ns":123093,"gpu_ns":66480,"timestamp_bits":64,"timestamp_period_ns":10}
{"profile_trial":7,"wall_ns":122352,"gpu_ns":66240,"timestamp_bits":64,"timestamp_period_ns":10}
{"profile_trial":8,"wall_ns":120929,"gpu_ns":66480,"timestamp_bits":64,"timestamp_period_ns":10}
{"profile_trial":9,"wall_ns":122432,"gpu_ns":66200,"timestamp_bits":64,"timestamp_period_ns":10}
{"profile_trial":10,"wall_ns":122853,"gpu_ns":66360,"timestamp_bits":64,"timestamp_period_ns":10}
{"profile_trial":11,"wall_ns":122252,"gpu_ns":66240,"timestamp_bits":64,"timestamp_period_ns":10}
{"profile_trial":12,"wall_ns":122652,"gpu_ns":66480,"timestamp_bits":64,"timestamp_period_ns":10}
{"profile_trial":13,"wall_ns":122532,"gpu_ns":66320,"timestamp_bits":64,"timestamp_period_ns":10}
{"profile_trial":14,"wall_ns":122302,"gpu_ns":66360,"timestamp_bits":64,"timestamp_period_ns":10}
{"profile_trial":15,"wall_ns":121791,"gpu_ns":66400,"timestamp_bits":64,"timestamp_period_ns":10}
{"profile_trial":16,"wall_ns":121009,"gpu_ns":66600,"timestamp_bits":64,"timestamp_period_ns":10}
{"profile_trial":17,"wall_ns":122572,"gpu_ns":66320,"timestamp_bits":64,"timestamp_period_ns":10}
{"profile_trial":18,"wall_ns":122422,"gpu_ns":66440,"timestamp_bits":64,"timestamp_period_ns":10}
{"profile_trial":19,"wall_ns":122683,"gpu_ns":66320,"timestamp_bits":64,"timestamp_period_ns":10}
{"profile_trial":20,"wall_ns":122873,"gpu_ns":66480,"timestamp_bits":64,"timestamp_period_ns":10}
{"profile_trial":21,"wall_ns":121701,"gpu_ns":66280,"timestamp_bits":64,"timestamp_period_ns":10}
{"profile_trial":22,"wall_ns":122452,"gpu_ns":66520,"timestamp_bits":64,"timestamp_period_ns":10}
{"profile_trial":23,"wall_ns":121641,"gpu_ns":66280,"timestamp_bits":64,"timestamp_period_ns":10}
{"profile_trial":24,"wall_ns":120528,"gpu_ns":66480,"timestamp_bits":64,"timestamp_period_ns":10}
{"profile_trial":25,"wall_ns":124446,"gpu_ns":66440,"timestamp_bits":64,"timestamp_period_ns":10}
{"profile_trial":26,"wall_ns":123264,"gpu_ns":66320,"timestamp_bits":64,"timestamp_period_ns":10}
{"profile_trial":27,"wall_ns":123294,"gpu_ns":66360,"timestamp_bits":64,"timestamp_period_ns":10}
{"profile_trial":28,"wall_ns":123384,"gpu_ns":66440,"timestamp_bits":64,"timestamp_period_ns":10}
{"profile_trial":29,"wall_ns":122612,"gpu_ns":66280,"timestamp_bits":64,"timestamp_period_ns":10}
{"profile_trial":30,"wall_ns":123243,"gpu_ns":66520,"timestamp_bits":64,"timestamp_period_ns":10}
{"profile_trial":31,"wall_ns":122853,"gpu_ns":66360,"timestamp_bits":64,"timestamp_period_ns":10}
device=AMD Radeon RX 7900 XTX (RADV NAVI31) vendor=1002 id=744c api=4211042 driver=109060099 family=1
allocation_bytes=59146544 sizes=29552752,29552752,41040 memory_types=5,0,5 groups=10240,1,1
["/home/USER/projects/zerv/third_party/matvec-push/2026-09-22-matvec-profile/native", "/home/USER/projects/zerv/third_party/gpu-matvec-bench/2026-09-22-gpu-matvec-repeat/q4_0-5120-10240.case", "/home/USER/projects/zerv/third_party/matvec-push/2026-09-22-matvec-profile/q4_0-5120-10240-aligned.output", "0", "--aligned", "--timestamps"]
{"profile_trial":0,"wall_ns":125047,"gpu_ns":66320,"timestamp_bits":64,"timestamp_period_ns":10}
{"profile_trial":1,"wall_ns":123384,"gpu_ns":66080,"timestamp_bits":64,"timestamp_period_ns":10}
{"profile_trial":2,"wall_ns":122331,"gpu_ns":66280,"timestamp_bits":64,"timestamp_period_ns":10}
{"profile_trial":3,"wall_ns":123404,"gpu_ns":66120,"timestamp_bits":64,"timestamp_period_ns":10}
{"profile_trial":4,"wall_ns":122201,"gpu_ns":66520,"timestamp_bits":64,"timestamp_period_ns":10}
{"profile_trial":5,"wall_ns":122231,"gpu_ns":66200,"timestamp_bits":64,"timestamp_period_ns":10}
{"profile_trial":6,"wall_ns":121971,"gpu_ns":66480,"timestamp_bits":64,"timestamp_period_ns":10}
{"profile_trial":7,"wall_ns":124055,"gpu_ns":66120,"timestamp_bits":64,"timestamp_period_ns":10}
{"profile_trial":8,"wall_ns":123955,"gpu_ns":66320,"timestamp_bits":64,"timestamp_period_ns":10}
{"profile_trial":9,"wall_ns":123845,"gpu_ns":66320,"timestamp_bits":64,"timestamp_period_ns":10}
{"profile_trial":10,"wall_ns":123064,"gpu_ns":66440,"timestamp_bits":64,"timestamp_period_ns":10}
{"profile_trial":11,"wall_ns":123694,"gpu_ns":66040,"timestamp_bits":64,"timestamp_period_ns":10}
{"profile_trial":12,"wall_ns":123444,"gpu_ns":66520,"timestamp_bits":64,"timestamp_period_ns":10}
{"profile_trial":13,"wall_ns":122532,"gpu_ns":66240,"timestamp_bits":64,"timestamp_period_ns":10}
{"profile_trial":14,"wall_ns":122892,"gpu_ns":66480,"timestamp_bits":64,"timestamp_period_ns":10}
{"profile_trial":15,"wall_ns":121850,"gpu_ns":66120,"timestamp_bits":64,"timestamp_period_ns":10}
{"profile_trial":16,"wall_ns":122592,"gpu_ns":66360,"timestamp_bits":64,"timestamp_period_ns":10}
{"profile_trial":17,"wall_ns":126951,"gpu_ns":66080,"timestamp_bits":64,"timestamp_period_ns":10}
{"profile_trial":18,"wall_ns":122132,"gpu_ns":66360,"timestamp_bits":64,"timestamp_period_ns":10}
{"profile_trial":19,"wall_ns":121921,"gpu_ns":66200,"timestamp_bits":64,"timestamp_period_ns":10}
{"profile_trial":20,"wall_ns":120789,"gpu_ns":66280,"timestamp_bits":64,"timestamp_period_ns":10}
{"profile_trial":21,"wall_ns":121180,"gpu_ns":66080,"timestamp_bits":64,"timestamp_period_ns":10}
{"profile_trial":22,"wall_ns":121120,"gpu_ns":66320,"timestamp_bits":64,"timestamp_period_ns":10}
{"profile_trial":23,"wall_ns":120298,"gpu_ns":66120,"timestamp_bits":64,"timestamp_period_ns":10}
{"profile_trial":24,"wall_ns":130537,"gpu_ns":66280,"timestamp_bits":64,"timestamp_period_ns":10}
{"profile_trial":25,"wall_ns":122672,"gpu_ns":66120,"timestamp_bits":64,"timestamp_period_ns":10}
{"profile_trial":26,"wall_ns":128033,"gpu_ns":66360,"timestamp_bits":64,"timestamp_period_ns":10}
{"profile_trial":27,"wall_ns":122883,"gpu_ns":66200,"timestamp_bits":64,"timestamp_period_ns":10}
{"profile_trial":28,"wall_ns":122833,"gpu_ns":66280,"timestamp_bits":64,"timestamp_period_ns":10}
{"profile_trial":29,"wall_ns":121531,"gpu_ns":66280,"timestamp_bits":64,"timestamp_period_ns":10}
{"profile_trial":30,"wall_ns":121390,"gpu_ns":66280,"timestamp_bits":64,"timestamp_period_ns":10}
{"profile_trial":31,"wall_ns":165624,"gpu_ns":66160,"timestamp_bits":64,"timestamp_period_ns":10}
device=AMD Radeon RX 7900 XTX (RADV NAVI31) vendor=1002 id=744c api=4211042 driver=109060099 family=1
allocation_bytes=59146512 sizes=29552736,29552736,41040 memory_types=5,0,5 groups=10240,1,1
["/home/USER/projects/zerv/third_party/matvec-push/2026-09-22-matvec-profile/native", "/home/USER/projects/zerv/third_party/gpu-matvec-bench/2026-09-22-gpu-matvec-repeat/q4_0-5120-10240.case", "/home/USER/projects/zerv/third_party/matvec-push/2026-09-22-matvec-profile/q4_0-5120-10240-stream.output", "0", "/home/USER/projects/zerv/third_party/matvec-push/2026-09-22-matvec-profile/stream.spv", "1", "--aligned", "--timestamps"]
{"profile_trial":0,"wall_ns":91424,"gpu_ns":31840,"timestamp_bits":64,"timestamp_period_ns":10}
{"profile_trial":1,"wall_ns":90301,"gpu_ns":31400,"timestamp_bits":64,"timestamp_period_ns":10}
{"profile_trial":2,"wall_ns":89790,"gpu_ns":31800,"timestamp_bits":64,"timestamp_period_ns":10}
{"profile_trial":3,"wall_ns":92355,"gpu_ns":31400,"timestamp_bits":64,"timestamp_period_ns":10}
{"profile_trial":4,"wall_ns":90412,"gpu_ns":31800,"timestamp_bits":64,"timestamp_period_ns":10}
{"profile_trial":5,"wall_ns":91143,"gpu_ns":31400,"timestamp_bits":64,"timestamp_period_ns":10}
{"profile_trial":6,"wall_ns":89941,"gpu_ns":31800,"timestamp_bits":64,"timestamp_period_ns":10}
{"profile_trial":7,"wall_ns":90902,"gpu_ns":31320,"timestamp_bits":64,"timestamp_period_ns":10}
{"profile_trial":8,"wall_ns":90872,"gpu_ns":31840,"timestamp_bits":64,"timestamp_period_ns":10}
{"profile_trial":9,"wall_ns":91022,"gpu_ns":31280,"timestamp_bits":64,"timestamp_period_ns":10}
{"profile_trial":10,"wall_ns":90962,"gpu_ns":31880,"timestamp_bits":64,"timestamp_period_ns":10}
{"profile_trial":11,"wall_ns":90983,"gpu_ns":31480,"timestamp_bits":64,"timestamp_period_ns":10}
{"profile_trial":12,"wall_ns":90231,"gpu_ns":31800,"timestamp_bits":64,"timestamp_period_ns":10}
{"profile_trial":13,"wall_ns":81224,"gpu_ns":31440,"timestamp_bits":64,"timestamp_period_ns":10}
{"profile_trial":14,"wall_ns":92215,"gpu_ns":31800,"timestamp_bits":64,"timestamp_period_ns":10}
{"profile_trial":15,"wall_ns":90782,"gpu_ns":31400,"timestamp_bits":64,"timestamp_period_ns":10}
{"profile_trial":16,"wall_ns":90813,"gpu_ns":31760,"timestamp_bits":64,"timestamp_period_ns":10}
{"profile_trial":17,"wall_ns":91022,"gpu_ns":31320,"timestamp_bits":64,"timestamp_period_ns":10}
{"profile_trial":18,"wall_ns":90952,"gpu_ns":31840,"timestamp_bits":64,"timestamp_period_ns":10}
{"profile_trial":19,"wall_ns":91033,"gpu_ns":31440,"timestamp_bits":64,"timestamp_period_ns":10}
{"profile_trial":20,"wall_ns":91012,"gpu_ns":31840,"timestamp_bits":64,"timestamp_period_ns":10}
{"profile_trial":21,"wall_ns":91042,"gpu_ns":31400,"timestamp_bits":64,"timestamp_period_ns":10}
{"profile_trial":22,"wall_ns":91003,"gpu_ns":31840,"timestamp_bits":64,"timestamp_period_ns":10}
{"profile_trial":23,"wall_ns":90221,"gpu_ns":31480,"timestamp_bits":64,"timestamp_period_ns":10}
{"profile_trial":24,"wall_ns":81264,"gpu_ns":31800,"timestamp_bits":64,"timestamp_period_ns":10}
{"profile_trial":25,"wall_ns":92536,"gpu_ns":31440,"timestamp_bits":64,"timestamp_period_ns":10}
{"profile_trial":26,"wall_ns":91313,"gpu_ns":31800,"timestamp_bits":64,"timestamp_period_ns":10}
{"profile_trial":27,"wall_ns":91614,"gpu_ns":31440,"timestamp_bits":64,"timestamp_period_ns":10}
{"profile_trial":28,"wall_ns":90972,"gpu_ns":31800,"timestamp_bits":64,"timestamp_period_ns":10}
{"profile_trial":29,"wall_ns":91142,"gpu_ns":31440,"timestamp_bits":64,"timestamp_period_ns":10}
{"profile_trial":30,"wall_ns":90772,"gpu_ns":31840,"timestamp_bits":64,"timestamp_period_ns":10}
{"profile_trial":31,"wall_ns":91343,"gpu_ns":31440,"timestamp_bits":64,"timestamp_period_ns":10}
device=AMD Radeon RX 7900 XTX (RADV NAVI31) vendor=1002 id=744c api=4211042 driver=109060099 family=1
allocation_bytes=59146512 sizes=29552736,29552736,41040 memory_types=5,0,5 groups=10240,1,1
["/home/USER/projects/zerv/third_party/matvec-push/2026-09-22-matvec-profile/native", "/home/USER/projects/zerv/third_party/gpu-matvec-bench/2026-09-22-gpu-matvec-repeat/q4_1-17408-5120.case", "/home/USER/projects/zerv/third_party/matvec-push/2026-09-22-matvec-profile/q4_1-17408-5120-stress.output", "0", "--timestamps"]
{"profile_trial":0,"wall_ns":175883,"gpu_ns":116520,"timestamp_bits":64,"timestamp_period_ns":10}
{"profile_trial":1,"wall_ns":173288,"gpu_ns":116440,"timestamp_bits":64,"timestamp_period_ns":10}
{"profile_trial":2,"wall_ns":172567,"gpu_ns":116560,"timestamp_bits":64,"timestamp_period_ns":10}
{"profile_trial":3,"wall_ns":173569,"gpu_ns":116520,"timestamp_bits":64,"timestamp_period_ns":10}
{"profile_trial":4,"wall_ns":173308,"gpu_ns":116760,"timestamp_bits":64,"timestamp_period_ns":10}
{"profile_trial":5,"wall_ns":173258,"gpu_ns":116200,"timestamp_bits":64,"timestamp_period_ns":10}
{"profile_trial":6,"wall_ns":172407,"gpu_ns":116120,"timestamp_bits":64,"timestamp_period_ns":10}
{"profile_trial":7,"wall_ns":171936,"gpu_ns":116120,"timestamp_bits":64,"timestamp_period_ns":10}
{"profile_trial":8,"wall_ns":174191,"gpu_ns":116560,"timestamp_bits":64,"timestamp_period_ns":10}
{"profile_trial":9,"wall_ns":172607,"gpu_ns":115960,"timestamp_bits":64,"timestamp_period_ns":10}
{"profile_trial":10,"wall_ns":172667,"gpu_ns":116400,"timestamp_bits":64,"timestamp_period_ns":10}
{"profile_trial":11,"wall_ns":173178,"gpu_ns":116160,"timestamp_bits":64,"timestamp_period_ns":10}
{"profile_trial":12,"wall_ns":170072,"gpu_ns":116360,"timestamp_bits":64,"timestamp_period_ns":10}
{"profile_trial":13,"wall_ns":178078,"gpu_ns":125720,"timestamp_bits":64,"timestamp_period_ns":10}
{"profile_trial":14,"wall_ns":177356,"gpu_ns":116680,"timestamp_bits":64,"timestamp_period_ns":10}
{"profile_trial":15,"wall_ns":168389,"gpu_ns":116480,"timestamp_bits":64,"timestamp_period_ns":10}
{"profile_trial":16,"wall_ns":173058,"gpu_ns":116680,"timestamp_bits":64,"timestamp_period_ns":10}
{"profile_trial":17,"wall_ns":172657,"gpu_ns":116080,"timestamp_bits":64,"timestamp_period_ns":10}
{"profile_trial":18,"wall_ns":171415,"gpu_ns":116080,"timestamp_bits":64,"timestamp_period_ns":10}
{"profile_trial":19,"wall_ns":171776,"gpu_ns":116040,"timestamp_bits":64,"timestamp_period_ns":10}
{"profile_trial":20,"wall_ns":172757,"gpu_ns":116320,"timestamp_bits":64,"timestamp_period_ns":10}
{"profile_trial":21,"wall_ns":172698,"gpu_ns":116040,"timestamp_bits":64,"timestamp_period_ns":10}
{"profile_trial":22,"wall_ns":172567,"gpu_ns":116520,"timestamp_bits":64,"timestamp_period_ns":10}
{"profile_trial":23,"wall_ns":172046,"gpu_ns":116160,"timestamp_bits":64,"timestamp_period_ns":10}
{"profile_trial":24,"wall_ns":168880,"gpu_ns":114960,"timestamp_bits":64,"timestamp_period_ns":10}
{"profile_trial":25,"wall_ns":165454,"gpu_ns":110720,"timestamp_bits":64,"timestamp_period_ns":10}
{"profile_trial":26,"wall_ns":165173,"gpu_ns":111120,"timestamp_bits":64,"timestamp_period_ns":10}
{"profile_trial":27,"wall_ns":167207,"gpu_ns":110920,"timestamp_bits":64,"timestamp_period_ns":10}
{"profile_trial":28,"wall_ns":166476,"gpu_ns":111120,"timestamp_bits":64,"timestamp_period_ns":10}
{"profile_trial":29,"wall_ns":166075,"gpu_ns":110800,"timestamp_bits":64,"timestamp_period_ns":10}
{"profile_trial":30,"wall_ns":166185,"gpu_ns":111040,"timestamp_bits":64,"timestamp_period_ns":10}
{"profile_trial":31,"wall_ns":165353,"gpu_ns":111080,"timestamp_bits":64,"timestamp_period_ns":10}
device=AMD Radeon RX 7900 XTX (RADV NAVI31) vendor=1002 id=744c api=4211042 driver=109060099 family=1
allocation_bytes=111612208 sizes=55795824,55795824,20560 memory_types=5,0,5 groups=5120,1,1
["/home/USER/projects/zerv/third_party/matvec-push/2026-09-22-matvec-profile/native", "/home/USER/projects/zerv/third_party/gpu-matvec-bench/2026-09-22-gpu-matvec-repeat/q4_1-17408-5120.case", "/home/USER/projects/zerv/third_party/matvec-push/2026-09-22-matvec-profile/q4_1-17408-5120-aligned.output", "0", "--aligned", "--timestamps"]
{"profile_trial":0,"wall_ns":164953,"gpu_ns":108000,"timestamp_bits":64,"timestamp_period_ns":10}
{"profile_trial":1,"wall_ns":170222,"gpu_ns":107760,"timestamp_bits":64,"timestamp_period_ns":10}
{"profile_trial":2,"wall_ns":164431,"gpu_ns":107800,"timestamp_bits":64,"timestamp_period_ns":10}
{"profile_trial":3,"wall_ns":165373,"gpu_ns":107680,"timestamp_bits":64,"timestamp_period_ns":10}
{"profile_trial":4,"wall_ns":166366,"gpu_ns":107760,"timestamp_bits":64,"timestamp_period_ns":10}
{"profile_trial":5,"wall_ns":163790,"gpu_ns":107480,"timestamp_bits":64,"timestamp_period_ns":10}
{"profile_trial":6,"wall_ns":163529,"gpu_ns":108120,"timestamp_bits":64,"timestamp_period_ns":10}
{"profile_trial":7,"wall_ns":162207,"gpu_ns":107520,"timestamp_bits":64,"timestamp_period_ns":10}
{"profile_trial":8,"wall_ns":164252,"gpu_ns":109080,"timestamp_bits":64,"timestamp_period_ns":10}
{"profile_trial":9,"wall_ns":160334,"gpu_ns":107560,"timestamp_bits":64,"timestamp_period_ns":10}
{"profile_trial":10,"wall_ns":159081,"gpu_ns":108000,"timestamp_bits":64,"timestamp_period_ns":10}
{"profile_trial":11,"wall_ns":164321,"gpu_ns":107840,"timestamp_bits":64,"timestamp_period_ns":10}
{"profile_trial":12,"wall_ns":162668,"gpu_ns":107880,"timestamp_bits":64,"timestamp_period_ns":10}
{"profile_trial":13,"wall_ns":164411,"gpu_ns":108280,"timestamp_bits":64,"timestamp_period_ns":10}
{"profile_trial":14,"wall_ns":163670,"gpu_ns":107920,"timestamp_bits":64,"timestamp_period_ns":10}
{"profile_trial":15,"wall_ns":164391,"gpu_ns":107760,"timestamp_bits":64,"timestamp_period_ns":10}
{"profile_trial":16,"wall_ns":159913,"gpu_ns":106640,"timestamp_bits":64,"timestamp_period_ns":10}
{"profile_trial":17,"wall_ns":162718,"gpu_ns":106720,"timestamp_bits":64,"timestamp_period_ns":10}
{"profile_trial":18,"wall_ns":161617,"gpu_ns":106520,"timestamp_bits":64,"timestamp_period_ns":10}
{"profile_trial":19,"wall_ns":162518,"gpu_ns":106160,"timestamp_bits":64,"timestamp_period_ns":10}
{"profile_trial":20,"wall_ns":163209,"gpu_ns":106640,"timestamp_bits":64,"timestamp_period_ns":10}
{"profile_trial":21,"wall_ns":163209,"gpu_ns":106360,"timestamp_bits":64,"timestamp_period_ns":10}
{"profile_trial":22,"wall_ns":161757,"gpu_ns":106560,"timestamp_bits":64,"timestamp_period_ns":10}
{"profile_trial":23,"wall_ns":162548,"gpu_ns":106520,"timestamp_bits":64,"timestamp_period_ns":10}
{"profile_trial":24,"wall_ns":163500,"gpu_ns":106760,"timestamp_bits":64,"timestamp_period_ns":10}
{"profile_trial":25,"wall_ns":224696,"gpu_ns":101080,"timestamp_bits":64,"timestamp_period_ns":10}
{"profile_trial":26,"wall_ns":156887,"gpu_ns":101360,"timestamp_bits":64,"timestamp_period_ns":10}
{"profile_trial":27,"wall_ns":156115,"gpu_ns":101000,"timestamp_bits":64,"timestamp_period_ns":10}
{"profile_trial":28,"wall_ns":156496,"gpu_ns":101160,"timestamp_bits":64,"timestamp_period_ns":10}
{"profile_trial":29,"wall_ns":156827,"gpu_ns":101120,"timestamp_bits":64,"timestamp_period_ns":10}
{"profile_trial":30,"wall_ns":155344,"gpu_ns":101400,"timestamp_bits":64,"timestamp_period_ns":10}
{"profile_trial":31,"wall_ns":157358,"gpu_ns":101200,"timestamp_bits":64,"timestamp_period_ns":10}
device=AMD Radeon RX 7900 XTX (RADV NAVI31) vendor=1002 id=744c api=4211042 driver=109060099 family=1
allocation_bytes=111612176 sizes=55795808,55795808,20560 memory_types=5,0,5 groups=5120,1,1
["/home/USER/projects/zerv/third_party/matvec-push/2026-09-22-matvec-profile/native", "/home/USER/projects/zerv/third_party/gpu-matvec-bench/2026-09-22-gpu-matvec-repeat/q4_1-17408-5120.case", "/home/USER/projects/zerv/third_party/matvec-push/2026-09-22-matvec-profile/q4_1-17408-5120-stream.output", "0", "/home/USER/projects/zerv/third_party/matvec-push/2026-09-22-matvec-profile/stream.spv", "1", "--aligned", "--timestamps"]
{"profile_trial":0,"wall_ns":97114,"gpu_ns":39560,"timestamp_bits":64,"timestamp_period_ns":10}
{"profile_trial":1,"wall_ns":97545,"gpu_ns":39120,"timestamp_bits":64,"timestamp_period_ns":10}
{"profile_trial":2,"wall_ns":95350,"gpu_ns":39360,"timestamp_bits":64,"timestamp_period_ns":10}
{"profile_trial":3,"wall_ns":95741,"gpu_ns":39000,"timestamp_bits":64,"timestamp_period_ns":10}
{"profile_trial":4,"wall_ns":96303,"gpu_ns":39720,"timestamp_bits":64,"timestamp_period_ns":10}
{"profile_trial":5,"wall_ns":95210,"gpu_ns":39160,"timestamp_bits":64,"timestamp_period_ns":10}
{"profile_trial":6,"wall_ns":95070,"gpu_ns":39280,"timestamp_bits":64,"timestamp_period_ns":10}
{"profile_trial":7,"wall_ns":90962,"gpu_ns":39120,"timestamp_bits":64,"timestamp_period_ns":10}
{"profile_trial":8,"wall_ns":103546,"gpu_ns":54280,"timestamp_bits":64,"timestamp_period_ns":10}
{"profile_trial":9,"wall_ns":100601,"gpu_ns":39160,"timestamp_bits":64,"timestamp_period_ns":10}
{"profile_trial":10,"wall_ns":92034,"gpu_ns":39920,"timestamp_bits":64,"timestamp_period_ns":10}
{"profile_trial":11,"wall_ns":91192,"gpu_ns":39600,"timestamp_bits":64,"timestamp_period_ns":10}
{"profile_trial":12,"wall_ns":96192,"gpu_ns":40080,"timestamp_bits":64,"timestamp_period_ns":10}
{"profile_trial":13,"wall_ns":95792,"gpu_ns":39560,"timestamp_bits":64,"timestamp_period_ns":10}
{"profile_trial":14,"wall_ns":95721,"gpu_ns":39640,"timestamp_bits":64,"timestamp_period_ns":10}
{"profile_trial":15,"wall_ns":96733,"gpu_ns":39800,"timestamp_bits":64,"timestamp_period_ns":10}
{"profile_trial":16,"wall_ns":96293,"gpu_ns":39000,"timestamp_bits":64,"timestamp_period_ns":10}
{"profile_trial":17,"wall_ns":96122,"gpu_ns":39520,"timestamp_bits":64,"timestamp_period_ns":10}
{"profile_trial":18,"wall_ns":97004,"gpu_ns":40000,"timestamp_bits":64,"timestamp_period_ns":10}
{"profile_trial":19,"wall_ns":96482,"gpu_ns":39320,"timestamp_bits":64,"timestamp_period_ns":10}
{"profile_trial":20,"wall_ns":96563,"gpu_ns":39680,"timestamp_bits":64,"timestamp_period_ns":10}
{"profile_trial":21,"wall_ns":94379,"gpu_ns":39080,"timestamp_bits":64,"timestamp_period_ns":10}
{"profile_trial":22,"wall_ns":94810,"gpu_ns":39480,"timestamp_bits":64,"timestamp_period_ns":10}
{"profile_trial":23,"wall_ns":95972,"gpu_ns":39600,"timestamp_bits":64,"timestamp_period_ns":10}
{"profile_trial":24,"wall_ns":96723,"gpu_ns":39920,"timestamp_bits":64,"timestamp_period_ns":10}
{"profile_trial":25,"wall_ns":94920,"gpu_ns":39280,"timestamp_bits":64,"timestamp_period_ns":10}
{"profile_trial":26,"wall_ns":96403,"gpu_ns":40240,"timestamp_bits":64,"timestamp_period_ns":10}
{"profile_trial":27,"wall_ns":96062,"gpu_ns":40000,"timestamp_bits":64,"timestamp_period_ns":10}
{"profile_trial":28,"wall_ns":96583,"gpu_ns":39560,"timestamp_bits":64,"timestamp_period_ns":10}
{"profile_trial":29,"wall_ns":97204,"gpu_ns":40360,"timestamp_bits":64,"timestamp_period_ns":10}
{"profile_trial":30,"wall_ns":97304,"gpu_ns":40480,"timestamp_bits":64,"timestamp_period_ns":10}
{"profile_trial":31,"wall_ns":95681,"gpu_ns":39040,"timestamp_bits":64,"timestamp_period_ns":10}
device=AMD Radeon RX 7900 XTX (RADV NAVI31) vendor=1002 id=744c api=4211042 driver=109060099 family=1
allocation_bytes=111612176 sizes=55795808,55795808,20560 memory_types=5,0,5 groups=5120,1,1
["/home/USER/projects/zerv/third_party/matvec-push/2026-09-22-matvec-profile/native", "/home/USER/projects/zerv/third_party/gpu-matvec-bench/2026-09-22-gpu-matvec-repeat/q4_0-5120-17408.case", "/home/USER/projects/zerv/third_party/matvec-push/2026-09-22-matvec-profile/q4_0-5120-17408-stress.output", "0", "--timestamps"]
{"profile_trial":0,"wall_ns":163460,"gpu_ns":106880,"timestamp_bits":64,"timestamp_period_ns":10}
{"profile_trial":1,"wall_ns":163460,"gpu_ns":106680,"timestamp_bits":64,"timestamp_period_ns":10}
{"profile_trial":2,"wall_ns":163200,"gpu_ns":107160,"timestamp_bits":64,"timestamp_period_ns":10}
{"profile_trial":3,"wall_ns":163320,"gpu_ns":106720,"timestamp_bits":64,"timestamp_period_ns":10}
{"profile_trial":4,"wall_ns":164993,"gpu_ns":106920,"timestamp_bits":64,"timestamp_period_ns":10}
{"profile_trial":5,"wall_ns":163350,"gpu_ns":107200,"timestamp_bits":64,"timestamp_period_ns":10}
{"profile_trial":6,"wall_ns":163079,"gpu_ns":107560,"timestamp_bits":64,"timestamp_period_ns":10}
{"profile_trial":7,"wall_ns":163770,"gpu_ns":106720,"timestamp_bits":64,"timestamp_period_ns":10}
{"profile_trial":8,"wall_ns":163630,"gpu_ns":106800,"timestamp_bits":64,"timestamp_period_ns":10}
{"profile_trial":9,"wall_ns":163500,"gpu_ns":106560,"timestamp_bits":64,"timestamp_period_ns":10}
{"profile_trial":10,"wall_ns":163620,"gpu_ns":107200,"timestamp_bits":64,"timestamp_period_ns":10}
{"profile_trial":11,"wall_ns":163650,"gpu_ns":106760,"timestamp_bits":64,"timestamp_period_ns":10}
{"profile_trial":12,"wall_ns":162738,"gpu_ns":106880,"timestamp_bits":64,"timestamp_period_ns":10}
{"profile_trial":13,"wall_ns":163469,"gpu_ns":106800,"timestamp_bits":64,"timestamp_period_ns":10}
{"profile_trial":14,"wall_ns":163099,"gpu_ns":107000,"timestamp_bits":64,"timestamp_period_ns":10}
{"profile_trial":15,"wall_ns":163971,"gpu_ns":106880,"timestamp_bits":64,"timestamp_period_ns":10}
{"profile_trial":16,"wall_ns":163189,"gpu_ns":106960,"timestamp_bits":64,"timestamp_period_ns":10}
{"profile_trial":17,"wall_ns":164081,"gpu_ns":106640,"timestamp_bits":64,"timestamp_period_ns":10}
{"profile_trial":18,"wall_ns":163781,"gpu_ns":106840,"timestamp_bits":64,"timestamp_period_ns":10}
{"profile_trial":19,"wall_ns":163980,"gpu_ns":106880,"timestamp_bits":64,"timestamp_period_ns":10}
{"profile_trial":20,"wall_ns":163520,"gpu_ns":107040,"timestamp_bits":64,"timestamp_period_ns":10}
{"profile_trial":21,"wall_ns":163169,"gpu_ns":106720,"timestamp_bits":64,"timestamp_period_ns":10}
{"profile_trial":22,"wall_ns":163099,"gpu_ns":107080,"timestamp_bits":64,"timestamp_period_ns":10}
{"profile_trial":23,"wall_ns":171144,"gpu_ns":106800,"timestamp_bits":64,"timestamp_period_ns":10}
{"profile_trial":24,"wall_ns":163580,"gpu_ns":107160,"timestamp_bits":64,"timestamp_period_ns":10}
{"profile_trial":25,"wall_ns":163910,"gpu_ns":106760,"timestamp_bits":64,"timestamp_period_ns":10}
{"profile_trial":26,"wall_ns":163530,"gpu_ns":106960,"timestamp_bits":64,"timestamp_period_ns":10}
{"profile_trial":27,"wall_ns":162568,"gpu_ns":106760,"timestamp_bits":64,"timestamp_period_ns":10}
{"profile_trial":28,"wall_ns":164341,"gpu_ns":106880,"timestamp_bits":64,"timestamp_period_ns":10}
{"profile_trial":29,"wall_ns":169641,"gpu_ns":106720,"timestamp_bits":64,"timestamp_period_ns":10}
{"profile_trial":30,"wall_ns":163670,"gpu_ns":106600,"timestamp_bits":64,"timestamp_period_ns":10}
{"profile_trial":31,"wall_ns":162728,"gpu_ns":105720,"timestamp_bits":64,"timestamp_period_ns":10}
device=AMD Radeon RX 7900 XTX (RADV NAVI31) vendor=1002 id=744c api=4211042 driver=109060099 family=1
allocation_bytes=100520240 sizes=50225264,50225264,69712 memory_types=5,0,5 groups=17408,1,1
["/home/USER/projects/zerv/third_party/matvec-push/2026-09-22-matvec-profile/native", "/home/USER/projects/zerv/third_party/gpu-matvec-bench/2026-09-22-gpu-matvec-repeat/q4_0-5120-17408.case", "/home/USER/projects/zerv/third_party/matvec-push/2026-09-22-matvec-profile/q4_0-5120-17408-aligned.output", "0", "--aligned", "--timestamps"]
{"profile_trial":0,"wall_ns":162478,"gpu_ns":106720,"timestamp_bits":64,"timestamp_period_ns":10}
{"profile_trial":1,"wall_ns":163109,"gpu_ns":106560,"timestamp_bits":64,"timestamp_period_ns":10}
{"profile_trial":2,"wall_ns":162307,"gpu_ns":106720,"timestamp_bits":64,"timestamp_period_ns":10}
{"profile_trial":3,"wall_ns":163419,"gpu_ns":106600,"timestamp_bits":64,"timestamp_period_ns":10}
{"profile_trial":4,"wall_ns":164902,"gpu_ns":106800,"timestamp_bits":64,"timestamp_period_ns":10}
{"profile_trial":5,"wall_ns":162117,"gpu_ns":106760,"timestamp_bits":64,"timestamp_period_ns":10}
{"profile_trial":6,"wall_ns":162688,"gpu_ns":106840,"timestamp_bits":64,"timestamp_period_ns":10}
{"profile_trial":7,"wall_ns":162437,"gpu_ns":106600,"timestamp_bits":64,"timestamp_period_ns":10}
{"profile_trial":8,"wall_ns":161576,"gpu_ns":106880,"timestamp_bits":64,"timestamp_period_ns":10}
{"profile_trial":9,"wall_ns":162207,"gpu_ns":106800,"timestamp_bits":64,"timestamp_period_ns":10}
{"profile_trial":10,"wall_ns":164902,"gpu_ns":106840,"timestamp_bits":64,"timestamp_period_ns":10}
{"profile_trial":11,"wall_ns":162578,"gpu_ns":106480,"timestamp_bits":64,"timestamp_period_ns":10}
{"profile_trial":12,"wall_ns":162267,"gpu_ns":106800,"timestamp_bits":64,"timestamp_period_ns":10}
{"profile_trial":13,"wall_ns":162218,"gpu_ns":106520,"timestamp_bits":64,"timestamp_period_ns":10}
{"profile_trial":14,"wall_ns":161666,"gpu_ns":106880,"timestamp_bits":64,"timestamp_period_ns":10}
{"profile_trial":15,"wall_ns":163149,"gpu_ns":106640,"timestamp_bits":64,"timestamp_period_ns":10}
{"profile_trial":16,"wall_ns":163370,"gpu_ns":106880,"timestamp_bits":64,"timestamp_period_ns":10}
{"profile_trial":17,"wall_ns":162348,"gpu_ns":106520,"timestamp_bits":64,"timestamp_period_ns":10}
{"profile_trial":18,"wall_ns":162798,"gpu_ns":106720,"timestamp_bits":64,"timestamp_period_ns":10}
{"profile_trial":19,"wall_ns":161917,"gpu_ns":106680,"timestamp_bits":64,"timestamp_period_ns":10}
{"profile_trial":20,"wall_ns":161586,"gpu_ns":106680,"timestamp_bits":64,"timestamp_period_ns":10}
{"profile_trial":21,"wall_ns":166185,"gpu_ns":106680,"timestamp_bits":64,"timestamp_period_ns":10}
{"profile_trial":22,"wall_ns":163660,"gpu_ns":106720,"timestamp_bits":64,"timestamp_period_ns":10}
{"profile_trial":23,"wall_ns":165734,"gpu_ns":106600,"timestamp_bits":64,"timestamp_period_ns":10}
{"profile_trial":24,"wall_ns":163089,"gpu_ns":106760,"timestamp_bits":64,"timestamp_period_ns":10}
{"profile_trial":25,"wall_ns":162708,"gpu_ns":106560,"timestamp_bits":64,"timestamp_period_ns":10}
{"profile_trial":26,"wall_ns":160935,"gpu_ns":106840,"timestamp_bits":64,"timestamp_period_ns":10}
{"profile_trial":27,"wall_ns":162739,"gpu_ns":106560,"timestamp_bits":64,"timestamp_period_ns":10}
{"profile_trial":28,"wall_ns":172166,"gpu_ns":106920,"timestamp_bits":64,"timestamp_period_ns":10}
{"profile_trial":29,"wall_ns":163470,"gpu_ns":106480,"timestamp_bits":64,"timestamp_period_ns":10}
{"profile_trial":30,"wall_ns":179891,"gpu_ns":106800,"timestamp_bits":64,"timestamp_period_ns":10}
{"profile_trial":31,"wall_ns":161697,"gpu_ns":109080,"timestamp_bits":64,"timestamp_period_ns":10}
device=AMD Radeon RX 7900 XTX (RADV NAVI31) vendor=1002 id=744c api=4211042 driver=109060099 family=1
allocation_bytes=100520208 sizes=50225248,50225248,69712 memory_types=5,0,5 groups=17408,1,1
["/home/USER/projects/zerv/third_party/matvec-push/2026-09-22-matvec-profile/native", "/home/USER/projects/zerv/third_party/gpu-matvec-bench/2026-09-22-gpu-matvec-repeat/q4_0-5120-17408.case", "/home/USER/projects/zerv/third_party/matvec-push/2026-09-22-matvec-profile/q4_0-5120-17408-stream.output", "0", "/home/USER/projects/zerv/third_party/matvec-push/2026-09-22-matvec-profile/stream.spv", "1", "--aligned", "--timestamps"]
{"profile_trial":0,"wall_ns":113986,"gpu_ns":46520,"timestamp_bits":64,"timestamp_period_ns":10}
{"profile_trial":1,"wall_ns":106201,"gpu_ns":46160,"timestamp_bits":64,"timestamp_period_ns":10}
{"profile_trial":2,"wall_ns":103386,"gpu_ns":46440,"timestamp_bits":64,"timestamp_period_ns":10}
{"profile_trial":3,"wall_ns":103396,"gpu_ns":46160,"timestamp_bits":64,"timestamp_period_ns":10}
{"profile_trial":4,"wall_ns":100361,"gpu_ns":46520,"timestamp_bits":64,"timestamp_period_ns":10}
{"profile_trial":5,"wall_ns":102785,"gpu_ns":46040,"timestamp_bits":64,"timestamp_period_ns":10}
{"profile_trial":6,"wall_ns":102674,"gpu_ns":46520,"timestamp_bits":64,"timestamp_period_ns":10}
{"profile_trial":7,"wall_ns":101362,"gpu_ns":46120,"timestamp_bits":64,"timestamp_period_ns":10}
{"profile_trial":8,"wall_ns":102113,"gpu_ns":46480,"timestamp_bits":64,"timestamp_period_ns":10}
{"profile_trial":9,"wall_ns":102504,"gpu_ns":46040,"timestamp_bits":64,"timestamp_period_ns":10}
{"profile_trial":10,"wall_ns":101853,"gpu_ns":46480,"timestamp_bits":64,"timestamp_period_ns":10}
{"profile_trial":11,"wall_ns":102003,"gpu_ns":46120,"timestamp_bits":64,"timestamp_period_ns":10}
{"profile_trial":12,"wall_ns":101984,"gpu_ns":46440,"timestamp_bits":64,"timestamp_period_ns":10}
{"profile_trial":13,"wall_ns":101913,"gpu_ns":46160,"timestamp_bits":64,"timestamp_period_ns":10}
{"profile_trial":14,"wall_ns":101522,"gpu_ns":46440,"timestamp_bits":64,"timestamp_period_ns":10}
{"profile_trial":15,"wall_ns":101823,"gpu_ns":46080,"timestamp_bits":64,"timestamp_period_ns":10}
{"profile_trial":16,"wall_ns":102134,"gpu_ns":46520,"timestamp_bits":64,"timestamp_period_ns":10}
{"profile_trial":17,"wall_ns":101502,"gpu_ns":46040,"timestamp_bits":64,"timestamp_period_ns":10}
{"profile_trial":18,"wall_ns":101181,"gpu_ns":46440,"timestamp_bits":64,"timestamp_period_ns":10}
{"profile_trial":19,"wall_ns":101582,"gpu_ns":46080,"timestamp_bits":64,"timestamp_period_ns":10}
{"profile_trial":20,"wall_ns":102684,"gpu_ns":46400,"timestamp_bits":64,"timestamp_period_ns":10}
{"profile_trial":21,"wall_ns":103526,"gpu_ns":46120,"timestamp_bits":64,"timestamp_period_ns":10}
{"profile_trial":22,"wall_ns":102945,"gpu_ns":46600,"timestamp_bits":64,"timestamp_period_ns":10}
{"profile_trial":23,"wall_ns":102654,"gpu_ns":46120,"timestamp_bits":64,"timestamp_period_ns":10}
{"profile_trial":24,"wall_ns":101623,"gpu_ns":46560,"timestamp_bits":64,"timestamp_period_ns":10}
{"profile_trial":25,"wall_ns":101462,"gpu_ns":46040,"timestamp_bits":64,"timestamp_period_ns":10}
{"profile_trial":26,"wall_ns":101823,"gpu_ns":46480,"timestamp_bits":64,"timestamp_period_ns":10}
{"profile_trial":27,"wall_ns":101592,"gpu_ns":46080,"timestamp_bits":64,"timestamp_period_ns":10}
{"profile_trial":28,"wall_ns":106121,"gpu_ns":46480,"timestamp_bits":64,"timestamp_period_ns":10}
{"profile_trial":29,"wall_ns":102915,"gpu_ns":46080,"timestamp_bits":64,"timestamp_period_ns":10}
{"profile_trial":30,"wall_ns":102755,"gpu_ns":46480,"timestamp_bits":64,"timestamp_period_ns":10}
{"profile_trial":31,"wall_ns":104167,"gpu_ns":46120,"timestamp_bits":64,"timestamp_period_ns":10}
device=AMD Radeon RX 7900 XTX (RADV NAVI31) vendor=1002 id=744c api=4211042 driver=109060099 family=1
allocation_bytes=100520208 sizes=50225248,50225248,69712 memory_types=5,0,5 groups=17408,1,1
["/home/USER/projects/zerv/third_party/matvec-push/2026-09-22-matvec-profile/native", "/home/USER/projects/zerv/third_party/gpu-matvec-bench/2026-09-22-gpu-matvec-repeat/f32-5120-48.case", "/home/USER/projects/zerv/third_party/matvec-push/2026-09-22-matvec-profile/f32-5120-48-stress.output", "0", "--timestamps"]
{"profile_trial":0,"wall_ns":60094,"gpu_ns":10320,"timestamp_bits":64,"timestamp_period_ns":10}
{"profile_trial":1,"wall_ns":59824,"gpu_ns":9880,"timestamp_bits":64,"timestamp_period_ns":10}
{"profile_trial":2,"wall_ns":59393,"gpu_ns":10280,"timestamp_bits":64,"timestamp_period_ns":10}
{"profile_trial":3,"wall_ns":60054,"gpu_ns":9920,"timestamp_bits":64,"timestamp_period_ns":10}
{"profile_trial":4,"wall_ns":59593,"gpu_ns":10360,"timestamp_bits":64,"timestamp_period_ns":10}
{"profile_trial":5,"wall_ns":60755,"gpu_ns":10280,"timestamp_bits":64,"timestamp_period_ns":10}
{"profile_trial":6,"wall_ns":59893,"gpu_ns":10280,"timestamp_bits":64,"timestamp_period_ns":10}
{"profile_trial":7,"wall_ns":59974,"gpu_ns":9880,"timestamp_bits":64,"timestamp_period_ns":10}
{"profile_trial":8,"wall_ns":59723,"gpu_ns":10320,"timestamp_bits":64,"timestamp_period_ns":10}
{"profile_trial":9,"wall_ns":59172,"gpu_ns":9920,"timestamp_bits":64,"timestamp_period_ns":10}
{"profile_trial":10,"wall_ns":60846,"gpu_ns":10320,"timestamp_bits":64,"timestamp_period_ns":10}
{"profile_trial":11,"wall_ns":60204,"gpu_ns":9880,"timestamp_bits":64,"timestamp_period_ns":10}
{"profile_trial":12,"wall_ns":59502,"gpu_ns":10320,"timestamp_bits":64,"timestamp_period_ns":10}
{"profile_trial":13,"wall_ns":59593,"gpu_ns":9920,"timestamp_bits":64,"timestamp_period_ns":10}
{"profile_trial":14,"wall_ns":60244,"gpu_ns":10280,"timestamp_bits":64,"timestamp_period_ns":10}
{"profile_trial":15,"wall_ns":63801,"gpu_ns":9920,"timestamp_bits":64,"timestamp_period_ns":10}
{"profile_trial":16,"wall_ns":59613,"gpu_ns":10320,"timestamp_bits":64,"timestamp_period_ns":10}
{"profile_trial":17,"wall_ns":63220,"gpu_ns":9920,"timestamp_bits":64,"timestamp_period_ns":10}
{"profile_trial":18,"wall_ns":62037,"gpu_ns":10320,"timestamp_bits":64,"timestamp_period_ns":10}
{"profile_trial":19,"wall_ns":61838,"gpu_ns":9880,"timestamp_bits":64,"timestamp_period_ns":10}
{"profile_trial":20,"wall_ns":60264,"gpu_ns":10320,"timestamp_bits":64,"timestamp_period_ns":10}
{"profile_trial":21,"wall_ns":60505,"gpu_ns":9920,"timestamp_bits":64,"timestamp_period_ns":10}
{"profile_trial":22,"wall_ns":66155,"gpu_ns":10680,"timestamp_bits":64,"timestamp_period_ns":10}
{"profile_trial":23,"wall_ns":61637,"gpu_ns":10240,"timestamp_bits":64,"timestamp_period_ns":10}
{"profile_trial":24,"wall_ns":61657,"gpu_ns":10320,"timestamp_bits":64,"timestamp_period_ns":10}
{"profile_trial":25,"wall_ns":59994,"gpu_ns":9880,"timestamp_bits":64,"timestamp_period_ns":10}
{"profile_trial":26,"wall_ns":60655,"gpu_ns":10320,"timestamp_bits":64,"timestamp_period_ns":10}
{"profile_trial":27,"wall_ns":61827,"gpu_ns":9880,"timestamp_bits":64,"timestamp_period_ns":10}
{"profile_trial":28,"wall_ns":59874,"gpu_ns":10320,"timestamp_bits":64,"timestamp_period_ns":10}
{"profile_trial":29,"wall_ns":58791,"gpu_ns":9920,"timestamp_bits":64,"timestamp_period_ns":10}
{"profile_trial":30,"wall_ns":60255,"gpu_ns":10280,"timestamp_bits":64,"timestamp_period_ns":10}
{"profile_trial":31,"wall_ns":61025,"gpu_ns":9880,"timestamp_bits":64,"timestamp_period_ns":10}
device=AMD Radeon RX 7900 XTX (RADV NAVI31) vendor=1002 id=744c api=4211042 driver=109060099 family=1
allocation_bytes=2007920 sizes=1003824,1003824,272 memory_types=5,0,5 groups=48,1,1
["/home/USER/projects/zerv/third_party/matvec-push/2026-09-22-matvec-profile/native", "/home/USER/projects/zerv/third_party/gpu-matvec-bench/2026-09-22-gpu-matvec-repeat/f32-5120-48.case", "/home/USER/projects/zerv/third_party/matvec-push/2026-09-22-matvec-profile/f32-5120-48-aligned.output", "0", "--aligned", "--timestamps"]
{"profile_trial":0,"wall_ns":60334,"gpu_ns":10400,"timestamp_bits":64,"timestamp_period_ns":10}
{"profile_trial":1,"wall_ns":59493,"gpu_ns":9960,"timestamp_bits":64,"timestamp_period_ns":10}
{"profile_trial":2,"wall_ns":59844,"gpu_ns":10360,"timestamp_bits":64,"timestamp_period_ns":10}
{"profile_trial":3,"wall_ns":60805,"gpu_ns":9960,"timestamp_bits":64,"timestamp_period_ns":10}
{"profile_trial":4,"wall_ns":59282,"gpu_ns":10360,"timestamp_bits":64,"timestamp_period_ns":10}
{"profile_trial":5,"wall_ns":58862,"gpu_ns":9960,"timestamp_bits":64,"timestamp_period_ns":10}
{"profile_trial":6,"wall_ns":59112,"gpu_ns":10360,"timestamp_bits":64,"timestamp_period_ns":10}
{"profile_trial":7,"wall_ns":57339,"gpu_ns":10000,"timestamp_bits":64,"timestamp_period_ns":10}
{"profile_trial":8,"wall_ns":59132,"gpu_ns":10400,"timestamp_bits":64,"timestamp_period_ns":10}
{"profile_trial":9,"wall_ns":60044,"gpu_ns":10000,"timestamp_bits":64,"timestamp_period_ns":10}
{"profile_trial":10,"wall_ns":59372,"gpu_ns":10360,"timestamp_bits":64,"timestamp_period_ns":10}
{"profile_trial":11,"wall_ns":58861,"gpu_ns":10000,"timestamp_bits":64,"timestamp_period_ns":10}
{"profile_trial":12,"wall_ns":59443,"gpu_ns":10360,"timestamp_bits":64,"timestamp_period_ns":10}
{"profile_trial":13,"wall_ns":59142,"gpu_ns":9960,"timestamp_bits":64,"timestamp_period_ns":10}
{"profile_trial":14,"wall_ns":58971,"gpu_ns":10400,"timestamp_bits":64,"timestamp_period_ns":10}
{"profile_trial":15,"wall_ns":59884,"gpu_ns":9960,"timestamp_bits":64,"timestamp_period_ns":10}
{"profile_trial":16,"wall_ns":60114,"gpu_ns":10360,"timestamp_bits":64,"timestamp_period_ns":10}
{"profile_trial":17,"wall_ns":61145,"gpu_ns":9960,"timestamp_bits":64,"timestamp_period_ns":10}
{"profile_trial":18,"wall_ns":59232,"gpu_ns":10360,"timestamp_bits":64,"timestamp_period_ns":10}
{"profile_trial":19,"wall_ns":58852,"gpu_ns":9960,"timestamp_bits":64,"timestamp_period_ns":10}
{"profile_trial":20,"wall_ns":58861,"gpu_ns":10360,"timestamp_bits":64,"timestamp_period_ns":10}
{"profile_trial":21,"wall_ns":59082,"gpu_ns":10000,"timestamp_bits":64,"timestamp_period_ns":10}
{"profile_trial":22,"wall_ns":61176,"gpu_ns":10360,"timestamp_bits":64,"timestamp_period_ns":10}
{"profile_trial":23,"wall_ns":58782,"gpu_ns":9960,"timestamp_bits":64,"timestamp_period_ns":10}
{"profile_trial":24,"wall_ns":60334,"gpu_ns":10360,"timestamp_bits":64,"timestamp_period_ns":10}
{"profile_trial":25,"wall_ns":59653,"gpu_ns":9960,"timestamp_bits":64,"timestamp_period_ns":10}
{"profile_trial":26,"wall_ns":59342,"gpu_ns":10360,"timestamp_bits":64,"timestamp_period_ns":10}
{"profile_trial":27,"wall_ns":63641,"gpu_ns":10000,"timestamp_bits":64,"timestamp_period_ns":10}
{"profile_trial":28,"wall_ns":59032,"gpu_ns":10360,"timestamp_bits":64,"timestamp_period_ns":10}
{"profile_trial":29,"wall_ns":59823,"gpu_ns":10320,"timestamp_bits":64,"timestamp_period_ns":10}
{"profile_trial":30,"wall_ns":59482,"gpu_ns":10360,"timestamp_bits":64,"timestamp_period_ns":10}
{"profile_trial":31,"wall_ns":64823,"gpu_ns":9960,"timestamp_bits":64,"timestamp_period_ns":10}
device=AMD Radeon RX 7900 XTX (RADV NAVI31) vendor=1002 id=744c api=4211042 driver=109060099 family=1
allocation_bytes=2007888 sizes=1003808,1003808,272 memory_types=5,0,5 groups=48,1,1
["/home/USER/projects/zerv/third_party/matvec-push/2026-09-22-matvec-profile/native", "/home/USER/projects/zerv/third_party/gpu-matvec-bench/2026-09-22-gpu-matvec-repeat/f32-5120-48.case", "/home/USER/projects/zerv/third_party/matvec-push/2026-09-22-matvec-profile/f32-5120-48-stream.output", "0", "/home/USER/projects/zerv/third_party/matvec-push/2026-09-22-matvec-profile/stream.spv", "1", "--aligned", "--timestamps"]
{"profile_trial":0,"wall_ns":60174,"gpu_ns":10360,"timestamp_bits":64,"timestamp_period_ns":10}
{"profile_trial":1,"wall_ns":60074,"gpu_ns":9920,"timestamp_bits":64,"timestamp_period_ns":10}
{"profile_trial":2,"wall_ns":64553,"gpu_ns":10320,"timestamp_bits":64,"timestamp_period_ns":10}
{"profile_trial":3,"wall_ns":60465,"gpu_ns":9920,"timestamp_bits":64,"timestamp_period_ns":10}
{"profile_trial":4,"wall_ns":59984,"gpu_ns":10320,"timestamp_bits":64,"timestamp_period_ns":10}
{"profile_trial":5,"wall_ns":59964,"gpu_ns":9920,"timestamp_bits":64,"timestamp_period_ns":10}
{"profile_trial":6,"wall_ns":63119,"gpu_ns":10680,"timestamp_bits":64,"timestamp_period_ns":10}
{"profile_trial":7,"wall_ns":59482,"gpu_ns":9920,"timestamp_bits":64,"timestamp_period_ns":10}
{"profile_trial":8,"wall_ns":60384,"gpu_ns":10320,"timestamp_bits":64,"timestamp_period_ns":10}
{"profile_trial":9,"wall_ns":59734,"gpu_ns":9920,"timestamp_bits":64,"timestamp_period_ns":10}
{"profile_trial":10,"wall_ns":59873,"gpu_ns":10320,"timestamp_bits":64,"timestamp_period_ns":10}
{"profile_trial":11,"wall_ns":60664,"gpu_ns":9960,"timestamp_bits":64,"timestamp_period_ns":10}
{"profile_trial":12,"wall_ns":61466,"gpu_ns":10320,"timestamp_bits":64,"timestamp_period_ns":10}
{"profile_trial":13,"wall_ns":59603,"gpu_ns":9920,"timestamp_bits":64,"timestamp_period_ns":10}
{"profile_trial":14,"wall_ns":59923,"gpu_ns":10320,"timestamp_bits":64,"timestamp_period_ns":10}
{"profile_trial":15,"wall_ns":59934,"gpu_ns":9920,"timestamp_bits":64,"timestamp_period_ns":10}
{"profile_trial":16,"wall_ns":57830,"gpu_ns":10320,"timestamp_bits":64,"timestamp_period_ns":10}
{"profile_trial":17,"wall_ns":59633,"gpu_ns":9880,"timestamp_bits":64,"timestamp_period_ns":10}
{"profile_trial":18,"wall_ns":60224,"gpu_ns":10280,"timestamp_bits":64,"timestamp_period_ns":10}
{"profile_trial":19,"wall_ns":60925,"gpu_ns":9920,"timestamp_bits":64,"timestamp_period_ns":10}
{"profile_trial":20,"wall_ns":59714,"gpu_ns":10280,"timestamp_bits":64,"timestamp_period_ns":10}
{"profile_trial":21,"wall_ns":60805,"gpu_ns":9920,"timestamp_bits":64,"timestamp_period_ns":10}
{"profile_trial":22,"wall_ns":59824,"gpu_ns":10320,"timestamp_bits":64,"timestamp_period_ns":10}
{"profile_trial":23,"wall_ns":59733,"gpu_ns":9920,"timestamp_bits":64,"timestamp_period_ns":10}
{"profile_trial":24,"wall_ns":59783,"gpu_ns":10280,"timestamp_bits":64,"timestamp_period_ns":10}
{"profile_trial":25,"wall_ns":59543,"gpu_ns":9880,"timestamp_bits":64,"timestamp_period_ns":10}
{"profile_trial":26,"wall_ns":59954,"gpu_ns":10320,"timestamp_bits":64,"timestamp_period_ns":10}
{"profile_trial":27,"wall_ns":60124,"gpu_ns":9920,"timestamp_bits":64,"timestamp_period_ns":10}
{"profile_trial":28,"wall_ns":61667,"gpu_ns":10280,"timestamp_bits":64,"timestamp_period_ns":10}
{"profile_trial":29,"wall_ns":64882,"gpu_ns":9920,"timestamp_bits":64,"timestamp_period_ns":10}
{"profile_trial":30,"wall_ns":61136,"gpu_ns":10640,"timestamp_bits":64,"timestamp_period_ns":10}
{"profile_trial":31,"wall_ns":60484,"gpu_ns":9880,"timestamp_bits":64,"timestamp_period_ns":10}
device=AMD Radeon RX 7900 XTX (RADV NAVI31) vendor=1002 id=744c api=4211042 driver=109060099 family=1
allocation_bytes=2007888 sizes=1003808,1003808,272 memory_types=5,0,5 groups=48,1,1
["/home/USER/projects/zerv/third_party/matvec-push/2026-09-22-matvec-profile/native", "/home/USER/projects/zerv/third_party/gpu-matvec-bench/2026-09-22-gpu-matvec-repeat/q5_k-6144-5120.case", "/home/USER/projects/zerv/third_party/matvec-push/2026-09-22-matvec-profile/q5_k-6144-5120-stress.output", "0", "--timestamps"]
{"profile_trial":0,"wall_ns":112493,"gpu_ns":54280,"timestamp_bits":64,"timestamp_period_ns":10}
{"profile_trial":1,"wall_ns":110209,"gpu_ns":53720,"timestamp_bits":64,"timestamp_period_ns":10}
{"profile_trial":2,"wall_ns":110259,"gpu_ns":53960,"timestamp_bits":64,"timestamp_period_ns":10}
{"profile_trial":3,"wall_ns":108686,"gpu_ns":54080,"timestamp_bits":64,"timestamp_period_ns":10}
{"profile_trial":4,"wall_ns":109607,"gpu_ns":54360,"timestamp_bits":64,"timestamp_period_ns":10}
{"profile_trial":5,"wall_ns":110058,"gpu_ns":53840,"timestamp_bits":64,"timestamp_period_ns":10}
{"profile_trial":6,"wall_ns":109808,"gpu_ns":54000,"timestamp_bits":64,"timestamp_period_ns":10}
{"profile_trial":7,"wall_ns":109457,"gpu_ns":53840,"timestamp_bits":64,"timestamp_period_ns":10}
{"profile_trial":8,"wall_ns":110349,"gpu_ns":54000,"timestamp_bits":64,"timestamp_period_ns":10}
{"profile_trial":9,"wall_ns":112483,"gpu_ns":53920,"timestamp_bits":64,"timestamp_period_ns":10}
{"profile_trial":10,"wall_ns":109778,"gpu_ns":53920,"timestamp_bits":64,"timestamp_period_ns":10}
{"profile_trial":11,"wall_ns":109728,"gpu_ns":54320,"timestamp_bits":64,"timestamp_period_ns":10}
{"profile_trial":12,"wall_ns":108115,"gpu_ns":53640,"timestamp_bits":64,"timestamp_period_ns":10}
{"profile_trial":13,"wall_ns":108014,"gpu_ns":53960,"timestamp_bits":64,"timestamp_period_ns":10}
{"profile_trial":14,"wall_ns":110379,"gpu_ns":55000,"timestamp_bits":64,"timestamp_period_ns":10}
{"profile_trial":15,"wall_ns":109939,"gpu_ns":53680,"timestamp_bits":64,"timestamp_period_ns":10}
{"profile_trial":16,"wall_ns":108746,"gpu_ns":54120,"timestamp_bits":64,"timestamp_period_ns":10}
{"profile_trial":17,"wall_ns":109327,"gpu_ns":54000,"timestamp_bits":64,"timestamp_period_ns":10}
{"profile_trial":18,"wall_ns":109538,"gpu_ns":53680,"timestamp_bits":64,"timestamp_period_ns":10}
{"profile_trial":19,"wall_ns":109468,"gpu_ns":53680,"timestamp_bits":64,"timestamp_period_ns":10}
{"profile_trial":20,"wall_ns":109557,"gpu_ns":54120,"timestamp_bits":64,"timestamp_period_ns":10}
{"profile_trial":21,"wall_ns":108375,"gpu_ns":53680,"timestamp_bits":64,"timestamp_period_ns":10}
{"profile_trial":22,"wall_ns":109398,"gpu_ns":54160,"timestamp_bits":64,"timestamp_period_ns":10}
{"profile_trial":23,"wall_ns":110099,"gpu_ns":54120,"timestamp_bits":64,"timestamp_period_ns":10}
{"profile_trial":24,"wall_ns":110720,"gpu_ns":54480,"timestamp_bits":64,"timestamp_period_ns":10}
{"profile_trial":25,"wall_ns":110008,"gpu_ns":54120,"timestamp_bits":64,"timestamp_period_ns":10}
{"profile_trial":26,"wall_ns":110168,"gpu_ns":54120,"timestamp_bits":64,"timestamp_period_ns":10}
{"profile_trial":27,"wall_ns":110880,"gpu_ns":53720,"timestamp_bits":64,"timestamp_period_ns":10}
{"profile_trial":28,"wall_ns":109778,"gpu_ns":53800,"timestamp_bits":64,"timestamp_period_ns":10}
{"profile_trial":29,"wall_ns":110009,"gpu_ns":54160,"timestamp_bits":64,"timestamp_period_ns":10}
{"profile_trial":30,"wall_ns":109437,"gpu_ns":54840,"timestamp_bits":64,"timestamp_period_ns":10}
{"profile_trial":31,"wall_ns":115439,"gpu_ns":53720,"timestamp_bits":64,"timestamp_period_ns":10}
device=AMD Radeon RX 7900 XTX (RADV NAVI31) vendor=1002 id=744c api=4211042 driver=109060099 family=1
allocation_bytes=43364656 sizes=21672048,21672048,20560 memory_types=5,0,5 groups=5120,1,1
["/home/USER/projects/zerv/third_party/matvec-push/2026-09-22-matvec-profile/native", "/home/USER/projects/zerv/third_party/gpu-matvec-bench/2026-09-22-gpu-matvec-repeat/q5_k-6144-5120.case", "/home/USER/projects/zerv/third_party/matvec-push/2026-09-22-matvec-profile/q5_k-6144-5120-aligned.output", "0", "--aligned", "--timestamps"]
{"profile_trial":0,"wall_ns":103626,"gpu_ns":42200,"timestamp_bits":64,"timestamp_period_ns":10}
{"profile_trial":1,"wall_ns":98757,"gpu_ns":42200,"timestamp_bits":64,"timestamp_period_ns":10}
{"profile_trial":2,"wall_ns":97865,"gpu_ns":42320,"timestamp_bits":64,"timestamp_period_ns":10}
{"profile_trial":3,"wall_ns":96824,"gpu_ns":42240,"timestamp_bits":64,"timestamp_period_ns":10}
{"profile_trial":4,"wall_ns":99529,"gpu_ns":42600,"timestamp_bits":64,"timestamp_period_ns":10}
{"profile_trial":5,"wall_ns":98867,"gpu_ns":42120,"timestamp_bits":64,"timestamp_period_ns":10}
{"profile_trial":6,"wall_ns":97585,"gpu_ns":42360,"timestamp_bits":64,"timestamp_period_ns":10}
{"profile_trial":7,"wall_ns":96533,"gpu_ns":42120,"timestamp_bits":64,"timestamp_period_ns":10}
{"profile_trial":8,"wall_ns":97444,"gpu_ns":42240,"timestamp_bits":64,"timestamp_period_ns":10}
{"profile_trial":9,"wall_ns":97665,"gpu_ns":42160,"timestamp_bits":64,"timestamp_period_ns":10}
{"profile_trial":10,"wall_ns":97425,"gpu_ns":42440,"timestamp_bits":64,"timestamp_period_ns":10}
{"profile_trial":11,"wall_ns":97364,"gpu_ns":42200,"timestamp_bits":64,"timestamp_period_ns":10}
{"profile_trial":12,"wall_ns":98105,"gpu_ns":42120,"timestamp_bits":64,"timestamp_period_ns":10}
{"profile_trial":13,"wall_ns":98306,"gpu_ns":42200,"timestamp_bits":64,"timestamp_period_ns":10}
{"profile_trial":14,"wall_ns":100260,"gpu_ns":42360,"timestamp_bits":64,"timestamp_period_ns":10}
{"profile_trial":15,"wall_ns":97846,"gpu_ns":42160,"timestamp_bits":64,"timestamp_period_ns":10}
{"profile_trial":16,"wall_ns":97274,"gpu_ns":42280,"timestamp_bits":64,"timestamp_period_ns":10}
{"profile_trial":17,"wall_ns":96372,"gpu_ns":42240,"timestamp_bits":64,"timestamp_period_ns":10}
{"profile_trial":18,"wall_ns":97595,"gpu_ns":42240,"timestamp_bits":64,"timestamp_period_ns":10}
{"profile_trial":19,"wall_ns":97835,"gpu_ns":42160,"timestamp_bits":64,"timestamp_period_ns":10}
{"profile_trial":20,"wall_ns":97024,"gpu_ns":42280,"timestamp_bits":64,"timestamp_period_ns":10}
{"profile_trial":21,"wall_ns":97645,"gpu_ns":42160,"timestamp_bits":64,"timestamp_period_ns":10}
{"profile_trial":22,"wall_ns":98026,"gpu_ns":42240,"timestamp_bits":64,"timestamp_period_ns":10}
{"profile_trial":23,"wall_ns":97505,"gpu_ns":42400,"timestamp_bits":64,"timestamp_period_ns":10}
{"profile_trial":24,"wall_ns":99499,"gpu_ns":42360,"timestamp_bits":64,"timestamp_period_ns":10}
{"profile_trial":25,"wall_ns":97815,"gpu_ns":42160,"timestamp_bits":64,"timestamp_period_ns":10}
{"profile_trial":26,"wall_ns":98516,"gpu_ns":42320,"timestamp_bits":64,"timestamp_period_ns":10}
{"profile_trial":27,"wall_ns":96783,"gpu_ns":42120,"timestamp_bits":64,"timestamp_period_ns":10}
{"profile_trial":28,"wall_ns":99048,"gpu_ns":42320,"timestamp_bits":64,"timestamp_period_ns":10}
{"profile_trial":29,"wall_ns":98106,"gpu_ns":42240,"timestamp_bits":64,"timestamp_period_ns":10}
{"profile_trial":30,"wall_ns":97545,"gpu_ns":42360,"timestamp_bits":64,"timestamp_period_ns":10}
{"profile_trial":31,"wall_ns":98045,"gpu_ns":42240,"timestamp_bits":64,"timestamp_period_ns":10}
device=AMD Radeon RX 7900 XTX (RADV NAVI31) vendor=1002 id=744c api=4211042 driver=109060099 family=1
allocation_bytes=43364624 sizes=21672032,21672032,20560 memory_types=5,0,5 groups=5120,1,1
["/home/USER/projects/zerv/third_party/matvec-push/2026-09-22-matvec-profile/native", "/home/USER/projects/zerv/third_party/gpu-matvec-bench/2026-09-22-gpu-matvec-repeat/q5_k-6144-5120.case", "/home/USER/projects/zerv/third_party/matvec-push/2026-09-22-matvec-profile/q5_k-6144-5120-stream.output", "0", "/home/USER/projects/zerv/third_party/matvec-push/2026-09-22-matvec-profile/stream.spv", "1", "--aligned", "--timestamps"]
{"profile_trial":0,"wall_ns":77146,"gpu_ns":26520,"timestamp_bits":64,"timestamp_period_ns":10}
{"profile_trial":1,"wall_ns":82226,"gpu_ns":26360,"timestamp_bits":64,"timestamp_period_ns":10}
{"profile_trial":2,"wall_ns":77107,"gpu_ns":26600,"timestamp_bits":64,"timestamp_period_ns":10}
{"profile_trial":3,"wall_ns":77697,"gpu_ns":26400,"timestamp_bits":64,"timestamp_period_ns":10}
{"profile_trial":4,"wall_ns":75933,"gpu_ns":26560,"timestamp_bits":64,"timestamp_period_ns":10}
{"profile_trial":5,"wall_ns":76324,"gpu_ns":26440,"timestamp_bits":64,"timestamp_period_ns":10}
{"profile_trial":6,"wall_ns":76294,"gpu_ns":26600,"timestamp_bits":64,"timestamp_period_ns":10}
{"profile_trial":7,"wall_ns":76435,"gpu_ns":26200,"timestamp_bits":64,"timestamp_period_ns":10}
{"profile_trial":8,"wall_ns":75833,"gpu_ns":26520,"timestamp_bits":64,"timestamp_period_ns":10}
{"profile_trial":9,"wall_ns":75584,"gpu_ns":26120,"timestamp_bits":64,"timestamp_period_ns":10}
{"profile_trial":10,"wall_ns":76495,"gpu_ns":26680,"timestamp_bits":64,"timestamp_period_ns":10}
{"profile_trial":11,"wall_ns":78659,"gpu_ns":26240,"timestamp_bits":64,"timestamp_period_ns":10}
{"profile_trial":12,"wall_ns":75303,"gpu_ns":26600,"timestamp_bits":64,"timestamp_period_ns":10}
{"profile_trial":13,"wall_ns":75634,"gpu_ns":25920,"timestamp_bits":64,"timestamp_period_ns":10}
{"profile_trial":14,"wall_ns":75853,"gpu_ns":26400,"timestamp_bits":64,"timestamp_period_ns":10}
{"profile_trial":15,"wall_ns":76575,"gpu_ns":26120,"timestamp_bits":64,"timestamp_period_ns":10}
{"profile_trial":16,"wall_ns":76144,"gpu_ns":26440,"timestamp_bits":64,"timestamp_period_ns":10}
{"profile_trial":17,"wall_ns":76144,"gpu_ns":26120,"timestamp_bits":64,"timestamp_period_ns":10}
{"profile_trial":18,"wall_ns":76625,"gpu_ns":26320,"timestamp_bits":64,"timestamp_period_ns":10}
{"profile_trial":19,"wall_ns":76345,"gpu_ns":26200,"timestamp_bits":64,"timestamp_period_ns":10}
{"profile_trial":20,"wall_ns":76345,"gpu_ns":26600,"timestamp_bits":64,"timestamp_period_ns":10}
{"profile_trial":21,"wall_ns":76034,"gpu_ns":26040,"timestamp_bits":64,"timestamp_period_ns":10}
{"profile_trial":22,"wall_ns":73279,"gpu_ns":26840,"timestamp_bits":64,"timestamp_period_ns":10}
{"profile_trial":23,"wall_ns":76284,"gpu_ns":26400,"timestamp_bits":64,"timestamp_period_ns":10}
{"profile_trial":24,"wall_ns":77327,"gpu_ns":26880,"timestamp_bits":64,"timestamp_period_ns":10}
{"profile_trial":25,"wall_ns":75653,"gpu_ns":26200,"timestamp_bits":64,"timestamp_period_ns":10}
{"profile_trial":26,"wall_ns":90923,"gpu_ns":26480,"timestamp_bits":64,"timestamp_period_ns":10}
{"profile_trial":27,"wall_ns":76725,"gpu_ns":26160,"timestamp_bits":64,"timestamp_period_ns":10}
{"profile_trial":28,"wall_ns":77567,"gpu_ns":26440,"timestamp_bits":64,"timestamp_period_ns":10}
{"profile_trial":29,"wall_ns":77857,"gpu_ns":26120,"timestamp_bits":64,"timestamp_period_ns":10}
{"profile_trial":30,"wall_ns":77828,"gpu_ns":26760,"timestamp_bits":64,"timestamp_period_ns":10}
{"profile_trial":31,"wall_ns":76846,"gpu_ns":26080,"timestamp_bits":64,"timestamp_period_ns":10}
device=AMD Radeon RX 7900 XTX (RADV NAVI31) vendor=1002 id=744c api=4211042 driver=109060099 family=1
allocation_bytes=43364624 sizes=21672032,21672032,20560 memory_types=5,0,5 groups=5120,1,1
["/home/USER/projects/zerv/third_party/matvec-push/2026-09-22-matvec-profile/native", "/home/USER/projects/zerv/third_party/gpu-matvec-bench/2026-09-22-gpu-matvec-repeat/q4_0-5120-1024.case", "/home/USER/projects/zerv/third_party/matvec-push/2026-09-22-matvec-profile/q4_0-5120-1024-stress.output", "0", "--timestamps"]
{"profile_trial":0,"wall_ns":63060,"gpu_ns":14000,"timestamp_bits":64,"timestamp_period_ns":10}
{"profile_trial":1,"wall_ns":63500,"gpu_ns":13880,"timestamp_bits":64,"timestamp_period_ns":10}
{"profile_trial":2,"wall_ns":62769,"gpu_ns":14000,"timestamp_bits":64,"timestamp_period_ns":10}
{"profile_trial":3,"wall_ns":63059,"gpu_ns":13880,"timestamp_bits":64,"timestamp_period_ns":10}
{"profile_trial":4,"wall_ns":62799,"gpu_ns":14040,"timestamp_bits":64,"timestamp_period_ns":10}
{"profile_trial":5,"wall_ns":62709,"gpu_ns":13840,"timestamp_bits":64,"timestamp_period_ns":10}
{"profile_trial":6,"wall_ns":63120,"gpu_ns":13960,"timestamp_bits":64,"timestamp_period_ns":10}
{"profile_trial":7,"wall_ns":62939,"gpu_ns":13880,"timestamp_bits":64,"timestamp_period_ns":10}
{"profile_trial":8,"wall_ns":63220,"gpu_ns":14040,"timestamp_bits":64,"timestamp_period_ns":10}
{"profile_trial":9,"wall_ns":64632,"gpu_ns":13960,"timestamp_bits":64,"timestamp_period_ns":10}
{"profile_trial":10,"wall_ns":62910,"gpu_ns":13960,"timestamp_bits":64,"timestamp_period_ns":10}
{"profile_trial":11,"wall_ns":63460,"gpu_ns":13880,"timestamp_bits":64,"timestamp_period_ns":10}
{"profile_trial":12,"wall_ns":67368,"gpu_ns":14000,"timestamp_bits":64,"timestamp_period_ns":10}
{"profile_trial":13,"wall_ns":64101,"gpu_ns":13840,"timestamp_bits":64,"timestamp_period_ns":10}
{"profile_trial":14,"wall_ns":63731,"gpu_ns":13960,"timestamp_bits":64,"timestamp_period_ns":10}
{"profile_trial":15,"wall_ns":63931,"gpu_ns":13960,"timestamp_bits":64,"timestamp_period_ns":10}
{"profile_trial":16,"wall_ns":63089,"gpu_ns":14120,"timestamp_bits":64,"timestamp_period_ns":10}
{"profile_trial":17,"wall_ns":63070,"gpu_ns":13840,"timestamp_bits":64,"timestamp_period_ns":10}
{"profile_trial":18,"wall_ns":62889,"gpu_ns":14000,"timestamp_bits":64,"timestamp_period_ns":10}
{"profile_trial":19,"wall_ns":62909,"gpu_ns":13880,"timestamp_bits":64,"timestamp_period_ns":10}
{"profile_trial":20,"wall_ns":63170,"gpu_ns":13960,"timestamp_bits":64,"timestamp_period_ns":10}
{"profile_trial":21,"wall_ns":64041,"gpu_ns":13800,"timestamp_bits":64,"timestamp_period_ns":10}
{"profile_trial":22,"wall_ns":63400,"gpu_ns":14080,"timestamp_bits":64,"timestamp_period_ns":10}
{"profile_trial":23,"wall_ns":62829,"gpu_ns":13880,"timestamp_bits":64,"timestamp_period_ns":10}
{"profile_trial":24,"wall_ns":61637,"gpu_ns":14080,"timestamp_bits":64,"timestamp_period_ns":10}
{"profile_trial":25,"wall_ns":62479,"gpu_ns":14240,"timestamp_bits":64,"timestamp_period_ns":10}
{"profile_trial":26,"wall_ns":63009,"gpu_ns":13960,"timestamp_bits":64,"timestamp_period_ns":10}
{"profile_trial":27,"wall_ns":64662,"gpu_ns":13840,"timestamp_bits":64,"timestamp_period_ns":10}
{"profile_trial":28,"wall_ns":64573,"gpu_ns":14120,"timestamp_bits":64,"timestamp_period_ns":10}
{"profile_trial":29,"wall_ns":63791,"gpu_ns":14000,"timestamp_bits":64,"timestamp_period_ns":10}
{"profile_trial":30,"wall_ns":63270,"gpu_ns":13960,"timestamp_bits":64,"timestamp_period_ns":10}
{"profile_trial":31,"wall_ns":63831,"gpu_ns":13920,"timestamp_bits":64,"timestamp_period_ns":10}
device=AMD Radeon RX 7900 XTX (RADV NAVI31) vendor=1002 id=744c api=4211042 driver=109060099 family=1
allocation_bytes=5951792 sizes=2973808,2973808,4176 memory_types=5,0,5 groups=1024,1,1
["/home/USER/projects/zerv/third_party/matvec-push/2026-09-22-matvec-profile/native", "/home/USER/projects/zerv/third_party/gpu-matvec-bench/2026-09-22-gpu-matvec-repeat/q4_0-5120-1024.case", "/home/USER/projects/zerv/third_party/matvec-push/2026-09-22-matvec-profile/q4_0-5120-1024-aligned.output", "0", "--aligned", "--timestamps"]
{"profile_trial":0,"wall_ns":63951,"gpu_ns":13960,"timestamp_bits":64,"timestamp_period_ns":10}
{"profile_trial":1,"wall_ns":63360,"gpu_ns":13800,"timestamp_bits":64,"timestamp_period_ns":10}
{"profile_trial":2,"wall_ns":62609,"gpu_ns":13920,"timestamp_bits":64,"timestamp_period_ns":10}
{"profile_trial":3,"wall_ns":64192,"gpu_ns":13880,"timestamp_bits":64,"timestamp_period_ns":10}
{"profile_trial":4,"wall_ns":63030,"gpu_ns":13920,"timestamp_bits":64,"timestamp_period_ns":10}
{"profile_trial":5,"wall_ns":62749,"gpu_ns":13720,"timestamp_bits":64,"timestamp_period_ns":10}
{"profile_trial":6,"wall_ns":62749,"gpu_ns":14080,"timestamp_bits":64,"timestamp_period_ns":10}
{"profile_trial":7,"wall_ns":63210,"gpu_ns":13840,"timestamp_bits":64,"timestamp_period_ns":10}
{"profile_trial":8,"wall_ns":63210,"gpu_ns":13880,"timestamp_bits":64,"timestamp_period_ns":10}
{"profile_trial":9,"wall_ns":63731,"gpu_ns":13800,"timestamp_bits":64,"timestamp_period_ns":10}
{"profile_trial":10,"wall_ns":63010,"gpu_ns":14040,"timestamp_bits":64,"timestamp_period_ns":10}
{"profile_trial":11,"wall_ns":62839,"gpu_ns":13760,"timestamp_bits":64,"timestamp_period_ns":10}
{"profile_trial":12,"wall_ns":63851,"gpu_ns":13960,"timestamp_bits":64,"timestamp_period_ns":10}
{"profile_trial":13,"wall_ns":63370,"gpu_ns":13880,"timestamp_bits":64,"timestamp_period_ns":10}
{"profile_trial":14,"wall_ns":63460,"gpu_ns":14080,"timestamp_bits":64,"timestamp_period_ns":10}
{"profile_trial":15,"wall_ns":63160,"gpu_ns":13880,"timestamp_bits":64,"timestamp_period_ns":10}
{"profile_trial":16,"wall_ns":63150,"gpu_ns":13960,"timestamp_bits":64,"timestamp_period_ns":10}
{"profile_trial":17,"wall_ns":63070,"gpu_ns":13760,"timestamp_bits":64,"timestamp_period_ns":10}
{"profile_trial":18,"wall_ns":63260,"gpu_ns":14000,"timestamp_bits":64,"timestamp_period_ns":10}
{"profile_trial":19,"wall_ns":63059,"gpu_ns":13720,"timestamp_bits":64,"timestamp_period_ns":10}
{"profile_trial":20,"wall_ns":63340,"gpu_ns":14120,"timestamp_bits":64,"timestamp_period_ns":10}
{"profile_trial":21,"wall_ns":63520,"gpu_ns":13880,"timestamp_bits":64,"timestamp_period_ns":10}
{"profile_trial":22,"wall_ns":67739,"gpu_ns":14040,"timestamp_bits":64,"timestamp_period_ns":10}
{"profile_trial":23,"wall_ns":68890,"gpu_ns":13840,"timestamp_bits":64,"timestamp_period_ns":10}
{"profile_trial":24,"wall_ns":63089,"gpu_ns":14000,"timestamp_bits":64,"timestamp_period_ns":10}
{"profile_trial":25,"wall_ns":62419,"gpu_ns":13920,"timestamp_bits":64,"timestamp_period_ns":10}
{"profile_trial":26,"wall_ns":62729,"gpu_ns":14000,"timestamp_bits":64,"timestamp_period_ns":10}
{"profile_trial":27,"wall_ns":62168,"gpu_ns":13800,"timestamp_bits":64,"timestamp_period_ns":10}
{"profile_trial":28,"wall_ns":64833,"gpu_ns":13960,"timestamp_bits":64,"timestamp_period_ns":10}
{"profile_trial":29,"wall_ns":63070,"gpu_ns":13840,"timestamp_bits":64,"timestamp_period_ns":10}
{"profile_trial":30,"wall_ns":63911,"gpu_ns":13880,"timestamp_bits":64,"timestamp_period_ns":10}
{"profile_trial":31,"wall_ns":63771,"gpu_ns":13800,"timestamp_bits":64,"timestamp_period_ns":10}
device=AMD Radeon RX 7900 XTX (RADV NAVI31) vendor=1002 id=744c api=4211042 driver=109060099 family=1
allocation_bytes=5951760 sizes=2973792,2973792,4176 memory_types=5,0,5 groups=1024,1,1
["/home/USER/projects/zerv/third_party/matvec-push/2026-09-22-matvec-profile/native", "/home/USER/projects/zerv/third_party/gpu-matvec-bench/2026-09-22-gpu-matvec-repeat/q4_0-5120-1024.case", "/home/USER/projects/zerv/third_party/matvec-push/2026-09-22-matvec-profile/q4_0-5120-1024-stream.output", "0", "/home/USER/projects/zerv/third_party/matvec-push/2026-09-22-matvec-profile/stream.spv", "1", "--aligned", "--timestamps"]
{"profile_trial":0,"wall_ns":63471,"gpu_ns":12760,"timestamp_bits":64,"timestamp_period_ns":10}
{"profile_trial":1,"wall_ns":63891,"gpu_ns":12360,"timestamp_bits":64,"timestamp_period_ns":10}
{"profile_trial":2,"wall_ns":62158,"gpu_ns":13120,"timestamp_bits":64,"timestamp_period_ns":10}
{"profile_trial":3,"wall_ns":61998,"gpu_ns":12760,"timestamp_bits":64,"timestamp_period_ns":10}
{"profile_trial":4,"wall_ns":62408,"gpu_ns":12760,"timestamp_bits":64,"timestamp_period_ns":10}
{"profile_trial":5,"wall_ns":62338,"gpu_ns":12360,"timestamp_bits":64,"timestamp_period_ns":10}
{"profile_trial":6,"wall_ns":62338,"gpu_ns":12800,"timestamp_bits":64,"timestamp_period_ns":10}
{"profile_trial":7,"wall_ns":62378,"gpu_ns":12400,"timestamp_bits":64,"timestamp_period_ns":10}
{"profile_trial":8,"wall_ns":62829,"gpu_ns":12800,"timestamp_bits":64,"timestamp_period_ns":10}
{"profile_trial":9,"wall_ns":61086,"gpu_ns":12400,"timestamp_bits":64,"timestamp_period_ns":10}
{"profile_trial":10,"wall_ns":62809,"gpu_ns":12720,"timestamp_bits":64,"timestamp_period_ns":10}
{"profile_trial":11,"wall_ns":61988,"gpu_ns":12360,"timestamp_bits":64,"timestamp_period_ns":10}
{"profile_trial":12,"wall_ns":62659,"gpu_ns":12760,"timestamp_bits":64,"timestamp_period_ns":10}
{"profile_trial":13,"wall_ns":62338,"gpu_ns":12360,"timestamp_bits":64,"timestamp_period_ns":10}
{"profile_trial":14,"wall_ns":62689,"gpu_ns":12800,"timestamp_bits":64,"timestamp_period_ns":10}
{"profile_trial":15,"wall_ns":64903,"gpu_ns":12440,"timestamp_bits":64,"timestamp_period_ns":10}
{"profile_trial":16,"wall_ns":62428,"gpu_ns":12760,"timestamp_bits":64,"timestamp_period_ns":10}
{"profile_trial":17,"wall_ns":67639,"gpu_ns":12360,"timestamp_bits":64,"timestamp_period_ns":10}
{"profile_trial":18,"wall_ns":64041,"gpu_ns":12800,"timestamp_bits":64,"timestamp_period_ns":10}
{"profile_trial":19,"wall_ns":63020,"gpu_ns":12320,"timestamp_bits":64,"timestamp_period_ns":10}
{"profile_trial":20,"wall_ns":62990,"gpu_ns":12680,"timestamp_bits":64,"timestamp_period_ns":10}
{"profile_trial":21,"wall_ns":62268,"gpu_ns":12360,"timestamp_bits":64,"timestamp_period_ns":10}
{"profile_trial":22,"wall_ns":62198,"gpu_ns":12680,"timestamp_bits":64,"timestamp_period_ns":10}
{"profile_trial":23,"wall_ns":62048,"gpu_ns":12280,"timestamp_bits":64,"timestamp_period_ns":10}
{"profile_trial":24,"wall_ns":62819,"gpu_ns":12680,"timestamp_bits":64,"timestamp_period_ns":10}
{"profile_trial":25,"wall_ns":61868,"gpu_ns":12320,"timestamp_bits":64,"timestamp_period_ns":10}
{"profile_trial":26,"wall_ns":62478,"gpu_ns":12760,"timestamp_bits":64,"timestamp_period_ns":10}
{"profile_trial":27,"wall_ns":62598,"gpu_ns":12360,"timestamp_bits":64,"timestamp_period_ns":10}
{"profile_trial":28,"wall_ns":63992,"gpu_ns":12760,"timestamp_bits":64,"timestamp_period_ns":10}
{"profile_trial":29,"wall_ns":62559,"gpu_ns":12360,"timestamp_bits":64,"timestamp_period_ns":10}
{"profile_trial":30,"wall_ns":64753,"gpu_ns":12800,"timestamp_bits":64,"timestamp_period_ns":10}
{"profile_trial":31,"wall_ns":63460,"gpu_ns":12320,"timestamp_bits":64,"timestamp_period_ns":10}
device=AMD Radeon RX 7900 XTX (RADV NAVI31) vendor=1002 id=744c api=4211042 driver=109060099 family=1
allocation_bytes=5951760 sizes=2973792,2973792,4176 memory_types=5,0,5 groups=1024,1,1
["/home/USER/projects/zerv/third_party/matvec-push/2026-09-22-matvec-profile/native", "/home/USER/projects/zerv/third_party/gpu-matvec-bench/2026-09-22-gpu-matvec-repeat/q4_0-6144-5120.case", "/home/USER/projects/zerv/third_party/matvec-push/2026-09-22-matvec-profile/q4_0-6144-5120-stress.output", "0", "--timestamps"]
{"profile_trial":0,"wall_ns":102173,"gpu_ns":43200,"timestamp_bits":64,"timestamp_period_ns":10}
{"profile_trial":1,"wall_ns":100851,"gpu_ns":42960,"timestamp_bits":64,"timestamp_period_ns":10}
{"profile_trial":2,"wall_ns":105811,"gpu_ns":43080,"timestamp_bits":64,"timestamp_period_ns":10}
{"profile_trial":3,"wall_ns":102635,"gpu_ns":43000,"timestamp_bits":64,"timestamp_period_ns":10}
{"profile_trial":4,"wall_ns":99369,"gpu_ns":43240,"timestamp_bits":64,"timestamp_period_ns":10}
{"profile_trial":5,"wall_ns":99238,"gpu_ns":43040,"timestamp_bits":64,"timestamp_period_ns":10}
{"profile_trial":6,"wall_ns":99108,"gpu_ns":43120,"timestamp_bits":64,"timestamp_period_ns":10}
{"profile_trial":7,"wall_ns":99729,"gpu_ns":43040,"timestamp_bits":64,"timestamp_period_ns":10}
{"profile_trial":8,"wall_ns":98247,"gpu_ns":43240,"timestamp_bits":64,"timestamp_period_ns":10}
{"profile_trial":9,"wall_ns":98917,"gpu_ns":43160,"timestamp_bits":64,"timestamp_period_ns":10}
{"profile_trial":10,"wall_ns":97675,"gpu_ns":43440,"timestamp_bits":64,"timestamp_period_ns":10}
{"profile_trial":11,"wall_ns":97494,"gpu_ns":43040,"timestamp_bits":64,"timestamp_period_ns":10}
{"profile_trial":12,"wall_ns":99178,"gpu_ns":43240,"timestamp_bits":64,"timestamp_period_ns":10}
{"profile_trial":13,"wall_ns":98346,"gpu_ns":42880,"timestamp_bits":64,"timestamp_period_ns":10}
{"profile_trial":14,"wall_ns":98407,"gpu_ns":43240,"timestamp_bits":64,"timestamp_period_ns":10}
{"profile_trial":15,"wall_ns":105350,"gpu_ns":43000,"timestamp_bits":64,"timestamp_period_ns":10}
{"profile_trial":16,"wall_ns":98326,"gpu_ns":43240,"timestamp_bits":64,"timestamp_period_ns":10}
{"profile_trial":17,"wall_ns":99027,"gpu_ns":42920,"timestamp_bits":64,"timestamp_period_ns":10}
{"profile_trial":18,"wall_ns":99678,"gpu_ns":43360,"timestamp_bits":64,"timestamp_period_ns":10}
{"profile_trial":19,"wall_ns":99839,"gpu_ns":43120,"timestamp_bits":64,"timestamp_period_ns":10}
{"profile_trial":20,"wall_ns":98377,"gpu_ns":43160,"timestamp_bits":64,"timestamp_period_ns":10}
{"profile_trial":21,"wall_ns":97605,"gpu_ns":43120,"timestamp_bits":64,"timestamp_period_ns":10}
{"profile_trial":22,"wall_ns":99849,"gpu_ns":43200,"timestamp_bits":64,"timestamp_period_ns":10}
{"profile_trial":23,"wall_ns":99809,"gpu_ns":43000,"timestamp_bits":64,"timestamp_period_ns":10}
{"profile_trial":24,"wall_ns":99729,"gpu_ns":43400,"timestamp_bits":64,"timestamp_period_ns":10}
{"profile_trial":25,"wall_ns":98997,"gpu_ns":42960,"timestamp_bits":64,"timestamp_period_ns":10}
{"profile_trial":26,"wall_ns":99188,"gpu_ns":43120,"timestamp_bits":64,"timestamp_period_ns":10}
{"profile_trial":27,"wall_ns":99628,"gpu_ns":43200,"timestamp_bits":64,"timestamp_period_ns":10}
{"profile_trial":28,"wall_ns":99107,"gpu_ns":43280,"timestamp_bits":64,"timestamp_period_ns":10}
{"profile_trial":29,"wall_ns":98837,"gpu_ns":43080,"timestamp_bits":64,"timestamp_period_ns":10}
{"profile_trial":30,"wall_ns":98677,"gpu_ns":43120,"timestamp_bits":64,"timestamp_period_ns":10}
{"profile_trial":31,"wall_ns":97876,"gpu_ns":43040,"timestamp_bits":64,"timestamp_period_ns":10}
device=AMD Radeon RX 7900 XTX (RADV NAVI31) vendor=1002 id=744c api=4211042 driver=109060099 family=1
allocation_bytes=35500336 sizes=17739888,17739888,20560 memory_types=5,0,5 groups=5120,1,1
["/home/USER/projects/zerv/third_party/matvec-push/2026-09-22-matvec-profile/native", "/home/USER/projects/zerv/third_party/gpu-matvec-bench/2026-09-22-gpu-matvec-repeat/q4_0-6144-5120.case", "/home/USER/projects/zerv/third_party/matvec-push/2026-09-22-matvec-profile/q4_0-6144-5120-aligned.output", "0", "--aligned", "--timestamps"]
{"profile_trial":0,"wall_ns":103426,"gpu_ns":43240,"timestamp_bits":64,"timestamp_period_ns":10}
{"profile_trial":1,"wall_ns":103346,"gpu_ns":42800,"timestamp_bits":64,"timestamp_period_ns":10}
{"profile_trial":2,"wall_ns":98687,"gpu_ns":43040,"timestamp_bits":64,"timestamp_period_ns":10}
{"profile_trial":3,"wall_ns":99769,"gpu_ns":43000,"timestamp_bits":64,"timestamp_period_ns":10}
{"profile_trial":4,"wall_ns":99018,"gpu_ns":43160,"timestamp_bits":64,"timestamp_period_ns":10}
{"profile_trial":5,"wall_ns":99409,"gpu_ns":43120,"timestamp_bits":64,"timestamp_period_ns":10}
{"profile_trial":6,"wall_ns":98587,"gpu_ns":43200,"timestamp_bits":64,"timestamp_period_ns":10}
{"profile_trial":7,"wall_ns":98276,"gpu_ns":43000,"timestamp_bits":64,"timestamp_period_ns":10}
{"profile_trial":8,"wall_ns":99248,"gpu_ns":43400,"timestamp_bits":64,"timestamp_period_ns":10}
{"profile_trial":9,"wall_ns":98116,"gpu_ns":43080,"timestamp_bits":64,"timestamp_period_ns":10}
{"profile_trial":10,"wall_ns":99158,"gpu_ns":43120,"timestamp_bits":64,"timestamp_period_ns":10}
{"profile_trial":11,"wall_ns":100441,"gpu_ns":42880,"timestamp_bits":64,"timestamp_period_ns":10}
{"profile_trial":12,"wall_ns":99248,"gpu_ns":43200,"timestamp_bits":64,"timestamp_period_ns":10}
{"profile_trial":13,"wall_ns":96643,"gpu_ns":42920,"timestamp_bits":64,"timestamp_period_ns":10}
{"profile_trial":14,"wall_ns":99208,"gpu_ns":43320,"timestamp_bits":64,"timestamp_period_ns":10}
{"profile_trial":15,"wall_ns":99629,"gpu_ns":42920,"timestamp_bits":64,"timestamp_period_ns":10}
{"profile_trial":16,"wall_ns":99108,"gpu_ns":43200,"timestamp_bits":64,"timestamp_period_ns":10}
{"profile_trial":17,"wall_ns":99409,"gpu_ns":43040,"timestamp_bits":64,"timestamp_period_ns":10}
{"profile_trial":18,"wall_ns":97895,"gpu_ns":43080,"timestamp_bits":64,"timestamp_period_ns":10}
{"profile_trial":19,"wall_ns":97244,"gpu_ns":42880,"timestamp_bits":64,"timestamp_period_ns":10}
{"profile_trial":20,"wall_ns":99639,"gpu_ns":43240,"timestamp_bits":64,"timestamp_period_ns":10}
{"profile_trial":21,"wall_ns":100601,"gpu_ns":42960,"timestamp_bits":64,"timestamp_period_ns":10}
{"profile_trial":22,"wall_ns":98076,"gpu_ns":43080,"timestamp_bits":64,"timestamp_period_ns":10}
{"profile_trial":23,"wall_ns":98767,"gpu_ns":42920,"timestamp_bits":64,"timestamp_period_ns":10}
{"profile_trial":24,"wall_ns":98045,"gpu_ns":43160,"timestamp_bits":64,"timestamp_period_ns":10}
{"profile_trial":25,"wall_ns":98306,"gpu_ns":42960,"timestamp_bits":64,"timestamp_period_ns":10}
{"profile_trial":26,"wall_ns":98467,"gpu_ns":43360,"timestamp_bits":64,"timestamp_period_ns":10}
{"profile_trial":27,"wall_ns":98456,"gpu_ns":42960,"timestamp_bits":64,"timestamp_period_ns":10}
{"profile_trial":28,"wall_ns":98957,"gpu_ns":43120,"timestamp_bits":64,"timestamp_period_ns":10}
{"profile_trial":29,"wall_ns":98166,"gpu_ns":42920,"timestamp_bits":64,"timestamp_period_ns":10}
{"profile_trial":30,"wall_ns":98997,"gpu_ns":43120,"timestamp_bits":64,"timestamp_period_ns":10}
{"profile_trial":31,"wall_ns":98387,"gpu_ns":42840,"timestamp_bits":64,"timestamp_period_ns":10}
device=AMD Radeon RX 7900 XTX (RADV NAVI31) vendor=1002 id=744c api=4211042 driver=109060099 family=1
allocation_bytes=35500304 sizes=17739872,17739872,20560 memory_types=5,0,5 groups=5120,1,1
["/home/USER/projects/zerv/third_party/matvec-push/2026-09-22-matvec-profile/native", "/home/USER/projects/zerv/third_party/gpu-matvec-bench/2026-09-22-gpu-matvec-repeat/q4_0-6144-5120.case", "/home/USER/projects/zerv/third_party/matvec-push/2026-09-22-matvec-profile/q4_0-6144-5120-stream.output", "0", "/home/USER/projects/zerv/third_party/matvec-push/2026-09-22-matvec-profile/stream.spv", "1", "--aligned", "--timestamps"]
{"profile_trial":0,"wall_ns":74462,"gpu_ns":21600,"timestamp_bits":64,"timestamp_period_ns":10}
{"profile_trial":1,"wall_ns":79320,"gpu_ns":21160,"timestamp_bits":64,"timestamp_period_ns":10}
{"profile_trial":2,"wall_ns":70874,"gpu_ns":21960,"timestamp_bits":64,"timestamp_period_ns":10}
{"profile_trial":3,"wall_ns":70964,"gpu_ns":21200,"timestamp_bits":64,"timestamp_period_ns":10}
{"profile_trial":4,"wall_ns":71776,"gpu_ns":21560,"timestamp_bits":64,"timestamp_period_ns":10}
{"profile_trial":5,"wall_ns":71976,"gpu_ns":21200,"timestamp_bits":64,"timestamp_period_ns":10}
{"profile_trial":6,"wall_ns":70534,"gpu_ns":21600,"timestamp_bits":64,"timestamp_period_ns":10}
{"profile_trial":7,"wall_ns":71586,"gpu_ns":21240,"timestamp_bits":64,"timestamp_period_ns":10}
{"profile_trial":8,"wall_ns":71796,"gpu_ns":21640,"timestamp_bits":64,"timestamp_period_ns":10}
{"profile_trial":9,"wall_ns":71636,"gpu_ns":21200,"timestamp_bits":64,"timestamp_period_ns":10}
{"profile_trial":10,"wall_ns":70985,"gpu_ns":21560,"timestamp_bits":64,"timestamp_period_ns":10}
{"profile_trial":11,"wall_ns":71586,"gpu_ns":21640,"timestamp_bits":64,"timestamp_period_ns":10}
{"profile_trial":12,"wall_ns":72557,"gpu_ns":21600,"timestamp_bits":64,"timestamp_period_ns":10}
{"profile_trial":13,"wall_ns":71736,"gpu_ns":21280,"timestamp_bits":64,"timestamp_period_ns":10}
{"profile_trial":14,"wall_ns":72557,"gpu_ns":21640,"timestamp_bits":64,"timestamp_period_ns":10}
{"profile_trial":15,"wall_ns":72407,"gpu_ns":21280,"timestamp_bits":64,"timestamp_period_ns":10}
{"profile_trial":16,"wall_ns":71836,"gpu_ns":21560,"timestamp_bits":64,"timestamp_period_ns":10}
{"profile_trial":17,"wall_ns":71495,"gpu_ns":21240,"timestamp_bits":64,"timestamp_period_ns":10}
{"profile_trial":18,"wall_ns":71145,"gpu_ns":21600,"timestamp_bits":64,"timestamp_period_ns":10}
{"profile_trial":19,"wall_ns":71475,"gpu_ns":21160,"timestamp_bits":64,"timestamp_period_ns":10}
{"profile_trial":20,"wall_ns":72136,"gpu_ns":21600,"timestamp_bits":64,"timestamp_period_ns":10}
{"profile_trial":21,"wall_ns":71746,"gpu_ns":21200,"timestamp_bits":64,"timestamp_period_ns":10}
{"profile_trial":22,"wall_ns":70664,"gpu_ns":21920,"timestamp_bits":64,"timestamp_period_ns":10}
{"profile_trial":23,"wall_ns":71115,"gpu_ns":21200,"timestamp_bits":64,"timestamp_period_ns":10}
{"profile_trial":24,"wall_ns":71626,"gpu_ns":21560,"timestamp_bits":64,"timestamp_period_ns":10}
{"profile_trial":25,"wall_ns":71886,"gpu_ns":21160,"timestamp_bits":64,"timestamp_period_ns":10}
{"profile_trial":26,"wall_ns":72318,"gpu_ns":21560,"timestamp_bits":64,"timestamp_period_ns":10}
{"profile_trial":27,"wall_ns":72718,"gpu_ns":21120,"timestamp_bits":64,"timestamp_period_ns":10}
{"profile_trial":28,"wall_ns":75233,"gpu_ns":21560,"timestamp_bits":64,"timestamp_period_ns":10}
{"profile_trial":29,"wall_ns":72027,"gpu_ns":21160,"timestamp_bits":64,"timestamp_period_ns":10}
{"profile_trial":30,"wall_ns":71746,"gpu_ns":21560,"timestamp_bits":64,"timestamp_period_ns":10}
{"profile_trial":31,"wall_ns":71275,"gpu_ns":21160,"timestamp_bits":64,"timestamp_period_ns":10}
device=AMD Radeon RX 7900 XTX (RADV NAVI31) vendor=1002 id=744c api=4211042 driver=109060099 family=1
allocation_bytes=35500304 sizes=17739872,17739872,20560 memory_types=5,0,5 groups=5120,1,1
["/home/USER/projects/zerv/third_party/matvec-push/2026-09-22-matvec-profile/native", "/home/USER/projects/zerv/third_party/gpu-matvec-bench/2026-09-22-gpu-matvec-repeat/q4_0-5120-12288.case", "/home/USER/projects/zerv/third_party/matvec-push/2026-09-22-matvec-profile/q4_0-5120-12288-stress.output", "0", "--timestamps"]
{"profile_trial":0,"wall_ns":137731,"gpu_ns":78120,"timestamp_bits":64,"timestamp_period_ns":10}
{"profile_trial":1,"wall_ns":138112,"gpu_ns":78000,"timestamp_bits":64,"timestamp_period_ns":10}
{"profile_trial":2,"wall_ns":135948,"gpu_ns":78000,"timestamp_bits":64,"timestamp_period_ns":10}
{"profile_trial":3,"wall_ns":136569,"gpu_ns":77840,"timestamp_bits":64,"timestamp_period_ns":10}
{"profile_trial":4,"wall_ns":136509,"gpu_ns":78080,"timestamp_bits":64,"timestamp_period_ns":10}
{"profile_trial":5,"wall_ns":136229,"gpu_ns":78040,"timestamp_bits":64,"timestamp_period_ns":10}
{"profile_trial":6,"wall_ns":135206,"gpu_ns":78200,"timestamp_bits":64,"timestamp_period_ns":10}
{"profile_trial":7,"wall_ns":136479,"gpu_ns":78080,"timestamp_bits":64,"timestamp_period_ns":10}
{"profile_trial":8,"wall_ns":135537,"gpu_ns":78400,"timestamp_bits":64,"timestamp_period_ns":10}
{"profile_trial":9,"wall_ns":136619,"gpu_ns":77960,"timestamp_bits":64,"timestamp_period_ns":10}
{"profile_trial":10,"wall_ns":138252,"gpu_ns":78080,"timestamp_bits":64,"timestamp_period_ns":10}
{"profile_trial":11,"wall_ns":138152,"gpu_ns":78640,"timestamp_bits":64,"timestamp_period_ns":10}
{"profile_trial":12,"wall_ns":136158,"gpu_ns":78080,"timestamp_bits":64,"timestamp_period_ns":10}
{"profile_trial":13,"wall_ns":136579,"gpu_ns":78480,"timestamp_bits":64,"timestamp_period_ns":10}
{"profile_trial":14,"wall_ns":137862,"gpu_ns":78520,"timestamp_bits":64,"timestamp_period_ns":10}
{"profile_trial":15,"wall_ns":137200,"gpu_ns":77880,"timestamp_bits":64,"timestamp_period_ns":10}
{"profile_trial":16,"wall_ns":137250,"gpu_ns":78880,"timestamp_bits":64,"timestamp_period_ns":10}
{"profile_trial":17,"wall_ns":137210,"gpu_ns":77800,"timestamp_bits":64,"timestamp_period_ns":10}
{"profile_trial":18,"wall_ns":138773,"gpu_ns":78320,"timestamp_bits":64,"timestamp_period_ns":10}
{"profile_trial":19,"wall_ns":136669,"gpu_ns":77880,"timestamp_bits":64,"timestamp_period_ns":10}
{"profile_trial":20,"wall_ns":135346,"gpu_ns":78280,"timestamp_bits":64,"timestamp_period_ns":10}
{"profile_trial":21,"wall_ns":135447,"gpu_ns":77720,"timestamp_bits":64,"timestamp_period_ns":10}
{"profile_trial":22,"wall_ns":136398,"gpu_ns":78680,"timestamp_bits":64,"timestamp_period_ns":10}
{"profile_trial":23,"wall_ns":136458,"gpu_ns":77920,"timestamp_bits":64,"timestamp_period_ns":10}
{"profile_trial":24,"wall_ns":136950,"gpu_ns":78240,"timestamp_bits":64,"timestamp_period_ns":10}
{"profile_trial":25,"wall_ns":136248,"gpu_ns":78000,"timestamp_bits":64,"timestamp_period_ns":10}
{"profile_trial":26,"wall_ns":137010,"gpu_ns":78280,"timestamp_bits":64,"timestamp_period_ns":10}
{"profile_trial":27,"wall_ns":136860,"gpu_ns":77840,"timestamp_bits":64,"timestamp_period_ns":10}
{"profile_trial":28,"wall_ns":136649,"gpu_ns":78120,"timestamp_bits":64,"timestamp_period_ns":10}
{"profile_trial":29,"wall_ns":137561,"gpu_ns":78360,"timestamp_bits":64,"timestamp_period_ns":10}
{"profile_trial":30,"wall_ns":135747,"gpu_ns":78120,"timestamp_bits":64,"timestamp_period_ns":10}
{"profile_trial":31,"wall_ns":143041,"gpu_ns":78080,"timestamp_bits":64,"timestamp_period_ns":10}
device=AMD Radeon RX 7900 XTX (RADV NAVI31) vendor=1002 id=744c api=4211042 driver=109060099 family=1
allocation_bytes=70967600 sizes=35459184,35459184,49232 memory_types=5,0,5 groups=12288,1,1
["/home/USER/projects/zerv/third_party/matvec-push/2026-09-22-matvec-profile/native", "/home/USER/projects/zerv/third_party/gpu-matvec-bench/2026-09-22-gpu-matvec-repeat/q4_0-5120-12288.case", "/home/USER/projects/zerv/third_party/matvec-push/2026-09-22-matvec-profile/q4_0-5120-12288-aligned.output", "0", "--aligned", "--timestamps"]
{"profile_trial":0,"wall_ns":142550,"gpu_ns":77920,"timestamp_bits":64,"timestamp_period_ns":10}
{"profile_trial":1,"wall_ns":136930,"gpu_ns":77760,"timestamp_bits":64,"timestamp_period_ns":10}
{"profile_trial":2,"wall_ns":134475,"gpu_ns":78160,"timestamp_bits":64,"timestamp_period_ns":10}
{"profile_trial":3,"wall_ns":136729,"gpu_ns":78160,"timestamp_bits":64,"timestamp_period_ns":10}
{"profile_trial":4,"wall_ns":136208,"gpu_ns":78040,"timestamp_bits":64,"timestamp_period_ns":10}
{"profile_trial":5,"wall_ns":137040,"gpu_ns":77840,"timestamp_bits":64,"timestamp_period_ns":10}
{"profile_trial":6,"wall_ns":136018,"gpu_ns":78000,"timestamp_bits":64,"timestamp_period_ns":10}
{"profile_trial":7,"wall_ns":135537,"gpu_ns":77800,"timestamp_bits":64,"timestamp_period_ns":10}
{"profile_trial":8,"wall_ns":136439,"gpu_ns":78040,"timestamp_bits":64,"timestamp_period_ns":10}
{"profile_trial":9,"wall_ns":137841,"gpu_ns":77960,"timestamp_bits":64,"timestamp_period_ns":10}
{"profile_trial":10,"wall_ns":138522,"gpu_ns":78000,"timestamp_bits":64,"timestamp_period_ns":10}
{"profile_trial":11,"wall_ns":134255,"gpu_ns":77960,"timestamp_bits":64,"timestamp_period_ns":10}
{"profile_trial":12,"wall_ns":135867,"gpu_ns":77960,"timestamp_bits":64,"timestamp_period_ns":10}
{"profile_trial":13,"wall_ns":135396,"gpu_ns":78080,"timestamp_bits":64,"timestamp_period_ns":10}
{"profile_trial":14,"wall_ns":135657,"gpu_ns":77920,"timestamp_bits":64,"timestamp_period_ns":10}
{"profile_trial":15,"wall_ns":136939,"gpu_ns":77760,"timestamp_bits":64,"timestamp_period_ns":10}
{"profile_trial":16,"wall_ns":136168,"gpu_ns":78120,"timestamp_bits":64,"timestamp_period_ns":10}
{"profile_trial":17,"wall_ns":135647,"gpu_ns":77880,"timestamp_bits":64,"timestamp_period_ns":10}
{"profile_trial":18,"wall_ns":135496,"gpu_ns":77920,"timestamp_bits":64,"timestamp_period_ns":10}
{"profile_trial":19,"wall_ns":136078,"gpu_ns":77640,"timestamp_bits":64,"timestamp_period_ns":10}
{"profile_trial":20,"wall_ns":136628,"gpu_ns":77880,"timestamp_bits":64,"timestamp_period_ns":10}
{"profile_trial":21,"wall_ns":136508,"gpu_ns":77760,"timestamp_bits":64,"timestamp_period_ns":10}
{"profile_trial":22,"wall_ns":134304,"gpu_ns":77960,"timestamp_bits":64,"timestamp_period_ns":10}
{"profile_trial":23,"wall_ns":136569,"gpu_ns":77760,"timestamp_bits":64,"timestamp_period_ns":10}
{"profile_trial":24,"wall_ns":136349,"gpu_ns":77880,"timestamp_bits":64,"timestamp_period_ns":10}
{"profile_trial":25,"wall_ns":136108,"gpu_ns":77800,"timestamp_bits":64,"timestamp_period_ns":10}
{"profile_trial":26,"wall_ns":136499,"gpu_ns":77920,"timestamp_bits":64,"timestamp_period_ns":10}
{"profile_trial":27,"wall_ns":137079,"gpu_ns":78080,"timestamp_bits":64,"timestamp_period_ns":10}
{"profile_trial":28,"wall_ns":136598,"gpu_ns":78720,"timestamp_bits":64,"timestamp_period_ns":10}
{"profile_trial":29,"wall_ns":133663,"gpu_ns":77840,"timestamp_bits":64,"timestamp_period_ns":10}
{"profile_trial":30,"wall_ns":134795,"gpu_ns":80640,"timestamp_bits":64,"timestamp_period_ns":10}
{"profile_trial":31,"wall_ns":141899,"gpu_ns":77880,"timestamp_bits":64,"timestamp_period_ns":10}
device=AMD Radeon RX 7900 XTX (RADV NAVI31) vendor=1002 id=744c api=4211042 driver=109060099 family=1
allocation_bytes=70967568 sizes=35459168,35459168,49232 memory_types=5,0,5 groups=12288,1,1
["/home/USER/projects/zerv/third_party/matvec-push/2026-09-22-matvec-profile/native", "/home/USER/projects/zerv/third_party/gpu-matvec-bench/2026-09-22-gpu-matvec-repeat/q4_0-5120-12288.case", "/home/USER/projects/zerv/third_party/matvec-push/2026-09-22-matvec-profile/q4_0-5120-12288-stream.output", "0", "/home/USER/projects/zerv/third_party/matvec-push/2026-09-22-matvec-profile/stream.spv", "1", "--aligned", "--timestamps"]
{"profile_trial":0,"wall_ns":93978,"gpu_ns":37040,"timestamp_bits":64,"timestamp_period_ns":10}
{"profile_trial":1,"wall_ns":97435,"gpu_ns":36560,"timestamp_bits":64,"timestamp_period_ns":10}
{"profile_trial":2,"wall_ns":98176,"gpu_ns":37000,"timestamp_bits":64,"timestamp_period_ns":10}
{"profile_trial":3,"wall_ns":97715,"gpu_ns":36600,"timestamp_bits":64,"timestamp_period_ns":10}
{"profile_trial":4,"wall_ns":97074,"gpu_ns":37400,"timestamp_bits":64,"timestamp_period_ns":10}
{"profile_trial":5,"wall_ns":94720,"gpu_ns":36600,"timestamp_bits":64,"timestamp_period_ns":10}
{"profile_trial":6,"wall_ns":94689,"gpu_ns":36960,"timestamp_bits":64,"timestamp_period_ns":10}
{"profile_trial":7,"wall_ns":104478,"gpu_ns":36560,"timestamp_bits":64,"timestamp_period_ns":10}
{"profile_trial":8,"wall_ns":95000,"gpu_ns":36920,"timestamp_bits":64,"timestamp_period_ns":10}
{"profile_trial":9,"wall_ns":95822,"gpu_ns":36520,"timestamp_bits":64,"timestamp_period_ns":10}
{"profile_trial":10,"wall_ns":96112,"gpu_ns":37000,"timestamp_bits":64,"timestamp_period_ns":10}
{"profile_trial":11,"wall_ns":95992,"gpu_ns":36600,"timestamp_bits":64,"timestamp_period_ns":10}
{"profile_trial":12,"wall_ns":95030,"gpu_ns":37040,"timestamp_bits":64,"timestamp_period_ns":10}
{"profile_trial":13,"wall_ns":94970,"gpu_ns":36600,"timestamp_bits":64,"timestamp_period_ns":10}
{"profile_trial":14,"wall_ns":94459,"gpu_ns":37040,"timestamp_bits":64,"timestamp_period_ns":10}
{"profile_trial":15,"wall_ns":94830,"gpu_ns":36920,"timestamp_bits":64,"timestamp_period_ns":10}
{"profile_trial":16,"wall_ns":93678,"gpu_ns":37040,"timestamp_bits":64,"timestamp_period_ns":10}
{"profile_trial":17,"wall_ns":94599,"gpu_ns":36600,"timestamp_bits":64,"timestamp_period_ns":10}
{"profile_trial":18,"wall_ns":95220,"gpu_ns":37040,"timestamp_bits":64,"timestamp_period_ns":10}
{"profile_trial":19,"wall_ns":95391,"gpu_ns":36560,"timestamp_bits":64,"timestamp_period_ns":10}
{"profile_trial":20,"wall_ns":94599,"gpu_ns":37040,"timestamp_bits":64,"timestamp_period_ns":10}
{"profile_trial":21,"wall_ns":96122,"gpu_ns":36480,"timestamp_bits":64,"timestamp_period_ns":10}
{"profile_trial":22,"wall_ns":95802,"gpu_ns":37040,"timestamp_bits":64,"timestamp_period_ns":10}
{"profile_trial":23,"wall_ns":96022,"gpu_ns":36640,"timestamp_bits":64,"timestamp_period_ns":10}
{"profile_trial":24,"wall_ns":94840,"gpu_ns":37080,"timestamp_bits":64,"timestamp_period_ns":10}
{"profile_trial":25,"wall_ns":94679,"gpu_ns":36600,"timestamp_bits":64,"timestamp_period_ns":10}
{"profile_trial":26,"wall_ns":94209,"gpu_ns":37000,"timestamp_bits":64,"timestamp_period_ns":10}
{"profile_trial":27,"wall_ns":96343,"gpu_ns":36560,"timestamp_bits":64,"timestamp_period_ns":10}
{"profile_trial":28,"wall_ns":95571,"gpu_ns":37120,"timestamp_bits":64,"timestamp_period_ns":10}
{"profile_trial":29,"wall_ns":96934,"gpu_ns":36560,"timestamp_bits":64,"timestamp_period_ns":10}
{"profile_trial":30,"wall_ns":96283,"gpu_ns":37040,"timestamp_bits":64,"timestamp_period_ns":10}
{"profile_trial":31,"wall_ns":96082,"gpu_ns":36520,"timestamp_bits":64,"timestamp_period_ns":10}
device=AMD Radeon RX 7900 XTX (RADV NAVI31) vendor=1002 id=744c api=4211042 driver=109060099 family=1
allocation_bytes=70967568 sizes=35459168,35459168,49232 memory_types=5,0,5 groups=12288,1,1
["/home/USER/projects/zerv/third_party/matvec-push/2026-09-22-matvec-profile/native", "/home/USER/projects/zerv/third_party/gpu-matvec-bench/2026-09-22-gpu-matvec-repeat/q4_0-17408-5120.case", "/home/USER/projects/zerv/third_party/matvec-push/2026-09-22-matvec-profile/q4_0-17408-5120-stress.output", "0", "--timestamps"]
{"profile_trial":0,"wall_ns":171184,"gpu_ns":112280,"timestamp_bits":64,"timestamp_period_ns":10}
{"profile_trial":1,"wall_ns":170793,"gpu_ns":111560,"timestamp_bits":64,"timestamp_period_ns":10}
{"profile_trial":2,"wall_ns":169802,"gpu_ns":112040,"timestamp_bits":64,"timestamp_period_ns":10}
{"profile_trial":3,"wall_ns":170002,"gpu_ns":111760,"timestamp_bits":64,"timestamp_period_ns":10}
{"profile_trial":4,"wall_ns":170182,"gpu_ns":112160,"timestamp_bits":64,"timestamp_period_ns":10}
{"profile_trial":5,"wall_ns":170443,"gpu_ns":112240,"timestamp_bits":64,"timestamp_period_ns":10}
{"profile_trial":6,"wall_ns":169452,"gpu_ns":111880,"timestamp_bits":64,"timestamp_period_ns":10}
{"profile_trial":7,"wall_ns":167838,"gpu_ns":111600,"timestamp_bits":64,"timestamp_period_ns":10}
{"profile_trial":8,"wall_ns":169341,"gpu_ns":111880,"timestamp_bits":64,"timestamp_period_ns":10}
{"profile_trial":9,"wall_ns":170022,"gpu_ns":111920,"timestamp_bits":64,"timestamp_period_ns":10}
{"profile_trial":10,"wall_ns":169571,"gpu_ns":111840,"timestamp_bits":64,"timestamp_period_ns":10}
{"profile_trial":11,"wall_ns":169722,"gpu_ns":111760,"timestamp_bits":64,"timestamp_period_ns":10}
{"profile_trial":12,"wall_ns":169972,"gpu_ns":111960,"timestamp_bits":64,"timestamp_period_ns":10}
{"profile_trial":13,"wall_ns":169972,"gpu_ns":111800,"timestamp_bits":64,"timestamp_period_ns":10}
{"profile_trial":14,"wall_ns":168890,"gpu_ns":112200,"timestamp_bits":64,"timestamp_period_ns":10}
{"profile_trial":15,"wall_ns":170093,"gpu_ns":112000,"timestamp_bits":64,"timestamp_period_ns":10}
{"profile_trial":16,"wall_ns":237700,"gpu_ns":111120,"timestamp_bits":64,"timestamp_period_ns":10}
{"profile_trial":17,"wall_ns":169030,"gpu_ns":110800,"timestamp_bits":64,"timestamp_period_ns":10}
{"profile_trial":18,"wall_ns":168910,"gpu_ns":111280,"timestamp_bits":64,"timestamp_period_ns":10}
{"profile_trial":19,"wall_ns":169091,"gpu_ns":111000,"timestamp_bits":64,"timestamp_period_ns":10}
{"profile_trial":20,"wall_ns":168700,"gpu_ns":111000,"timestamp_bits":64,"timestamp_period_ns":10}
{"profile_trial":21,"wall_ns":169000,"gpu_ns":111000,"timestamp_bits":64,"timestamp_period_ns":10}
{"profile_trial":22,"wall_ns":168719,"gpu_ns":111000,"timestamp_bits":64,"timestamp_period_ns":10}
{"profile_trial":23,"wall_ns":168800,"gpu_ns":110680,"timestamp_bits":64,"timestamp_period_ns":10}
{"profile_trial":24,"wall_ns":168820,"gpu_ns":110880,"timestamp_bits":64,"timestamp_period_ns":10}
{"profile_trial":25,"wall_ns":163079,"gpu_ns":106120,"timestamp_bits":64,"timestamp_period_ns":10}
{"profile_trial":26,"wall_ns":162097,"gpu_ns":106040,"timestamp_bits":64,"timestamp_period_ns":10}
{"profile_trial":27,"wall_ns":163069,"gpu_ns":105680,"timestamp_bits":64,"timestamp_period_ns":10}
{"profile_trial":28,"wall_ns":163720,"gpu_ns":106240,"timestamp_bits":64,"timestamp_period_ns":10}
{"profile_trial":29,"wall_ns":163390,"gpu_ns":106160,"timestamp_bits":64,"timestamp_period_ns":10}
{"profile_trial":30,"wall_ns":163460,"gpu_ns":106240,"timestamp_bits":64,"timestamp_period_ns":10}
{"profile_trial":31,"wall_ns":163830,"gpu_ns":105960,"timestamp_bits":64,"timestamp_period_ns":10}
device=AMD Radeon RX 7900 XTX (RADV NAVI31) vendor=1002 id=744c api=4211042 driver=109060099 family=1
allocation_bytes=100471088 sizes=50225264,50225264,20560 memory_types=5,0,5 groups=5120,1,1
["/home/USER/projects/zerv/third_party/matvec-push/2026-09-22-matvec-profile/native", "/home/USER/projects/zerv/third_party/gpu-matvec-bench/2026-09-22-gpu-matvec-repeat/q4_0-17408-5120.case", "/home/USER/projects/zerv/third_party/matvec-push/2026-09-22-matvec-profile/q4_0-17408-5120-aligned.output", "0", "--aligned", "--timestamps"]
{"profile_trial":0,"wall_ns":167678,"gpu_ns":112040,"timestamp_bits":64,"timestamp_period_ns":10}
{"profile_trial":1,"wall_ns":174771,"gpu_ns":111480,"timestamp_bits":64,"timestamp_period_ns":10}
{"profile_trial":2,"wall_ns":169231,"gpu_ns":111760,"timestamp_bits":64,"timestamp_period_ns":10}
{"profile_trial":3,"wall_ns":170223,"gpu_ns":111440,"timestamp_bits":64,"timestamp_period_ns":10}
{"profile_trial":4,"wall_ns":169752,"gpu_ns":112080,"timestamp_bits":64,"timestamp_period_ns":10}
{"profile_trial":5,"wall_ns":169982,"gpu_ns":111440,"timestamp_bits":64,"timestamp_period_ns":10}
{"profile_trial":6,"wall_ns":170694,"gpu_ns":111840,"timestamp_bits":64,"timestamp_period_ns":10}
{"profile_trial":7,"wall_ns":169702,"gpu_ns":111480,"timestamp_bits":64,"timestamp_period_ns":10}
{"profile_trial":8,"wall_ns":169852,"gpu_ns":111680,"timestamp_bits":64,"timestamp_period_ns":10}
{"profile_trial":9,"wall_ns":170313,"gpu_ns":111520,"timestamp_bits":64,"timestamp_period_ns":10}
{"profile_trial":10,"wall_ns":169682,"gpu_ns":111800,"timestamp_bits":64,"timestamp_period_ns":10}
{"profile_trial":11,"wall_ns":169661,"gpu_ns":111680,"timestamp_bits":64,"timestamp_period_ns":10}
{"profile_trial":12,"wall_ns":169901,"gpu_ns":111960,"timestamp_bits":64,"timestamp_period_ns":10}
{"profile_trial":13,"wall_ns":168669,"gpu_ns":111320,"timestamp_bits":64,"timestamp_period_ns":10}
{"profile_trial":14,"wall_ns":169942,"gpu_ns":111720,"timestamp_bits":64,"timestamp_period_ns":10}
{"profile_trial":15,"wall_ns":170513,"gpu_ns":111720,"timestamp_bits":64,"timestamp_period_ns":10}
{"profile_trial":16,"wall_ns":169360,"gpu_ns":111520,"timestamp_bits":64,"timestamp_period_ns":10}
{"profile_trial":17,"wall_ns":169591,"gpu_ns":111600,"timestamp_bits":64,"timestamp_period_ns":10}
{"profile_trial":18,"wall_ns":169922,"gpu_ns":111800,"timestamp_bits":64,"timestamp_period_ns":10}
{"profile_trial":19,"wall_ns":169501,"gpu_ns":111400,"timestamp_bits":64,"timestamp_period_ns":10}
{"profile_trial":20,"wall_ns":169451,"gpu_ns":111880,"timestamp_bits":64,"timestamp_period_ns":10}
{"profile_trial":21,"wall_ns":170333,"gpu_ns":111480,"timestamp_bits":64,"timestamp_period_ns":10}
{"profile_trial":22,"wall_ns":169301,"gpu_ns":111680,"timestamp_bits":64,"timestamp_period_ns":10}
{"profile_trial":23,"wall_ns":169461,"gpu_ns":111600,"timestamp_bits":64,"timestamp_period_ns":10}
{"profile_trial":24,"wall_ns":169581,"gpu_ns":111640,"timestamp_bits":64,"timestamp_period_ns":10}
{"profile_trial":25,"wall_ns":169371,"gpu_ns":111560,"timestamp_bits":64,"timestamp_period_ns":10}
{"profile_trial":26,"wall_ns":179831,"gpu_ns":111640,"timestamp_bits":64,"timestamp_period_ns":10}
{"profile_trial":27,"wall_ns":170654,"gpu_ns":111720,"timestamp_bits":64,"timestamp_period_ns":10}
{"profile_trial":28,"wall_ns":170303,"gpu_ns":111680,"timestamp_bits":64,"timestamp_period_ns":10}
{"profile_trial":29,"wall_ns":170082,"gpu_ns":111720,"timestamp_bits":64,"timestamp_period_ns":10}
{"profile_trial":30,"wall_ns":170323,"gpu_ns":111800,"timestamp_bits":64,"timestamp_period_ns":10}
{"profile_trial":31,"wall_ns":169421,"gpu_ns":110920,"timestamp_bits":64,"timestamp_period_ns":10}
device=AMD Radeon RX 7900 XTX (RADV NAVI31) vendor=1002 id=744c api=4211042 driver=109060099 family=1
allocation_bytes=100471056 sizes=50225248,50225248,20560 memory_types=5,0,5 groups=5120,1,1
["/home/USER/projects/zerv/third_party/matvec-push/2026-09-22-matvec-profile/native", "/home/USER/projects/zerv/third_party/gpu-matvec-bench/2026-09-22-gpu-matvec-repeat/q4_0-17408-5120.case", "/home/USER/projects/zerv/third_party/matvec-push/2026-09-22-matvec-profile/q4_0-17408-5120-stream.output", "0", "/home/USER/projects/zerv/third_party/matvec-push/2026-09-22-matvec-profile/stream.spv", "1", "--aligned", "--timestamps"]
{"profile_trial":0,"wall_ns":99318,"gpu_ns":40640,"timestamp_bits":64,"timestamp_period_ns":10}
{"profile_trial":1,"wall_ns":98967,"gpu_ns":40160,"timestamp_bits":64,"timestamp_period_ns":10}
{"profile_trial":2,"wall_ns":98326,"gpu_ns":40080,"timestamp_bits":64,"timestamp_period_ns":10}
{"profile_trial":3,"wall_ns":98436,"gpu_ns":39720,"timestamp_bits":64,"timestamp_period_ns":10}
{"profile_trial":4,"wall_ns":98768,"gpu_ns":40760,"timestamp_bits":64,"timestamp_period_ns":10}
{"profile_trial":5,"wall_ns":97274,"gpu_ns":39760,"timestamp_bits":64,"timestamp_period_ns":10}
{"profile_trial":6,"wall_ns":98056,"gpu_ns":40280,"timestamp_bits":64,"timestamp_period_ns":10}
{"profile_trial":7,"wall_ns":98297,"gpu_ns":40040,"timestamp_bits":64,"timestamp_period_ns":10}
{"profile_trial":8,"wall_ns":98336,"gpu_ns":40640,"timestamp_bits":64,"timestamp_period_ns":10}
{"profile_trial":9,"wall_ns":97595,"gpu_ns":40000,"timestamp_bits":64,"timestamp_period_ns":10}
{"profile_trial":10,"wall_ns":97625,"gpu_ns":40280,"timestamp_bits":64,"timestamp_period_ns":10}
{"profile_trial":11,"wall_ns":97505,"gpu_ns":40040,"timestamp_bits":64,"timestamp_period_ns":10}
{"profile_trial":12,"wall_ns":97324,"gpu_ns":39960,"timestamp_bits":64,"timestamp_period_ns":10}
{"profile_trial":13,"wall_ns":97815,"gpu_ns":39800,"timestamp_bits":64,"timestamp_period_ns":10}
{"profile_trial":14,"wall_ns":97485,"gpu_ns":40280,"timestamp_bits":64,"timestamp_period_ns":10}
{"profile_trial":15,"wall_ns":96844,"gpu_ns":39720,"timestamp_bits":64,"timestamp_period_ns":10}
{"profile_trial":16,"wall_ns":97675,"gpu_ns":40080,"timestamp_bits":64,"timestamp_period_ns":10}
{"profile_trial":17,"wall_ns":97956,"gpu_ns":40320,"timestamp_bits":64,"timestamp_period_ns":10}
{"profile_trial":18,"wall_ns":97625,"gpu_ns":40000,"timestamp_bits":64,"timestamp_period_ns":10}
{"profile_trial":19,"wall_ns":96012,"gpu_ns":38520,"timestamp_bits":64,"timestamp_period_ns":10}
{"profile_trial":20,"wall_ns":96563,"gpu_ns":39440,"timestamp_bits":64,"timestamp_period_ns":10}
{"profile_trial":21,"wall_ns":96693,"gpu_ns":39040,"timestamp_bits":64,"timestamp_period_ns":10}
{"profile_trial":22,"wall_ns":95651,"gpu_ns":39120,"timestamp_bits":64,"timestamp_period_ns":10}
{"profile_trial":23,"wall_ns":95331,"gpu_ns":38560,"timestamp_bits":64,"timestamp_period_ns":10}
{"profile_trial":24,"wall_ns":96283,"gpu_ns":38960,"timestamp_bits":64,"timestamp_period_ns":10}
{"profile_trial":25,"wall_ns":118975,"gpu_ns":62960,"timestamp_bits":64,"timestamp_period_ns":10}
{"profile_trial":26,"wall_ns":98457,"gpu_ns":40400,"timestamp_bits":64,"timestamp_period_ns":10}
{"profile_trial":27,"wall_ns":99539,"gpu_ns":39720,"timestamp_bits":64,"timestamp_period_ns":10}
{"profile_trial":28,"wall_ns":98827,"gpu_ns":40720,"timestamp_bits":64,"timestamp_period_ns":10}
{"profile_trial":29,"wall_ns":99077,"gpu_ns":40040,"timestamp_bits":64,"timestamp_period_ns":10}
{"profile_trial":30,"wall_ns":120288,"gpu_ns":39320,"timestamp_bits":64,"timestamp_period_ns":10}
{"profile_trial":31,"wall_ns":97184,"gpu_ns":39160,"timestamp_bits":64,"timestamp_period_ns":10}
device=AMD Radeon RX 7900 XTX (RADV NAVI31) vendor=1002 id=744c api=4211042 driver=109060099 family=1
allocation_bytes=100471056 sizes=50225248,50225248,20560 memory_types=5,0,5 groups=5120,1,1
