["glslc", "--target-env=vulkan1.1", "-O", "-fshader-stage=compute", "/home/USER/projects/zerv/bench/matvec_stream.comp", "-o", "/home/USER/projects/zerv/third_party/matvec-push/2026-09-22-matvec-push-gpu-repeat/stream.spv"]
["spirv-val", "--target-env", "vulkan1.1", "/home/USER/projects/zerv/third_party/matvec-push/2026-09-22-matvec-push-gpu-repeat/stream.spv"]
["/home/USER/projects/zerv/.tools/zig-x86_64-linux-0.16.0/zig", "build", "gpu-matvec-bench-build", "-Doptimize=ReleaseFast", "-Dcpu=native"]
["/home/USER/projects/zerv/third_party/matvec-push/2026-09-22-matvec-push-gpu-repeat/native", "/home/USER/projects/zerv/third_party/gpu-matvec-bench/2026-09-22-gpu-matvec-repeat/q6_k-5120-248320.case", "/home/USER/projects/zerv/third_party/matvec-push/2026-09-22-matvec-push-gpu-repeat/q6_k-5120-248320-stress.output", "0", "--timestamps"]
{"profile_trial":0,"wall_ns":1216765,"gpu_ns":1168000,"timestamp_bits":64,"timestamp_period_ns":10}
{"profile_trial":1,"wall_ns":1211716,"gpu_ns":1159880,"timestamp_bits":64,"timestamp_period_ns":10}
{"profile_trial":2,"wall_ns":1219150,"gpu_ns":1166200,"timestamp_bits":64,"timestamp_period_ns":10}
{"profile_trial":3,"wall_ns":1212157,"gpu_ns":1158080,"timestamp_bits":64,"timestamp_period_ns":10}
{"profile_trial":4,"wall_ns":1216455,"gpu_ns":1163760,"timestamp_bits":64,"timestamp_period_ns":10}
{"profile_trial":5,"wall_ns":1215583,"gpu_ns":1165560,"timestamp_bits":64,"timestamp_period_ns":10}
{"profile_trial":6,"wall_ns":1244609,"gpu_ns":1195360,"timestamp_bits":64,"timestamp_period_ns":10}
{"profile_trial":7,"wall_ns":1218309,"gpu_ns":1168160,"timestamp_bits":64,"timestamp_period_ns":10}
{"profile_trial":8,"wall_ns":1220242,"gpu_ns":1169480,"timestamp_bits":64,"timestamp_period_ns":10}
{"profile_trial":9,"wall_ns":1214101,"gpu_ns":1164280,"timestamp_bits":64,"timestamp_period_ns":10}
{"profile_trial":10,"wall_ns":1221604,"gpu_ns":1168560,"timestamp_bits":64,"timestamp_period_ns":10}
{"profile_trial":11,"wall_ns":1211536,"gpu_ns":1157960,"timestamp_bits":64,"timestamp_period_ns":10}
{"profile_trial":12,"wall_ns":1219210,"gpu_ns":1167080,"timestamp_bits":64,"timestamp_period_ns":10}
{"profile_trial":13,"wall_ns":1214912,"gpu_ns":1165240,"timestamp_bits":64,"timestamp_period_ns":10}
{"profile_trial":14,"wall_ns":1212879,"gpu_ns":1162120,"timestamp_bits":64,"timestamp_period_ns":10}
{"profile_trial":15,"wall_ns":1220392,"gpu_ns":1167280,"timestamp_bits":64,"timestamp_period_ns":10}
{"profile_trial":16,"wall_ns":1218819,"gpu_ns":1162280,"timestamp_bits":64,"timestamp_period_ns":10}
{"profile_trial":17,"wall_ns":1212357,"gpu_ns":1162040,"timestamp_bits":64,"timestamp_period_ns":10}
{"profile_trial":18,"wall_ns":1214902,"gpu_ns":1162480,"timestamp_bits":64,"timestamp_period_ns":10}
{"profile_trial":19,"wall_ns":1218428,"gpu_ns":1167560,"timestamp_bits":64,"timestamp_period_ns":10}
{"profile_trial":20,"wall_ns":1244107,"gpu_ns":1194240,"timestamp_bits":64,"timestamp_period_ns":10}
{"profile_trial":21,"wall_ns":1211967,"gpu_ns":1161400,"timestamp_bits":64,"timestamp_period_ns":10}
{"profile_trial":22,"wall_ns":1211165,"gpu_ns":1161880,"timestamp_bits":64,"timestamp_period_ns":10}
{"profile_trial":23,"wall_ns":1217487,"gpu_ns":1167240,"timestamp_bits":64,"timestamp_period_ns":10}
{"profile_trial":24,"wall_ns":1221755,"gpu_ns":1169120,"timestamp_bits":64,"timestamp_period_ns":10}
{"profile_trial":25,"wall_ns":1220473,"gpu_ns":1168680,"timestamp_bits":64,"timestamp_period_ns":10}
{"profile_trial":26,"wall_ns":1220052,"gpu_ns":1168320,"timestamp_bits":64,"timestamp_period_ns":10}
{"profile_trial":27,"wall_ns":1218749,"gpu_ns":1168560,"timestamp_bits":64,"timestamp_period_ns":10}
{"profile_trial":28,"wall_ns":1219982,"gpu_ns":1169160,"timestamp_bits":64,"timestamp_period_ns":10}
{"profile_trial":29,"wall_ns":1218669,"gpu_ns":1168800,"timestamp_bits":64,"timestamp_period_ns":10}
{"profile_trial":30,"wall_ns":1208891,"gpu_ns":1157800,"timestamp_bits":64,"timestamp_period_ns":10}
{"profile_trial":31,"wall_ns":1218188,"gpu_ns":1167800,"timestamp_bits":64,"timestamp_period_ns":10}
device=AMD Radeon RX 7900 XTX (RADV NAVI31) vendor=1002 id=744c api=4211042 driver=109060099 family=1
allocation_bytes=2088909104 sizes=1043957872,1043957872,993360 memory_types=5,0,5 groups=62080,4,1
["/home/USER/projects/zerv/third_party/matvec-push/2026-09-22-matvec-push-gpu-repeat/native", "/home/USER/projects/zerv/third_party/gpu-matvec-bench/2026-09-22-gpu-matvec-repeat/q6_k-5120-248320.case", "/home/USER/projects/zerv/third_party/matvec-push/2026-09-22-matvec-push-gpu-repeat/q6_k-5120-248320-aligned.output", "0", "--aligned", "--timestamps"]
{"profile_trial":0,"wall_ns":1225703,"gpu_ns":1169040,"timestamp_bits":64,"timestamp_period_ns":10}
{"profile_trial":1,"wall_ns":1219170,"gpu_ns":1163680,"timestamp_bits":64,"timestamp_period_ns":10}
{"profile_trial":2,"wall_ns":1221525,"gpu_ns":1169880,"timestamp_bits":64,"timestamp_period_ns":10}
{"profile_trial":3,"wall_ns":1215843,"gpu_ns":1166120,"timestamp_bits":64,"timestamp_period_ns":10}
{"profile_trial":4,"wall_ns":1219571,"gpu_ns":1169640,"timestamp_bits":64,"timestamp_period_ns":10}
{"profile_trial":5,"wall_ns":1216134,"gpu_ns":1167080,"timestamp_bits":64,"timestamp_period_ns":10}
{"profile_trial":6,"wall_ns":1213159,"gpu_ns":1160760,"timestamp_bits":64,"timestamp_period_ns":10}
{"profile_trial":7,"wall_ns":1280637,"gpu_ns":1170760,"timestamp_bits":64,"timestamp_period_ns":10}
{"profile_trial":8,"wall_ns":1239198,"gpu_ns":1192280,"timestamp_bits":64,"timestamp_period_ns":10}
{"profile_trial":9,"wall_ns":1215093,"gpu_ns":1163320,"timestamp_bits":64,"timestamp_period_ns":10}
{"profile_trial":10,"wall_ns":1219030,"gpu_ns":1169320,"timestamp_bits":64,"timestamp_period_ns":10}
{"profile_trial":11,"wall_ns":1216575,"gpu_ns":1162480,"timestamp_bits":64,"timestamp_period_ns":10}
{"profile_trial":12,"wall_ns":1217817,"gpu_ns":1166560,"timestamp_bits":64,"timestamp_period_ns":10}
{"profile_trial":13,"wall_ns":1214922,"gpu_ns":1167120,"timestamp_bits":64,"timestamp_period_ns":10}
{"profile_trial":14,"wall_ns":1218199,"gpu_ns":1170000,"timestamp_bits":64,"timestamp_period_ns":10}
{"profile_trial":15,"wall_ns":1219962,"gpu_ns":1169760,"timestamp_bits":64,"timestamp_period_ns":10}
{"profile_trial":16,"wall_ns":1217947,"gpu_ns":1167760,"timestamp_bits":64,"timestamp_period_ns":10}
{"profile_trial":17,"wall_ns":1217447,"gpu_ns":1165320,"timestamp_bits":64,"timestamp_period_ns":10}
{"profile_trial":18,"wall_ns":1222746,"gpu_ns":1172760,"timestamp_bits":64,"timestamp_period_ns":10}
{"profile_trial":19,"wall_ns":1217638,"gpu_ns":1166640,"timestamp_bits":64,"timestamp_period_ns":10}
{"profile_trial":20,"wall_ns":1212517,"gpu_ns":1163080,"timestamp_bits":64,"timestamp_period_ns":10}
{"profile_trial":21,"wall_ns":1211164,"gpu_ns":1162120,"timestamp_bits":64,"timestamp_period_ns":10}
{"profile_trial":22,"wall_ns":1248886,"gpu_ns":1199520,"timestamp_bits":64,"timestamp_period_ns":10}
{"profile_trial":23,"wall_ns":1221294,"gpu_ns":1170120,"timestamp_bits":64,"timestamp_period_ns":10}
{"profile_trial":24,"wall_ns":1223720,"gpu_ns":1169880,"timestamp_bits":64,"timestamp_period_ns":10}
{"profile_trial":25,"wall_ns":1218919,"gpu_ns":1167280,"timestamp_bits":64,"timestamp_period_ns":10}
{"profile_trial":26,"wall_ns":1219581,"gpu_ns":1170440,"timestamp_bits":64,"timestamp_period_ns":10}
{"profile_trial":27,"wall_ns":1218449,"gpu_ns":1168720,"timestamp_bits":64,"timestamp_period_ns":10}
{"profile_trial":28,"wall_ns":1218780,"gpu_ns":1168240,"timestamp_bits":64,"timestamp_period_ns":10}
{"profile_trial":29,"wall_ns":1215042,"gpu_ns":1165360,"timestamp_bits":64,"timestamp_period_ns":10}
{"profile_trial":30,"wall_ns":1214341,"gpu_ns":1164120,"timestamp_bits":64,"timestamp_period_ns":10}
{"profile_trial":31,"wall_ns":1218529,"gpu_ns":1167640,"timestamp_bits":64,"timestamp_period_ns":10}
device=AMD Radeon RX 7900 XTX (RADV NAVI31) vendor=1002 id=744c api=4211042 driver=109060099 family=1
allocation_bytes=2088909072 sizes=1043957856,1043957856,993360 memory_types=5,0,5 groups=62080,4,1
["/home/USER/projects/zerv/third_party/matvec-push/2026-09-22-matvec-push-gpu-repeat/native", "/home/USER/projects/zerv/third_party/gpu-matvec-bench/2026-09-22-gpu-matvec-repeat/q6_k-5120-248320.case", "/home/USER/projects/zerv/third_party/matvec-push/2026-09-22-matvec-push-gpu-repeat/q6_k-5120-248320-stream.output", "0", "/home/USER/projects/zerv/third_party/matvec-push/2026-09-22-matvec-push-gpu-repeat/stream.spv", "1", "--aligned", "--timestamps"]
{"profile_trial":0,"wall_ns":1173573,"gpu_ns":1125480,"timestamp_bits":64,"timestamp_period_ns":10}
{"profile_trial":1,"wall_ns":1177932,"gpu_ns":1130400,"timestamp_bits":64,"timestamp_period_ns":10}
{"profile_trial":2,"wall_ns":1182651,"gpu_ns":1134040,"timestamp_bits":64,"timestamp_period_ns":10}
{"profile_trial":3,"wall_ns":1180356,"gpu_ns":1133280,"timestamp_bits":64,"timestamp_period_ns":10}
{"profile_trial":4,"wall_ns":1178613,"gpu_ns":1132360,"timestamp_bits":64,"timestamp_period_ns":10}
{"profile_trial":5,"wall_ns":1179655,"gpu_ns":1132120,"timestamp_bits":64,"timestamp_period_ns":10}
{"profile_trial":6,"wall_ns":1182882,"gpu_ns":1132800,"timestamp_bits":64,"timestamp_period_ns":10}
{"profile_trial":7,"wall_ns":1182060,"gpu_ns":1132600,"timestamp_bits":64,"timestamp_period_ns":10}
{"profile_trial":8,"wall_ns":1179405,"gpu_ns":1132200,"timestamp_bits":64,"timestamp_period_ns":10}
{"profile_trial":9,"wall_ns":1182110,"gpu_ns":1132120,"timestamp_bits":64,"timestamp_period_ns":10}
{"profile_trial":10,"wall_ns":1180076,"gpu_ns":1132960,"timestamp_bits":64,"timestamp_period_ns":10}
{"profile_trial":11,"wall_ns":1181138,"gpu_ns":1133080,"timestamp_bits":64,"timestamp_period_ns":10}
{"profile_trial":12,"wall_ns":1183061,"gpu_ns":1132640,"timestamp_bits":64,"timestamp_period_ns":10}
{"profile_trial":13,"wall_ns":1197609,"gpu_ns":1155080,"timestamp_bits":64,"timestamp_period_ns":10}
{"profile_trial":14,"wall_ns":1173413,"gpu_ns":1126200,"timestamp_bits":64,"timestamp_period_ns":10}
{"profile_trial":15,"wall_ns":1184695,"gpu_ns":1133240,"timestamp_bits":64,"timestamp_period_ns":10}
{"profile_trial":16,"wall_ns":1180416,"gpu_ns":1132080,"timestamp_bits":64,"timestamp_period_ns":10}
{"profile_trial":17,"wall_ns":1179725,"gpu_ns":1130880,"timestamp_bits":64,"timestamp_period_ns":10}
{"profile_trial":18,"wall_ns":1182009,"gpu_ns":1132720,"timestamp_bits":64,"timestamp_period_ns":10}
{"profile_trial":19,"wall_ns":1180777,"gpu_ns":1133440,"timestamp_bits":64,"timestamp_period_ns":10}
{"profile_trial":20,"wall_ns":1179254,"gpu_ns":1133000,"timestamp_bits":64,"timestamp_period_ns":10}
{"profile_trial":21,"wall_ns":1177401,"gpu_ns":1130440,"timestamp_bits":64,"timestamp_period_ns":10}
{"profile_trial":22,"wall_ns":1186889,"gpu_ns":1130760,"timestamp_bits":64,"timestamp_period_ns":10}
{"profile_trial":23,"wall_ns":1186368,"gpu_ns":1132600,"timestamp_bits":64,"timestamp_period_ns":10}
{"profile_trial":24,"wall_ns":1180297,"gpu_ns":1131080,"timestamp_bits":64,"timestamp_period_ns":10}
{"profile_trial":25,"wall_ns":1186268,"gpu_ns":1131640,"timestamp_bits":64,"timestamp_period_ns":10}
{"profile_trial":26,"wall_ns":1183402,"gpu_ns":1132720,"timestamp_bits":64,"timestamp_period_ns":10}
{"profile_trial":27,"wall_ns":1204382,"gpu_ns":1154040,"timestamp_bits":64,"timestamp_period_ns":10}
{"profile_trial":28,"wall_ns":1181459,"gpu_ns":1128320,"timestamp_bits":64,"timestamp_period_ns":10}
{"profile_trial":29,"wall_ns":1185416,"gpu_ns":1133280,"timestamp_bits":64,"timestamp_period_ns":10}
{"profile_trial":30,"wall_ns":1180878,"gpu_ns":1131000,"timestamp_bits":64,"timestamp_period_ns":10}
{"profile_trial":31,"wall_ns":1179245,"gpu_ns":1131080,"timestamp_bits":64,"timestamp_period_ns":10}
device=AMD Radeon RX 7900 XTX (RADV NAVI31) vendor=1002 id=744c api=4211042 driver=109060099 family=1
allocation_bytes=2088909072 sizes=1043957856,1043957856,993360 memory_types=5,0,5 groups=65535,4,1
["/home/USER/projects/zerv/third_party/matvec-push/2026-09-22-matvec-push-gpu-repeat/native", "/home/USER/projects/zerv/third_party/gpu-matvec-bench/2026-09-22-gpu-matvec-repeat/q4_0-5120-6144.case", "/home/USER/projects/zerv/third_party/matvec-push/2026-09-22-matvec-push-gpu-repeat/q4_0-5120-6144-stress.output", "0", "--timestamps"]
{"profile_trial":0,"wall_ns":91172,"gpu_ns":34080,"timestamp_bits":64,"timestamp_period_ns":10}
{"profile_trial":1,"wall_ns":89459,"gpu_ns":33640,"timestamp_bits":64,"timestamp_period_ns":10}
{"profile_trial":2,"wall_ns":90812,"gpu_ns":33880,"timestamp_bits":64,"timestamp_period_ns":10}
{"profile_trial":3,"wall_ns":91192,"gpu_ns":33880,"timestamp_bits":64,"timestamp_period_ns":10}
{"profile_trial":4,"wall_ns":90772,"gpu_ns":33880,"timestamp_bits":64,"timestamp_period_ns":10}
{"profile_trial":5,"wall_ns":90922,"gpu_ns":33640,"timestamp_bits":64,"timestamp_period_ns":10}
{"profile_trial":6,"wall_ns":98337,"gpu_ns":34120,"timestamp_bits":64,"timestamp_period_ns":10}
{"profile_trial":7,"wall_ns":90131,"gpu_ns":33680,"timestamp_bits":64,"timestamp_period_ns":10}
{"profile_trial":8,"wall_ns":91012,"gpu_ns":33920,"timestamp_bits":64,"timestamp_period_ns":10}
{"profile_trial":9,"wall_ns":90892,"gpu_ns":33640,"timestamp_bits":64,"timestamp_period_ns":10}
{"profile_trial":10,"wall_ns":91113,"gpu_ns":33920,"timestamp_bits":64,"timestamp_period_ns":10}
{"profile_trial":11,"wall_ns":90972,"gpu_ns":33840,"timestamp_bits":64,"timestamp_period_ns":10}
{"profile_trial":12,"wall_ns":91373,"gpu_ns":34080,"timestamp_bits":64,"timestamp_period_ns":10}
{"profile_trial":13,"wall_ns":90752,"gpu_ns":33720,"timestamp_bits":64,"timestamp_period_ns":10}
{"profile_trial":14,"wall_ns":91594,"gpu_ns":33920,"timestamp_bits":64,"timestamp_period_ns":10}
{"profile_trial":15,"wall_ns":89900,"gpu_ns":33800,"timestamp_bits":64,"timestamp_period_ns":10}
{"profile_trial":16,"wall_ns":92495,"gpu_ns":33880,"timestamp_bits":64,"timestamp_period_ns":10}
{"profile_trial":17,"wall_ns":90331,"gpu_ns":33600,"timestamp_bits":64,"timestamp_period_ns":10}
{"profile_trial":18,"wall_ns":91233,"gpu_ns":34040,"timestamp_bits":64,"timestamp_period_ns":10}
{"profile_trial":19,"wall_ns":90651,"gpu_ns":33840,"timestamp_bits":64,"timestamp_period_ns":10}
{"profile_trial":20,"wall_ns":91443,"gpu_ns":34000,"timestamp_bits":64,"timestamp_period_ns":10}
{"profile_trial":21,"wall_ns":90732,"gpu_ns":33880,"timestamp_bits":64,"timestamp_period_ns":10}
{"profile_trial":22,"wall_ns":91062,"gpu_ns":33920,"timestamp_bits":64,"timestamp_period_ns":10}
{"profile_trial":23,"wall_ns":90923,"gpu_ns":33800,"timestamp_bits":64,"timestamp_period_ns":10}
{"profile_trial":24,"wall_ns":91062,"gpu_ns":33960,"timestamp_bits":64,"timestamp_period_ns":10}
{"profile_trial":25,"wall_ns":90341,"gpu_ns":33680,"timestamp_bits":64,"timestamp_period_ns":10}
{"profile_trial":26,"wall_ns":91543,"gpu_ns":34000,"timestamp_bits":64,"timestamp_period_ns":10}
{"profile_trial":27,"wall_ns":91554,"gpu_ns":33720,"timestamp_bits":64,"timestamp_period_ns":10}
{"profile_trial":28,"wall_ns":90962,"gpu_ns":34000,"timestamp_bits":64,"timestamp_period_ns":10}
{"profile_trial":29,"wall_ns":91654,"gpu_ns":33800,"timestamp_bits":64,"timestamp_period_ns":10}
{"profile_trial":30,"wall_ns":92135,"gpu_ns":34040,"timestamp_bits":64,"timestamp_period_ns":10}
{"profile_trial":31,"wall_ns":90842,"gpu_ns":33720,"timestamp_bits":64,"timestamp_period_ns":10}
device=AMD Radeon RX 7900 XTX (RADV NAVI31) vendor=1002 id=744c api=4211042 driver=109060099 family=1
allocation_bytes=35504432 sizes=17739888,17739888,24656 memory_types=5,0,5 groups=6144,1,1
["/home/USER/projects/zerv/third_party/matvec-push/2026-09-22-matvec-push-gpu-repeat/native", "/home/USER/projects/zerv/third_party/gpu-matvec-bench/2026-09-22-gpu-matvec-repeat/q4_0-5120-6144.case", "/home/USER/projects/zerv/third_party/matvec-push/2026-09-22-matvec-push-gpu-repeat/q4_0-5120-6144-aligned.output", "0", "--aligned", "--timestamps"]
{"profile_trial":0,"wall_ns":92466,"gpu_ns":33440,"timestamp_bits":64,"timestamp_period_ns":10}
{"profile_trial":1,"wall_ns":87345,"gpu_ns":33720,"timestamp_bits":64,"timestamp_period_ns":10}
{"profile_trial":2,"wall_ns":86374,"gpu_ns":33800,"timestamp_bits":64,"timestamp_period_ns":10}
{"profile_trial":3,"wall_ns":93297,"gpu_ns":33480,"timestamp_bits":64,"timestamp_period_ns":10}
{"profile_trial":4,"wall_ns":90772,"gpu_ns":33800,"timestamp_bits":64,"timestamp_period_ns":10}
{"profile_trial":5,"wall_ns":91043,"gpu_ns":33520,"timestamp_bits":64,"timestamp_period_ns":10}
{"profile_trial":6,"wall_ns":91172,"gpu_ns":33480,"timestamp_bits":64,"timestamp_period_ns":10}
{"profile_trial":7,"wall_ns":91364,"gpu_ns":33280,"timestamp_bits":64,"timestamp_period_ns":10}
{"profile_trial":8,"wall_ns":92745,"gpu_ns":33560,"timestamp_bits":64,"timestamp_period_ns":10}
{"profile_trial":9,"wall_ns":91794,"gpu_ns":33160,"timestamp_bits":64,"timestamp_period_ns":10}
{"profile_trial":10,"wall_ns":96252,"gpu_ns":33960,"timestamp_bits":64,"timestamp_period_ns":10}
{"profile_trial":11,"wall_ns":90160,"gpu_ns":33480,"timestamp_bits":64,"timestamp_period_ns":10}
{"profile_trial":12,"wall_ns":91073,"gpu_ns":33320,"timestamp_bits":64,"timestamp_period_ns":10}
{"profile_trial":13,"wall_ns":91063,"gpu_ns":33400,"timestamp_bits":64,"timestamp_period_ns":10}
{"profile_trial":14,"wall_ns":91143,"gpu_ns":33560,"timestamp_bits":64,"timestamp_period_ns":10}
{"profile_trial":15,"wall_ns":90752,"gpu_ns":33600,"timestamp_bits":64,"timestamp_period_ns":10}
{"profile_trial":16,"wall_ns":91052,"gpu_ns":33400,"timestamp_bits":64,"timestamp_period_ns":10}
{"profile_trial":17,"wall_ns":90913,"gpu_ns":33640,"timestamp_bits":64,"timestamp_period_ns":10}
{"profile_trial":18,"wall_ns":90081,"gpu_ns":33840,"timestamp_bits":64,"timestamp_period_ns":10}
{"profile_trial":19,"wall_ns":91033,"gpu_ns":33800,"timestamp_bits":64,"timestamp_period_ns":10}
{"profile_trial":20,"wall_ns":82216,"gpu_ns":33360,"timestamp_bits":64,"timestamp_period_ns":10}
{"profile_trial":21,"wall_ns":95440,"gpu_ns":33640,"timestamp_bits":64,"timestamp_period_ns":10}
{"profile_trial":22,"wall_ns":90942,"gpu_ns":33440,"timestamp_bits":64,"timestamp_period_ns":10}
{"profile_trial":23,"wall_ns":90702,"gpu_ns":33760,"timestamp_bits":64,"timestamp_period_ns":10}
{"profile_trial":24,"wall_ns":91083,"gpu_ns":33560,"timestamp_bits":64,"timestamp_period_ns":10}
{"profile_trial":25,"wall_ns":91022,"gpu_ns":33440,"timestamp_bits":64,"timestamp_period_ns":10}
{"profile_trial":26,"wall_ns":91083,"gpu_ns":33960,"timestamp_bits":64,"timestamp_period_ns":10}
{"profile_trial":27,"wall_ns":91183,"gpu_ns":33640,"timestamp_bits":64,"timestamp_period_ns":10}
{"profile_trial":28,"wall_ns":91002,"gpu_ns":33960,"timestamp_bits":64,"timestamp_period_ns":10}
{"profile_trial":29,"wall_ns":90331,"gpu_ns":33440,"timestamp_bits":64,"timestamp_period_ns":10}
{"profile_trial":30,"wall_ns":91103,"gpu_ns":33440,"timestamp_bits":64,"timestamp_period_ns":10}
{"profile_trial":31,"wall_ns":95030,"gpu_ns":33280,"timestamp_bits":64,"timestamp_period_ns":10}
device=AMD Radeon RX 7900 XTX (RADV NAVI31) vendor=1002 id=744c api=4211042 driver=109060099 family=1
allocation_bytes=35504400 sizes=17739872,17739872,24656 memory_types=5,0,5 groups=6144,1,1
["/home/USER/projects/zerv/third_party/matvec-push/2026-09-22-matvec-push-gpu-repeat/native", "/home/USER/projects/zerv/third_party/gpu-matvec-bench/2026-09-22-gpu-matvec-repeat/q4_0-5120-6144.case", "/home/USER/projects/zerv/third_party/matvec-push/2026-09-22-matvec-push-gpu-repeat/q4_0-5120-6144-stream.output", "0", "/home/USER/projects/zerv/third_party/matvec-push/2026-09-22-matvec-push-gpu-repeat/stream.spv", "1", "--aligned", "--timestamps"]
{"profile_trial":0,"wall_ns":73630,"gpu_ns":23240,"timestamp_bits":64,"timestamp_period_ns":10}
{"profile_trial":1,"wall_ns":80493,"gpu_ns":22880,"timestamp_bits":64,"timestamp_period_ns":10}
{"profile_trial":2,"wall_ns":72497,"gpu_ns":23360,"timestamp_bits":64,"timestamp_period_ns":10}
{"profile_trial":3,"wall_ns":73971,"gpu_ns":22880,"timestamp_bits":64,"timestamp_period_ns":10}
{"profile_trial":4,"wall_ns":72687,"gpu_ns":23320,"timestamp_bits":64,"timestamp_period_ns":10}
{"profile_trial":5,"wall_ns":72838,"gpu_ns":22960,"timestamp_bits":64,"timestamp_period_ns":10}
{"profile_trial":6,"wall_ns":73128,"gpu_ns":23240,"timestamp_bits":64,"timestamp_period_ns":10}
{"profile_trial":7,"wall_ns":73199,"gpu_ns":22960,"timestamp_bits":64,"timestamp_period_ns":10}
{"profile_trial":8,"wall_ns":74461,"gpu_ns":23280,"timestamp_bits":64,"timestamp_period_ns":10}
{"profile_trial":9,"wall_ns":72678,"gpu_ns":22920,"timestamp_bits":64,"timestamp_period_ns":10}
{"profile_trial":10,"wall_ns":71255,"gpu_ns":23360,"timestamp_bits":64,"timestamp_period_ns":10}
{"profile_trial":11,"wall_ns":73690,"gpu_ns":22840,"timestamp_bits":64,"timestamp_period_ns":10}
{"profile_trial":12,"wall_ns":73569,"gpu_ns":23360,"timestamp_bits":64,"timestamp_period_ns":10}
{"profile_trial":13,"wall_ns":73109,"gpu_ns":22960,"timestamp_bits":64,"timestamp_period_ns":10}
{"profile_trial":14,"wall_ns":73770,"gpu_ns":23360,"timestamp_bits":64,"timestamp_period_ns":10}
{"profile_trial":15,"wall_ns":72537,"gpu_ns":22880,"timestamp_bits":64,"timestamp_period_ns":10}
{"profile_trial":16,"wall_ns":73810,"gpu_ns":23360,"timestamp_bits":64,"timestamp_period_ns":10}
{"profile_trial":17,"wall_ns":78349,"gpu_ns":22920,"timestamp_bits":64,"timestamp_period_ns":10}
{"profile_trial":18,"wall_ns":73810,"gpu_ns":23280,"timestamp_bits":64,"timestamp_period_ns":10}
{"profile_trial":19,"wall_ns":73499,"gpu_ns":22920,"timestamp_bits":64,"timestamp_period_ns":10}
{"profile_trial":20,"wall_ns":72998,"gpu_ns":23280,"timestamp_bits":64,"timestamp_period_ns":10}
{"profile_trial":21,"wall_ns":74121,"gpu_ns":22880,"timestamp_bits":64,"timestamp_period_ns":10}
{"profile_trial":22,"wall_ns":74311,"gpu_ns":23320,"timestamp_bits":64,"timestamp_period_ns":10}
{"profile_trial":23,"wall_ns":72998,"gpu_ns":22920,"timestamp_bits":64,"timestamp_period_ns":10}
{"profile_trial":24,"wall_ns":72878,"gpu_ns":23280,"timestamp_bits":64,"timestamp_period_ns":10}
{"profile_trial":25,"wall_ns":72999,"gpu_ns":22880,"timestamp_bits":64,"timestamp_period_ns":10}
{"profile_trial":26,"wall_ns":72367,"gpu_ns":23200,"timestamp_bits":64,"timestamp_period_ns":10}
{"profile_trial":27,"wall_ns":72407,"gpu_ns":22960,"timestamp_bits":64,"timestamp_period_ns":10}
{"profile_trial":28,"wall_ns":73059,"gpu_ns":23320,"timestamp_bits":64,"timestamp_period_ns":10}
{"profile_trial":29,"wall_ns":72537,"gpu_ns":22840,"timestamp_bits":64,"timestamp_period_ns":10}
{"profile_trial":30,"wall_ns":74041,"gpu_ns":23280,"timestamp_bits":64,"timestamp_period_ns":10}
{"profile_trial":31,"wall_ns":74120,"gpu_ns":22840,"timestamp_bits":64,"timestamp_period_ns":10}
device=AMD Radeon RX 7900 XTX (RADV NAVI31) vendor=1002 id=744c api=4211042 driver=109060099 family=1
allocation_bytes=35504400 sizes=17739872,17739872,24656 memory_types=5,0,5 groups=6144,1,1
["/home/USER/projects/zerv/third_party/matvec-push/2026-09-22-matvec-push-gpu-repeat/native", "/home/USER/projects/zerv/third_party/gpu-matvec-bench/2026-09-22-gpu-matvec-repeat/q4_0-5120-10240.case", "/home/USER/projects/zerv/third_party/matvec-push/2026-09-22-matvec-push-gpu-repeat/q4_0-5120-10240-stress.output", "0", "--timestamps"]
{"profile_trial":0,"wall_ns":108616,"gpu_ns":52520,"timestamp_bits":64,"timestamp_period_ns":10}
{"profile_trial":1,"wall_ns":107755,"gpu_ns":52440,"timestamp_bits":64,"timestamp_period_ns":10}
{"profile_trial":2,"wall_ns":111091,"gpu_ns":52280,"timestamp_bits":64,"timestamp_period_ns":10}
{"profile_trial":3,"wall_ns":115529,"gpu_ns":52320,"timestamp_bits":64,"timestamp_period_ns":10}
{"profile_trial":4,"wall_ns":112353,"gpu_ns":52320,"timestamp_bits":64,"timestamp_period_ns":10}
{"profile_trial":5,"wall_ns":108636,"gpu_ns":52000,"timestamp_bits":64,"timestamp_period_ns":10}
{"profile_trial":6,"wall_ns":108526,"gpu_ns":52200,"timestamp_bits":64,"timestamp_period_ns":10}
{"profile_trial":7,"wall_ns":108636,"gpu_ns":52040,"timestamp_bits":64,"timestamp_period_ns":10}
{"profile_trial":8,"wall_ns":106522,"gpu_ns":52120,"timestamp_bits":64,"timestamp_period_ns":10}
{"profile_trial":9,"wall_ns":108325,"gpu_ns":52200,"timestamp_bits":64,"timestamp_period_ns":10}
{"profile_trial":10,"wall_ns":108426,"gpu_ns":52320,"timestamp_bits":64,"timestamp_period_ns":10}
{"profile_trial":11,"wall_ns":106913,"gpu_ns":52080,"timestamp_bits":64,"timestamp_period_ns":10}
{"profile_trial":12,"wall_ns":108215,"gpu_ns":52280,"timestamp_bits":64,"timestamp_period_ns":10}
{"profile_trial":13,"wall_ns":107814,"gpu_ns":52000,"timestamp_bits":64,"timestamp_period_ns":10}
{"profile_trial":14,"wall_ns":107945,"gpu_ns":52440,"timestamp_bits":64,"timestamp_period_ns":10}
{"profile_trial":15,"wall_ns":113896,"gpu_ns":52080,"timestamp_bits":64,"timestamp_period_ns":10}
{"profile_trial":16,"wall_ns":107654,"gpu_ns":52080,"timestamp_bits":64,"timestamp_period_ns":10}
{"profile_trial":17,"wall_ns":107764,"gpu_ns":52080,"timestamp_bits":64,"timestamp_period_ns":10}
{"profile_trial":18,"wall_ns":107724,"gpu_ns":52320,"timestamp_bits":64,"timestamp_period_ns":10}
{"profile_trial":19,"wall_ns":108175,"gpu_ns":52200,"timestamp_bits":64,"timestamp_period_ns":10}
{"profile_trial":20,"wall_ns":108937,"gpu_ns":52560,"timestamp_bits":64,"timestamp_period_ns":10}
{"profile_trial":21,"wall_ns":106732,"gpu_ns":52040,"timestamp_bits":64,"timestamp_period_ns":10}
{"profile_trial":22,"wall_ns":106542,"gpu_ns":52120,"timestamp_bits":64,"timestamp_period_ns":10}
{"profile_trial":23,"wall_ns":106772,"gpu_ns":52200,"timestamp_bits":64,"timestamp_period_ns":10}
{"profile_trial":24,"wall_ns":107564,"gpu_ns":52240,"timestamp_bits":64,"timestamp_period_ns":10}
{"profile_trial":25,"wall_ns":108606,"gpu_ns":52080,"timestamp_bits":64,"timestamp_period_ns":10}
{"profile_trial":26,"wall_ns":108746,"gpu_ns":52280,"timestamp_bits":64,"timestamp_period_ns":10}
{"profile_trial":27,"wall_ns":108265,"gpu_ns":52160,"timestamp_bits":64,"timestamp_period_ns":10}
{"profile_trial":28,"wall_ns":109077,"gpu_ns":52680,"timestamp_bits":64,"timestamp_period_ns":10}
{"profile_trial":29,"wall_ns":109678,"gpu_ns":52040,"timestamp_bits":64,"timestamp_period_ns":10}
{"profile_trial":30,"wall_ns":108596,"gpu_ns":52240,"timestamp_bits":64,"timestamp_period_ns":10}
{"profile_trial":31,"wall_ns":107594,"gpu_ns":52040,"timestamp_bits":64,"timestamp_period_ns":10}
device=AMD Radeon RX 7900 XTX (RADV NAVI31) vendor=1002 id=744c api=4211042 driver=109060099 family=1
allocation_bytes=59146544 sizes=29552752,29552752,41040 memory_types=5,0,5 groups=10240,1,1
["/home/USER/projects/zerv/third_party/matvec-push/2026-09-22-matvec-push-gpu-repeat/native", "/home/USER/projects/zerv/third_party/gpu-matvec-bench/2026-09-22-gpu-matvec-repeat/q4_0-5120-10240.case", "/home/USER/projects/zerv/third_party/matvec-push/2026-09-22-matvec-push-gpu-repeat/q4_0-5120-10240-aligned.output", "0", "--aligned", "--timestamps"]
{"profile_trial":0,"wall_ns":109638,"gpu_ns":51880,"timestamp_bits":64,"timestamp_period_ns":10}
{"profile_trial":1,"wall_ns":109618,"gpu_ns":51760,"timestamp_bits":64,"timestamp_period_ns":10}
{"profile_trial":2,"wall_ns":108736,"gpu_ns":51920,"timestamp_bits":64,"timestamp_period_ns":10}
{"profile_trial":3,"wall_ns":109568,"gpu_ns":51760,"timestamp_bits":64,"timestamp_period_ns":10}
{"profile_trial":4,"wall_ns":108686,"gpu_ns":52000,"timestamp_bits":64,"timestamp_period_ns":10}
{"profile_trial":5,"wall_ns":108285,"gpu_ns":51760,"timestamp_bits":64,"timestamp_period_ns":10}
{"profile_trial":6,"wall_ns":109277,"gpu_ns":51840,"timestamp_bits":64,"timestamp_period_ns":10}
{"profile_trial":7,"wall_ns":107173,"gpu_ns":51680,"timestamp_bits":64,"timestamp_period_ns":10}
{"profile_trial":8,"wall_ns":107834,"gpu_ns":51920,"timestamp_bits":64,"timestamp_period_ns":10}
{"profile_trial":9,"wall_ns":108215,"gpu_ns":51720,"timestamp_bits":64,"timestamp_period_ns":10}
{"profile_trial":10,"wall_ns":108285,"gpu_ns":51960,"timestamp_bits":64,"timestamp_period_ns":10}
{"profile_trial":11,"wall_ns":107814,"gpu_ns":51720,"timestamp_bits":64,"timestamp_period_ns":10}
{"profile_trial":12,"wall_ns":108015,"gpu_ns":52000,"timestamp_bits":64,"timestamp_period_ns":10}
{"profile_trial":13,"wall_ns":107795,"gpu_ns":51760,"timestamp_bits":64,"timestamp_period_ns":10}
{"profile_trial":14,"wall_ns":106331,"gpu_ns":52040,"timestamp_bits":64,"timestamp_period_ns":10}
{"profile_trial":15,"wall_ns":112834,"gpu_ns":51760,"timestamp_bits":64,"timestamp_period_ns":10}
{"profile_trial":16,"wall_ns":106853,"gpu_ns":51880,"timestamp_bits":64,"timestamp_period_ns":10}
{"profile_trial":17,"wall_ns":106341,"gpu_ns":51840,"timestamp_bits":64,"timestamp_period_ns":10}
{"profile_trial":18,"wall_ns":115499,"gpu_ns":52040,"timestamp_bits":64,"timestamp_period_ns":10}
{"profile_trial":19,"wall_ns":109047,"gpu_ns":51760,"timestamp_bits":64,"timestamp_period_ns":10}
{"profile_trial":20,"wall_ns":108295,"gpu_ns":52080,"timestamp_bits":64,"timestamp_period_ns":10}
{"profile_trial":21,"wall_ns":108165,"gpu_ns":51640,"timestamp_bits":64,"timestamp_period_ns":10}
{"profile_trial":22,"wall_ns":107504,"gpu_ns":51760,"timestamp_bits":64,"timestamp_period_ns":10}
{"profile_trial":23,"wall_ns":106522,"gpu_ns":51800,"timestamp_bits":64,"timestamp_period_ns":10}
{"profile_trial":24,"wall_ns":108245,"gpu_ns":52040,"timestamp_bits":64,"timestamp_period_ns":10}
{"profile_trial":25,"wall_ns":107985,"gpu_ns":51800,"timestamp_bits":64,"timestamp_period_ns":10}
{"profile_trial":26,"wall_ns":107143,"gpu_ns":51960,"timestamp_bits":64,"timestamp_period_ns":10}
{"profile_trial":27,"wall_ns":107394,"gpu_ns":51760,"timestamp_bits":64,"timestamp_period_ns":10}
{"profile_trial":28,"wall_ns":109678,"gpu_ns":52040,"timestamp_bits":64,"timestamp_period_ns":10}
{"profile_trial":29,"wall_ns":108936,"gpu_ns":51760,"timestamp_bits":64,"timestamp_period_ns":10}
{"profile_trial":30,"wall_ns":109017,"gpu_ns":51880,"timestamp_bits":64,"timestamp_period_ns":10}
{"profile_trial":31,"wall_ns":108746,"gpu_ns":51760,"timestamp_bits":64,"timestamp_period_ns":10}
device=AMD Radeon RX 7900 XTX (RADV NAVI31) vendor=1002 id=744c api=4211042 driver=109060099 family=1
allocation_bytes=59146512 sizes=29552736,29552736,41040 memory_types=5,0,5 groups=10240,1,1
["/home/USER/projects/zerv/third_party/matvec-push/2026-09-22-matvec-push-gpu-repeat/native", "/home/USER/projects/zerv/third_party/gpu-matvec-bench/2026-09-22-gpu-matvec-repeat/q4_0-5120-10240.case", "/home/USER/projects/zerv/third_party/matvec-push/2026-09-22-matvec-push-gpu-repeat/q4_0-5120-10240-stream.output", "0", "/home/USER/projects/zerv/third_party/matvec-push/2026-09-22-matvec-push-gpu-repeat/stream.spv", "1", "--aligned", "--timestamps"]
{"profile_trial":0,"wall_ns":90792,"gpu_ns":31880,"timestamp_bits":64,"timestamp_period_ns":10}
{"profile_trial":1,"wall_ns":88598,"gpu_ns":31400,"timestamp_bits":64,"timestamp_period_ns":10}
{"profile_trial":2,"wall_ns":91193,"gpu_ns":31880,"timestamp_bits":64,"timestamp_period_ns":10}
{"profile_trial":3,"wall_ns":90662,"gpu_ns":31400,"timestamp_bits":64,"timestamp_period_ns":10}
{"profile_trial":4,"wall_ns":91102,"gpu_ns":31920,"timestamp_bits":64,"timestamp_period_ns":10}
{"profile_trial":5,"wall_ns":91152,"gpu_ns":31480,"timestamp_bits":64,"timestamp_period_ns":10}
{"profile_trial":6,"wall_ns":91414,"gpu_ns":31800,"timestamp_bits":64,"timestamp_period_ns":10}
{"profile_trial":7,"wall_ns":90371,"gpu_ns":31480,"timestamp_bits":64,"timestamp_period_ns":10}
{"profile_trial":8,"wall_ns":91173,"gpu_ns":31840,"timestamp_bits":64,"timestamp_period_ns":10}
{"profile_trial":9,"wall_ns":100230,"gpu_ns":31360,"timestamp_bits":64,"timestamp_period_ns":10}
{"profile_trial":10,"wall_ns":88408,"gpu_ns":31960,"timestamp_bits":64,"timestamp_period_ns":10}
{"profile_trial":11,"wall_ns":91002,"gpu_ns":31440,"timestamp_bits":64,"timestamp_period_ns":10}
{"profile_trial":12,"wall_ns":90983,"gpu_ns":31960,"timestamp_bits":64,"timestamp_period_ns":10}
{"profile_trial":13,"wall_ns":91082,"gpu_ns":31520,"timestamp_bits":64,"timestamp_period_ns":10}
{"profile_trial":14,"wall_ns":91123,"gpu_ns":31760,"timestamp_bits":64,"timestamp_period_ns":10}
{"profile_trial":15,"wall_ns":91043,"gpu_ns":31480,"timestamp_bits":64,"timestamp_period_ns":10}
{"profile_trial":16,"wall_ns":91062,"gpu_ns":31800,"timestamp_bits":64,"timestamp_period_ns":10}
{"profile_trial":17,"wall_ns":91263,"gpu_ns":31840,"timestamp_bits":64,"timestamp_period_ns":10}
{"profile_trial":18,"wall_ns":90171,"gpu_ns":31840,"timestamp_bits":64,"timestamp_period_ns":10}
{"profile_trial":19,"wall_ns":81765,"gpu_ns":31400,"timestamp_bits":64,"timestamp_period_ns":10}
{"profile_trial":20,"wall_ns":92135,"gpu_ns":31800,"timestamp_bits":64,"timestamp_period_ns":10}
{"profile_trial":21,"wall_ns":90662,"gpu_ns":31400,"timestamp_bits":64,"timestamp_period_ns":10}
{"profile_trial":22,"wall_ns":91053,"gpu_ns":31800,"timestamp_bits":64,"timestamp_period_ns":10}
{"profile_trial":23,"wall_ns":91022,"gpu_ns":31400,"timestamp_bits":64,"timestamp_period_ns":10}
{"profile_trial":24,"wall_ns":91313,"gpu_ns":31760,"timestamp_bits":64,"timestamp_period_ns":10}
{"profile_trial":25,"wall_ns":90833,"gpu_ns":31320,"timestamp_bits":64,"timestamp_period_ns":10}
{"profile_trial":26,"wall_ns":133032,"gpu_ns":31920,"timestamp_bits":64,"timestamp_period_ns":10}
{"profile_trial":27,"wall_ns":91754,"gpu_ns":31480,"timestamp_bits":64,"timestamp_period_ns":10}
{"profile_trial":28,"wall_ns":89860,"gpu_ns":31840,"timestamp_bits":64,"timestamp_period_ns":10}
{"profile_trial":29,"wall_ns":81104,"gpu_ns":31320,"timestamp_bits":64,"timestamp_period_ns":10}
{"profile_trial":30,"wall_ns":92455,"gpu_ns":31840,"timestamp_bits":64,"timestamp_period_ns":10}
{"profile_trial":31,"wall_ns":90662,"gpu_ns":31440,"timestamp_bits":64,"timestamp_period_ns":10}
device=AMD Radeon RX 7900 XTX (RADV NAVI31) vendor=1002 id=744c api=4211042 driver=109060099 family=1
allocation_bytes=59146512 sizes=29552736,29552736,41040 memory_types=5,0,5 groups=10240,1,1
["/home/USER/projects/zerv/third_party/matvec-push/2026-09-22-matvec-push-gpu-repeat/native", "/home/USER/projects/zerv/third_party/gpu-matvec-bench/2026-09-22-gpu-matvec-repeat/q4_1-17408-5120.case", "/home/USER/projects/zerv/third_party/matvec-push/2026-09-22-matvec-push-gpu-repeat/q4_1-17408-5120-stress.output", "0", "--timestamps"]
{"profile_trial":0,"wall_ns":151738,"gpu_ns":92240,"timestamp_bits":64,"timestamp_period_ns":10}
{"profile_trial":1,"wall_ns":152188,"gpu_ns":91720,"timestamp_bits":64,"timestamp_period_ns":10}
{"profile_trial":2,"wall_ns":147719,"gpu_ns":91920,"timestamp_bits":64,"timestamp_period_ns":10}
{"profile_trial":3,"wall_ns":147599,"gpu_ns":91760,"timestamp_bits":64,"timestamp_period_ns":10}
{"profile_trial":4,"wall_ns":147179,"gpu_ns":91800,"timestamp_bits":64,"timestamp_period_ns":10}
{"profile_trial":5,"wall_ns":148121,"gpu_ns":91920,"timestamp_bits":64,"timestamp_period_ns":10}
{"profile_trial":6,"wall_ns":144734,"gpu_ns":91880,"timestamp_bits":64,"timestamp_period_ns":10}
{"profile_trial":7,"wall_ns":147981,"gpu_ns":92000,"timestamp_bits":64,"timestamp_period_ns":10}
{"profile_trial":8,"wall_ns":147870,"gpu_ns":92160,"timestamp_bits":64,"timestamp_period_ns":10}
{"profile_trial":9,"wall_ns":147139,"gpu_ns":91760,"timestamp_bits":64,"timestamp_period_ns":10}
{"profile_trial":10,"wall_ns":147359,"gpu_ns":91960,"timestamp_bits":64,"timestamp_period_ns":10}
{"profile_trial":11,"wall_ns":146678,"gpu_ns":91800,"timestamp_bits":64,"timestamp_period_ns":10}
{"profile_trial":12,"wall_ns":148021,"gpu_ns":92240,"timestamp_bits":64,"timestamp_period_ns":10}
{"profile_trial":13,"wall_ns":146577,"gpu_ns":91680,"timestamp_bits":64,"timestamp_period_ns":10}
{"profile_trial":14,"wall_ns":147780,"gpu_ns":91960,"timestamp_bits":64,"timestamp_period_ns":10}
{"profile_trial":15,"wall_ns":148722,"gpu_ns":91840,"timestamp_bits":64,"timestamp_period_ns":10}
{"profile_trial":16,"wall_ns":146819,"gpu_ns":91880,"timestamp_bits":64,"timestamp_period_ns":10}
{"profile_trial":17,"wall_ns":147409,"gpu_ns":91840,"timestamp_bits":64,"timestamp_period_ns":10}
{"profile_trial":18,"wall_ns":147029,"gpu_ns":91680,"timestamp_bits":64,"timestamp_period_ns":10}
{"profile_trial":19,"wall_ns":147660,"gpu_ns":91840,"timestamp_bits":64,"timestamp_period_ns":10}
{"profile_trial":20,"wall_ns":147600,"gpu_ns":91880,"timestamp_bits":64,"timestamp_period_ns":10}
{"profile_trial":21,"wall_ns":151557,"gpu_ns":91880,"timestamp_bits":64,"timestamp_period_ns":10}
{"profile_trial":22,"wall_ns":147489,"gpu_ns":92040,"timestamp_bits":64,"timestamp_period_ns":10}
{"profile_trial":23,"wall_ns":147128,"gpu_ns":91560,"timestamp_bits":64,"timestamp_period_ns":10}
{"profile_trial":24,"wall_ns":147470,"gpu_ns":91960,"timestamp_bits":64,"timestamp_period_ns":10}
{"profile_trial":25,"wall_ns":144574,"gpu_ns":90920,"timestamp_bits":64,"timestamp_period_ns":10}
{"profile_trial":26,"wall_ns":145235,"gpu_ns":90840,"timestamp_bits":64,"timestamp_period_ns":10}
{"profile_trial":27,"wall_ns":146948,"gpu_ns":90840,"timestamp_bits":64,"timestamp_period_ns":10}
{"profile_trial":28,"wall_ns":147169,"gpu_ns":90640,"timestamp_bits":64,"timestamp_period_ns":10}
{"profile_trial":29,"wall_ns":147299,"gpu_ns":90840,"timestamp_bits":64,"timestamp_period_ns":10}
{"profile_trial":30,"wall_ns":147039,"gpu_ns":90920,"timestamp_bits":64,"timestamp_period_ns":10}
{"profile_trial":31,"wall_ns":146838,"gpu_ns":90600,"timestamp_bits":64,"timestamp_period_ns":10}
device=AMD Radeon RX 7900 XTX (RADV NAVI31) vendor=1002 id=744c api=4211042 driver=109060099 family=1
allocation_bytes=111612208 sizes=55795824,55795824,20560 memory_types=5,0,5 groups=5120,1,1
["/home/USER/projects/zerv/third_party/matvec-push/2026-09-22-matvec-push-gpu-repeat/native", "/home/USER/projects/zerv/third_party/gpu-matvec-bench/2026-09-22-gpu-matvec-repeat/q4_1-17408-5120.case", "/home/USER/projects/zerv/third_party/matvec-push/2026-09-22-matvec-push-gpu-repeat/q4_1-17408-5120-aligned.output", "0", "--aligned", "--timestamps"]
{"profile_trial":0,"wall_ns":143993,"gpu_ns":85680,"timestamp_bits":64,"timestamp_period_ns":10}
{"profile_trial":1,"wall_ns":146498,"gpu_ns":85680,"timestamp_bits":64,"timestamp_period_ns":10}
{"profile_trial":2,"wall_ns":144183,"gpu_ns":85560,"timestamp_bits":64,"timestamp_period_ns":10}
{"profile_trial":3,"wall_ns":141919,"gpu_ns":86000,"timestamp_bits":64,"timestamp_period_ns":10}
{"profile_trial":4,"wall_ns":141368,"gpu_ns":85640,"timestamp_bits":64,"timestamp_period_ns":10}
{"profile_trial":5,"wall_ns":140997,"gpu_ns":85480,"timestamp_bits":64,"timestamp_period_ns":10}
{"profile_trial":6,"wall_ns":141538,"gpu_ns":85920,"timestamp_bits":64,"timestamp_period_ns":10}
{"profile_trial":7,"wall_ns":141558,"gpu_ns":85800,"timestamp_bits":64,"timestamp_period_ns":10}
{"profile_trial":8,"wall_ns":141749,"gpu_ns":85640,"timestamp_bits":64,"timestamp_period_ns":10}
{"profile_trial":9,"wall_ns":141598,"gpu_ns":85560,"timestamp_bits":64,"timestamp_period_ns":10}
{"profile_trial":10,"wall_ns":141999,"gpu_ns":85600,"timestamp_bits":64,"timestamp_period_ns":10}
{"profile_trial":11,"wall_ns":141248,"gpu_ns":85440,"timestamp_bits":64,"timestamp_period_ns":10}
{"profile_trial":12,"wall_ns":141157,"gpu_ns":85840,"timestamp_bits":64,"timestamp_period_ns":10}
{"profile_trial":13,"wall_ns":141178,"gpu_ns":85480,"timestamp_bits":64,"timestamp_period_ns":10}
{"profile_trial":14,"wall_ns":140847,"gpu_ns":85840,"timestamp_bits":64,"timestamp_period_ns":10}
{"profile_trial":15,"wall_ns":143642,"gpu_ns":85480,"timestamp_bits":64,"timestamp_period_ns":10}
{"profile_trial":16,"wall_ns":141368,"gpu_ns":85680,"timestamp_bits":64,"timestamp_period_ns":10}
{"profile_trial":17,"wall_ns":142009,"gpu_ns":85720,"timestamp_bits":64,"timestamp_period_ns":10}
{"profile_trial":18,"wall_ns":141578,"gpu_ns":85800,"timestamp_bits":64,"timestamp_period_ns":10}
{"profile_trial":19,"wall_ns":140637,"gpu_ns":85480,"timestamp_bits":64,"timestamp_period_ns":10}
{"profile_trial":20,"wall_ns":140516,"gpu_ns":85600,"timestamp_bits":64,"timestamp_period_ns":10}
{"profile_trial":21,"wall_ns":141448,"gpu_ns":85640,"timestamp_bits":64,"timestamp_period_ns":10}
{"profile_trial":22,"wall_ns":141468,"gpu_ns":85800,"timestamp_bits":64,"timestamp_period_ns":10}
{"profile_trial":23,"wall_ns":141327,"gpu_ns":85520,"timestamp_bits":64,"timestamp_period_ns":10}
{"profile_trial":24,"wall_ns":141058,"gpu_ns":85600,"timestamp_bits":64,"timestamp_period_ns":10}
{"profile_trial":25,"wall_ns":141197,"gpu_ns":85440,"timestamp_bits":64,"timestamp_period_ns":10}
{"profile_trial":26,"wall_ns":140777,"gpu_ns":85800,"timestamp_bits":64,"timestamp_period_ns":10}
{"profile_trial":27,"wall_ns":142009,"gpu_ns":85560,"timestamp_bits":64,"timestamp_period_ns":10}
{"profile_trial":28,"wall_ns":142280,"gpu_ns":85800,"timestamp_bits":64,"timestamp_period_ns":10}
{"profile_trial":29,"wall_ns":143733,"gpu_ns":85600,"timestamp_bits":64,"timestamp_period_ns":10}
{"profile_trial":30,"wall_ns":142349,"gpu_ns":85680,"timestamp_bits":64,"timestamp_period_ns":10}
{"profile_trial":31,"wall_ns":142129,"gpu_ns":85480,"timestamp_bits":64,"timestamp_period_ns":10}
device=AMD Radeon RX 7900 XTX (RADV NAVI31) vendor=1002 id=744c api=4211042 driver=109060099 family=1
allocation_bytes=111612176 sizes=55795808,55795808,20560 memory_types=5,0,5 groups=5120,1,1
["/home/USER/projects/zerv/third_party/matvec-push/2026-09-22-matvec-push-gpu-repeat/native", "/home/USER/projects/zerv/third_party/gpu-matvec-bench/2026-09-22-gpu-matvec-repeat/q4_1-17408-5120.case", "/home/USER/projects/zerv/third_party/matvec-push/2026-09-22-matvec-push-gpu-repeat/q4_1-17408-5120-stream.output", "0", "/home/USER/projects/zerv/third_party/matvec-push/2026-09-22-matvec-push-gpu-repeat/stream.spv", "1", "--aligned", "--timestamps"]
{"profile_trial":0,"wall_ns":95691,"gpu_ns":39640,"timestamp_bits":64,"timestamp_period_ns":10}
{"profile_trial":1,"wall_ns":95311,"gpu_ns":39080,"timestamp_bits":64,"timestamp_period_ns":10}
{"profile_trial":2,"wall_ns":94690,"gpu_ns":39560,"timestamp_bits":64,"timestamp_period_ns":10}
{"profile_trial":3,"wall_ns":95541,"gpu_ns":39480,"timestamp_bits":64,"timestamp_period_ns":10}
{"profile_trial":4,"wall_ns":93948,"gpu_ns":40000,"timestamp_bits":64,"timestamp_period_ns":10}
{"profile_trial":5,"wall_ns":95431,"gpu_ns":39440,"timestamp_bits":64,"timestamp_period_ns":10}
{"profile_trial":6,"wall_ns":101573,"gpu_ns":40240,"timestamp_bits":64,"timestamp_period_ns":10}
{"profile_trial":7,"wall_ns":96172,"gpu_ns":39200,"timestamp_bits":64,"timestamp_period_ns":10}
{"profile_trial":8,"wall_ns":96694,"gpu_ns":39840,"timestamp_bits":64,"timestamp_period_ns":10}
{"profile_trial":9,"wall_ns":96753,"gpu_ns":39600,"timestamp_bits":64,"timestamp_period_ns":10}
{"profile_trial":10,"wall_ns":96523,"gpu_ns":39640,"timestamp_bits":64,"timestamp_period_ns":10}
{"profile_trial":11,"wall_ns":97274,"gpu_ns":39920,"timestamp_bits":64,"timestamp_period_ns":10}
{"profile_trial":12,"wall_ns":96543,"gpu_ns":39960,"timestamp_bits":64,"timestamp_period_ns":10}
{"profile_trial":13,"wall_ns":95732,"gpu_ns":39640,"timestamp_bits":64,"timestamp_period_ns":10}
{"profile_trial":14,"wall_ns":95461,"gpu_ns":39920,"timestamp_bits":64,"timestamp_period_ns":10}
{"profile_trial":15,"wall_ns":94559,"gpu_ns":39240,"timestamp_bits":64,"timestamp_period_ns":10}
{"profile_trial":16,"wall_ns":96312,"gpu_ns":40160,"timestamp_bits":64,"timestamp_period_ns":10}
{"profile_trial":17,"wall_ns":96643,"gpu_ns":39800,"timestamp_bits":64,"timestamp_period_ns":10}
{"profile_trial":18,"wall_ns":96012,"gpu_ns":40280,"timestamp_bits":64,"timestamp_period_ns":10}
{"profile_trial":19,"wall_ns":98036,"gpu_ns":39520,"timestamp_bits":64,"timestamp_period_ns":10}
{"profile_trial":20,"wall_ns":96423,"gpu_ns":39160,"timestamp_bits":64,"timestamp_period_ns":10}
{"profile_trial":21,"wall_ns":96032,"gpu_ns":39320,"timestamp_bits":64,"timestamp_period_ns":10}
{"profile_trial":22,"wall_ns":95621,"gpu_ns":41280,"timestamp_bits":64,"timestamp_period_ns":10}
{"profile_trial":23,"wall_ns":95160,"gpu_ns":39200,"timestamp_bits":64,"timestamp_period_ns":10}
{"profile_trial":24,"wall_ns":95772,"gpu_ns":39560,"timestamp_bits":64,"timestamp_period_ns":10}
{"profile_trial":25,"wall_ns":94819,"gpu_ns":39160,"timestamp_bits":64,"timestamp_period_ns":10}
{"profile_trial":26,"wall_ns":95752,"gpu_ns":40080,"timestamp_bits":64,"timestamp_period_ns":10}
{"profile_trial":27,"wall_ns":95832,"gpu_ns":39440,"timestamp_bits":64,"timestamp_period_ns":10}
{"profile_trial":28,"wall_ns":95581,"gpu_ns":39440,"timestamp_bits":64,"timestamp_period_ns":10}
{"profile_trial":29,"wall_ns":95240,"gpu_ns":39560,"timestamp_bits":64,"timestamp_period_ns":10}
{"profile_trial":30,"wall_ns":95792,"gpu_ns":39920,"timestamp_bits":64,"timestamp_period_ns":10}
{"profile_trial":31,"wall_ns":95672,"gpu_ns":39360,"timestamp_bits":64,"timestamp_period_ns":10}
device=AMD Radeon RX 7900 XTX (RADV NAVI31) vendor=1002 id=744c api=4211042 driver=109060099 family=1
allocation_bytes=111612176 sizes=55795808,55795808,20560 memory_types=5,0,5 groups=5120,1,1
["/home/USER/projects/zerv/third_party/matvec-push/2026-09-22-matvec-push-gpu-repeat/native", "/home/USER/projects/zerv/third_party/gpu-matvec-bench/2026-09-22-gpu-matvec-repeat/q4_0-5120-17408.case", "/home/USER/projects/zerv/third_party/matvec-push/2026-09-22-matvec-push-gpu-repeat/q4_0-5120-17408-stress.output", "0", "--timestamps"]
{"profile_trial":0,"wall_ns":144915,"gpu_ns":85160,"timestamp_bits":64,"timestamp_period_ns":10}
{"profile_trial":1,"wall_ns":140907,"gpu_ns":84800,"timestamp_bits":64,"timestamp_period_ns":10}
{"profile_trial":2,"wall_ns":140687,"gpu_ns":85040,"timestamp_bits":64,"timestamp_period_ns":10}
{"profile_trial":3,"wall_ns":141017,"gpu_ns":84640,"timestamp_bits":64,"timestamp_period_ns":10}
{"profile_trial":4,"wall_ns":141759,"gpu_ns":84960,"timestamp_bits":64,"timestamp_period_ns":10}
{"profile_trial":5,"wall_ns":135136,"gpu_ns":83520,"timestamp_bits":64,"timestamp_period_ns":10}
{"profile_trial":6,"wall_ns":147109,"gpu_ns":89360,"timestamp_bits":64,"timestamp_period_ns":10}
{"profile_trial":7,"wall_ns":147590,"gpu_ns":84560,"timestamp_bits":64,"timestamp_period_ns":10}
{"profile_trial":8,"wall_ns":136969,"gpu_ns":85080,"timestamp_bits":64,"timestamp_period_ns":10}
{"profile_trial":9,"wall_ns":137461,"gpu_ns":83600,"timestamp_bits":64,"timestamp_period_ns":10}
{"profile_trial":10,"wall_ns":141508,"gpu_ns":85040,"timestamp_bits":64,"timestamp_period_ns":10}
{"profile_trial":11,"wall_ns":141378,"gpu_ns":84600,"timestamp_bits":64,"timestamp_period_ns":10}
{"profile_trial":12,"wall_ns":141789,"gpu_ns":85000,"timestamp_bits":64,"timestamp_period_ns":10}
{"profile_trial":13,"wall_ns":142580,"gpu_ns":84760,"timestamp_bits":64,"timestamp_period_ns":10}
{"profile_trial":14,"wall_ns":144404,"gpu_ns":85040,"timestamp_bits":64,"timestamp_period_ns":10}
{"profile_trial":15,"wall_ns":141308,"gpu_ns":84680,"timestamp_bits":64,"timestamp_period_ns":10}
{"profile_trial":16,"wall_ns":140446,"gpu_ns":85120,"timestamp_bits":64,"timestamp_period_ns":10}
{"profile_trial":17,"wall_ns":140546,"gpu_ns":84720,"timestamp_bits":64,"timestamp_period_ns":10}
{"profile_trial":18,"wall_ns":141699,"gpu_ns":84920,"timestamp_bits":64,"timestamp_period_ns":10}
{"profile_trial":19,"wall_ns":141057,"gpu_ns":84640,"timestamp_bits":64,"timestamp_period_ns":10}
{"profile_trial":20,"wall_ns":141448,"gpu_ns":85080,"timestamp_bits":64,"timestamp_period_ns":10}
{"profile_trial":21,"wall_ns":141267,"gpu_ns":84680,"timestamp_bits":64,"timestamp_period_ns":10}
{"profile_trial":22,"wall_ns":141317,"gpu_ns":85080,"timestamp_bits":64,"timestamp_period_ns":10}
{"profile_trial":23,"wall_ns":140477,"gpu_ns":84720,"timestamp_bits":64,"timestamp_period_ns":10}
{"profile_trial":24,"wall_ns":141157,"gpu_ns":85280,"timestamp_bits":64,"timestamp_period_ns":10}
{"profile_trial":25,"wall_ns":141548,"gpu_ns":84760,"timestamp_bits":64,"timestamp_period_ns":10}
{"profile_trial":26,"wall_ns":141839,"gpu_ns":85000,"timestamp_bits":64,"timestamp_period_ns":10}
{"profile_trial":27,"wall_ns":141408,"gpu_ns":84720,"timestamp_bits":64,"timestamp_period_ns":10}
{"profile_trial":28,"wall_ns":145165,"gpu_ns":85080,"timestamp_bits":64,"timestamp_period_ns":10}
{"profile_trial":29,"wall_ns":142070,"gpu_ns":84680,"timestamp_bits":64,"timestamp_period_ns":10}
{"profile_trial":30,"wall_ns":140255,"gpu_ns":85120,"timestamp_bits":64,"timestamp_period_ns":10}
{"profile_trial":31,"wall_ns":143092,"gpu_ns":84680,"timestamp_bits":64,"timestamp_period_ns":10}
device=AMD Radeon RX 7900 XTX (RADV NAVI31) vendor=1002 id=744c api=4211042 driver=109060099 family=1
allocation_bytes=100520240 sizes=50225264,50225264,69712 memory_types=5,0,5 groups=17408,1,1
["/home/USER/projects/zerv/third_party/matvec-push/2026-09-22-matvec-push-gpu-repeat/native", "/home/USER/projects/zerv/third_party/gpu-matvec-bench/2026-09-22-gpu-matvec-repeat/q4_0-5120-17408.case", "/home/USER/projects/zerv/third_party/matvec-push/2026-09-22-matvec-push-gpu-repeat/q4_0-5120-17408-aligned.output", "0", "--aligned", "--timestamps"]
{"profile_trial":0,"wall_ns":142049,"gpu_ns":84320,"timestamp_bits":64,"timestamp_period_ns":10}
{"profile_trial":1,"wall_ns":146137,"gpu_ns":82920,"timestamp_bits":64,"timestamp_period_ns":10}
{"profile_trial":2,"wall_ns":136529,"gpu_ns":86000,"timestamp_bits":64,"timestamp_period_ns":10}
{"profile_trial":3,"wall_ns":146007,"gpu_ns":83960,"timestamp_bits":64,"timestamp_period_ns":10}
{"profile_trial":4,"wall_ns":141127,"gpu_ns":84320,"timestamp_bits":64,"timestamp_period_ns":10}
{"profile_trial":5,"wall_ns":137099,"gpu_ns":83120,"timestamp_bits":64,"timestamp_period_ns":10}
{"profile_trial":6,"wall_ns":140917,"gpu_ns":84440,"timestamp_bits":64,"timestamp_period_ns":10}
{"profile_trial":7,"wall_ns":140567,"gpu_ns":83840,"timestamp_bits":64,"timestamp_period_ns":10}
{"profile_trial":8,"wall_ns":138913,"gpu_ns":84200,"timestamp_bits":64,"timestamp_period_ns":10}
{"profile_trial":9,"wall_ns":139615,"gpu_ns":83800,"timestamp_bits":64,"timestamp_period_ns":10}
{"profile_trial":10,"wall_ns":140606,"gpu_ns":84240,"timestamp_bits":64,"timestamp_period_ns":10}
{"profile_trial":11,"wall_ns":142389,"gpu_ns":83960,"timestamp_bits":64,"timestamp_period_ns":10}
{"profile_trial":12,"wall_ns":140175,"gpu_ns":84400,"timestamp_bits":64,"timestamp_period_ns":10}
{"profile_trial":13,"wall_ns":140035,"gpu_ns":83960,"timestamp_bits":64,"timestamp_period_ns":10}
{"profile_trial":14,"wall_ns":139965,"gpu_ns":84400,"timestamp_bits":64,"timestamp_period_ns":10}
{"profile_trial":15,"wall_ns":140596,"gpu_ns":83880,"timestamp_bits":64,"timestamp_period_ns":10}
{"profile_trial":16,"wall_ns":140055,"gpu_ns":84320,"timestamp_bits":64,"timestamp_period_ns":10}
{"profile_trial":17,"wall_ns":151587,"gpu_ns":84200,"timestamp_bits":64,"timestamp_period_ns":10}
{"profile_trial":18,"wall_ns":141658,"gpu_ns":84400,"timestamp_bits":64,"timestamp_period_ns":10}
{"profile_trial":19,"wall_ns":139845,"gpu_ns":83840,"timestamp_bits":64,"timestamp_period_ns":10}
{"profile_trial":20,"wall_ns":140036,"gpu_ns":84440,"timestamp_bits":64,"timestamp_period_ns":10}
{"profile_trial":21,"wall_ns":140145,"gpu_ns":84000,"timestamp_bits":64,"timestamp_period_ns":10}
{"profile_trial":22,"wall_ns":138823,"gpu_ns":84280,"timestamp_bits":64,"timestamp_period_ns":10}
{"profile_trial":23,"wall_ns":140145,"gpu_ns":83960,"timestamp_bits":64,"timestamp_period_ns":10}
{"profile_trial":24,"wall_ns":139174,"gpu_ns":84360,"timestamp_bits":64,"timestamp_period_ns":10}
{"profile_trial":25,"wall_ns":150134,"gpu_ns":83880,"timestamp_bits":64,"timestamp_period_ns":10}
{"profile_trial":26,"wall_ns":140457,"gpu_ns":84280,"timestamp_bits":64,"timestamp_period_ns":10}
{"profile_trial":27,"wall_ns":140686,"gpu_ns":83920,"timestamp_bits":64,"timestamp_period_ns":10}
{"profile_trial":28,"wall_ns":139845,"gpu_ns":84400,"timestamp_bits":64,"timestamp_period_ns":10}
{"profile_trial":29,"wall_ns":139865,"gpu_ns":83840,"timestamp_bits":64,"timestamp_period_ns":10}
{"profile_trial":30,"wall_ns":140696,"gpu_ns":84480,"timestamp_bits":64,"timestamp_period_ns":10}
{"profile_trial":31,"wall_ns":139695,"gpu_ns":84040,"timestamp_bits":64,"timestamp_period_ns":10}
device=AMD Radeon RX 7900 XTX (RADV NAVI31) vendor=1002 id=744c api=4211042 driver=109060099 family=1
allocation_bytes=100520208 sizes=50225248,50225248,69712 memory_types=5,0,5 groups=17408,1,1
["/home/USER/projects/zerv/third_party/matvec-push/2026-09-22-matvec-push-gpu-repeat/native", "/home/USER/projects/zerv/third_party/gpu-matvec-bench/2026-09-22-gpu-matvec-repeat/q4_0-5120-17408.case", "/home/USER/projects/zerv/third_party/matvec-push/2026-09-22-matvec-push-gpu-repeat/q4_0-5120-17408-stream.output", "0", "/home/USER/projects/zerv/third_party/matvec-push/2026-09-22-matvec-push-gpu-repeat/stream.spv", "1", "--aligned", "--timestamps"]
{"profile_trial":0,"wall_ns":98607,"gpu_ns":46480,"timestamp_bits":64,"timestamp_period_ns":10}
{"profile_trial":1,"wall_ns":125568,"gpu_ns":72400,"timestamp_bits":64,"timestamp_period_ns":10}
{"profile_trial":2,"wall_ns":104338,"gpu_ns":46520,"timestamp_bits":64,"timestamp_period_ns":10}
{"profile_trial":3,"wall_ns":98997,"gpu_ns":46080,"timestamp_bits":64,"timestamp_period_ns":10}
{"profile_trial":4,"wall_ns":97384,"gpu_ns":46800,"timestamp_bits":64,"timestamp_period_ns":10}
{"profile_trial":5,"wall_ns":102194,"gpu_ns":45960,"timestamp_bits":64,"timestamp_period_ns":10}
{"profile_trial":6,"wall_ns":102534,"gpu_ns":46520,"timestamp_bits":64,"timestamp_period_ns":10}
{"profile_trial":7,"wall_ns":102966,"gpu_ns":46000,"timestamp_bits":64,"timestamp_period_ns":10}
{"profile_trial":8,"wall_ns":102675,"gpu_ns":46520,"timestamp_bits":64,"timestamp_period_ns":10}
{"profile_trial":9,"wall_ns":105940,"gpu_ns":46520,"timestamp_bits":64,"timestamp_period_ns":10}
{"profile_trial":10,"wall_ns":103345,"gpu_ns":46400,"timestamp_bits":64,"timestamp_period_ns":10}
{"profile_trial":11,"wall_ns":103055,"gpu_ns":46000,"timestamp_bits":64,"timestamp_period_ns":10}
{"profile_trial":12,"wall_ns":103496,"gpu_ns":46880,"timestamp_bits":64,"timestamp_period_ns":10}
{"profile_trial":13,"wall_ns":103846,"gpu_ns":46080,"timestamp_bits":64,"timestamp_period_ns":10}
{"profile_trial":14,"wall_ns":101944,"gpu_ns":46480,"timestamp_bits":64,"timestamp_period_ns":10}
{"profile_trial":15,"wall_ns":101843,"gpu_ns":46040,"timestamp_bits":64,"timestamp_period_ns":10}
{"profile_trial":16,"wall_ns":102213,"gpu_ns":46440,"timestamp_bits":64,"timestamp_period_ns":10}
{"profile_trial":17,"wall_ns":101162,"gpu_ns":45960,"timestamp_bits":64,"timestamp_period_ns":10}
{"profile_trial":18,"wall_ns":104849,"gpu_ns":46480,"timestamp_bits":64,"timestamp_period_ns":10}
{"profile_trial":19,"wall_ns":102494,"gpu_ns":46040,"timestamp_bits":64,"timestamp_period_ns":10}
{"profile_trial":20,"wall_ns":102414,"gpu_ns":46480,"timestamp_bits":64,"timestamp_period_ns":10}
{"profile_trial":21,"wall_ns":102765,"gpu_ns":46080,"timestamp_bits":64,"timestamp_period_ns":10}
{"profile_trial":22,"wall_ns":101863,"gpu_ns":46480,"timestamp_bits":64,"timestamp_period_ns":10}
{"profile_trial":23,"wall_ns":102104,"gpu_ns":46160,"timestamp_bits":64,"timestamp_period_ns":10}
{"profile_trial":24,"wall_ns":103025,"gpu_ns":46480,"timestamp_bits":64,"timestamp_period_ns":10}
{"profile_trial":25,"wall_ns":101783,"gpu_ns":46080,"timestamp_bits":64,"timestamp_period_ns":10}
{"profile_trial":26,"wall_ns":101632,"gpu_ns":46440,"timestamp_bits":64,"timestamp_period_ns":10}
{"profile_trial":27,"wall_ns":102094,"gpu_ns":46040,"timestamp_bits":64,"timestamp_period_ns":10}
{"profile_trial":28,"wall_ns":102995,"gpu_ns":46480,"timestamp_bits":64,"timestamp_period_ns":10}
{"profile_trial":29,"wall_ns":103046,"gpu_ns":46040,"timestamp_bits":64,"timestamp_period_ns":10}
{"profile_trial":30,"wall_ns":102714,"gpu_ns":46520,"timestamp_bits":64,"timestamp_period_ns":10}
{"profile_trial":31,"wall_ns":102605,"gpu_ns":46000,"timestamp_bits":64,"timestamp_period_ns":10}
device=AMD Radeon RX 7900 XTX (RADV NAVI31) vendor=1002 id=744c api=4211042 driver=109060099 family=1
allocation_bytes=100520208 sizes=50225248,50225248,69712 memory_types=5,0,5 groups=17408,1,1
["/home/USER/projects/zerv/third_party/matvec-push/2026-09-22-matvec-push-gpu-repeat/native", "/home/USER/projects/zerv/third_party/gpu-matvec-bench/2026-09-22-gpu-matvec-repeat/f32-5120-48.case", "/home/USER/projects/zerv/third_party/matvec-push/2026-09-22-matvec-push-gpu-repeat/f32-5120-48-stress.output", "0", "--timestamps"]
{"profile_trial":0,"wall_ns":60124,"gpu_ns":10360,"timestamp_bits":64,"timestamp_period_ns":10}
{"profile_trial":1,"wall_ns":60855,"gpu_ns":10000,"timestamp_bits":64,"timestamp_period_ns":10}
{"profile_trial":2,"wall_ns":60214,"gpu_ns":10400,"timestamp_bits":64,"timestamp_period_ns":10}
{"profile_trial":3,"wall_ns":60174,"gpu_ns":10000,"timestamp_bits":64,"timestamp_period_ns":10}
{"profile_trial":4,"wall_ns":60926,"gpu_ns":10400,"timestamp_bits":64,"timestamp_period_ns":10}
{"profile_trial":5,"wall_ns":61436,"gpu_ns":10000,"timestamp_bits":64,"timestamp_period_ns":10}
{"profile_trial":6,"wall_ns":61396,"gpu_ns":10400,"timestamp_bits":64,"timestamp_period_ns":10}
{"profile_trial":7,"wall_ns":60705,"gpu_ns":10000,"timestamp_bits":64,"timestamp_period_ns":10}
{"profile_trial":8,"wall_ns":60495,"gpu_ns":10360,"timestamp_bits":64,"timestamp_period_ns":10}
{"profile_trial":9,"wall_ns":60565,"gpu_ns":10000,"timestamp_bits":64,"timestamp_period_ns":10}
{"profile_trial":10,"wall_ns":60094,"gpu_ns":10400,"timestamp_bits":64,"timestamp_period_ns":10}
{"profile_trial":11,"wall_ns":59713,"gpu_ns":9960,"timestamp_bits":64,"timestamp_period_ns":10}
{"profile_trial":12,"wall_ns":60004,"gpu_ns":10360,"timestamp_bits":64,"timestamp_period_ns":10}
{"profile_trial":13,"wall_ns":59563,"gpu_ns":9960,"timestamp_bits":64,"timestamp_period_ns":10}
{"profile_trial":14,"wall_ns":59453,"gpu_ns":10400,"timestamp_bits":64,"timestamp_period_ns":10}
{"profile_trial":15,"wall_ns":60965,"gpu_ns":10000,"timestamp_bits":64,"timestamp_period_ns":10}
{"profile_trial":16,"wall_ns":68761,"gpu_ns":10360,"timestamp_bits":64,"timestamp_period_ns":10}
{"profile_trial":17,"wall_ns":59432,"gpu_ns":9960,"timestamp_bits":64,"timestamp_period_ns":10}
{"profile_trial":18,"wall_ns":59884,"gpu_ns":10400,"timestamp_bits":64,"timestamp_period_ns":10}
{"profile_trial":19,"wall_ns":59883,"gpu_ns":9960,"timestamp_bits":64,"timestamp_period_ns":10}
{"profile_trial":20,"wall_ns":60204,"gpu_ns":10360,"timestamp_bits":64,"timestamp_period_ns":10}
{"profile_trial":21,"wall_ns":62418,"gpu_ns":9960,"timestamp_bits":64,"timestamp_period_ns":10}
{"profile_trial":22,"wall_ns":64813,"gpu_ns":10400,"timestamp_bits":64,"timestamp_period_ns":10}
{"profile_trial":23,"wall_ns":59974,"gpu_ns":10000,"timestamp_bits":64,"timestamp_period_ns":10}
{"profile_trial":24,"wall_ns":60735,"gpu_ns":10400,"timestamp_bits":64,"timestamp_period_ns":10}
{"profile_trial":25,"wall_ns":59874,"gpu_ns":9960,"timestamp_bits":64,"timestamp_period_ns":10}
{"profile_trial":26,"wall_ns":60254,"gpu_ns":10320,"timestamp_bits":64,"timestamp_period_ns":10}
{"profile_trial":27,"wall_ns":59763,"gpu_ns":10000,"timestamp_bits":64,"timestamp_period_ns":10}
{"profile_trial":28,"wall_ns":59643,"gpu_ns":10360,"timestamp_bits":64,"timestamp_period_ns":10}
{"profile_trial":29,"wall_ns":60163,"gpu_ns":9960,"timestamp_bits":64,"timestamp_period_ns":10}
{"profile_trial":30,"wall_ns":61326,"gpu_ns":10360,"timestamp_bits":64,"timestamp_period_ns":10}
{"profile_trial":31,"wall_ns":59974,"gpu_ns":9960,"timestamp_bits":64,"timestamp_period_ns":10}
device=AMD Radeon RX 7900 XTX (RADV NAVI31) vendor=1002 id=744c api=4211042 driver=109060099 family=1
allocation_bytes=2007920 sizes=1003824,1003824,272 memory_types=5,0,5 groups=48,1,1
["/home/USER/projects/zerv/third_party/matvec-push/2026-09-22-matvec-push-gpu-repeat/native", "/home/USER/projects/zerv/third_party/gpu-matvec-bench/2026-09-22-gpu-matvec-repeat/f32-5120-48.case", "/home/USER/projects/zerv/third_party/matvec-push/2026-09-22-matvec-push-gpu-repeat/f32-5120-48-aligned.output", "0", "--aligned", "--timestamps"]
{"profile_trial":0,"wall_ns":60605,"gpu_ns":10360,"timestamp_bits":64,"timestamp_period_ns":10}
{"profile_trial":1,"wall_ns":91032,"gpu_ns":9960,"timestamp_bits":64,"timestamp_period_ns":10}
{"profile_trial":2,"wall_ns":66265,"gpu_ns":10320,"timestamp_bits":64,"timestamp_period_ns":10}
{"profile_trial":3,"wall_ns":59973,"gpu_ns":9920,"timestamp_bits":64,"timestamp_period_ns":10}
{"profile_trial":4,"wall_ns":60355,"gpu_ns":10320,"timestamp_bits":64,"timestamp_period_ns":10}
{"profile_trial":5,"wall_ns":60314,"gpu_ns":9920,"timestamp_bits":64,"timestamp_period_ns":10}
{"profile_trial":6,"wall_ns":59553,"gpu_ns":10360,"timestamp_bits":64,"timestamp_period_ns":10}
{"profile_trial":7,"wall_ns":60034,"gpu_ns":9960,"timestamp_bits":64,"timestamp_period_ns":10}
{"profile_trial":8,"wall_ns":59122,"gpu_ns":10360,"timestamp_bits":64,"timestamp_period_ns":10}
{"profile_trial":9,"wall_ns":59563,"gpu_ns":9920,"timestamp_bits":64,"timestamp_period_ns":10}
{"profile_trial":10,"wall_ns":60585,"gpu_ns":10320,"timestamp_bits":64,"timestamp_period_ns":10}
{"profile_trial":11,"wall_ns":57459,"gpu_ns":9920,"timestamp_bits":64,"timestamp_period_ns":10}
{"profile_trial":12,"wall_ns":59663,"gpu_ns":10360,"timestamp_bits":64,"timestamp_period_ns":10}
{"profile_trial":13,"wall_ns":59503,"gpu_ns":9920,"timestamp_bits":64,"timestamp_period_ns":10}
{"profile_trial":14,"wall_ns":59383,"gpu_ns":10360,"timestamp_bits":64,"timestamp_period_ns":10}
{"profile_trial":15,"wall_ns":60334,"gpu_ns":9920,"timestamp_bits":64,"timestamp_period_ns":10}
{"profile_trial":16,"wall_ns":60705,"gpu_ns":10320,"timestamp_bits":64,"timestamp_period_ns":10}
{"profile_trial":17,"wall_ns":62839,"gpu_ns":9960,"timestamp_bits":64,"timestamp_period_ns":10}
{"profile_trial":18,"wall_ns":59923,"gpu_ns":10360,"timestamp_bits":64,"timestamp_period_ns":10}
{"profile_trial":19,"wall_ns":59864,"gpu_ns":9960,"timestamp_bits":64,"timestamp_period_ns":10}
{"profile_trial":20,"wall_ns":60044,"gpu_ns":10360,"timestamp_bits":64,"timestamp_period_ns":10}
{"profile_trial":21,"wall_ns":61006,"gpu_ns":9920,"timestamp_bits":64,"timestamp_period_ns":10}
{"profile_trial":22,"wall_ns":59713,"gpu_ns":10360,"timestamp_bits":64,"timestamp_period_ns":10}
{"profile_trial":23,"wall_ns":59633,"gpu_ns":9920,"timestamp_bits":64,"timestamp_period_ns":10}
{"profile_trial":24,"wall_ns":60224,"gpu_ns":10720,"timestamp_bits":64,"timestamp_period_ns":10}
{"profile_trial":25,"wall_ns":60435,"gpu_ns":9920,"timestamp_bits":64,"timestamp_period_ns":10}
{"profile_trial":26,"wall_ns":59823,"gpu_ns":10320,"timestamp_bits":64,"timestamp_period_ns":10}
{"profile_trial":27,"wall_ns":59894,"gpu_ns":9920,"timestamp_bits":64,"timestamp_period_ns":10}
{"profile_trial":28,"wall_ns":59563,"gpu_ns":10320,"timestamp_bits":64,"timestamp_period_ns":10}
{"profile_trial":29,"wall_ns":59883,"gpu_ns":9920,"timestamp_bits":64,"timestamp_period_ns":10}
{"profile_trial":30,"wall_ns":60394,"gpu_ns":10360,"timestamp_bits":64,"timestamp_period_ns":10}
{"profile_trial":31,"wall_ns":60144,"gpu_ns":9960,"timestamp_bits":64,"timestamp_period_ns":10}
device=AMD Radeon RX 7900 XTX (RADV NAVI31) vendor=1002 id=744c api=4211042 driver=109060099 family=1
allocation_bytes=2007888 sizes=1003808,1003808,272 memory_types=5,0,5 groups=48,1,1
["/home/USER/projects/zerv/third_party/matvec-push/2026-09-22-matvec-push-gpu-repeat/native", "/home/USER/projects/zerv/third_party/gpu-matvec-bench/2026-09-22-gpu-matvec-repeat/f32-5120-48.case", "/home/USER/projects/zerv/third_party/matvec-push/2026-09-22-matvec-push-gpu-repeat/f32-5120-48-stream.output", "0", "/home/USER/projects/zerv/third_party/matvec-push/2026-09-22-matvec-push-gpu-repeat/stream.spv", "1", "--aligned", "--timestamps"]
{"profile_trial":0,"wall_ns":57709,"gpu_ns":10240,"timestamp_bits":64,"timestamp_period_ns":10}
{"profile_trial":1,"wall_ns":60304,"gpu_ns":9880,"timestamp_bits":64,"timestamp_period_ns":10}
{"profile_trial":2,"wall_ns":59663,"gpu_ns":10280,"timestamp_bits":64,"timestamp_period_ns":10}
{"profile_trial":3,"wall_ns":59402,"gpu_ns":9880,"timestamp_bits":64,"timestamp_period_ns":10}
{"profile_trial":4,"wall_ns":59453,"gpu_ns":10240,"timestamp_bits":64,"timestamp_period_ns":10}
{"profile_trial":5,"wall_ns":59172,"gpu_ns":9840,"timestamp_bits":64,"timestamp_period_ns":10}
{"profile_trial":6,"wall_ns":59553,"gpu_ns":10240,"timestamp_bits":64,"timestamp_period_ns":10}
{"profile_trial":7,"wall_ns":59513,"gpu_ns":9880,"timestamp_bits":64,"timestamp_period_ns":10}
{"profile_trial":8,"wall_ns":59292,"gpu_ns":10280,"timestamp_bits":64,"timestamp_period_ns":10}
{"profile_trial":9,"wall_ns":60465,"gpu_ns":9880,"timestamp_bits":64,"timestamp_period_ns":10}
{"profile_trial":10,"wall_ns":61226,"gpu_ns":10280,"timestamp_bits":64,"timestamp_period_ns":10}
{"profile_trial":11,"wall_ns":59994,"gpu_ns":9880,"timestamp_bits":64,"timestamp_period_ns":10}
{"profile_trial":12,"wall_ns":60194,"gpu_ns":10240,"timestamp_bits":64,"timestamp_period_ns":10}
{"profile_trial":13,"wall_ns":59312,"gpu_ns":9880,"timestamp_bits":64,"timestamp_period_ns":10}
{"profile_trial":14,"wall_ns":59202,"gpu_ns":10280,"timestamp_bits":64,"timestamp_period_ns":10}
{"profile_trial":15,"wall_ns":59643,"gpu_ns":9880,"timestamp_bits":64,"timestamp_period_ns":10}
{"profile_trial":16,"wall_ns":59021,"gpu_ns":10240,"timestamp_bits":64,"timestamp_period_ns":10}
{"profile_trial":17,"wall_ns":59453,"gpu_ns":9880,"timestamp_bits":64,"timestamp_period_ns":10}
{"profile_trial":18,"wall_ns":60855,"gpu_ns":10280,"timestamp_bits":64,"timestamp_period_ns":10}
{"profile_trial":19,"wall_ns":63030,"gpu_ns":9840,"timestamp_bits":64,"timestamp_period_ns":10}
{"profile_trial":20,"wall_ns":59252,"gpu_ns":10240,"timestamp_bits":64,"timestamp_period_ns":10}
{"profile_trial":21,"wall_ns":59683,"gpu_ns":9840,"timestamp_bits":64,"timestamp_period_ns":10}
{"profile_trial":22,"wall_ns":59293,"gpu_ns":10240,"timestamp_bits":64,"timestamp_period_ns":10}
{"profile_trial":23,"wall_ns":59182,"gpu_ns":9880,"timestamp_bits":64,"timestamp_period_ns":10}
{"profile_trial":24,"wall_ns":59352,"gpu_ns":10280,"timestamp_bits":64,"timestamp_period_ns":10}
{"profile_trial":25,"wall_ns":59473,"gpu_ns":9880,"timestamp_bits":64,"timestamp_period_ns":10}
{"profile_trial":26,"wall_ns":59282,"gpu_ns":10240,"timestamp_bits":64,"timestamp_period_ns":10}
{"profile_trial":27,"wall_ns":187115,"gpu_ns":9840,"timestamp_bits":64,"timestamp_period_ns":10}
{"profile_trial":28,"wall_ns":61006,"gpu_ns":10240,"timestamp_bits":64,"timestamp_period_ns":10}
{"profile_trial":29,"wall_ns":59673,"gpu_ns":9840,"timestamp_bits":64,"timestamp_period_ns":10}
{"profile_trial":30,"wall_ns":60194,"gpu_ns":10280,"timestamp_bits":64,"timestamp_period_ns":10}
{"profile_trial":31,"wall_ns":59453,"gpu_ns":9880,"timestamp_bits":64,"timestamp_period_ns":10}
device=AMD Radeon RX 7900 XTX (RADV NAVI31) vendor=1002 id=744c api=4211042 driver=109060099 family=1
allocation_bytes=2007888 sizes=1003808,1003808,272 memory_types=5,0,5 groups=48,1,1
["/home/USER/projects/zerv/third_party/matvec-push/2026-09-22-matvec-push-gpu-repeat/native", "/home/USER/projects/zerv/third_party/gpu-matvec-bench/2026-09-22-gpu-matvec-repeat/q5_k-6144-5120.case", "/home/USER/projects/zerv/third_party/matvec-push/2026-09-22-matvec-push-gpu-repeat/q5_k-6144-5120-stress.output", "0", "--timestamps"]
{"profile_trial":0,"wall_ns":112062,"gpu_ns":51760,"timestamp_bits":64,"timestamp_period_ns":10}
{"profile_trial":1,"wall_ns":109608,"gpu_ns":58160,"timestamp_bits":64,"timestamp_period_ns":10}
{"profile_trial":2,"wall_ns":104067,"gpu_ns":52560,"timestamp_bits":64,"timestamp_period_ns":10}
{"profile_trial":3,"wall_ns":118164,"gpu_ns":52360,"timestamp_bits":64,"timestamp_period_ns":10}
{"profile_trial":4,"wall_ns":110539,"gpu_ns":51240,"timestamp_bits":64,"timestamp_period_ns":10}
{"profile_trial":5,"wall_ns":108155,"gpu_ns":51920,"timestamp_bits":64,"timestamp_period_ns":10}
{"profile_trial":6,"wall_ns":107143,"gpu_ns":51040,"timestamp_bits":64,"timestamp_period_ns":10}
{"profile_trial":7,"wall_ns":107334,"gpu_ns":51360,"timestamp_bits":64,"timestamp_period_ns":10}
{"profile_trial":8,"wall_ns":107634,"gpu_ns":51360,"timestamp_bits":64,"timestamp_period_ns":10}
{"profile_trial":9,"wall_ns":106472,"gpu_ns":51720,"timestamp_bits":64,"timestamp_period_ns":10}
{"profile_trial":10,"wall_ns":107964,"gpu_ns":52000,"timestamp_bits":64,"timestamp_period_ns":10}
{"profile_trial":11,"wall_ns":106612,"gpu_ns":52280,"timestamp_bits":64,"timestamp_period_ns":10}
{"profile_trial":12,"wall_ns":108014,"gpu_ns":51400,"timestamp_bits":64,"timestamp_period_ns":10}
{"profile_trial":13,"wall_ns":109166,"gpu_ns":52240,"timestamp_bits":64,"timestamp_period_ns":10}
{"profile_trial":14,"wall_ns":107784,"gpu_ns":51640,"timestamp_bits":64,"timestamp_period_ns":10}
{"profile_trial":15,"wall_ns":107814,"gpu_ns":51760,"timestamp_bits":64,"timestamp_period_ns":10}
{"profile_trial":16,"wall_ns":108656,"gpu_ns":52320,"timestamp_bits":64,"timestamp_period_ns":10}
{"profile_trial":17,"wall_ns":112413,"gpu_ns":51800,"timestamp_bits":64,"timestamp_period_ns":10}
{"profile_trial":18,"wall_ns":106853,"gpu_ns":51560,"timestamp_bits":64,"timestamp_period_ns":10}
{"profile_trial":19,"wall_ns":106041,"gpu_ns":51560,"timestamp_bits":64,"timestamp_period_ns":10}
{"profile_trial":20,"wall_ns":106281,"gpu_ns":51680,"timestamp_bits":64,"timestamp_period_ns":10}
{"profile_trial":21,"wall_ns":108335,"gpu_ns":51800,"timestamp_bits":64,"timestamp_period_ns":10}
{"profile_trial":22,"wall_ns":110500,"gpu_ns":51640,"timestamp_bits":64,"timestamp_period_ns":10}
{"profile_trial":23,"wall_ns":106802,"gpu_ns":51400,"timestamp_bits":64,"timestamp_period_ns":10}
{"profile_trial":24,"wall_ns":108476,"gpu_ns":52040,"timestamp_bits":64,"timestamp_period_ns":10}
{"profile_trial":25,"wall_ns":106923,"gpu_ns":52120,"timestamp_bits":64,"timestamp_period_ns":10}
{"profile_trial":26,"wall_ns":109337,"gpu_ns":51960,"timestamp_bits":64,"timestamp_period_ns":10}
{"profile_trial":27,"wall_ns":109918,"gpu_ns":52360,"timestamp_bits":64,"timestamp_period_ns":10}
{"profile_trial":28,"wall_ns":108075,"gpu_ns":51320,"timestamp_bits":64,"timestamp_period_ns":10}
{"profile_trial":29,"wall_ns":106772,"gpu_ns":51360,"timestamp_bits":64,"timestamp_period_ns":10}
{"profile_trial":30,"wall_ns":110340,"gpu_ns":51480,"timestamp_bits":64,"timestamp_period_ns":10}
{"profile_trial":31,"wall_ns":109347,"gpu_ns":52160,"timestamp_bits":64,"timestamp_period_ns":10}
device=AMD Radeon RX 7900 XTX (RADV NAVI31) vendor=1002 id=744c api=4211042 driver=109060099 family=1
allocation_bytes=43364656 sizes=21672048,21672048,20560 memory_types=5,0,5 groups=5120,1,1
["/home/USER/projects/zerv/third_party/matvec-push/2026-09-22-matvec-push-gpu-repeat/native", "/home/USER/projects/zerv/third_party/gpu-matvec-bench/2026-09-22-gpu-matvec-repeat/q5_k-6144-5120.case", "/home/USER/projects/zerv/third_party/matvec-push/2026-09-22-matvec-push-gpu-repeat/q5_k-6144-5120-aligned.output", "0", "--aligned", "--timestamps"]
{"profile_trial":0,"wall_ns":97104,"gpu_ns":38960,"timestamp_bits":64,"timestamp_period_ns":10}
{"profile_trial":1,"wall_ns":98096,"gpu_ns":39040,"timestamp_bits":64,"timestamp_period_ns":10}
{"profile_trial":2,"wall_ns":96503,"gpu_ns":39120,"timestamp_bits":64,"timestamp_period_ns":10}
{"profile_trial":3,"wall_ns":95821,"gpu_ns":38880,"timestamp_bits":64,"timestamp_period_ns":10}
{"profile_trial":4,"wall_ns":96193,"gpu_ns":38960,"timestamp_bits":64,"timestamp_period_ns":10}
{"profile_trial":5,"wall_ns":97805,"gpu_ns":39040,"timestamp_bits":64,"timestamp_period_ns":10}
{"profile_trial":6,"wall_ns":97575,"gpu_ns":39120,"timestamp_bits":64,"timestamp_period_ns":10}
{"profile_trial":7,"wall_ns":95210,"gpu_ns":38840,"timestamp_bits":64,"timestamp_period_ns":10}
{"profile_trial":8,"wall_ns":94740,"gpu_ns":39120,"timestamp_bits":64,"timestamp_period_ns":10}
{"profile_trial":9,"wall_ns":96312,"gpu_ns":39240,"timestamp_bits":64,"timestamp_period_ns":10}
{"profile_trial":10,"wall_ns":93978,"gpu_ns":38920,"timestamp_bits":64,"timestamp_period_ns":10}
{"profile_trial":11,"wall_ns":93707,"gpu_ns":38920,"timestamp_bits":64,"timestamp_period_ns":10}
{"profile_trial":12,"wall_ns":93688,"gpu_ns":38880,"timestamp_bits":64,"timestamp_period_ns":10}
{"profile_trial":13,"wall_ns":99048,"gpu_ns":38960,"timestamp_bits":64,"timestamp_period_ns":10}
{"profile_trial":14,"wall_ns":94619,"gpu_ns":38920,"timestamp_bits":64,"timestamp_period_ns":10}
{"profile_trial":15,"wall_ns":100140,"gpu_ns":38920,"timestamp_bits":64,"timestamp_period_ns":10}
{"profile_trial":16,"wall_ns":93297,"gpu_ns":38800,"timestamp_bits":64,"timestamp_period_ns":10}
{"profile_trial":17,"wall_ns":95330,"gpu_ns":39600,"timestamp_bits":64,"timestamp_period_ns":10}
{"profile_trial":18,"wall_ns":94919,"gpu_ns":39040,"timestamp_bits":64,"timestamp_period_ns":10}
{"profile_trial":19,"wall_ns":94279,"gpu_ns":38880,"timestamp_bits":64,"timestamp_period_ns":10}
{"profile_trial":20,"wall_ns":95541,"gpu_ns":38880,"timestamp_bits":64,"timestamp_period_ns":10}
{"profile_trial":21,"wall_ns":93868,"gpu_ns":39040,"timestamp_bits":64,"timestamp_period_ns":10}
{"profile_trial":22,"wall_ns":93558,"gpu_ns":38960,"timestamp_bits":64,"timestamp_period_ns":10}
{"profile_trial":23,"wall_ns":93427,"gpu_ns":39040,"timestamp_bits":64,"timestamp_period_ns":10}
{"profile_trial":24,"wall_ns":93647,"gpu_ns":38920,"timestamp_bits":64,"timestamp_period_ns":10}
{"profile_trial":25,"wall_ns":101393,"gpu_ns":39000,"timestamp_bits":64,"timestamp_period_ns":10}
{"profile_trial":26,"wall_ns":95691,"gpu_ns":38920,"timestamp_bits":64,"timestamp_period_ns":10}
{"profile_trial":27,"wall_ns":94760,"gpu_ns":38880,"timestamp_bits":64,"timestamp_period_ns":10}
{"profile_trial":28,"wall_ns":95591,"gpu_ns":39040,"timestamp_bits":64,"timestamp_period_ns":10}
{"profile_trial":29,"wall_ns":94068,"gpu_ns":39000,"timestamp_bits":64,"timestamp_period_ns":10}
{"profile_trial":30,"wall_ns":89830,"gpu_ns":38760,"timestamp_bits":64,"timestamp_period_ns":10}
{"profile_trial":31,"wall_ns":95030,"gpu_ns":42280,"timestamp_bits":64,"timestamp_period_ns":10}
device=AMD Radeon RX 7900 XTX (RADV NAVI31) vendor=1002 id=744c api=4211042 driver=109060099 family=1
allocation_bytes=43364624 sizes=21672032,21672032,20560 memory_types=5,0,5 groups=5120,1,1
["/home/USER/projects/zerv/third_party/matvec-push/2026-09-22-matvec-push-gpu-repeat/native", "/home/USER/projects/zerv/third_party/gpu-matvec-bench/2026-09-22-gpu-matvec-repeat/q5_k-6144-5120.case", "/home/USER/projects/zerv/third_party/matvec-push/2026-09-22-matvec-push-gpu-repeat/q5_k-6144-5120-stream.output", "0", "/home/USER/projects/zerv/third_party/matvec-push/2026-09-22-matvec-push-gpu-repeat/stream.spv", "1", "--aligned", "--timestamps"]
{"profile_trial":0,"wall_ns":79461,"gpu_ns":26480,"timestamp_bits":64,"timestamp_period_ns":10}
{"profile_trial":1,"wall_ns":81795,"gpu_ns":25920,"timestamp_bits":64,"timestamp_period_ns":10}
{"profile_trial":2,"wall_ns":76815,"gpu_ns":26680,"timestamp_bits":64,"timestamp_period_ns":10}
{"profile_trial":3,"wall_ns":76895,"gpu_ns":26200,"timestamp_bits":64,"timestamp_period_ns":10}
{"profile_trial":4,"wall_ns":77006,"gpu_ns":26480,"timestamp_bits":64,"timestamp_period_ns":10}
{"profile_trial":5,"wall_ns":76636,"gpu_ns":26440,"timestamp_bits":64,"timestamp_period_ns":10}
{"profile_trial":6,"wall_ns":76915,"gpu_ns":26840,"timestamp_bits":64,"timestamp_period_ns":10}
{"profile_trial":7,"wall_ns":75694,"gpu_ns":26040,"timestamp_bits":64,"timestamp_period_ns":10}
{"profile_trial":8,"wall_ns":84660,"gpu_ns":26400,"timestamp_bits":64,"timestamp_period_ns":10}
{"profile_trial":9,"wall_ns":83148,"gpu_ns":26080,"timestamp_bits":64,"timestamp_period_ns":10}
{"profile_trial":10,"wall_ns":76936,"gpu_ns":26520,"timestamp_bits":64,"timestamp_period_ns":10}
{"profile_trial":11,"wall_ns":77016,"gpu_ns":26240,"timestamp_bits":64,"timestamp_period_ns":10}
{"profile_trial":12,"wall_ns":79340,"gpu_ns":26880,"timestamp_bits":64,"timestamp_period_ns":10}
{"profile_trial":13,"wall_ns":76215,"gpu_ns":26120,"timestamp_bits":64,"timestamp_period_ns":10}
{"profile_trial":14,"wall_ns":76495,"gpu_ns":26320,"timestamp_bits":64,"timestamp_period_ns":10}
{"profile_trial":15,"wall_ns":77026,"gpu_ns":26400,"timestamp_bits":64,"timestamp_period_ns":10}
{"profile_trial":16,"wall_ns":76505,"gpu_ns":26560,"timestamp_bits":64,"timestamp_period_ns":10}
{"profile_trial":17,"wall_ns":76024,"gpu_ns":26080,"timestamp_bits":64,"timestamp_period_ns":10}
{"profile_trial":18,"wall_ns":75733,"gpu_ns":26400,"timestamp_bits":64,"timestamp_period_ns":10}
{"profile_trial":19,"wall_ns":75463,"gpu_ns":25880,"timestamp_bits":64,"timestamp_period_ns":10}
{"profile_trial":20,"wall_ns":75453,"gpu_ns":27120,"timestamp_bits":64,"timestamp_period_ns":10}
{"profile_trial":21,"wall_ns":76465,"gpu_ns":26160,"timestamp_bits":64,"timestamp_period_ns":10}
{"profile_trial":22,"wall_ns":76595,"gpu_ns":26360,"timestamp_bits":64,"timestamp_period_ns":10}
{"profile_trial":23,"wall_ns":76776,"gpu_ns":26320,"timestamp_bits":64,"timestamp_period_ns":10}
{"profile_trial":24,"wall_ns":76605,"gpu_ns":26840,"timestamp_bits":64,"timestamp_period_ns":10}
{"profile_trial":25,"wall_ns":78198,"gpu_ns":26160,"timestamp_bits":64,"timestamp_period_ns":10}
{"profile_trial":26,"wall_ns":77587,"gpu_ns":26440,"timestamp_bits":64,"timestamp_period_ns":10}
{"profile_trial":27,"wall_ns":77076,"gpu_ns":26160,"timestamp_bits":64,"timestamp_period_ns":10}
{"profile_trial":28,"wall_ns":76615,"gpu_ns":26440,"timestamp_bits":64,"timestamp_period_ns":10}
{"profile_trial":29,"wall_ns":76786,"gpu_ns":26120,"timestamp_bits":64,"timestamp_period_ns":10}
{"profile_trial":30,"wall_ns":77286,"gpu_ns":26360,"timestamp_bits":64,"timestamp_period_ns":10}
{"profile_trial":31,"wall_ns":76395,"gpu_ns":26400,"timestamp_bits":64,"timestamp_period_ns":10}
device=AMD Radeon RX 7900 XTX (RADV NAVI31) vendor=1002 id=744c api=4211042 driver=109060099 family=1
allocation_bytes=43364624 sizes=21672032,21672032,20560 memory_types=5,0,5 groups=5120,1,1
["/home/USER/projects/zerv/third_party/matvec-push/2026-09-22-matvec-push-gpu-repeat/native", "/home/USER/projects/zerv/third_party/gpu-matvec-bench/2026-09-22-gpu-matvec-repeat/q4_0-5120-1024.case", "/home/USER/projects/zerv/third_party/matvec-push/2026-09-22-matvec-push-gpu-repeat/q4_0-5120-1024-stress.output", "0", "--timestamps"]
{"profile_trial":0,"wall_ns":60585,"gpu_ns":11680,"timestamp_bits":64,"timestamp_period_ns":10}
{"profile_trial":1,"wall_ns":61456,"gpu_ns":11720,"timestamp_bits":64,"timestamp_period_ns":10}
{"profile_trial":2,"wall_ns":60584,"gpu_ns":11640,"timestamp_bits":64,"timestamp_period_ns":10}
{"profile_trial":3,"wall_ns":60634,"gpu_ns":11560,"timestamp_bits":64,"timestamp_period_ns":10}
{"profile_trial":4,"wall_ns":92655,"gpu_ns":11720,"timestamp_bits":64,"timestamp_period_ns":10}
{"profile_trial":5,"wall_ns":67939,"gpu_ns":11600,"timestamp_bits":64,"timestamp_period_ns":10}
{"profile_trial":6,"wall_ns":62168,"gpu_ns":11840,"timestamp_bits":64,"timestamp_period_ns":10}
{"profile_trial":7,"wall_ns":61477,"gpu_ns":11600,"timestamp_bits":64,"timestamp_period_ns":10}
{"profile_trial":8,"wall_ns":65985,"gpu_ns":11720,"timestamp_bits":64,"timestamp_period_ns":10}
{"profile_trial":9,"wall_ns":61046,"gpu_ns":11600,"timestamp_bits":64,"timestamp_period_ns":10}
{"profile_trial":10,"wall_ns":60384,"gpu_ns":11680,"timestamp_bits":64,"timestamp_period_ns":10}
{"profile_trial":11,"wall_ns":60124,"gpu_ns":11520,"timestamp_bits":64,"timestamp_period_ns":10}
{"profile_trial":12,"wall_ns":60415,"gpu_ns":11680,"timestamp_bits":64,"timestamp_period_ns":10}
{"profile_trial":13,"wall_ns":60595,"gpu_ns":11960,"timestamp_bits":64,"timestamp_period_ns":10}
{"profile_trial":14,"wall_ns":60965,"gpu_ns":11640,"timestamp_bits":64,"timestamp_period_ns":10}
{"profile_trial":15,"wall_ns":60896,"gpu_ns":11480,"timestamp_bits":64,"timestamp_period_ns":10}
{"profile_trial":16,"wall_ns":60144,"gpu_ns":11680,"timestamp_bits":64,"timestamp_period_ns":10}
{"profile_trial":17,"wall_ns":60144,"gpu_ns":11520,"timestamp_bits":64,"timestamp_period_ns":10}
{"profile_trial":18,"wall_ns":60154,"gpu_ns":11800,"timestamp_bits":64,"timestamp_period_ns":10}
{"profile_trial":19,"wall_ns":60965,"gpu_ns":11560,"timestamp_bits":64,"timestamp_period_ns":10}
{"profile_trial":20,"wall_ns":60525,"gpu_ns":11720,"timestamp_bits":64,"timestamp_period_ns":10}
{"profile_trial":21,"wall_ns":60565,"gpu_ns":11480,"timestamp_bits":64,"timestamp_period_ns":10}
{"profile_trial":22,"wall_ns":60144,"gpu_ns":11680,"timestamp_bits":64,"timestamp_period_ns":10}
{"profile_trial":23,"wall_ns":60424,"gpu_ns":11640,"timestamp_bits":64,"timestamp_period_ns":10}
{"profile_trial":24,"wall_ns":60455,"gpu_ns":11840,"timestamp_bits":64,"timestamp_period_ns":10}
{"profile_trial":25,"wall_ns":60004,"gpu_ns":11520,"timestamp_bits":64,"timestamp_period_ns":10}
{"profile_trial":26,"wall_ns":60845,"gpu_ns":11840,"timestamp_bits":64,"timestamp_period_ns":10}
{"profile_trial":27,"wall_ns":60996,"gpu_ns":11480,"timestamp_bits":64,"timestamp_period_ns":10}
{"profile_trial":28,"wall_ns":61947,"gpu_ns":11680,"timestamp_bits":64,"timestamp_period_ns":10}
{"profile_trial":29,"wall_ns":62148,"gpu_ns":11520,"timestamp_bits":64,"timestamp_period_ns":10}
{"profile_trial":30,"wall_ns":61336,"gpu_ns":11680,"timestamp_bits":64,"timestamp_period_ns":10}
{"profile_trial":31,"wall_ns":59082,"gpu_ns":11640,"timestamp_bits":64,"timestamp_period_ns":10}
device=AMD Radeon RX 7900 XTX (RADV NAVI31) vendor=1002 id=744c api=4211042 driver=109060099 family=1
allocation_bytes=5951792 sizes=2973808,2973808,4176 memory_types=5,0,5 groups=1024,1,1
["/home/USER/projects/zerv/third_party/matvec-push/2026-09-22-matvec-push-gpu-repeat/native", "/home/USER/projects/zerv/third_party/gpu-matvec-bench/2026-09-22-gpu-matvec-repeat/q4_0-5120-1024.case", "/home/USER/projects/zerv/third_party/matvec-push/2026-09-22-matvec-push-gpu-repeat/q4_0-5120-1024-aligned.output", "0", "--aligned", "--timestamps"]
{"profile_trial":0,"wall_ns":60415,"gpu_ns":11480,"timestamp_bits":64,"timestamp_period_ns":10}
{"profile_trial":1,"wall_ns":60375,"gpu_ns":11720,"timestamp_bits":64,"timestamp_period_ns":10}
{"profile_trial":2,"wall_ns":60364,"gpu_ns":11800,"timestamp_bits":64,"timestamp_period_ns":10}
{"profile_trial":3,"wall_ns":60154,"gpu_ns":11400,"timestamp_bits":64,"timestamp_period_ns":10}
{"profile_trial":4,"wall_ns":59963,"gpu_ns":11520,"timestamp_bits":64,"timestamp_period_ns":10}
{"profile_trial":5,"wall_ns":61457,"gpu_ns":11280,"timestamp_bits":64,"timestamp_period_ns":10}
{"profile_trial":6,"wall_ns":60294,"gpu_ns":11440,"timestamp_bits":64,"timestamp_period_ns":10}
{"profile_trial":7,"wall_ns":60435,"gpu_ns":11280,"timestamp_bits":64,"timestamp_period_ns":10}
{"profile_trial":8,"wall_ns":60174,"gpu_ns":11600,"timestamp_bits":64,"timestamp_period_ns":10}
{"profile_trial":9,"wall_ns":60214,"gpu_ns":11320,"timestamp_bits":64,"timestamp_period_ns":10}
{"profile_trial":10,"wall_ns":59824,"gpu_ns":11520,"timestamp_bits":64,"timestamp_period_ns":10}
{"profile_trial":11,"wall_ns":59984,"gpu_ns":11240,"timestamp_bits":64,"timestamp_period_ns":10}
{"profile_trial":12,"wall_ns":60144,"gpu_ns":11520,"timestamp_bits":64,"timestamp_period_ns":10}
{"profile_trial":13,"wall_ns":60003,"gpu_ns":11240,"timestamp_bits":64,"timestamp_period_ns":10}
{"profile_trial":14,"wall_ns":60685,"gpu_ns":11480,"timestamp_bits":64,"timestamp_period_ns":10}
{"profile_trial":15,"wall_ns":63160,"gpu_ns":11240,"timestamp_bits":64,"timestamp_period_ns":10}
{"profile_trial":16,"wall_ns":63881,"gpu_ns":14240,"timestamp_bits":64,"timestamp_period_ns":10}
{"profile_trial":17,"wall_ns":62608,"gpu_ns":11320,"timestamp_bits":64,"timestamp_period_ns":10}
{"profile_trial":18,"wall_ns":60695,"gpu_ns":11480,"timestamp_bits":64,"timestamp_period_ns":10}
{"profile_trial":19,"wall_ns":60425,"gpu_ns":11360,"timestamp_bits":64,"timestamp_period_ns":10}
{"profile_trial":20,"wall_ns":58911,"gpu_ns":11600,"timestamp_bits":64,"timestamp_period_ns":10}
{"profile_trial":21,"wall_ns":60685,"gpu_ns":11320,"timestamp_bits":64,"timestamp_period_ns":10}
{"profile_trial":22,"wall_ns":72246,"gpu_ns":11480,"timestamp_bits":64,"timestamp_period_ns":10}
{"profile_trial":23,"wall_ns":61376,"gpu_ns":11280,"timestamp_bits":64,"timestamp_period_ns":10}
{"profile_trial":24,"wall_ns":61176,"gpu_ns":11480,"timestamp_bits":64,"timestamp_period_ns":10}
{"profile_trial":25,"wall_ns":60334,"gpu_ns":11280,"timestamp_bits":64,"timestamp_period_ns":10}
{"profile_trial":26,"wall_ns":60645,"gpu_ns":11440,"timestamp_bits":64,"timestamp_period_ns":10}
{"profile_trial":27,"wall_ns":60956,"gpu_ns":11280,"timestamp_bits":64,"timestamp_period_ns":10}
{"profile_trial":28,"wall_ns":60805,"gpu_ns":11480,"timestamp_bits":64,"timestamp_period_ns":10}
{"profile_trial":29,"wall_ns":61106,"gpu_ns":11360,"timestamp_bits":64,"timestamp_period_ns":10}
{"profile_trial":30,"wall_ns":60615,"gpu_ns":12000,"timestamp_bits":64,"timestamp_period_ns":10}
{"profile_trial":31,"wall_ns":61306,"gpu_ns":11360,"timestamp_bits":64,"timestamp_period_ns":10}
device=AMD Radeon RX 7900 XTX (RADV NAVI31) vendor=1002 id=744c api=4211042 driver=109060099 family=1
allocation_bytes=5951760 sizes=2973792,2973792,4176 memory_types=5,0,5 groups=1024,1,1
["/home/USER/projects/zerv/third_party/matvec-push/2026-09-22-matvec-push-gpu-repeat/native", "/home/USER/projects/zerv/third_party/gpu-matvec-bench/2026-09-22-gpu-matvec-repeat/q4_0-5120-1024.case", "/home/USER/projects/zerv/third_party/matvec-push/2026-09-22-matvec-push-gpu-repeat/q4_0-5120-1024-stream.output", "0", "/home/USER/projects/zerv/third_party/matvec-push/2026-09-22-matvec-push-gpu-repeat/stream.spv", "1", "--aligned", "--timestamps"]
{"profile_trial":0,"wall_ns":63009,"gpu_ns":12840,"timestamp_bits":64,"timestamp_period_ns":10}
{"profile_trial":1,"wall_ns":67919,"gpu_ns":12440,"timestamp_bits":64,"timestamp_period_ns":10}
{"profile_trial":2,"wall_ns":62278,"gpu_ns":12840,"timestamp_bits":64,"timestamp_period_ns":10}
{"profile_trial":3,"wall_ns":61887,"gpu_ns":12440,"timestamp_bits":64,"timestamp_period_ns":10}
{"profile_trial":4,"wall_ns":61417,"gpu_ns":12840,"timestamp_bits":64,"timestamp_period_ns":10}
{"profile_trial":5,"wall_ns":61887,"gpu_ns":12520,"timestamp_bits":64,"timestamp_period_ns":10}
{"profile_trial":6,"wall_ns":61938,"gpu_ns":12880,"timestamp_bits":64,"timestamp_period_ns":10}
{"profile_trial":7,"wall_ns":61376,"gpu_ns":12440,"timestamp_bits":64,"timestamp_period_ns":10}
{"profile_trial":8,"wall_ns":61416,"gpu_ns":12840,"timestamp_bits":64,"timestamp_period_ns":10}
{"profile_trial":9,"wall_ns":61767,"gpu_ns":12440,"timestamp_bits":64,"timestamp_period_ns":10}
{"profile_trial":10,"wall_ns":61847,"gpu_ns":12840,"timestamp_bits":64,"timestamp_period_ns":10}
{"profile_trial":11,"wall_ns":61206,"gpu_ns":12440,"timestamp_bits":64,"timestamp_period_ns":10}
{"profile_trial":12,"wall_ns":62518,"gpu_ns":12840,"timestamp_bits":64,"timestamp_period_ns":10}
{"profile_trial":13,"wall_ns":75293,"gpu_ns":12480,"timestamp_bits":64,"timestamp_period_ns":10}
{"profile_trial":14,"wall_ns":63280,"gpu_ns":12840,"timestamp_bits":64,"timestamp_period_ns":10}
{"profile_trial":15,"wall_ns":62329,"gpu_ns":12440,"timestamp_bits":64,"timestamp_period_ns":10}
{"profile_trial":16,"wall_ns":61727,"gpu_ns":12840,"timestamp_bits":64,"timestamp_period_ns":10}
{"profile_trial":17,"wall_ns":61596,"gpu_ns":12440,"timestamp_bits":64,"timestamp_period_ns":10}
{"profile_trial":18,"wall_ns":61958,"gpu_ns":12840,"timestamp_bits":64,"timestamp_period_ns":10}
{"profile_trial":19,"wall_ns":61837,"gpu_ns":12440,"timestamp_bits":64,"timestamp_period_ns":10}
{"profile_trial":20,"wall_ns":62709,"gpu_ns":12800,"timestamp_bits":64,"timestamp_period_ns":10}
{"profile_trial":21,"wall_ns":63751,"gpu_ns":12440,"timestamp_bits":64,"timestamp_period_ns":10}
{"profile_trial":22,"wall_ns":62669,"gpu_ns":12920,"timestamp_bits":64,"timestamp_period_ns":10}
{"profile_trial":23,"wall_ns":62328,"gpu_ns":12400,"timestamp_bits":64,"timestamp_period_ns":10}
{"profile_trial":24,"wall_ns":61888,"gpu_ns":12880,"timestamp_bits":64,"timestamp_period_ns":10}
{"profile_trial":25,"wall_ns":61646,"gpu_ns":12440,"timestamp_bits":64,"timestamp_period_ns":10}
{"profile_trial":26,"wall_ns":61957,"gpu_ns":12880,"timestamp_bits":64,"timestamp_period_ns":10}
{"profile_trial":27,"wall_ns":62007,"gpu_ns":12440,"timestamp_bits":64,"timestamp_period_ns":10}
{"profile_trial":28,"wall_ns":63902,"gpu_ns":13120,"timestamp_bits":64,"timestamp_period_ns":10}
{"profile_trial":29,"wall_ns":66466,"gpu_ns":12400,"timestamp_bits":64,"timestamp_period_ns":10}
{"profile_trial":30,"wall_ns":63821,"gpu_ns":12880,"timestamp_bits":64,"timestamp_period_ns":10}
{"profile_trial":31,"wall_ns":63220,"gpu_ns":12800,"timestamp_bits":64,"timestamp_period_ns":10}
device=AMD Radeon RX 7900 XTX (RADV NAVI31) vendor=1002 id=744c api=4211042 driver=109060099 family=1
allocation_bytes=5951760 sizes=2973792,2973792,4176 memory_types=5,0,5 groups=1024,1,1
["/home/USER/projects/zerv/third_party/matvec-push/2026-09-22-matvec-push-gpu-repeat/native", "/home/USER/projects/zerv/third_party/gpu-matvec-bench/2026-09-22-gpu-matvec-repeat/q4_0-6144-5120.case", "/home/USER/projects/zerv/third_party/matvec-push/2026-09-22-matvec-push-gpu-repeat/q4_0-6144-5120-stress.output", "0", "--timestamps"]
{"profile_trial":0,"wall_ns":91102,"gpu_ns":33080,"timestamp_bits":64,"timestamp_period_ns":10}
{"profile_trial":1,"wall_ns":91353,"gpu_ns":32840,"timestamp_bits":64,"timestamp_period_ns":10}
{"profile_trial":2,"wall_ns":91002,"gpu_ns":33560,"timestamp_bits":64,"timestamp_period_ns":10}
{"profile_trial":3,"wall_ns":92375,"gpu_ns":33600,"timestamp_bits":64,"timestamp_period_ns":10}
{"profile_trial":4,"wall_ns":91974,"gpu_ns":33280,"timestamp_bits":64,"timestamp_period_ns":10}
{"profile_trial":5,"wall_ns":91994,"gpu_ns":33320,"timestamp_bits":64,"timestamp_period_ns":10}
{"profile_trial":6,"wall_ns":90090,"gpu_ns":33120,"timestamp_bits":64,"timestamp_period_ns":10}
{"profile_trial":7,"wall_ns":91003,"gpu_ns":32840,"timestamp_bits":64,"timestamp_period_ns":10}
{"profile_trial":8,"wall_ns":90291,"gpu_ns":33200,"timestamp_bits":64,"timestamp_period_ns":10}
{"profile_trial":9,"wall_ns":90882,"gpu_ns":32840,"timestamp_bits":64,"timestamp_period_ns":10}
{"profile_trial":10,"wall_ns":92305,"gpu_ns":33120,"timestamp_bits":64,"timestamp_period_ns":10}
{"profile_trial":11,"wall_ns":90762,"gpu_ns":32840,"timestamp_bits":64,"timestamp_period_ns":10}
{"profile_trial":12,"wall_ns":90722,"gpu_ns":33080,"timestamp_bits":64,"timestamp_period_ns":10}
{"profile_trial":13,"wall_ns":91042,"gpu_ns":32800,"timestamp_bits":64,"timestamp_period_ns":10}
{"profile_trial":14,"wall_ns":91143,"gpu_ns":33120,"timestamp_bits":64,"timestamp_period_ns":10}
{"profile_trial":15,"wall_ns":91433,"gpu_ns":33000,"timestamp_bits":64,"timestamp_period_ns":10}
{"profile_trial":16,"wall_ns":90662,"gpu_ns":33200,"timestamp_bits":64,"timestamp_period_ns":10}
{"profile_trial":17,"wall_ns":90822,"gpu_ns":32960,"timestamp_bits":64,"timestamp_period_ns":10}
{"profile_trial":18,"wall_ns":91083,"gpu_ns":33240,"timestamp_bits":64,"timestamp_period_ns":10}
{"profile_trial":19,"wall_ns":90341,"gpu_ns":33000,"timestamp_bits":64,"timestamp_period_ns":10}
{"profile_trial":20,"wall_ns":91744,"gpu_ns":33040,"timestamp_bits":64,"timestamp_period_ns":10}
{"profile_trial":21,"wall_ns":91273,"gpu_ns":32920,"timestamp_bits":64,"timestamp_period_ns":10}
{"profile_trial":22,"wall_ns":91043,"gpu_ns":33040,"timestamp_bits":64,"timestamp_period_ns":10}
{"profile_trial":23,"wall_ns":90852,"gpu_ns":32840,"timestamp_bits":64,"timestamp_period_ns":10}
{"profile_trial":24,"wall_ns":91083,"gpu_ns":33040,"timestamp_bits":64,"timestamp_period_ns":10}
{"profile_trial":25,"wall_ns":90762,"gpu_ns":32880,"timestamp_bits":64,"timestamp_period_ns":10}
{"profile_trial":26,"wall_ns":91063,"gpu_ns":33160,"timestamp_bits":64,"timestamp_period_ns":10}
{"profile_trial":27,"wall_ns":91072,"gpu_ns":32880,"timestamp_bits":64,"timestamp_period_ns":10}
{"profile_trial":28,"wall_ns":91053,"gpu_ns":33040,"timestamp_bits":64,"timestamp_period_ns":10}
{"profile_trial":29,"wall_ns":90151,"gpu_ns":32800,"timestamp_bits":64,"timestamp_period_ns":10}
{"profile_trial":30,"wall_ns":91093,"gpu_ns":33080,"timestamp_bits":64,"timestamp_period_ns":10}
{"profile_trial":31,"wall_ns":91703,"gpu_ns":32880,"timestamp_bits":64,"timestamp_period_ns":10}
device=AMD Radeon RX 7900 XTX (RADV NAVI31) vendor=1002 id=744c api=4211042 driver=109060099 family=1
allocation_bytes=35500336 sizes=17739888,17739888,20560 memory_types=5,0,5 groups=5120,1,1
["/home/USER/projects/zerv/third_party/matvec-push/2026-09-22-matvec-push-gpu-repeat/native", "/home/USER/projects/zerv/third_party/gpu-matvec-bench/2026-09-22-gpu-matvec-repeat/q4_0-6144-5120.case", "/home/USER/projects/zerv/third_party/matvec-push/2026-09-22-matvec-push-gpu-repeat/q4_0-6144-5120-aligned.output", "0", "--aligned", "--timestamps"]
{"profile_trial":0,"wall_ns":91082,"gpu_ns":32760,"timestamp_bits":64,"timestamp_period_ns":10}
{"profile_trial":1,"wall_ns":91202,"gpu_ns":32720,"timestamp_bits":64,"timestamp_period_ns":10}
{"profile_trial":2,"wall_ns":91413,"gpu_ns":32760,"timestamp_bits":64,"timestamp_period_ns":10}
{"profile_trial":3,"wall_ns":91774,"gpu_ns":32520,"timestamp_bits":64,"timestamp_period_ns":10}
{"profile_trial":4,"wall_ns":91643,"gpu_ns":32800,"timestamp_bits":64,"timestamp_period_ns":10}
{"profile_trial":5,"wall_ns":91022,"gpu_ns":32600,"timestamp_bits":64,"timestamp_period_ns":10}
{"profile_trial":6,"wall_ns":89700,"gpu_ns":32680,"timestamp_bits":64,"timestamp_period_ns":10}
{"profile_trial":7,"wall_ns":91133,"gpu_ns":32600,"timestamp_bits":64,"timestamp_period_ns":10}
{"profile_trial":8,"wall_ns":90211,"gpu_ns":32680,"timestamp_bits":64,"timestamp_period_ns":10}
{"profile_trial":9,"wall_ns":91884,"gpu_ns":32520,"timestamp_bits":64,"timestamp_period_ns":10}
{"profile_trial":10,"wall_ns":94640,"gpu_ns":32760,"timestamp_bits":64,"timestamp_period_ns":10}
{"profile_trial":11,"wall_ns":90652,"gpu_ns":32680,"timestamp_bits":64,"timestamp_period_ns":10}
{"profile_trial":12,"wall_ns":90662,"gpu_ns":32720,"timestamp_bits":64,"timestamp_period_ns":10}
{"profile_trial":13,"wall_ns":91072,"gpu_ns":32640,"timestamp_bits":64,"timestamp_period_ns":10}
{"profile_trial":14,"wall_ns":90983,"gpu_ns":32760,"timestamp_bits":64,"timestamp_period_ns":10}
{"profile_trial":15,"wall_ns":91152,"gpu_ns":32680,"timestamp_bits":64,"timestamp_period_ns":10}
{"profile_trial":16,"wall_ns":91423,"gpu_ns":32760,"timestamp_bits":64,"timestamp_period_ns":10}
{"profile_trial":17,"wall_ns":90782,"gpu_ns":32560,"timestamp_bits":64,"timestamp_period_ns":10}
{"profile_trial":18,"wall_ns":90040,"gpu_ns":32880,"timestamp_bits":64,"timestamp_period_ns":10}
{"profile_trial":19,"wall_ns":91022,"gpu_ns":32560,"timestamp_bits":64,"timestamp_period_ns":10}
{"profile_trial":20,"wall_ns":91834,"gpu_ns":32840,"timestamp_bits":64,"timestamp_period_ns":10}
{"profile_trial":21,"wall_ns":88678,"gpu_ns":32520,"timestamp_bits":64,"timestamp_period_ns":10}
{"profile_trial":22,"wall_ns":90511,"gpu_ns":32720,"timestamp_bits":64,"timestamp_period_ns":10}
{"profile_trial":23,"wall_ns":90883,"gpu_ns":32640,"timestamp_bits":64,"timestamp_period_ns":10}
{"profile_trial":24,"wall_ns":91473,"gpu_ns":32840,"timestamp_bits":64,"timestamp_period_ns":10}
{"profile_trial":25,"wall_ns":90622,"gpu_ns":32520,"timestamp_bits":64,"timestamp_period_ns":10}
{"profile_trial":26,"wall_ns":90722,"gpu_ns":32680,"timestamp_bits":64,"timestamp_period_ns":10}
{"profile_trial":27,"wall_ns":91103,"gpu_ns":32640,"timestamp_bits":64,"timestamp_period_ns":10}
{"profile_trial":28,"wall_ns":90952,"gpu_ns":32720,"timestamp_bits":64,"timestamp_period_ns":10}
{"profile_trial":29,"wall_ns":90291,"gpu_ns":32640,"timestamp_bits":64,"timestamp_period_ns":10}
{"profile_trial":30,"wall_ns":90903,"gpu_ns":32720,"timestamp_bits":64,"timestamp_period_ns":10}
{"profile_trial":31,"wall_ns":86283,"gpu_ns":32600,"timestamp_bits":64,"timestamp_period_ns":10}
device=AMD Radeon RX 7900 XTX (RADV NAVI31) vendor=1002 id=744c api=4211042 driver=109060099 family=1
allocation_bytes=35500304 sizes=17739872,17739872,20560 memory_types=5,0,5 groups=5120,1,1
["/home/USER/projects/zerv/third_party/matvec-push/2026-09-22-matvec-push-gpu-repeat/native", "/home/USER/projects/zerv/third_party/gpu-matvec-bench/2026-09-22-gpu-matvec-repeat/q4_0-6144-5120.case", "/home/USER/projects/zerv/third_party/matvec-push/2026-09-22-matvec-push-gpu-repeat/q4_0-6144-5120-stream.output", "0", "/home/USER/projects/zerv/third_party/matvec-push/2026-09-22-matvec-push-gpu-repeat/stream.spv", "1", "--aligned", "--timestamps"]
{"profile_trial":0,"wall_ns":73499,"gpu_ns":21640,"timestamp_bits":64,"timestamp_period_ns":10}
{"profile_trial":1,"wall_ns":80963,"gpu_ns":21280,"timestamp_bits":64,"timestamp_period_ns":10}
{"profile_trial":2,"wall_ns":71546,"gpu_ns":21680,"timestamp_bits":64,"timestamp_period_ns":10}
{"profile_trial":3,"wall_ns":71475,"gpu_ns":21280,"timestamp_bits":64,"timestamp_period_ns":10}
{"profile_trial":4,"wall_ns":71605,"gpu_ns":21600,"timestamp_bits":64,"timestamp_period_ns":10}
{"profile_trial":5,"wall_ns":71255,"gpu_ns":21400,"timestamp_bits":64,"timestamp_period_ns":10}
{"profile_trial":6,"wall_ns":84269,"gpu_ns":21640,"timestamp_bits":64,"timestamp_period_ns":10}
{"profile_trial":7,"wall_ns":73650,"gpu_ns":21240,"timestamp_bits":64,"timestamp_period_ns":10}
{"profile_trial":8,"wall_ns":91493,"gpu_ns":31280,"timestamp_bits":64,"timestamp_period_ns":10}
{"profile_trial":9,"wall_ns":76034,"gpu_ns":21480,"timestamp_bits":64,"timestamp_period_ns":10}
{"profile_trial":10,"wall_ns":72096,"gpu_ns":21640,"timestamp_bits":64,"timestamp_period_ns":10}
{"profile_trial":11,"wall_ns":72889,"gpu_ns":21160,"timestamp_bits":64,"timestamp_period_ns":10}
{"profile_trial":12,"wall_ns":77106,"gpu_ns":21800,"timestamp_bits":64,"timestamp_period_ns":10}
{"profile_trial":13,"wall_ns":74030,"gpu_ns":21200,"timestamp_bits":64,"timestamp_period_ns":10}
{"profile_trial":14,"wall_ns":71175,"gpu_ns":21560,"timestamp_bits":64,"timestamp_period_ns":10}
{"profile_trial":15,"wall_ns":71917,"gpu_ns":21280,"timestamp_bits":64,"timestamp_period_ns":10}
{"profile_trial":16,"wall_ns":72958,"gpu_ns":21680,"timestamp_bits":64,"timestamp_period_ns":10}
{"profile_trial":17,"wall_ns":71486,"gpu_ns":21200,"timestamp_bits":64,"timestamp_period_ns":10}
{"profile_trial":18,"wall_ns":71896,"gpu_ns":21600,"timestamp_bits":64,"timestamp_period_ns":10}
{"profile_trial":19,"wall_ns":72057,"gpu_ns":21160,"timestamp_bits":64,"timestamp_period_ns":10}
{"profile_trial":20,"wall_ns":71115,"gpu_ns":21560,"timestamp_bits":64,"timestamp_period_ns":10}
{"profile_trial":21,"wall_ns":72317,"gpu_ns":21200,"timestamp_bits":64,"timestamp_period_ns":10}
{"profile_trial":22,"wall_ns":73028,"gpu_ns":21600,"timestamp_bits":64,"timestamp_period_ns":10}
{"profile_trial":23,"wall_ns":72608,"gpu_ns":21160,"timestamp_bits":64,"timestamp_period_ns":10}
{"profile_trial":24,"wall_ns":72557,"gpu_ns":21640,"timestamp_bits":64,"timestamp_period_ns":10}
{"profile_trial":25,"wall_ns":70754,"gpu_ns":21200,"timestamp_bits":64,"timestamp_period_ns":10}
{"profile_trial":26,"wall_ns":71084,"gpu_ns":21600,"timestamp_bits":64,"timestamp_period_ns":10}
{"profile_trial":27,"wall_ns":71255,"gpu_ns":21240,"timestamp_bits":64,"timestamp_period_ns":10}
{"profile_trial":28,"wall_ns":71245,"gpu_ns":21640,"timestamp_bits":64,"timestamp_period_ns":10}
{"profile_trial":29,"wall_ns":72186,"gpu_ns":21120,"timestamp_bits":64,"timestamp_period_ns":10}
{"profile_trial":30,"wall_ns":72527,"gpu_ns":21600,"timestamp_bits":64,"timestamp_period_ns":10}
{"profile_trial":31,"wall_ns":72087,"gpu_ns":21280,"timestamp_bits":64,"timestamp_period_ns":10}
device=AMD Radeon RX 7900 XTX (RADV NAVI31) vendor=1002 id=744c api=4211042 driver=109060099 family=1
allocation_bytes=35500304 sizes=17739872,17739872,20560 memory_types=5,0,5 groups=5120,1,1
["/home/USER/projects/zerv/third_party/matvec-push/2026-09-22-matvec-push-gpu-repeat/native", "/home/USER/projects/zerv/third_party/gpu-matvec-bench/2026-09-22-gpu-matvec-repeat/q4_0-5120-12288.case", "/home/USER/projects/zerv/third_party/matvec-push/2026-09-22-matvec-push-gpu-repeat/q4_0-5120-12288-stress.output", "0", "--timestamps"]
{"profile_trial":0,"wall_ns":117252,"gpu_ns":61760,"timestamp_bits":64,"timestamp_period_ns":10}
{"profile_trial":1,"wall_ns":127982,"gpu_ns":67720,"timestamp_bits":64,"timestamp_period_ns":10}
{"profile_trial":2,"wall_ns":156867,"gpu_ns":62040,"timestamp_bits":64,"timestamp_period_ns":10}
{"profile_trial":3,"wall_ns":115478,"gpu_ns":61760,"timestamp_bits":64,"timestamp_period_ns":10}
{"profile_trial":4,"wall_ns":121109,"gpu_ns":61680,"timestamp_bits":64,"timestamp_period_ns":10}
{"profile_trial":5,"wall_ns":118745,"gpu_ns":61640,"timestamp_bits":64,"timestamp_period_ns":10}
{"profile_trial":6,"wall_ns":118655,"gpu_ns":61840,"timestamp_bits":64,"timestamp_period_ns":10}
{"profile_trial":7,"wall_ns":119617,"gpu_ns":61600,"timestamp_bits":64,"timestamp_period_ns":10}
{"profile_trial":8,"wall_ns":120177,"gpu_ns":62000,"timestamp_bits":64,"timestamp_period_ns":10}
{"profile_trial":9,"wall_ns":121079,"gpu_ns":61760,"timestamp_bits":64,"timestamp_period_ns":10}
{"profile_trial":10,"wall_ns":119637,"gpu_ns":61920,"timestamp_bits":64,"timestamp_period_ns":10}
{"profile_trial":11,"wall_ns":119176,"gpu_ns":61440,"timestamp_bits":64,"timestamp_period_ns":10}
{"profile_trial":12,"wall_ns":120008,"gpu_ns":61840,"timestamp_bits":64,"timestamp_period_ns":10}
{"profile_trial":13,"wall_ns":119356,"gpu_ns":61320,"timestamp_bits":64,"timestamp_period_ns":10}
{"profile_trial":14,"wall_ns":118835,"gpu_ns":61880,"timestamp_bits":64,"timestamp_period_ns":10}
{"profile_trial":15,"wall_ns":118845,"gpu_ns":61560,"timestamp_bits":64,"timestamp_period_ns":10}
{"profile_trial":16,"wall_ns":119918,"gpu_ns":61840,"timestamp_bits":64,"timestamp_period_ns":10}
{"profile_trial":17,"wall_ns":118023,"gpu_ns":61600,"timestamp_bits":64,"timestamp_period_ns":10}
{"profile_trial":18,"wall_ns":118405,"gpu_ns":61600,"timestamp_bits":64,"timestamp_period_ns":10}
{"profile_trial":19,"wall_ns":119606,"gpu_ns":61600,"timestamp_bits":64,"timestamp_period_ns":10}
{"profile_trial":20,"wall_ns":136608,"gpu_ns":61720,"timestamp_bits":64,"timestamp_period_ns":10}
{"profile_trial":21,"wall_ns":119656,"gpu_ns":61440,"timestamp_bits":64,"timestamp_period_ns":10}
{"profile_trial":22,"wall_ns":118815,"gpu_ns":61960,"timestamp_bits":64,"timestamp_period_ns":10}
{"profile_trial":23,"wall_ns":119216,"gpu_ns":61520,"timestamp_bits":64,"timestamp_period_ns":10}
{"profile_trial":24,"wall_ns":119646,"gpu_ns":61760,"timestamp_bits":64,"timestamp_period_ns":10}
{"profile_trial":25,"wall_ns":118544,"gpu_ns":61520,"timestamp_bits":64,"timestamp_period_ns":10}
{"profile_trial":26,"wall_ns":118825,"gpu_ns":61720,"timestamp_bits":64,"timestamp_period_ns":10}
{"profile_trial":27,"wall_ns":120178,"gpu_ns":61680,"timestamp_bits":64,"timestamp_period_ns":10}
{"profile_trial":28,"wall_ns":120940,"gpu_ns":61840,"timestamp_bits":64,"timestamp_period_ns":10}
{"profile_trial":29,"wall_ns":119807,"gpu_ns":61680,"timestamp_bits":64,"timestamp_period_ns":10}
{"profile_trial":30,"wall_ns":120077,"gpu_ns":61800,"timestamp_bits":64,"timestamp_period_ns":10}
{"profile_trial":31,"wall_ns":120489,"gpu_ns":61520,"timestamp_bits":64,"timestamp_period_ns":10}
device=AMD Radeon RX 7900 XTX (RADV NAVI31) vendor=1002 id=744c api=4211042 driver=109060099 family=1
allocation_bytes=70967600 sizes=35459184,35459184,49232 memory_types=5,0,5 groups=12288,1,1
["/home/USER/projects/zerv/third_party/matvec-push/2026-09-22-matvec-push-gpu-repeat/native", "/home/USER/projects/zerv/third_party/gpu-matvec-bench/2026-09-22-gpu-matvec-repeat/q4_0-5120-12288.case", "/home/USER/projects/zerv/third_party/matvec-push/2026-09-22-matvec-push-gpu-repeat/q4_0-5120-12288-aligned.output", "0", "--aligned", "--timestamps"]
{"profile_trial":0,"wall_ns":116962,"gpu_ns":64240,"timestamp_bits":64,"timestamp_period_ns":10}
{"profile_trial":1,"wall_ns":121179,"gpu_ns":61080,"timestamp_bits":64,"timestamp_period_ns":10}
{"profile_trial":2,"wall_ns":115248,"gpu_ns":61480,"timestamp_bits":64,"timestamp_period_ns":10}
{"profile_trial":3,"wall_ns":112964,"gpu_ns":60760,"timestamp_bits":64,"timestamp_period_ns":10}
{"profile_trial":4,"wall_ns":117924,"gpu_ns":61360,"timestamp_bits":64,"timestamp_period_ns":10}
{"profile_trial":5,"wall_ns":119617,"gpu_ns":61160,"timestamp_bits":64,"timestamp_period_ns":10}
{"profile_trial":6,"wall_ns":119877,"gpu_ns":61560,"timestamp_bits":64,"timestamp_period_ns":10}
{"profile_trial":7,"wall_ns":119607,"gpu_ns":61000,"timestamp_bits":64,"timestamp_period_ns":10}
{"profile_trial":8,"wall_ns":118695,"gpu_ns":61480,"timestamp_bits":64,"timestamp_period_ns":10}
{"profile_trial":9,"wall_ns":117162,"gpu_ns":61040,"timestamp_bits":64,"timestamp_period_ns":10}
{"profile_trial":10,"wall_ns":119176,"gpu_ns":61040,"timestamp_bits":64,"timestamp_period_ns":10}
{"profile_trial":11,"wall_ns":119266,"gpu_ns":60960,"timestamp_bits":64,"timestamp_period_ns":10}
{"profile_trial":12,"wall_ns":118474,"gpu_ns":61800,"timestamp_bits":64,"timestamp_period_ns":10}
{"profile_trial":13,"wall_ns":119376,"gpu_ns":61120,"timestamp_bits":64,"timestamp_period_ns":10}
{"profile_trial":14,"wall_ns":118364,"gpu_ns":61360,"timestamp_bits":64,"timestamp_period_ns":10}
{"profile_trial":15,"wall_ns":118084,"gpu_ns":60760,"timestamp_bits":64,"timestamp_period_ns":10}
{"profile_trial":16,"wall_ns":118074,"gpu_ns":61440,"timestamp_bits":64,"timestamp_period_ns":10}
{"profile_trial":17,"wall_ns":118394,"gpu_ns":61280,"timestamp_bits":64,"timestamp_period_ns":10}
{"profile_trial":18,"wall_ns":118184,"gpu_ns":61440,"timestamp_bits":64,"timestamp_period_ns":10}
{"profile_trial":19,"wall_ns":118455,"gpu_ns":61160,"timestamp_bits":64,"timestamp_period_ns":10}
{"profile_trial":20,"wall_ns":117973,"gpu_ns":61080,"timestamp_bits":64,"timestamp_period_ns":10}
{"profile_trial":21,"wall_ns":118014,"gpu_ns":61280,"timestamp_bits":64,"timestamp_period_ns":10}
{"profile_trial":22,"wall_ns":123063,"gpu_ns":61400,"timestamp_bits":64,"timestamp_period_ns":10}
{"profile_trial":23,"wall_ns":119427,"gpu_ns":61160,"timestamp_bits":64,"timestamp_period_ns":10}
{"profile_trial":24,"wall_ns":119115,"gpu_ns":61320,"timestamp_bits":64,"timestamp_period_ns":10}
{"profile_trial":25,"wall_ns":118053,"gpu_ns":60880,"timestamp_bits":64,"timestamp_period_ns":10}
{"profile_trial":26,"wall_ns":119877,"gpu_ns":61360,"timestamp_bits":64,"timestamp_period_ns":10}
{"profile_trial":27,"wall_ns":119838,"gpu_ns":61200,"timestamp_bits":64,"timestamp_period_ns":10}
{"profile_trial":28,"wall_ns":118725,"gpu_ns":61000,"timestamp_bits":64,"timestamp_period_ns":10}
{"profile_trial":29,"wall_ns":118785,"gpu_ns":61360,"timestamp_bits":64,"timestamp_period_ns":10}
{"profile_trial":30,"wall_ns":121169,"gpu_ns":61440,"timestamp_bits":64,"timestamp_period_ns":10}
{"profile_trial":31,"wall_ns":119726,"gpu_ns":61040,"timestamp_bits":64,"timestamp_period_ns":10}
device=AMD Radeon RX 7900 XTX (RADV NAVI31) vendor=1002 id=744c api=4211042 driver=109060099 family=1
allocation_bytes=70967568 sizes=35459168,35459168,49232 memory_types=5,0,5 groups=12288,1,1
["/home/USER/projects/zerv/third_party/matvec-push/2026-09-22-matvec-push-gpu-repeat/native", "/home/USER/projects/zerv/third_party/gpu-matvec-bench/2026-09-22-gpu-matvec-repeat/q4_0-5120-12288.case", "/home/USER/projects/zerv/third_party/matvec-push/2026-09-22-matvec-push-gpu-repeat/q4_0-5120-12288-stream.output", "0", "/home/USER/projects/zerv/third_party/matvec-push/2026-09-22-matvec-push-gpu-repeat/stream.spv", "1", "--aligned", "--timestamps"]
{"profile_trial":0,"wall_ns":96573,"gpu_ns":37080,"timestamp_bits":64,"timestamp_period_ns":10}
{"profile_trial":1,"wall_ns":95832,"gpu_ns":36600,"timestamp_bits":64,"timestamp_period_ns":10}
{"profile_trial":2,"wall_ns":95792,"gpu_ns":36960,"timestamp_bits":64,"timestamp_period_ns":10}
{"profile_trial":3,"wall_ns":95431,"gpu_ns":36640,"timestamp_bits":64,"timestamp_period_ns":10}
{"profile_trial":4,"wall_ns":94519,"gpu_ns":37040,"timestamp_bits":64,"timestamp_period_ns":10}
{"profile_trial":5,"wall_ns":111692,"gpu_ns":36560,"timestamp_bits":64,"timestamp_period_ns":10}
{"profile_trial":6,"wall_ns":91994,"gpu_ns":37000,"timestamp_bits":64,"timestamp_period_ns":10}
{"profile_trial":7,"wall_ns":87716,"gpu_ns":36640,"timestamp_bits":64,"timestamp_period_ns":10}
{"profile_trial":8,"wall_ns":95350,"gpu_ns":37040,"timestamp_bits":64,"timestamp_period_ns":10}
{"profile_trial":9,"wall_ns":89520,"gpu_ns":36640,"timestamp_bits":64,"timestamp_period_ns":10}
{"profile_trial":10,"wall_ns":89550,"gpu_ns":37920,"timestamp_bits":64,"timestamp_period_ns":10}
{"profile_trial":11,"wall_ns":95140,"gpu_ns":36560,"timestamp_bits":64,"timestamp_period_ns":10}
{"profile_trial":12,"wall_ns":94259,"gpu_ns":37040,"timestamp_bits":64,"timestamp_period_ns":10}
{"profile_trial":13,"wall_ns":93697,"gpu_ns":36480,"timestamp_bits":64,"timestamp_period_ns":10}
{"profile_trial":14,"wall_ns":93287,"gpu_ns":36960,"timestamp_bits":64,"timestamp_period_ns":10}
{"profile_trial":15,"wall_ns":93668,"gpu_ns":36600,"timestamp_bits":64,"timestamp_period_ns":10}
{"profile_trial":16,"wall_ns":94318,"gpu_ns":36960,"timestamp_bits":64,"timestamp_period_ns":10}
{"profile_trial":17,"wall_ns":95741,"gpu_ns":36560,"timestamp_bits":64,"timestamp_period_ns":10}
{"profile_trial":18,"wall_ns":95241,"gpu_ns":37000,"timestamp_bits":64,"timestamp_period_ns":10}
{"profile_trial":19,"wall_ns":95090,"gpu_ns":36480,"timestamp_bits":64,"timestamp_period_ns":10}
{"profile_trial":20,"wall_ns":95290,"gpu_ns":37040,"timestamp_bits":64,"timestamp_period_ns":10}
{"profile_trial":21,"wall_ns":99108,"gpu_ns":36600,"timestamp_bits":64,"timestamp_period_ns":10}
{"profile_trial":22,"wall_ns":94068,"gpu_ns":36520,"timestamp_bits":64,"timestamp_period_ns":10}
{"profile_trial":23,"wall_ns":94419,"gpu_ns":37000,"timestamp_bits":64,"timestamp_period_ns":10}
{"profile_trial":24,"wall_ns":94169,"gpu_ns":36560,"timestamp_bits":64,"timestamp_period_ns":10}
{"profile_trial":25,"wall_ns":93517,"gpu_ns":37040,"timestamp_bits":64,"timestamp_period_ns":10}
{"profile_trial":26,"wall_ns":95942,"gpu_ns":36560,"timestamp_bits":64,"timestamp_period_ns":10}
{"profile_trial":27,"wall_ns":94549,"gpu_ns":37040,"timestamp_bits":64,"timestamp_period_ns":10}
{"profile_trial":28,"wall_ns":95441,"gpu_ns":36600,"timestamp_bits":64,"timestamp_period_ns":10}
{"profile_trial":29,"wall_ns":96312,"gpu_ns":37040,"timestamp_bits":64,"timestamp_period_ns":10}
{"profile_trial":30,"wall_ns":95652,"gpu_ns":36520,"timestamp_bits":64,"timestamp_period_ns":10}
{"profile_trial":31,"wall_ns":95511,"gpu_ns":37000,"timestamp_bits":64,"timestamp_period_ns":10}
device=AMD Radeon RX 7900 XTX (RADV NAVI31) vendor=1002 id=744c api=4211042 driver=109060099 family=1
allocation_bytes=70967568 sizes=35459168,35459168,49232 memory_types=5,0,5 groups=12288,1,1
["/home/USER/projects/zerv/third_party/matvec-push/2026-09-22-matvec-push-gpu-repeat/native", "/home/USER/projects/zerv/third_party/gpu-matvec-bench/2026-09-22-gpu-matvec-repeat/q4_0-17408-5120.case", "/home/USER/projects/zerv/third_party/matvec-push/2026-09-22-matvec-push-gpu-repeat/q4_0-17408-5120-stress.output", "0", "--timestamps"]
{"profile_trial":0,"wall_ns":144554,"gpu_ns":83720,"timestamp_bits":64,"timestamp_period_ns":10}
{"profile_trial":1,"wall_ns":142129,"gpu_ns":83240,"timestamp_bits":64,"timestamp_period_ns":10}
{"profile_trial":2,"wall_ns":140537,"gpu_ns":83160,"timestamp_bits":64,"timestamp_period_ns":10}
{"profile_trial":3,"wall_ns":141197,"gpu_ns":83240,"timestamp_bits":64,"timestamp_period_ns":10}
{"profile_trial":4,"wall_ns":141689,"gpu_ns":83240,"timestamp_bits":64,"timestamp_period_ns":10}
{"profile_trial":5,"wall_ns":141238,"gpu_ns":83400,"timestamp_bits":64,"timestamp_period_ns":10}
{"profile_trial":6,"wall_ns":141358,"gpu_ns":83280,"timestamp_bits":64,"timestamp_period_ns":10}
{"profile_trial":7,"wall_ns":140446,"gpu_ns":82960,"timestamp_bits":64,"timestamp_period_ns":10}
{"profile_trial":8,"wall_ns":140817,"gpu_ns":83520,"timestamp_bits":64,"timestamp_period_ns":10}
{"profile_trial":9,"wall_ns":140777,"gpu_ns":83160,"timestamp_bits":64,"timestamp_period_ns":10}
{"profile_trial":10,"wall_ns":140206,"gpu_ns":83680,"timestamp_bits":64,"timestamp_period_ns":10}
{"profile_trial":11,"wall_ns":141297,"gpu_ns":83200,"timestamp_bits":64,"timestamp_period_ns":10}
{"profile_trial":12,"wall_ns":141208,"gpu_ns":83360,"timestamp_bits":64,"timestamp_period_ns":10}
{"profile_trial":13,"wall_ns":141608,"gpu_ns":83440,"timestamp_bits":64,"timestamp_period_ns":10}
{"profile_trial":14,"wall_ns":140887,"gpu_ns":83400,"timestamp_bits":64,"timestamp_period_ns":10}
{"profile_trial":15,"wall_ns":141028,"gpu_ns":83120,"timestamp_bits":64,"timestamp_period_ns":10}
{"profile_trial":16,"wall_ns":139815,"gpu_ns":83480,"timestamp_bits":64,"timestamp_period_ns":10}
{"profile_trial":17,"wall_ns":140416,"gpu_ns":83240,"timestamp_bits":64,"timestamp_period_ns":10}
{"profile_trial":18,"wall_ns":140275,"gpu_ns":83400,"timestamp_bits":64,"timestamp_period_ns":10}
{"profile_trial":19,"wall_ns":140997,"gpu_ns":83240,"timestamp_bits":64,"timestamp_period_ns":10}
{"profile_trial":20,"wall_ns":141398,"gpu_ns":83720,"timestamp_bits":64,"timestamp_period_ns":10}
{"profile_trial":21,"wall_ns":140967,"gpu_ns":83000,"timestamp_bits":64,"timestamp_period_ns":10}
{"profile_trial":22,"wall_ns":140897,"gpu_ns":83720,"timestamp_bits":64,"timestamp_period_ns":10}
{"profile_trial":23,"wall_ns":140095,"gpu_ns":83440,"timestamp_bits":64,"timestamp_period_ns":10}
{"profile_trial":24,"wall_ns":140316,"gpu_ns":83560,"timestamp_bits":64,"timestamp_period_ns":10}
{"profile_trial":25,"wall_ns":140226,"gpu_ns":83240,"timestamp_bits":64,"timestamp_period_ns":10}
{"profile_trial":26,"wall_ns":141408,"gpu_ns":83640,"timestamp_bits":64,"timestamp_period_ns":10}
{"profile_trial":27,"wall_ns":141138,"gpu_ns":83160,"timestamp_bits":64,"timestamp_period_ns":10}
{"profile_trial":28,"wall_ns":141267,"gpu_ns":83240,"timestamp_bits":64,"timestamp_period_ns":10}
{"profile_trial":29,"wall_ns":141899,"gpu_ns":83560,"timestamp_bits":64,"timestamp_period_ns":10}
{"profile_trial":30,"wall_ns":140887,"gpu_ns":83240,"timestamp_bits":64,"timestamp_period_ns":10}
{"profile_trial":31,"wall_ns":140186,"gpu_ns":82640,"timestamp_bits":64,"timestamp_period_ns":10}
device=AMD Radeon RX 7900 XTX (RADV NAVI31) vendor=1002 id=744c api=4211042 driver=109060099 family=1
allocation_bytes=100471088 sizes=50225264,50225264,20560 memory_types=5,0,5 groups=5120,1,1
["/home/USER/projects/zerv/third_party/matvec-push/2026-09-22-matvec-push-gpu-repeat/native", "/home/USER/projects/zerv/third_party/gpu-matvec-bench/2026-09-22-gpu-matvec-repeat/q4_0-17408-5120.case", "/home/USER/projects/zerv/third_party/matvec-push/2026-09-22-matvec-push-gpu-repeat/q4_0-17408-5120-aligned.output", "0", "--aligned", "--timestamps"]
{"profile_trial":0,"wall_ns":140757,"gpu_ns":83000,"timestamp_bits":64,"timestamp_period_ns":10}
{"profile_trial":1,"wall_ns":142230,"gpu_ns":82840,"timestamp_bits":64,"timestamp_period_ns":10}
{"profile_trial":2,"wall_ns":141438,"gpu_ns":82880,"timestamp_bits":64,"timestamp_period_ns":10}
{"profile_trial":3,"wall_ns":140937,"gpu_ns":82760,"timestamp_bits":64,"timestamp_period_ns":10}
{"profile_trial":4,"wall_ns":140957,"gpu_ns":82920,"timestamp_bits":64,"timestamp_period_ns":10}
{"profile_trial":5,"wall_ns":141849,"gpu_ns":82880,"timestamp_bits":64,"timestamp_period_ns":10}
{"profile_trial":6,"wall_ns":140666,"gpu_ns":83080,"timestamp_bits":64,"timestamp_period_ns":10}
{"profile_trial":7,"wall_ns":139835,"gpu_ns":82720,"timestamp_bits":64,"timestamp_period_ns":10}
{"profile_trial":8,"wall_ns":141037,"gpu_ns":82840,"timestamp_bits":64,"timestamp_period_ns":10}
{"profile_trial":9,"wall_ns":140887,"gpu_ns":82640,"timestamp_bits":64,"timestamp_period_ns":10}
{"profile_trial":10,"wall_ns":141077,"gpu_ns":83120,"timestamp_bits":64,"timestamp_period_ns":10}
{"profile_trial":11,"wall_ns":140466,"gpu_ns":82680,"timestamp_bits":64,"timestamp_period_ns":10}
{"profile_trial":12,"wall_ns":141158,"gpu_ns":83040,"timestamp_bits":64,"timestamp_period_ns":10}
{"profile_trial":13,"wall_ns":139745,"gpu_ns":82720,"timestamp_bits":64,"timestamp_period_ns":10}
{"profile_trial":14,"wall_ns":140005,"gpu_ns":82840,"timestamp_bits":64,"timestamp_period_ns":10}
{"profile_trial":15,"wall_ns":141098,"gpu_ns":82680,"timestamp_bits":64,"timestamp_period_ns":10}
{"profile_trial":16,"wall_ns":140195,"gpu_ns":82800,"timestamp_bits":64,"timestamp_period_ns":10}
{"profile_trial":17,"wall_ns":140576,"gpu_ns":82640,"timestamp_bits":64,"timestamp_period_ns":10}
{"profile_trial":18,"wall_ns":141328,"gpu_ns":83040,"timestamp_bits":64,"timestamp_period_ns":10}
{"profile_trial":19,"wall_ns":140416,"gpu_ns":82680,"timestamp_bits":64,"timestamp_period_ns":10}
{"profile_trial":20,"wall_ns":140476,"gpu_ns":83000,"timestamp_bits":64,"timestamp_period_ns":10}
{"profile_trial":21,"wall_ns":139785,"gpu_ns":82760,"timestamp_bits":64,"timestamp_period_ns":10}
{"profile_trial":22,"wall_ns":140617,"gpu_ns":82880,"timestamp_bits":64,"timestamp_period_ns":10}
{"profile_trial":23,"wall_ns":140887,"gpu_ns":82680,"timestamp_bits":64,"timestamp_period_ns":10}
{"profile_trial":24,"wall_ns":140306,"gpu_ns":83040,"timestamp_bits":64,"timestamp_period_ns":10}
{"profile_trial":25,"wall_ns":140055,"gpu_ns":82800,"timestamp_bits":64,"timestamp_period_ns":10}
{"profile_trial":26,"wall_ns":140526,"gpu_ns":82720,"timestamp_bits":64,"timestamp_period_ns":10}
{"profile_trial":27,"wall_ns":139725,"gpu_ns":82640,"timestamp_bits":64,"timestamp_period_ns":10}
{"profile_trial":28,"wall_ns":138512,"gpu_ns":82920,"timestamp_bits":64,"timestamp_period_ns":10}
{"profile_trial":29,"wall_ns":140016,"gpu_ns":82680,"timestamp_bits":64,"timestamp_period_ns":10}
{"profile_trial":30,"wall_ns":145716,"gpu_ns":82880,"timestamp_bits":64,"timestamp_period_ns":10}
{"profile_trial":31,"wall_ns":141358,"gpu_ns":82800,"timestamp_bits":64,"timestamp_period_ns":10}
device=AMD Radeon RX 7900 XTX (RADV NAVI31) vendor=1002 id=744c api=4211042 driver=109060099 family=1
allocation_bytes=100471056 sizes=50225248,50225248,20560 memory_types=5,0,5 groups=5120,1,1
["/home/USER/projects/zerv/third_party/matvec-push/2026-09-22-matvec-push-gpu-repeat/native", "/home/USER/projects/zerv/third_party/gpu-matvec-bench/2026-09-22-gpu-matvec-repeat/q4_0-17408-5120.case", "/home/USER/projects/zerv/third_party/matvec-push/2026-09-22-matvec-push-gpu-repeat/q4_0-17408-5120-stream.output", "0", "/home/USER/projects/zerv/third_party/matvec-push/2026-09-22-matvec-push-gpu-repeat/stream.spv", "1", "--aligned", "--timestamps"]
{"profile_trial":0,"wall_ns":106551,"gpu_ns":40360,"timestamp_bits":64,"timestamp_period_ns":10}
{"profile_trial":1,"wall_ns":98978,"gpu_ns":39960,"timestamp_bits":64,"timestamp_period_ns":10}
{"profile_trial":2,"wall_ns":99118,"gpu_ns":40880,"timestamp_bits":64,"timestamp_period_ns":10}
{"profile_trial":3,"wall_ns":98156,"gpu_ns":39840,"timestamp_bits":64,"timestamp_period_ns":10}
{"profile_trial":4,"wall_ns":102555,"gpu_ns":40560,"timestamp_bits":64,"timestamp_period_ns":10}
{"profile_trial":5,"wall_ns":97965,"gpu_ns":39600,"timestamp_bits":64,"timestamp_period_ns":10}
{"profile_trial":6,"wall_ns":97886,"gpu_ns":40520,"timestamp_bits":64,"timestamp_period_ns":10}
{"profile_trial":7,"wall_ns":97515,"gpu_ns":40080,"timestamp_bits":64,"timestamp_period_ns":10}
{"profile_trial":8,"wall_ns":97765,"gpu_ns":40640,"timestamp_bits":64,"timestamp_period_ns":10}
{"profile_trial":9,"wall_ns":101623,"gpu_ns":39640,"timestamp_bits":64,"timestamp_period_ns":10}
{"profile_trial":10,"wall_ns":98336,"gpu_ns":40360,"timestamp_bits":64,"timestamp_period_ns":10}
{"profile_trial":11,"wall_ns":97225,"gpu_ns":39280,"timestamp_bits":64,"timestamp_period_ns":10}
{"profile_trial":12,"wall_ns":98957,"gpu_ns":41080,"timestamp_bits":64,"timestamp_period_ns":10}
{"profile_trial":13,"wall_ns":97645,"gpu_ns":39600,"timestamp_bits":64,"timestamp_period_ns":10}
{"profile_trial":14,"wall_ns":98747,"gpu_ns":40520,"timestamp_bits":64,"timestamp_period_ns":10}
{"profile_trial":15,"wall_ns":98526,"gpu_ns":39960,"timestamp_bits":64,"timestamp_period_ns":10}
{"profile_trial":16,"wall_ns":97354,"gpu_ns":40160,"timestamp_bits":64,"timestamp_period_ns":10}
{"profile_trial":17,"wall_ns":97936,"gpu_ns":40200,"timestamp_bits":64,"timestamp_period_ns":10}
{"profile_trial":18,"wall_ns":96803,"gpu_ns":40280,"timestamp_bits":64,"timestamp_period_ns":10}
{"profile_trial":19,"wall_ns":97575,"gpu_ns":39920,"timestamp_bits":64,"timestamp_period_ns":10}
{"profile_trial":20,"wall_ns":103376,"gpu_ns":40240,"timestamp_bits":64,"timestamp_period_ns":10}
{"profile_trial":21,"wall_ns":98267,"gpu_ns":39720,"timestamp_bits":64,"timestamp_period_ns":10}
{"profile_trial":22,"wall_ns":98256,"gpu_ns":40440,"timestamp_bits":64,"timestamp_period_ns":10}
{"profile_trial":23,"wall_ns":97986,"gpu_ns":39880,"timestamp_bits":64,"timestamp_period_ns":10}
{"profile_trial":24,"wall_ns":96923,"gpu_ns":39400,"timestamp_bits":64,"timestamp_period_ns":10}
{"profile_trial":25,"wall_ns":95301,"gpu_ns":38920,"timestamp_bits":64,"timestamp_period_ns":10}
{"profile_trial":26,"wall_ns":96042,"gpu_ns":39560,"timestamp_bits":64,"timestamp_period_ns":10}
{"profile_trial":27,"wall_ns":95542,"gpu_ns":38280,"timestamp_bits":64,"timestamp_period_ns":10}
{"profile_trial":28,"wall_ns":91132,"gpu_ns":39480,"timestamp_bits":64,"timestamp_period_ns":10}
{"profile_trial":29,"wall_ns":94079,"gpu_ns":38200,"timestamp_bits":64,"timestamp_period_ns":10}
{"profile_trial":30,"wall_ns":97014,"gpu_ns":39320,"timestamp_bits":64,"timestamp_period_ns":10}
{"profile_trial":31,"wall_ns":96032,"gpu_ns":39160,"timestamp_bits":64,"timestamp_period_ns":10}
device=AMD Radeon RX 7900 XTX (RADV NAVI31) vendor=1002 id=744c api=4211042 driver=109060099 family=1
allocation_bytes=100471056 sizes=50225248,50225248,20560 memory_types=5,0,5 groups=5120,1,1
