0.00.030.191 I cmn  common_param: common_params_print_info: verbosity = 3 (adjust with the `-lv N` CLI arg)
0.00.030.236 I srv          init: The UI is disabled
0.00.030.236 I srv          init: Use --ui/--no-ui (or deprecated --webui/--no-webui) to enable/disable
0.00.030.276 W srv  llama_server: -----------------
0.00.030.277 W srv  llama_server: CORS is set to allow all origins ('*') and no API key is set
0.00.030.278 W srv  llama_server: this can be a security risk (cross-origin attacks)
0.00.030.278 W srv  llama_server: more info: https://github.com/ggml-org/llama.cpp/pull/25655
0.00.030.278 W srv  llama_server: -----------------
0.00.031.478 I srv    load_model: loading model 'models/qwen3.8-27b/Qwen3.8-27B-Q4_0.gguf'
0.01.276.075 W model has unused tensor blk.64.attn_norm.weight (size = 20480 bytes) -- ignoring
0.01.276.082 W model has unused tensor blk.64.post_attention_norm.weight (size = 20480 bytes) -- ignoring
0.01.276.092 W model has unused tensor blk.64.attn_q.weight (size = 35389440 bytes) -- ignoring
0.01.276.095 W model has unused tensor blk.64.attn_k.weight (size = 2949120 bytes) -- ignoring
0.01.276.099 W model has unused tensor blk.64.attn_v.weight (size = 2949120 bytes) -- ignoring
0.01.276.111 W model has unused tensor blk.64.attn_output.weight (size = 17694720 bytes) -- ignoring
0.01.276.115 W model has unused tensor blk.64.attn_q_norm.weight (size = 1024 bytes) -- ignoring
0.01.276.119 W model has unused tensor blk.64.attn_k_norm.weight (size = 1024 bytes) -- ignoring
0.01.276.122 W model has unused tensor blk.64.ffn_gate.weight (size = 50135040 bytes) -- ignoring
0.01.276.126 W model has unused tensor blk.64.ffn_down.weight (size = 50135040 bytes) -- ignoring
0.01.276.129 W model has unused tensor blk.64.ffn_up.weight (size = 50135040 bytes) -- ignoring
0.01.276.134 W model has unused tensor blk.64.nextn.eh_proj.weight (size = 55705600 bytes) -- ignoring
0.01.276.138 W model has unused tensor blk.64.nextn.enorm.weight (size = 20480 bytes) -- ignoring
0.01.276.142 W model has unused tensor blk.64.nextn.hnorm.weight (size = 20480 bytes) -- ignoring
0.01.276.153 W model has unused tensor blk.64.nextn.shared_head_norm.weight (size = 20480 bytes) -- ignoring
0.06.310.640 I cmn          init: llama threadpool init, n_threads = 12
----------------
Vulkan Timings:
ADD: 176 x 4.233 us = 745.04 us
CONCAT: 48 x 7.535 us = 361.72 us
CONT: 16 x 6.585 us = 105.36 us
CPY: 96 x 8.217 us = 788.88 us
FLASH_ATTN_EXT dst(256,24,2,1),  q(256,2,24,1),  k(256,256,4,1),  v(256,256,4,1),  m(256,2,1,1): 16 x 73.702 us = 1179.24 us (170.726 GFLOPS/s)
GATED_DELTA_NET: 48 x 9.455 us = 453.84 us
GET_ROWS: 97 x 9.446 us = 916.32 us
GLU: 64 x 3.078 us = 197 us
MUL_MAT_VEC f32 m=48 n=2 k=5120: 96 x 11.612 us = 1114.84 us (84.6423 GFLOPS/s)
MUL_MAT_VEC q4_0 m=1024 n=2 k=5120: 32 x 8.548 us = 273.56 us (2452.93 GFLOPS/s)
MUL_MAT_VEC q4_0 m=10240 n=2 k=5120: 48 x 118.421 us = 5684.21 us (1770.76 GFLOPS/s)
MUL_MAT_VEC q4_0 m=12288 n=2 k=5120: 16 x 60.58 us = 969.28 us (4153.74 GFLOPS/s)
MUL_MAT_VEC q4_0 m=17408 n=2 k=5120: 128 x 84.938 us = 10872.1 us (4196.93 GFLOPS/s)
MUL_MAT_VEC q4_0 m=5120 n=2 k=17408: 56 x 88.178 us = 4938 us (4043 GFLOPS/s)
MUL_MAT_VEC q4_0 m=5120 n=2 k=6144: 16 x 39.847 us = 637.56 us (3157.51 GFLOPS/s)
MUL_MAT_VEC q4_0 m=6144 n=2 k=5120: 48 x 32.375 us = 1554.04 us (3886.13 GFLOPS/s)
MUL_MAT_VEC q4_1 m=5120 n=2 k=17408: 8 x 263.063 us = 2104.51 us (1355.21 GFLOPS/s)
MUL_MAT_VEC q5_K m=5120 n=2 k=6144: 48 x 123.445 us = 5925.38 us (1019.23 GFLOPS/s)
MUL_MAT_VEC q6_K m=248320 n=1 k=5120: 1 x 1231.44 us = 1231.44 us (2064.7 GFLOPS/s)
RMS_NORM(128,16,2,1): 96 x 5.954 us = 571.6 us
RMS_NORM_MUL RMS_NORM(128,48,2,1): 48 x 9.005 us = 432.28 us
RMS_NORM_MUL RMS_NORM(256,24,2,1): 16 x 4.257 us = 68.12 us
RMS_NORM_MUL RMS_NORM(256,4,2,1): 16 x 8.147 us = 130.36 us
RMS_NORM_MUL RMS_NORM(5120,2,1,1): 129 x 13.504 us = 1742.04 us
ROPE: 16 x 7.287 us = 116.6 us
ROPE_VIEW_SET_ROWS ROPE: 16 x 7.247 us = 115.96 us
SCALE: 192 x 6.676 us = 1281.8 us
SET_ROWS: 16 x 6.5 us = 104 us
SIGMOID: 48 x 6.937 us = 333 us
SIGMOID_MUL SIGMOID: 16 x 6.772 us = 108.36 us
SILU_MUL SILU: 48 x 6.636 us = 318.56 us
SOFTPLUS_MUL SOFTPLUS: 48 x 5.477 us = 262.92 us
SSM_CONV_SILU SSM_CONV: 48 x 7 us = 336.04 us
Total time: 45974 us.
----------------
Vulkan Timings:
ADD: 176 x 3.183 us = 560.36 us
CONCAT: 48 x 5.775 us = 277.24 us
CONT: 16 x 5.437 us = 87 us
CPY: 96 x 6.684 us = 641.72 us
FLASH_ATTN_EXT dst(256,24,2,1),  q(256,2,24,1),  k(256,256,4,1),  v(256,256,4,1),  m(256,2,1,1): 16 x 17.542 us = 280.68 us (717.282 GFLOPS/s)
GATED_DELTA_NET: 48 x 7.611 us = 365.36 us
GET_ROWS: 97 x 9.689 us = 939.9 us
GLU: 64 x 2.796 us = 179 us
MUL_MAT_VEC f32 m=48 n=2 k=5120: 96 x 9.767 us = 937.72 us (100.63 GFLOPS/s)
MUL_MAT_VEC q4_0 m=1024 n=2 k=5120: 32 x 7.471 us = 239.08 us (2806.69 GFLOPS/s)
MUL_MAT_VEC q4_0 m=10240 n=2 k=5120: 48 x 41.446 us = 1989.44 us (5059.39 GFLOPS/s)
MUL_MAT_VEC q4_0 m=12288 n=2 k=5120: 16 x 46.737 us = 747.8 us (5383.98 GFLOPS/s)
MUL_MAT_VEC q4_0 m=17408 n=2 k=5120: 128 x 74.297 us = 9510.14 us (4797.99 GFLOPS/s)
MUL_MAT_VEC q4_0 m=5120 n=2 k=17408: 56 x 73.805 us = 4133.12 us (4830.33 GFLOPS/s)
MUL_MAT_VEC q4_0 m=5120 n=2 k=6144: 16 x 31.335 us = 501.36 us (4015.28 GFLOPS/s)
MUL_MAT_VEC q4_0 m=6144 n=2 k=5120: 48 x 25.517 us = 1224.84 us (4930.61 GFLOPS/s)
MUL_MAT_VEC q4_1 m=5120 n=2 k=17408: 8 x 85.065 us = 680.52 us (4190.98 GFLOPS/s)
MUL_MAT_VEC q5_K m=5120 n=2 k=6144: 48 x 36.966 us = 1774.4 us (3403.58 GFLOPS/s)
MUL_MAT_VEC q6_K m=248320 n=1 k=5120: 1 x 1198.36 us = 1198.36 us (2121.69 GFLOPS/s)
RMS_NORM(128,16,2,1): 96 x 4.561 us = 437.92 us
RMS_NORM_MUL RMS_NORM(128,48,2,1): 48 x 6.93 us = 332.64 us
RMS_NORM_MUL RMS_NORM(256,24,2,1): 16 x 2.64 us = 42.24 us
RMS_NORM_MUL RMS_NORM(256,4,2,1): 16 x 5.615 us = 89.84 us
RMS_NORM_MUL RMS_NORM(5120,2,1,1): 129 x 11.508 us = 1484.56 us
ROPE: 16 x 5.69 us = 91.04 us
ROPE_VIEW_SET_ROWS ROPE: 16 x 4.8 us = 76.8 us
SCALE: 192 x 5.695 us = 1093.56 us
SET_ROWS: 16 x 5.662 us = 90.6 us
SIGMOID: 48 x 5.19 us = 249.12 us
SIGMOID_MUL SIGMOID: 16 x 5.84 us = 93.44 us
SILU_MUL SILU: 48 x 4.965 us = 238.36 us
SOFTPLUS_MUL SOFTPLUS: 48 x 3.58 us = 171.88 us
SSM_CONV_SILU SSM_CONV: 48 x 5.519 us = 264.92 us
Total time: 31025 us.
0.06.431.292 I srv    load_model: initializing, n_slots = 1, n_ctx_slot = 94208, kv_unified = 'false'
0.06.431.377 W srv          init: --cache-idle-slots requires --cache-ram, disabling
0.06.437.686 W srv          init: chat template supports preserving reasoning, it is enabled by default (may use more tokens, disable via --no-reasoning-preserve)
0.06.438.110 I srv  llama_server: model loaded
0.06.438.113 I srv  llama_server: listening on http://127.0.0.1:18095
0.45.616.861 I slot get_availabl: id  0 | task -1 | selected slot by LRU, t_last = -1
0.45.616.947 I slot launch_slot_: id  0 | task 0 | processing task, is_child = 0
----------------
Vulkan Timings:
ADD: 176 x 23.573 us = 4148.92 us
CONCAT: 48 x 144.503 us = 6936.16 us
CONT: 16 x 35.705 us = 571.28 us
CPY: 96 x 5.321 us = 510.88 us
FLASH_ATTN_EXT dst(256,24,512,1),  q(256,512,24,1),  k(256,512,4,1),  v(256,512,4,1),  m(512,512,1,1): 16 x 192.9 us = 3086.4 us (33397.9 GFLOPS/s)
GATED_DELTA_NET: 48 x 247.22 us = 11866.6 us
GET_ROWS: 96 x 7.936 us = 761.88 us
GLU: 64 x 131.973 us = 8446.32 us
MUL_MAT f32 m=48 n=512 k=5120: 96 x 53.831 us = 5167.86 us (4674.44 GFLOPS/s)
MUL_MAT q4_0 m=1024 n=512 k=5120: 32 x 139.391 us = 4460.53 us (38511.5 GFLOPS/s)
MUL_MAT q4_0 m=10240 n=512 k=5120: 48 x 1163.11 us = 55829.4 us (46153.6 GFLOPS/s)
MUL_MAT q4_0 m=12288 n=512 k=5120: 16 x 1096.12 us = 17537.9 us (58769.5 GFLOPS/s)
MUL_MAT q4_0 m=17408 n=512 k=5120: 128 x 1604.21 us = 205338 us (56887.4 GFLOPS/s)
MUL_MAT q4_0 m=5120 n=512 k=17408: 56 x 1800.57 us = 100832 us (50686.9 GFLOPS/s)
MUL_MAT q4_0 m=5120 n=512 k=6144: 16 x 776.125 us = 12418 us (41500.5 GFLOPS/s)
MUL_MAT q4_0 m=6144 n=512 k=5120: 48 x 597.845 us = 28696.6 us (53875.3 GFLOPS/s)
MUL_MAT q4_1 m=5120 n=512 k=17408: 8 x 2353.82 us = 18830.6 us (38773.3 GFLOPS/s)
MUL_MAT q5_K m=5120 n=512 k=6144: 48 x 787.976 us = 37822.9 us (40876.4 GFLOPS/s)
RMS_NORM(128,16,512,1): 96 x 33.079 us = 3175.6 us
RMS_NORM_MUL RMS_NORM(128,48,512,1): 48 x 102.82 us = 4935.4 us
RMS_NORM_MUL RMS_NORM(256,24,512,1): 16 x 60.932 us = 974.92 us
RMS_NORM_MUL RMS_NORM(256,4,512,1): 16 x 13.53 us = 216.48 us
RMS_NORM_MUL RMS_NORM(5120,512,1,1): 129 x 26.55 us = 3425.04 us
ROPE: 16 x 42.555 us = 680.88 us
ROPE_VIEW_SET_ROWS ROPE: 16 x 10.902 us = 174.44 us
SCALE: 192 x 8.441 us = 1620.8 us
SET_ROWS: 16 x 9.815 us = 157.04 us
SIGMOID: 48 x 4.37 us = 209.8 us
SIGMOID_MUL SIGMOID: 16 x 35.455 us = 567.28 us
SILU_MUL SILU: 48 x 37.402 us = 1795.32 us
SOFTPLUS_MUL SOFTPLUS: 48 x 4.91 us = 235.68 us
SSM_CONV_SILU SSM_CONV: 48 x 38.47 us = 1846.6 us
Total time: 543278 us.
----------------
Vulkan Timings:
ADD: 176 x 12.685 us = 2232.68 us
CONCAT: 48 x 124.16 us = 5959.72 us
CONT: 16 x 27.417 us = 438.68 us
CPY: 96 x 3.84 us = 368.68 us
FLASH_ATTN_EXT dst(256,24,512,1),  q(256,512,24,1),  k(256,1024,4,1),  v(256,1024,4,1),  m(1024,512,1,1): 16 x 413.575 us = 6617.2 us (31154.9 GFLOPS/s)
GATED_DELTA_NET: 48 x 220.82 us = 10599.4 us
GET_ROWS: 96 x 6.975 us = 669.6 us
GLU: 64 x 93.888 us = 6008.88 us
MUL_MAT f32 m=48 n=512 k=5120: 96 x 34.193 us = 3282.6 us (7359.05 GFLOPS/s)
MUL_MAT q4_0 m=1024 n=512 k=5120: 32 x 68.005 us = 2176.16 us (78938.1 GFLOPS/s)
MUL_MAT q4_0 m=10240 n=512 k=5120: 48 x 997.696 us = 47889.4 us (53805.8 GFLOPS/s)
MUL_MAT q4_0 m=12288 n=512 k=5120: 16 x 1103.61 us = 17657.7 us (58370.7 GFLOPS/s)
MUL_MAT q4_0 m=17408 n=512 k=5120: 128 x 1465.3 us = 187558 us (62280.2 GFLOPS/s)
MUL_MAT q4_0 m=5120 n=512 k=17408: 56 x 1683.89 us = 94298 us (54199.1 GFLOPS/s)
MUL_MAT q4_0 m=5120 n=512 k=6144: 16 x 622.93 us = 9966.88 us (51706.7 GFLOPS/s)
MUL_MAT q4_0 m=6144 n=512 k=5120: 48 x 520.961 us = 25006.2 us (61826.3 GFLOPS/s)
MUL_MAT q4_1 m=5120 n=512 k=17408: 8 x 1685.03 us = 13480.2 us (54162.5 GFLOPS/s)
MUL_MAT q5_K m=5120 n=512 k=6144: 48 x 683.891 us = 32826.8 us (47097.6 GFLOPS/s)
RMS_NORM(128,16,512,1): 96 x 26.054 us = 2501.24 us
RMS_NORM_MUL RMS_NORM(128,48,512,1): 48 x 89.895 us = 4315 us
RMS_NORM_MUL RMS_NORM(256,24,512,1): 16 x 52.42 us = 838.72 us
RMS_NORM_MUL RMS_NORM(256,4,512,1): 16 x 11.84 us = 189.44 us
RMS_NORM_MUL RMS_NORM(5120,512,1,1): 129 x 16.938 us = 2185.12 us
ROPE: 16 x 33.825 us = 541.2 us
ROPE_VIEW_SET_ROWS ROPE: 16 x 9.19 us = 147.04 us
SCALE: 96 x 9.282 us = 891.08 us
SET_ROWS: 16 x 8.94 us = 143.04 us
SIGMOID: 48 x 4.15 us = 199.24 us
SIGMOID_MUL SIGMOID: 16 x 32.607 us = 521.72 us
SILU_MUL SILU: 48 x 33.105 us = 1589.04 us
SOFTPLUS_MUL SOFTPLUS: 48 x 4.618 us = 221.68 us
SSM_CONV_SILU SSM_CONV: 48 x 27.637 us = 1326.6 us
Total time: 482647 us.
----------------
Vulkan Timings:
ADD: 176 x 12.391 us = 2180.84 us
CONCAT: 48 x 122.975 us = 5902.84 us
CONT: 16 x 27.755 us = 444.08 us
CPY: 96 x 3.745 us = 359.6 us
FLASH_ATTN_EXT dst(256,24,512,1),  q(256,512,24,1),  k(256,1536,4,1),  v(256,1536,4,1),  m(1536,512,1,1): 16 x 629.955 us = 10079.3 us (30680.5 GFLOPS/s)
GATED_DELTA_NET: 48 x 218.81 us = 10502.9 us
GET_ROWS: 96 x 6.929 us = 665.2 us
GLU: 64 x 94.48 us = 6046.72 us
MUL_MAT f32 m=48 n=512 k=5120: 96 x 34.242 us = 3287.28 us (7348.58 GFLOPS/s)
MUL_MAT q4_0 m=1024 n=512 k=5120: 32 x 63.508 us = 2032.28 us (84526.7 GFLOPS/s)
MUL_MAT q4_0 m=10240 n=512 k=5120: 48 x 987.743 us = 47411.7 us (54348 GFLOPS/s)
MUL_MAT q4_0 m=12288 n=512 k=5120: 16 x 1096.13 us = 17538.2 us (58768.5 GFLOPS/s)
MUL_MAT q4_0 m=17408 n=512 k=5120: 128 x 1452.94 us = 185977 us (62809.9 GFLOPS/s)
MUL_MAT q4_0 m=5120 n=512 k=17408: 56 x 1679.72 us = 94064.6 us (54333.6 GFLOPS/s)
MUL_MAT q4_0 m=5120 n=512 k=6144: 16 x 615.17 us = 9842.72 us (52358.9 GFLOPS/s)
MUL_MAT q4_0 m=6144 n=512 k=5120: 48 x 516.998 us = 24815.9 us (62300.2 GFLOPS/s)
MUL_MAT q4_1 m=5120 n=512 k=17408: 8 x 1638.39 us = 13107.2 us (55704.2 GFLOPS/s)
MUL_MAT q5_K m=5120 n=512 k=6144: 48 x 678.845 us = 32584.6 us (47447.7 GFLOPS/s)
RMS_NORM(128,16,512,1): 96 x 25.93 us = 2489.36 us
RMS_NORM_MUL RMS_NORM(128,48,512,1): 48 x 90.484 us = 4343.24 us
RMS_NORM_MUL RMS_NORM(256,24,512,1): 16 x 51.085 us = 817.36 us
RMS_NORM_MUL RMS_NORM(256,4,512,1): 16 x 11.68 us = 186.88 us
RMS_NORM_MUL RMS_NORM(5120,512,1,1): 129 x 16.901 us = 2180.32 us
ROPE: 16 x 33.012 us = 528.2 us
ROPE_VIEW_SET_ROWS ROPE: 16 x 9.102 us = 145.64 us
SCALE: 96 x 9.255 us = 888.52 us
SET_ROWS: 16 x 8.802 us = 140.84 us
SIGMOID: 48 x 3.739 us = 179.48 us
SIGMOID_MUL SIGMOID: 16 x 32.152 us = 514.44 us
SILU_MUL SILU: 48 x 32.854 us = 1577 us
SOFTPLUS_MUL SOFTPLUS: 48 x 4.65 us = 223.24 us
SSM_CONV_SILU SSM_CONV: 48 x 27.499 us = 1319.96 us
Total time: 482377 us.
----------------
Vulkan Timings:
ADD: 176 x 19.946 us = 3510.64 us
CONCAT: 48 x 126.774 us = 6085.16 us
CONT: 16 x 35.98 us = 575.68 us
CPY: 96 x 4.295 us = 412.32 us
FLASH_ATTN_EXT dst(256,24,512,1),  q(256,512,24,1),  k(256,2048,4,1),  v(256,2048,4,1),  m(2048,512,1,1): 16 x 857.24 us = 13715.8 us (30061.4 GFLOPS/s)
GATED_DELTA_NET: 48 x 224.292 us = 10766 us
GET_ROWS: 96 x 8.353 us = 801.92 us
GLU: 64 x 127.97 us = 8190.12 us
MUL_MAT f32 m=48 n=512 k=5120: 96 x 38.168 us = 3664.16 us (6592.73 GFLOPS/s)
MUL_MAT q4_0 m=1024 n=512 k=5120: 32 x 70.87 us = 2267.84 us (75746.9 GFLOPS/s)
MUL_MAT q4_0 m=10240 n=512 k=5120: 48 x 991.731 us = 47603.1 us (54129.4 GFLOPS/s)
MUL_MAT q4_0 m=12288 n=512 k=5120: 16 x 1101.44 us = 17623.1 us (58485.3 GFLOPS/s)
MUL_MAT q4_0 m=17408 n=512 k=5120: 128 x 1449.09 us = 185483 us (62976.9 GFLOPS/s)
MUL_MAT q4_0 m=5120 n=512 k=17408: 56 x 1679.45 us = 94049.5 us (54342.3 GFLOPS/s)
MUL_MAT q4_0 m=5120 n=512 k=6144: 16 x 621.26 us = 9940.16 us (51845.7 GFLOPS/s)
MUL_MAT q4_0 m=6144 n=512 k=5120: 48 x 524.187 us = 25161 us (61445.8 GFLOPS/s)
MUL_MAT q4_1 m=5120 n=512 k=17408: 8 x 1646.85 us = 13174.8 us (55418.4 GFLOPS/s)
MUL_MAT q5_K m=5120 n=512 k=6144: 48 x 680.205 us = 32649.9 us (47352.8 GFLOPS/s)
RMS_NORM(128,16,512,1): 96 x 27.395 us = 2629.92 us
RMS_NORM_MUL RMS_NORM(128,48,512,1): 48 x 91.088 us = 4372.24 us
RMS_NORM_MUL RMS_NORM(256,24,512,1): 16 x 55.207 us = 883.32 us
RMS_NORM_MUL RMS_NORM(256,4,512,1): 16 x 12.7 us = 203.2 us
RMS_NORM_MUL RMS_NORM(5120,512,1,1): 129 x 22.072 us = 2847.4 us
ROPE: 16 x 39.565 us = 633.04 us
ROPE_VIEW_SET_ROWS ROPE: 16 x 10.432 us = 166.92 us
SCALE: 96 x 11.22 us = 1077.2 us
SET_ROWS: 16 x 9.217 us = 147.48 us
SIGMOID: 48 x 3.919 us = 188.12 us
SIGMOID_MUL SIGMOID: 16 x 33.595 us = 537.52 us
SILU_MUL SILU: 48 x 35.1 us = 1684.84 us
SOFTPLUS_MUL SOFTPLUS: 48 x 4.978 us = 238.96 us
SSM_CONV_SILU SSM_CONV: 48 x 35.03 us = 1681.44 us
Total time: 492966 us.
----------------
Vulkan Timings:
ADD: 176 x 23.936 us = 4212.76 us
CONCAT: 48 x 129.667 us = 6224.04 us
CONT: 16 x 41.382 us = 662.12 us
CPY: 96 x 4.782 us = 459.08 us
FLASH_ATTN_EXT dst(256,24,512,1),  q(256,512,24,1),  k(256,2560,4,1),  v(256,2560,4,1),  m(2560,512,1,1): 16 x 1062.13 us = 16994.2 us (30327.8 GFLOPS/s)
GATED_DELTA_NET: 48 x 229.703 us = 11025.8 us
GET_ROWS: 96 x 8.928 us = 857.12 us
GLU: 64 x 147.582 us = 9445.28 us
MUL_MAT f32 m=48 n=512 k=5120: 96 x 40.652 us = 3902.64 us (6189.87 GFLOPS/s)
MUL_MAT q4_0 m=1024 n=512 k=5120: 32 x 68.26 us = 2184.32 us (78643.2 GFLOPS/s)
MUL_MAT q4_0 m=10240 n=512 k=5120: 48 x 997.325 us = 47871.6 us (53825.8 GFLOPS/s)
MUL_MAT q4_0 m=12288 n=512 k=5120: 16 x 1101 us = 17616 us (58508.7 GFLOPS/s)
MUL_MAT q4_0 m=17408 n=512 k=5120: 128 x 1452.7 us = 185946 us (62820.1 GFLOPS/s)
MUL_MAT q4_0 m=5120 n=512 k=17408: 56 x 1688.3 us = 94544.8 us (54057.6 GFLOPS/s)
MUL_MAT q4_0 m=5120 n=512 k=6144: 16 x 621.422 us = 9942.76 us (51832.1 GFLOPS/s)
MUL_MAT q4_0 m=6144 n=512 k=5120: 48 x 530.381 us = 25458.3 us (60728.2 GFLOPS/s)
MUL_MAT q4_1 m=5120 n=512 k=17408: 8 x 1696.97 us = 13575.8 us (53781.4 GFLOPS/s)
MUL_MAT q5_K m=5120 n=512 k=6144: 48 x 684.621 us = 32861.8 us (47047.3 GFLOPS/s)
RMS_NORM(128,16,512,1): 96 x 28.317 us = 2718.52 us
RMS_NORM_MUL RMS_NORM(128,48,512,1): 48 x 91.499 us = 4391.96 us
RMS_NORM_MUL RMS_NORM(256,24,512,1): 16 x 57.042 us = 912.68 us
RMS_NORM_MUL RMS_NORM(256,4,512,1): 16 x 13.362 us = 213.8 us
RMS_NORM_MUL RMS_NORM(5120,512,1,1): 129 x 25.271 us = 3260 us
ROPE: 16 x 43.575 us = 697.2 us
ROPE_VIEW_SET_ROWS ROPE: 16 x 10.88 us = 174.08 us
SCALE: 96 x 12.285 us = 1179.4 us
SET_ROWS: 16 x 9.55 us = 152.8 us
SIGMOID: 48 x 4.5 us = 216.04 us
SIGMOID_MUL SIGMOID: 16 x 33.877 us = 542.04 us
SILU_MUL SILU: 48 x 35.125 us = 1686.04 us
SOFTPLUS_MUL SOFTPLUS: 48 x 4.39 us = 210.72 us
SSM_CONV_SILU SSM_CONV: 48 x 39.13 us = 1878.24 us
Total time: 502018 us.
----------------
Vulkan Timings:
ADD: 176 x 23.899 us = 4206.32 us
CONCAT: 48 x 129.397 us = 6211.08 us
CONT: 16 x 45.87 us = 733.92 us
CPY: 96 x 4.735 us = 454.6 us
FLASH_ATTN_EXT dst(256,24,512,1),  q(256,512,24,1),  k(256,3072,4,1),  v(256,3072,4,1),  m(3072,512,1,1): 16 x 1285.87 us = 20573.9 us (30061.1 GFLOPS/s)
GATED_DELTA_NET: 48 x 229.404 us = 11011.4 us
GET_ROWS: 96 x 8.967 us = 860.88 us
GLU: 64 x 147.578 us = 9445 us
MUL_MAT f32 m=48 n=512 k=5120: 96 x 40.52 us = 3890 us (6209.98 GFLOPS/s)
MUL_MAT q4_0 m=1024 n=512 k=5120: 32 x 67.957 us = 2174.64 us (78993.3 GFLOPS/s)
MUL_MAT q4_0 m=10240 n=512 k=5120: 48 x 989.318 us = 47487.3 us (54261.5 GFLOPS/s)
MUL_MAT q4_0 m=12288 n=512 k=5120: 16 x 1104.23 us = 17667.8 us (58337.4 GFLOPS/s)
MUL_MAT q4_0 m=17408 n=512 k=5120: 128 x 1455.86 us = 186350 us (62684 GFLOPS/s)
MUL_MAT q4_0 m=5120 n=512 k=17408: 56 x 1681.32 us = 94153.8 us (54282.1 GFLOPS/s)
MUL_MAT q4_0 m=5120 n=512 k=6144: 16 x 622.665 us = 9962.64 us (51728.7 GFLOPS/s)
MUL_MAT q4_0 m=6144 n=512 k=5120: 48 x 530.627 us = 25470.1 us (60700 GFLOPS/s)
MUL_MAT q4_1 m=5120 n=512 k=17408: 8 x 1692.06 us = 13536.4 us (53937.6 GFLOPS/s)
MUL_MAT q5_K m=5120 n=512 k=6144: 48 x 685.26 us = 32892.5 us (47003.5 GFLOPS/s)
RMS_NORM(128,16,512,1): 96 x 28.475 us = 2733.64 us
RMS_NORM_MUL RMS_NORM(128,48,512,1): 48 x 92.225 us = 4426.8 us
RMS_NORM_MUL RMS_NORM(256,24,512,1): 16 x 56.957 us = 911.32 us
RMS_NORM_MUL RMS_NORM(256,4,512,1): 16 x 13.315 us = 213.04 us
RMS_NORM_MUL RMS_NORM(5120,512,1,1): 129 x 25.094 us = 3237.2 us
ROPE: 16 x 43.522 us = 696.36 us
ROPE_VIEW_SET_ROWS ROPE: 16 x 10.652 us = 170.44 us
SCALE: 96 x 12.361 us = 1186.72 us
SET_ROWS: 16 x 9.537 us = 152.6 us
SIGMOID: 48 x 4.208 us = 202 us
SIGMOID_MUL SIGMOID: 16 x 34.095 us = 545.52 us
SILU_MUL SILU: 48 x 35.18 us = 1688.64 us
SOFTPLUS_MUL SOFTPLUS: 48 x 4.465 us = 214.36 us
SSM_CONV_SILU SSM_CONV: 48 x 39.106 us = 1877.12 us
Total time: 505338 us.
----------------
Vulkan Timings:
ADD: 176 x 23.969 us = 4218.56 us
CONCAT: 48 x 129.189 us = 6201.08 us
CONT: 16 x 47.842 us = 765.48 us
CPY: 96 x 4.857 us = 466.32 us
FLASH_ATTN_EXT dst(256,24,512,1),  q(256,512,24,1),  k(256,3584,4,1),  v(256,3584,4,1),  m(3584,512,1,1): 16 x 1504.18 us = 24066.8 us (29981.3 GFLOPS/s)
GATED_DELTA_NET: 48 x 229.611 us = 11021.4 us
GET_ROWS: 96 x 8.877 us = 852.2 us
GLU: 64 x 147.565 us = 9444.16 us
MUL_MAT f32 m=48 n=512 k=5120: 96 x 40.486 us = 3886.72 us (6215.22 GFLOPS/s)
MUL_MAT q4_0 m=1024 n=512 k=5120: 32 x 67.886 us = 2172.36 us (79076.2 GFLOPS/s)
MUL_MAT q4_0 m=10240 n=512 k=5120: 48 x 993.733 us = 47699.2 us (54020.4 GFLOPS/s)
MUL_MAT q4_0 m=12288 n=512 k=5120: 16 x 1105.24 us = 17683.8 us (58284.4 GFLOPS/s)
MUL_MAT q4_0 m=17408 n=512 k=5120: 128 x 1453.28 us = 186020 us (62795.4 GFLOPS/s)
MUL_MAT q4_0 m=5120 n=512 k=17408: 56 x 1688.84 us = 94575.1 us (54040.3 GFLOPS/s)
MUL_MAT q4_0 m=5120 n=512 k=6144: 16 x 619.025 us = 9904.4 us (52032.8 GFLOPS/s)
MUL_MAT q4_0 m=6144 n=512 k=5120: 48 x 529.273 us = 25405.1 us (60855.3 GFLOPS/s)
MUL_MAT q4_1 m=5120 n=512 k=17408: 8 x 1697.39 us = 13579.2 us (53767.9 GFLOPS/s)
MUL_MAT q5_K m=5120 n=512 k=6144: 48 x 682.983 us = 32783.2 us (47160.2 GFLOPS/s)
RMS_NORM(128,16,512,1): 96 x 28.219 us = 2709.04 us
RMS_NORM_MUL RMS_NORM(128,48,512,1): 48 x 91.307 us = 4382.76 us
RMS_NORM_MUL RMS_NORM(256,24,512,1): 16 x 57.327 us = 917.24 us
RMS_NORM_MUL RMS_NORM(256,4,512,1): 16 x 13.31 us = 212.96 us
RMS_NORM_MUL RMS_NORM(5120,512,1,1): 129 x 25.292 us = 3262.76 us
ROPE: 16 x 43.692 us = 699.08 us
ROPE_VIEW_SET_ROWS ROPE: 16 x 10.695 us = 171.12 us
SCALE: 96 x 12.581 us = 1207.84 us
SET_ROWS: 16 x 9.592 us = 153.48 us
SIGMOID: 48 x 4.012 us = 192.6 us
SIGMOID_MUL SIGMOID: 16 x 33.992 us = 543.88 us
SILU_MUL SILU: 48 x 34.67 us = 1664.2 us
SOFTPLUS_MUL SOFTPLUS: 48 x 4.59 us = 220.32 us
SSM_CONV_SILU SSM_CONV: 48 x 39.188 us = 1881.04 us
Total time: 508963 us.
----------------
Vulkan Timings:
ADD: 176 x 13.022 us = 2291.96 us
CONCAT: 48 x 124.747 us = 5987.88 us
CONT: 16 x 32.915 us = 526.64 us
CPY: 96 x 4.097 us = 393.4 us
FLASH_ATTN_EXT dst(256,24,512,1),  q(256,512,24,1),  k(256,4096,4,1),  v(256,4096,4,1),  m(4096,512,1,1): 16 x 1731.21 us = 27699.4 us (29770.8 GFLOPS/s)
GATED_DELTA_NET: 48 x 221.103 us = 10613 us
GET_ROWS: 96 x 7.136 us = 685.08 us
GLU: 64 x 96.481 us = 6174.84 us
MUL_MAT f32 m=48 n=512 k=5120: 96 x 34.3 us = 3292.8 us (7336.26 GFLOPS/s)
MUL_MAT q4_0 m=1024 n=512 k=5120: 32 x 63.81 us = 2041.92 us (84127.6 GFLOPS/s)
MUL_MAT q4_0 m=10240 n=512 k=5120: 48 x 998.36 us = 47921.3 us (53770 GFLOPS/s)
MUL_MAT q4_0 m=12288 n=512 k=5120: 16 x 1102.78 us = 17644.5 us (58414.3 GFLOPS/s)
MUL_MAT q4_0 m=17408 n=512 k=5120: 128 x 1464.03 us = 187396 us (62334.2 GFLOPS/s)
MUL_MAT q4_0 m=5120 n=512 k=17408: 56 x 1683.69 us = 94286.6 us (54205.6 GFLOPS/s)
MUL_MAT q4_0 m=5120 n=512 k=6144: 16 x 623.88 us = 9982.08 us (51627.9 GFLOPS/s)
MUL_MAT q4_0 m=6144 n=512 k=5120: 48 x 521.74 us = 25043.6 us (61733.9 GFLOPS/s)
MUL_MAT q4_1 m=5120 n=512 k=17408: 8 x 1699.46 us = 13595.7 us (53702.4 GFLOPS/s)
MUL_MAT q5_K m=5120 n=512 k=6144: 48 x 683.265 us = 32796.8 us (47140.7 GFLOPS/s)
RMS_NORM(128,16,512,1): 96 x 26.13 us = 2508.52 us
RMS_NORM_MUL RMS_NORM(128,48,512,1): 48 x 90.803 us = 4358.56 us
RMS_NORM_MUL RMS_NORM(256,24,512,1): 16 x 51.097 us = 817.56 us
RMS_NORM_MUL RMS_NORM(256,4,512,1): 16 x 11.942 us = 191.08 us
RMS_NORM_MUL RMS_NORM(5120,512,1,1): 129 x 17.312 us = 2233.36 us
ROPE: 16 x 33.76 us = 540.16 us
ROPE_VIEW_SET_ROWS ROPE: 16 x 9.375 us = 150 us
SCALE: 96 x 9.634 us = 924.92 us
SET_ROWS: 16 x 9.062 us = 145 us
SIGMOID: 48 x 3.615 us = 173.52 us
SIGMOID_MUL SIGMOID: 16 x 32.98 us = 527.68 us
SILU_MUL SILU: 48 x 33.399 us = 1603.16 us
SOFTPLUS_MUL SOFTPLUS: 48 x 4.545 us = 218.16 us
SSM_CONV_SILU SSM_CONV: 48 x 28.247 us = 1355.88 us
Total time: 504121 us.
0.49.742.785 I slot print_timing: id  0 | task 0 | prompt processing, n_tokens =   4096, progress = 0.13, t =   4.13 s / 992.77 tokens per second
----------------
Vulkan Timings:
ADD: 176 x 12.788 us = 2250.72 us
CONCAT: 48 x 123.937 us = 5949 us
CONT: 16 x 27.082 us = 433.32 us
CPY: 96 x 3.947 us = 378.92 us
FLASH_ATTN_EXT dst(256,24,512,1),  q(256,512,24,1),  k(256,4608,4,1),  v(256,4608,4,1),  m(4608,512,1,1): 16 x 1941.41 us = 31062.6 us (29866 GFLOPS/s)
GATED_DELTA_NET: 48 x 220.319 us = 10575.3 us
GET_ROWS: 96 x 6.955 us = 667.68 us
GLU: 64 x 95.877 us = 6136.16 us
MUL_MAT f32 m=48 n=512 k=5120: 96 x 33.884 us = 3252.88 us (7426.29 GFLOPS/s)
MUL_MAT q4_0 m=1024 n=512 k=5120: 32 x 63.785 us = 2041.12 us (84160.6 GFLOPS/s)
MUL_MAT q4_0 m=10240 n=512 k=5120: 48 x 997.467 us = 47878.4 us (53818.1 GFLOPS/s)
MUL_MAT q4_0 m=12288 n=512 k=5120: 16 x 1096.89 us = 17550.2 us (58728.2 GFLOPS/s)
MUL_MAT q4_0 m=17408 n=512 k=5120: 128 x 1464.59 us = 187467 us (62310.5 GFLOPS/s)
MUL_MAT q4_0 m=5120 n=512 k=17408: 56 x 1684.92 us = 94355.6 us (54166 GFLOPS/s)
MUL_MAT q4_0 m=5120 n=512 k=6144: 16 x 624.587 us = 9993.4 us (51569.4 GFLOPS/s)
MUL_MAT q4_0 m=6144 n=512 k=5120: 48 x 520.434 us = 24980.8 us (61888.9 GFLOPS/s)
MUL_MAT q4_1 m=5120 n=512 k=17408: 8 x 1651.71 us = 13213.7 us (55255.1 GFLOPS/s)
MUL_MAT q5_K m=5120 n=512 k=6144: 48 x 681.509 us = 32712.4 us (47262.2 GFLOPS/s)
RMS_NORM(128,16,512,1): 96 x 25.836 us = 2480.28 us
RMS_NORM_MUL RMS_NORM(128,48,512,1): 48 x 90.69 us = 4353.16 us
RMS_NORM_MUL RMS_NORM(256,24,512,1): 16 x 51.042 us = 816.68 us
RMS_NORM_MUL RMS_NORM(256,4,512,1): 16 x 11.915 us = 190.64 us
RMS_NORM_MUL RMS_NORM(5120,512,1,1): 129 x 17.059 us = 2200.68 us
ROPE: 16 x 33.782 us = 540.52 us
ROPE_VIEW_SET_ROWS ROPE: 16 x 9.127 us = 146.04 us
SCALE: 96 x 9.464 us = 908.56 us
SET_ROWS: 16 x 9.065 us = 145.04 us
SIGMOID: 48 x 3.897 us = 187.08 us
SIGMOID_MUL SIGMOID: 16 x 32.535 us = 520.56 us
SILU_MUL SILU: 48 x 32.784 us = 1573.64 us
SOFTPLUS_MUL SOFTPLUS: 48 x 4.38 us = 210.28 us
SSM_CONV_SILU SSM_CONV: 48 x 28.111 us = 1349.36 us
Total time: 506522 us.
----------------
Vulkan Timings:
ADD: 176 x 18.518 us = 3259.28 us
CONCAT: 48 x 126.601 us = 6076.88 us
CONT: 16 x 43.52 us = 696.32 us
CPY: 96 x 4.337 us = 416.36 us
FLASH_ATTN_EXT dst(256,24,512,1),  q(256,512,24,1),  k(256,5120,4,1),  v(256,5120,4,1),  m(5120,512,1,1): 16 x 2181 us = 34896 us (29539 GFLOPS/s)
GATED_DELTA_NET: 48 x 225.02 us = 10801 us
GET_ROWS: 96 x 8.091 us = 776.76 us
GLU: 64 x 120.987 us = 7743.2 us
MUL_MAT f32 m=48 n=512 k=5120: 96 x 37.553 us = 3605.12 us (6700.7 GFLOPS/s)
MUL_MAT q4_0 m=1024 n=512 k=5120: 32 x 65.725 us = 2103.2 us (81676.5 GFLOPS/s)
MUL_MAT q4_0 m=10240 n=512 k=5120: 48 x 996.411 us = 47827.8 us (53875.2 GFLOPS/s)
MUL_MAT q4_0 m=12288 n=512 k=5120: 16 x 1097.36 us = 17557.8 us (58702.9 GFLOPS/s)
MUL_MAT q4_0 m=17408 n=512 k=5120: 128 x 1464.87 us = 187504 us (62298.4 GFLOPS/s)
MUL_MAT q4_0 m=5120 n=512 k=17408: 56 x 1696.45 us = 95001.2 us (53797.9 GFLOPS/s)
MUL_MAT q4_0 m=5120 n=512 k=6144: 16 x 621.642 us = 9946.28 us (51813.8 GFLOPS/s)
MUL_MAT q4_0 m=6144 n=512 k=5120: 48 x 526.41 us = 25267.7 us (61186.4 GFLOPS/s)
MUL_MAT q4_1 m=5120 n=512 k=17408: 8 x 1643.19 us = 13145.6 us (55541.5 GFLOPS/s)
MUL_MAT q5_K m=5120 n=512 k=6144: 48 x 686.198 us = 32937.5 us (46939.2 GFLOPS/s)
RMS_NORM(128,16,512,1): 96 x 26.94 us = 2586.28 us
RMS_NORM_MUL RMS_NORM(128,48,512,1): 48 x 91.752 us = 4404.12 us
RMS_NORM_MUL RMS_NORM(256,24,512,1): 16 x 53.635 us = 858.16 us
RMS_NORM_MUL RMS_NORM(256,4,512,1): 16 x 12.427 us = 198.84 us
RMS_NORM_MUL RMS_NORM(5120,512,1,1): 129 x 20.98 us = 2706.44 us
ROPE: 16 x 38.385 us = 614.16 us
ROPE_VIEW_SET_ROWS ROPE: 16 x 10.07 us = 161.12 us
SCALE: 96 x 10.994 us = 1055.44 us
SET_ROWS: 16 x 9.045 us = 144.72 us
SIGMOID: 48 x 4.045 us = 194.16 us
SIGMOID_MUL SIGMOID: 16 x 33.437 us = 535 us
SILU_MUL SILU: 48 x 34.086 us = 1636.16 us
SOFTPLUS_MUL SOFTPLUS: 48 x 4.469 us = 214.52 us
SSM_CONV_SILU SSM_CONV: 48 x 33.279 us = 1597.4 us
Total time: 516468 us.
----------------
Vulkan Timings:
ADD: 176 x 12.882 us = 2267.28 us
CONCAT: 48 x 124.218 us = 5962.48 us
CONT: 16 x 31.512 us = 504.2 us
CPY: 96 x 3.983 us = 382.44 us
FLASH_ATTN_EXT dst(256,24,512,1),  q(256,512,24,1),  k(256,5632,4,1),  v(256,5632,4,1),  m(5632,512,1,1): 16 x 2369.82 us = 37917.1 us (29904 GFLOPS/s)
GATED_DELTA_NET: 48 x 220.26 us = 10572.5 us
GET_ROWS: 96 x 7.064 us = 678.16 us
GLU: 64 x 95.806 us = 6131.6 us
MUL_MAT f32 m=48 n=512 k=5120: 96 x 34.159 us = 3279.32 us (7366.41 GFLOPS/s)
MUL_MAT q4_0 m=1024 n=512 k=5120: 32 x 66.485 us = 2127.52 us (80742.8 GFLOPS/s)
MUL_MAT q4_0 m=10240 n=512 k=5120: 48 x 998.23 us = 47915.1 us (53777 GFLOPS/s)
MUL_MAT q4_0 m=12288 n=512 k=5120: 16 x 1091.04 us = 17456.6 us (59042.9 GFLOPS/s)
MUL_MAT q4_0 m=17408 n=512 k=5120: 128 x 1466.71 us = 187739 us (62220.2 GFLOPS/s)
MUL_MAT q4_0 m=5120 n=512 k=17408: 56 x 1690.92 us = 94691.6 us (53973.8 GFLOPS/s)
MUL_MAT q4_0 m=5120 n=512 k=6144: 16 x 620.925 us = 9934.8 us (51873.6 GFLOPS/s)
MUL_MAT q4_0 m=6144 n=512 k=5120: 48 x 522.07 us = 25059.4 us (61695 GFLOPS/s)
MUL_MAT q4_1 m=5120 n=512 k=17408: 8 x 1645.24 us = 13161.9 us (55472.4 GFLOPS/s)
MUL_MAT q5_K m=5120 n=512 k=6144: 48 x 684.448 us = 32853.5 us (47059.3 GFLOPS/s)
RMS_NORM(128,16,512,1): 96 x 25.821 us = 2478.84 us
RMS_NORM_MUL RMS_NORM(128,48,512,1): 48 x 91.305 us = 4382.68 us
RMS_NORM_MUL RMS_NORM(256,24,512,1): 16 x 50.425 us = 806.8 us
RMS_NORM_MUL RMS_NORM(256,4,512,1): 16 x 11.612 us = 185.8 us
RMS_NORM_MUL RMS_NORM(5120,512,1,1): 129 x 17.082 us = 2203.68 us
ROPE: 16 x 33.02 us = 528.32 us
ROPE_VIEW_SET_ROWS ROPE: 16 x 9.092 us = 145.48 us
SCALE: 96 x 9.479 us = 910.04 us
SET_ROWS: 16 x 8.935 us = 142.96 us
SIGMOID: 48 x 3.896 us = 187.04 us
SIGMOID_MUL SIGMOID: 16 x 33.242 us = 531.88 us
SILU_MUL SILU: 48 x 33.96 us = 1630.08 us
SOFTPLUS_MUL SOFTPLUS: 48 x 4.691 us = 225.2 us
SSM_CONV_SILU SSM_CONV: 48 x 27.72 us = 1330.6 us
Total time: 514324 us.
----------------
Vulkan Timings:
ADD: 176 x 13.116 us = 2308.52 us
CONCAT: 48 x 126.091 us = 6052.4 us
CONT: 16 x 31.857 us = 509.72 us
CPY: 96 x 3.945 us = 378.8 us
FLASH_ATTN_EXT dst(256,24,512,1),  q(256,512,24,1),  k(256,6144,4,1),  v(256,6144,4,1),  m(6144,512,1,1): 16 x 2636.7 us = 42187.1 us (29320.6 GFLOPS/s)
GATED_DELTA_NET: 48 x 224.076 us = 10755.7 us
GET_ROWS: 96 x 7.107 us = 682.32 us
GLU: 64 x 96.636 us = 6184.72 us
MUL_MAT f32 m=48 n=512 k=5120: 96 x 34.518 us = 3313.76 us (7289.86 GFLOPS/s)
MUL_MAT q4_0 m=1024 n=512 k=5120: 32 x 64.666 us = 2069.32 us (83013.7 GFLOPS/s)
MUL_MAT q4_0 m=10240 n=512 k=5120: 48 x 1010.72 us = 48514.4 us (53112.7 GFLOPS/s)
MUL_MAT q4_0 m=12288 n=512 k=5120: 16 x 1115.47 us = 17847.5 us (57750 GFLOPS/s)
MUL_MAT q4_0 m=17408 n=512 k=5120: 128 x 1482.13 us = 189713 us (61572.8 GFLOPS/s)
MUL_MAT q4_0 m=5120 n=512 k=17408: 56 x 1705.85 us = 95527.6 us (53501.4 GFLOPS/s)
MUL_MAT q4_0 m=5120 n=512 k=6144: 16 x 624.067 us = 9985.08 us (51612.4 GFLOPS/s)
MUL_MAT q4_0 m=6144 n=512 k=5120: 48 x 529.179 us = 25400.6 us (60866.2 GFLOPS/s)
MUL_MAT q4_1 m=5120 n=512 k=17408: 8 x 1696.83 us = 13574.6 us (53786 GFLOPS/s)
MUL_MAT q5_K m=5120 n=512 k=6144: 48 x 694.53 us = 33337.5 us (46376.1 GFLOPS/s)
RMS_NORM(128,16,512,1): 96 x 26.221 us = 2517.28 us
RMS_NORM_MUL RMS_NORM(128,48,512,1): 48 x 91.979 us = 4415 us
RMS_NORM_MUL RMS_NORM(256,24,512,1): 16 x 51.91 us = 830.56 us
RMS_NORM_MUL RMS_NORM(256,4,512,1): 16 x 11.93 us = 190.88 us
RMS_NORM_MUL RMS_NORM(5120,512,1,1): 129 x 17.357 us = 2239.08 us
ROPE: 16 x 33.44 us = 535.04 us
ROPE_VIEW_SET_ROWS ROPE: 16 x 9.435 us = 150.96 us
SCALE: 96 x 9.225 us = 885.64 us
SET_ROWS: 16 x 9.072 us = 145.16 us
SIGMOID: 48 x 3.87 us = 185.8 us
SIGMOID_MUL SIGMOID: 16 x 32.707 us = 523.32 us
SILU_MUL SILU: 48 x 33.32 us = 1599.36 us
SOFTPLUS_MUL SOFTPLUS: 48 x 4.417 us = 212.04 us
SSM_CONV_SILU SSM_CONV: 48 x 28.671 us = 1376.24 us
Total time: 524149 us.
0.51.859.323 I slot print_timing: id  0 | task 0 | prompt processing, n_tokens =   6144, progress = 0.19, t =   6.24 s / 984.24 tokens per second
----------------
Vulkan Timings:
ADD: 176 x 20.162 us = 3548.68 us
CONCAT: 48 x 129.859 us = 6233.24 us
CONT: 16 x 49.167 us = 786.68 us
CPY: 96 x 4.349 us = 417.56 us
FLASH_ATTN_EXT dst(256,24,512,1),  q(256,512,24,1),  k(256,6656,4,1),  v(256,6656,4,1),  m(6656,512,1,1): 16 x 2839.89 us = 45438.2 us (29491.3 GFLOPS/s)
GATED_DELTA_NET: 48 x 229.601 us = 11020.9 us
GET_ROWS: 96 x 8.228 us = 789.96 us
GLU: 64 x 126.206 us = 8077.24 us
MUL_MAT f32 m=48 n=512 k=5120: 96 x 37.822 us = 3630.92 us (6653.09 GFLOPS/s)
MUL_MAT q4_0 m=1024 n=512 k=5120: 32 x 70.498 us = 2255.96 us (76145.8 GFLOPS/s)
MUL_MAT q4_0 m=10240 n=512 k=5120: 48 x 1015.92 us = 48764.2 us (52840.6 GFLOPS/s)
MUL_MAT q4_0 m=12288 n=512 k=5120: 16 x 1112.28 us = 17796.4 us (57915.7 GFLOPS/s)
MUL_MAT q4_0 m=17408 n=512 k=5120: 128 x 1488.68 us = 190551 us (61302.2 GFLOPS/s)
MUL_MAT q4_0 m=5120 n=512 k=17408: 56 x 1711.07 us = 95819.7 us (53338.3 GFLOPS/s)
MUL_MAT q4_0 m=5120 n=512 k=6144: 16 x 626.837 us = 10029.4 us (51384.3 GFLOPS/s)
MUL_MAT q4_0 m=6144 n=512 k=5120: 48 x 538.32 us = 25839.4 us (59832.6 GFLOPS/s)
MUL_MAT q4_1 m=5120 n=512 k=17408: 8 x 1716.2 us = 13729.6 us (53178.6 GFLOPS/s)
MUL_MAT q5_K m=5120 n=512 k=6144: 48 x 698.669 us = 33536.1 us (46101.4 GFLOPS/s)
RMS_NORM(128,16,512,1): 96 x 27.662 us = 2655.64 us
RMS_NORM_MUL RMS_NORM(128,48,512,1): 48 x 92.895 us = 4458.96 us
RMS_NORM_MUL RMS_NORM(256,24,512,1): 16 x 55.757 us = 892.12 us
RMS_NORM_MUL RMS_NORM(256,4,512,1): 16 x 12.635 us = 202.16 us
RMS_NORM_MUL RMS_NORM(5120,512,1,1): 129 x 22.294 us = 2875.96 us
ROPE: 16 x 39.64 us = 634.24 us
ROPE_VIEW_SET_ROWS ROPE: 16 x 10.255 us = 164.08 us
SCALE: 96 x 11.03 us = 1058.96 us
SET_ROWS: 16 x 9.335 us = 149.36 us
SIGMOID: 48 x 3.795 us = 182.2 us
SIGMOID_MUL SIGMOID: 16 x 33.937 us = 543 us
SILU_MUL SILU: 48 x 34.713 us = 1666.24 us
SOFTPLUS_MUL SOFTPLUS: 48 x 4.745 us = 227.8 us
SSM_CONV_SILU SSM_CONV: 48 x 34.757 us = 1668.36 us
Total time: 535644 us.
----------------
Vulkan Timings:
ADD: 176 x 13.34 us = 2347.92 us
CONCAT: 48 x 125.746 us = 6035.84 us
CONT: 16 x 34.157 us = 546.52 us
CPY: 96 x 3.945 us = 378.72 us
FLASH_ATTN_EXT dst(256,24,512,1),  q(256,512,24,1),  k(256,7168,4,1),  v(256,7168,4,1),  m(7168,512,1,1): 16 x 3058.78 us = 48940.5 us (29487 GFLOPS/s)
GATED_DELTA_NET: 48 x 224.547 us = 10778.3 us
GET_ROWS: 96 x 7.16 us = 687.44 us
GLU: 64 x 94.805 us = 6067.56 us
MUL_MAT f32 m=48 n=512 k=5120: 96 x 34.156 us = 3279 us (7367.13 GFLOPS/s)
MUL_MAT q4_0 m=1024 n=512 k=5120: 32 x 67.713 us = 2166.84 us (79277.6 GFLOPS/s)
MUL_MAT q4_0 m=10240 n=512 k=5120: 48 x 1011.49 us = 48551.4 us (53072.1 GFLOPS/s)
MUL_MAT q4_0 m=12288 n=512 k=5120: 16 x 1104.66 us = 17674.6 us (58314.7 GFLOPS/s)
MUL_MAT q4_0 m=17408 n=512 k=5120: 128 x 1480.44 us = 189496 us (61643.3 GFLOPS/s)
MUL_MAT q4_0 m=5120 n=512 k=17408: 56 x 1700.61 us = 95234.2 us (53666.3 GFLOPS/s)
MUL_MAT q4_0 m=5120 n=512 k=6144: 16 x 626.68 us = 10026.9 us (51397.3 GFLOPS/s)
MUL_MAT q4_0 m=6144 n=512 k=5120: 48 x 528.853 us = 25385 us (60903.7 GFLOPS/s)
MUL_MAT q4_1 m=5120 n=512 k=17408: 8 x 1692.03 us = 13536.2 us (53938.4 GFLOPS/s)
MUL_MAT q5_K m=5120 n=512 k=6144: 48 x 691.087 us = 33172.2 us (46607.2 GFLOPS/s)
RMS_NORM(128,16,512,1): 96 x 26.23 us = 2518.08 us
RMS_NORM_MUL RMS_NORM(128,48,512,1): 48 x 92.54 us = 4441.92 us
RMS_NORM_MUL RMS_NORM(256,24,512,1): 16 x 51.842 us = 829.48 us
RMS_NORM_MUL RMS_NORM(256,4,512,1): 16 x 11.802 us = 188.84 us
RMS_NORM_MUL RMS_NORM(5120,512,1,1): 129 x 17.423 us = 2247.68 us
ROPE: 16 x 33.39 us = 534.24 us
ROPE_VIEW_SET_ROWS ROPE: 16 x 9.212 us = 147.4 us
SCALE: 96 x 9.185 us = 881.76 us
SET_ROWS: 16 x 9.045 us = 144.72 us
SIGMOID: 48 x 3.695 us = 177.4 us
SIGMOID_MUL SIGMOID: 16 x 32.812 us = 525 us
SILU_MUL SILU: 48 x 33.31 us = 1598.88 us
SOFTPLUS_MUL SOFTPLUS: 48 x 4.578 us = 219.76 us
SSM_CONV_SILU SSM_CONV: 48 x 27.948 us = 1341.52 us
Total time: 530102 us.
----------------
Vulkan Timings:
ADD: 176 x 14.031 us = 2469.52 us
CONCAT: 48 x 126.383 us = 6066.4 us
CONT: 16 x 34.085 us = 545.36 us
CPY: 96 x 3.904 us = 374.84 us
FLASH_ATTN_EXT dst(256,24,512,1),  q(256,512,24,1),  k(256,7680,4,1),  v(256,7680,4,1),  m(7680,512,1,1): 16 x 3279.78 us = 52476.6 us (29464.4 GFLOPS/s)
GATED_DELTA_NET: 48 x 225.578 us = 10827.8 us
GET_ROWS: 96 x 7.003 us = 672.36 us
GLU: 64 x 94.895 us = 6073.28 us
MUL_MAT f32 m=48 n=512 k=5120: 96 x 34.506 us = 3312.6 us (7292.41 GFLOPS/s)
MUL_MAT q4_0 m=1024 n=512 k=5120: 32 x 64.875 us = 2076 us (82746.6 GFLOPS/s)
MUL_MAT q4_0 m=10240 n=512 k=5120: 48 x 1019.48 us = 48935.2 us (52655.9 GFLOPS/s)
MUL_MAT q4_0 m=12288 n=512 k=5120: 16 x 1123.45 us = 17975.2 us (57339.8 GFLOPS/s)
MUL_MAT q4_0 m=17408 n=512 k=5120: 128 x 1490.85 us = 190829 us (61212.7 GFLOPS/s)
MUL_MAT q4_0 m=5120 n=512 k=17408: 56 x 1706.26 us = 95550.4 us (53488.7 GFLOPS/s)
MUL_MAT q4_0 m=5120 n=512 k=6144: 16 x 623.345 us = 9973.52 us (51672.2 GFLOPS/s)
MUL_MAT q4_0 m=6144 n=512 k=5120: 48 x 533.693 us = 25617.3 us (60351.3 GFLOPS/s)
MUL_MAT q4_1 m=5120 n=512 k=17408: 8 x 1728.19 us = 13825.6 us (52809.7 GFLOPS/s)
MUL_MAT q5_K m=5120 n=512 k=6144: 48 x 697.799 us = 33494.4 us (46158.9 GFLOPS/s)
RMS_NORM(128,16,512,1): 96 x 26.429 us = 2537.2 us
RMS_NORM_MUL RMS_NORM(128,48,512,1): 48 x 92.938 us = 4461.04 us
RMS_NORM_MUL RMS_NORM(256,24,512,1): 16 x 52.482 us = 839.72 us
RMS_NORM_MUL RMS_NORM(256,4,512,1): 16 x 12.185 us = 194.96 us
RMS_NORM_MUL RMS_NORM(5120,512,1,1): 129 x 17.697 us = 2282.92 us
ROPE: 16 x 33.585 us = 537.36 us
ROPE_VIEW_SET_ROWS ROPE: 16 x 9.317 us = 149.08 us
SCALE: 96 x 9.235 us = 886.6 us
SET_ROWS: 16 x 9.582 us = 153.32 us
SIGMOID: 48 x 4.265 us = 204.76 us
SIGMOID_MUL SIGMOID: 16 x 32.592 us = 521.48 us
SILU_MUL SILU: 48 x 33.722 us = 1618.68 us
SOFTPLUS_MUL SOFTPLUS: 48 x 4.771 us = 229.04 us
SSM_CONV_SILU SSM_CONV: 48 x 28.264 us = 1356.68 us
Total time: 537068 us.
----------------
Vulkan Timings:
ADD: 176 x 21.89 us = 3852.68 us
CONCAT: 48 x 129.605 us = 6221.08 us
CONT: 16 x 57.417 us = 918.68 us
CPY: 96 x 4.609 us = 442.52 us
FLASH_ATTN_EXT dst(256,24,512,1),  q(256,512,24,1),  k(256,8192,4,1),  v(256,8192,4,1),  m(8192,512,1,1): 16 x 3529.59 us = 56473.5 us (29204.3 GFLOPS/s)
GATED_DELTA_NET: 48 x 228.88 us = 10986.3 us
GET_ROWS: 96 x 8.493 us = 815.4 us
GLU: 64 x 135.529 us = 8673.88 us
MUL_MAT f32 m=48 n=512 k=5120: 96 x 39.252 us = 3768.28 us (6410.57 GFLOPS/s)
MUL_MAT q4_0 m=1024 n=512 k=5120: 32 x 67.378 us = 2156.12 us (79671.8 GFLOPS/s)
MUL_MAT q4_0 m=10240 n=512 k=5120: 48 x 1009.25 us = 48444 us (53189.8 GFLOPS/s)
MUL_MAT q4_0 m=12288 n=512 k=5120: 16 x 1107.54 us = 17720.6 us (58163.3 GFLOPS/s)
MUL_MAT q4_0 m=17408 n=512 k=5120: 128 x 1471.96 us = 188411 us (61998.2 GFLOPS/s)
MUL_MAT q4_0 m=5120 n=512 k=17408: 56 x 1700.68 us = 95238.2 us (53664 GFLOPS/s)
MUL_MAT q4_0 m=5120 n=512 k=6144: 16 x 624.845 us = 9997.52 us (51548.2 GFLOPS/s)
MUL_MAT q4_0 m=6144 n=512 k=5120: 48 x 531.447 us = 25509.5 us (60606.4 GFLOPS/s)
MUL_MAT q4_1 m=5120 n=512 k=17408: 8 x 1679.67 us = 13437.4 us (54335.3 GFLOPS/s)
MUL_MAT q5_K m=5120 n=512 k=6144: 48 x 688.931 us = 33068.7 us (46753 GFLOPS/s)
RMS_NORM(128,16,512,1): 96 x 28.089 us = 2696.6 us
RMS_NORM_MUL RMS_NORM(128,48,512,1): 48 x 92.51 us = 4440.48 us
RMS_NORM_MUL RMS_NORM(256,24,512,1): 16 x 55.967 us = 895.48 us
RMS_NORM_MUL RMS_NORM(256,4,512,1): 16 x 13.145 us = 210.32 us
RMS_NORM_MUL RMS_NORM(5120,512,1,1): 129 x 23.633 us = 3048.76 us
ROPE: 16 x 41.305 us = 660.88 us
ROPE_VIEW_SET_ROWS ROPE: 16 x 10.46 us = 167.36 us
SCALE: 96 x 11.508 us = 1104.84 us
SET_ROWS: 16 x 9.957 us = 159.32 us
SIGMOID: 48 x 4.515 us = 216.76 us
SIGMOID_MUL SIGMOID: 16 x 33.84 us = 541.44 us
SILU_MUL SILU: 48 x 34.839 us = 1672.28 us
SOFTPLUS_MUL SOFTPLUS: 48 x 4.579 us = 219.8 us
SSM_CONV_SILU SSM_CONV: 48 x 36.857 us = 1769.16 us
Total time: 543939 us.
0.54.069.336 I slot print_timing: id  0 | task 0 | prompt processing, n_tokens =   8192, progress = 0.26, t =   8.45 s / 969.20 tokens per second
----------------
Vulkan Timings:
ADD: 176 x 23.914 us = 4209 us
CONCAT: 48 x 132.831 us = 6375.92 us
CONT: 16 x 66.385 us = 1062.16 us
CPY: 96 x 4.685 us = 449.84 us
FLASH_ATTN_EXT dst(256,24,512,1),  q(256,512,24,1),  k(256,8704,4,1),  v(256,8704,4,1),  m(8704,512,1,1): 16 x 3753.3 us = 60052.8 us (29180.1 GFLOPS/s)
GATED_DELTA_NET: 48 x 234.329 us = 11247.8 us
GET_ROWS: 96 x 8.959 us = 860.08 us
GLU: 64 x 147.047 us = 9411.04 us
MUL_MAT f32 m=48 n=512 k=5120: 96 x 41.114 us = 3947 us (6120.3 GFLOPS/s)
MUL_MAT q4_0 m=1024 n=512 k=5120: 32 x 69.517 us = 2224.56 us (77220.6 GFLOPS/s)
MUL_MAT q4_0 m=10240 n=512 k=5120: 48 x 1017.52 us = 48841 us (52757.4 GFLOPS/s)
MUL_MAT q4_0 m=12288 n=512 k=5120: 16 x 1120.11 us = 17921.7 us (57510.9 GFLOPS/s)
MUL_MAT q4_0 m=17408 n=512 k=5120: 128 x 1480.35 us = 189484 us (61647.1 GFLOPS/s)
MUL_MAT q4_0 m=5120 n=512 k=17408: 56 x 1712.07 us = 95875.7 us (53307.2 GFLOPS/s)
MUL_MAT q4_0 m=5120 n=512 k=6144: 16 x 625.435 us = 10007 us (51499.6 GFLOPS/s)
MUL_MAT q4_0 m=6144 n=512 k=5120: 48 x 539.952 us = 25917.7 us (59651.7 GFLOPS/s)
MUL_MAT q4_1 m=5120 n=512 k=17408: 8 x 1728.9 us = 13831.2 us (52788 GFLOPS/s)
MUL_MAT q5_K m=5120 n=512 k=6144: 48 x 696.937 us = 33453 us (46216 GFLOPS/s)
RMS_NORM(128,16,512,1): 96 x 28.705 us = 2755.72 us
RMS_NORM_MUL RMS_NORM(128,48,512,1): 48 x 93.481 us = 4487.12 us
RMS_NORM_MUL RMS_NORM(256,24,512,1): 16 x 59.082 us = 945.32 us
RMS_NORM_MUL RMS_NORM(256,4,512,1): 16 x 13.225 us = 211.6 us
RMS_NORM_MUL RMS_NORM(5120,512,1,1): 129 x 25.742 us = 3320.84 us
ROPE: 16 x 43.79 us = 700.64 us
ROPE_VIEW_SET_ROWS ROPE: 16 x 10.65 us = 170.4 us
SCALE: 96 x 12.299 us = 1180.76 us
SET_ROWS: 16 x 9.48 us = 151.68 us
SIGMOID: 48 x 4.014 us = 192.68 us
SIGMOID_MUL SIGMOID: 16 x 34.285 us = 548.56 us
SILU_MUL SILU: 48 x 35.168 us = 1688.08 us
SOFTPLUS_MUL SOFTPLUS: 48 x 4.67 us = 224.16 us
SSM_CONV_SILU SSM_CONV: 48 x 39.362 us = 1889.4 us
Total time: 553639 us.
----------------
Vulkan Timings:
ADD: 176 x 23.734 us = 4177.2 us
CONCAT: 48 x 132.102 us = 6340.92 us
CONT: 16 x 66.087 us = 1057.4 us
CPY: 96 x 4.63 us = 444.52 us
FLASH_ATTN_EXT dst(256,24,512,1),  q(256,512,24,1),  k(256,9216,4,1),  v(256,9216,4,1),  m(9216,512,1,1): 16 x 4023.39 us = 64374.2 us (28822.5 GFLOPS/s)
GATED_DELTA_NET: 48 x 232.743 us = 11171.7 us
GET_ROWS: 96 x 8.97 us = 861.16 us
GLU: 64 x 146.597 us = 9382.24 us
MUL_MAT f32 m=48 n=512 k=5120: 96 x 40.728 us = 3909.92 us (6178.34 GFLOPS/s)
MUL_MAT q4_0 m=1024 n=512 k=5120: 32 x 69.055 us = 2209.76 us (77737.8 GFLOPS/s)
MUL_MAT q4_0 m=10240 n=512 k=5120: 48 x 1011.48 us = 48551.1 us (53072.5 GFLOPS/s)
MUL_MAT q4_0 m=12288 n=512 k=5120: 16 x 1118.99 us = 17903.8 us (57568.3 GFLOPS/s)
MUL_MAT q4_0 m=17408 n=512 k=5120: 128 x 1482.93 us = 189815 us (61539.8 GFLOPS/s)
MUL_MAT q4_0 m=5120 n=512 k=17408: 56 x 1715.52 us = 96069.2 us (53199.8 GFLOPS/s)
MUL_MAT q4_0 m=5120 n=512 k=6144: 16 x 627.972 us = 10047.6 us (51291.5 GFLOPS/s)
MUL_MAT q4_0 m=6144 n=512 k=5120: 48 x 536.97 us = 25774.6 us (59983.1 GFLOPS/s)
MUL_MAT q4_1 m=5120 n=512 k=17408: 8 x 1713.75 us = 13710 us (53254.8 GFLOPS/s)
MUL_MAT q5_K m=5120 n=512 k=6144: 48 x 696.378 us = 33426.2 us (46253.1 GFLOPS/s)
RMS_NORM(128,16,512,1): 96 x 28.597 us = 2745.32 us
RMS_NORM_MUL RMS_NORM(128,48,512,1): 48 x 93.3 us = 4478.44 us
RMS_NORM_MUL RMS_NORM(256,24,512,1): 16 x 58.15 us = 930.4 us
RMS_NORM_MUL RMS_NORM(256,4,512,1): 16 x 13.54 us = 216.64 us
RMS_NORM_MUL RMS_NORM(5120,512,1,1): 129 x 25.664 us = 3310.76 us
ROPE: 16 x 43.337 us = 693.4 us
ROPE_VIEW_SET_ROWS ROPE: 16 x 10.877 us = 174.04 us
SCALE: 96 x 12.267 us = 1177.72 us
SET_ROWS: 16 x 9.607 us = 153.72 us
SIGMOID: 48 x 4.045 us = 194.2 us
SIGMOID_MUL SIGMOID: 16 x 34.425 us = 550.8 us
SILU_MUL SILU: 48 x 35.319 us = 1695.32 us
SOFTPLUS_MUL SOFTPLUS: 48 x 4.617 us = 221.64 us
SSM_CONV_SILU SSM_CONV: 48 x 39.45 us = 1893.64 us
Total time: 557662 us.
----------------
Vulkan Timings:
ADD: 176 x 18.02 us = 3171.68 us
CONCAT: 48 x 130.423 us = 6260.32 us
CONT: 16 x 50.05 us = 800.8 us
CPY: 96 x 4.321 us = 414.84 us
FLASH_ATTN_EXT dst(256,24,512,1),  q(256,512,24,1),  k(256,9728,4,1),  v(256,9728,4,1),  m(9728,512,1,1): 16 x 4225.01 us = 67600.2 us (28971.9 GFLOPS/s)
GATED_DELTA_NET: 48 x 233.962 us = 11230.2 us
GET_ROWS: 96 x 8.007 us = 768.68 us
GLU: 64 x 119.393 us = 7641.2 us
MUL_MAT f32 m=48 n=512 k=5120: 96 x 37.412 us = 3591.6 us (6725.92 GFLOPS/s)
MUL_MAT q4_0 m=1024 n=512 k=5120: 32 x 66.722 us = 2135.12 us (80455.4 GFLOPS/s)
MUL_MAT q4_0 m=10240 n=512 k=5120: 48 x 1027.97 us = 49342.4 us (52221.4 GFLOPS/s)
MUL_MAT q4_0 m=12288 n=512 k=5120: 16 x 1126.54 us = 18024.6 us (57182.6 GFLOPS/s)
MUL_MAT q4_0 m=17408 n=512 k=5120: 128 x 1495.17 us = 191382 us (61035.9 GFLOPS/s)
MUL_MAT q4_0 m=5120 n=512 k=17408: 56 x 1720.51 us = 96348.4 us (53045.7 GFLOPS/s)
MUL_MAT q4_0 m=5120 n=512 k=6144: 16 x 632.345 us = 10117.5 us (50936.8 GFLOPS/s)
MUL_MAT q4_0 m=6144 n=512 k=5120: 48 x 538.789 us = 25861.9 us (59780.5 GFLOPS/s)
MUL_MAT q4_1 m=5120 n=512 k=17408: 8 x 1752.41 us = 14019.3 us (52080 GFLOPS/s)
MUL_MAT q5_K m=5120 n=512 k=6144: 48 x 700.262 us = 33612.6 us (45996.5 GFLOPS/s)
RMS_NORM(128,16,512,1): 96 x 27.538 us = 2643.72 us
RMS_NORM_MUL RMS_NORM(128,48,512,1): 48 x 93.716 us = 4498.4 us
RMS_NORM_MUL RMS_NORM(256,24,512,1): 16 x 54.347 us = 869.56 us
RMS_NORM_MUL RMS_NORM(256,4,512,1): 16 x 12.542 us = 200.68 us
RMS_NORM_MUL RMS_NORM(5120,512,1,1): 129 x 21.23 us = 2738.76 us
ROPE: 16 x 37.757 us = 604.12 us
ROPE_VIEW_SET_ROWS ROPE: 16 x 10.18 us = 162.88 us
SCALE: 96 x 10.689 us = 1026.2 us
SET_ROWS: 16 x 9.292 us = 148.68 us
SIGMOID: 48 x 4.005 us = 192.28 us
SIGMOID_MUL SIGMOID: 16 x 33.787 us = 540.6 us
SILU_MUL SILU: 48 x 34.986 us = 1679.36 us
SOFTPLUS_MUL SOFTPLUS: 48 x 4.685 us = 224.92 us
SSM_CONV_SILU SSM_CONV: 48 x 33.168 us = 1592.08 us
Total time: 559445 us.
----------------
Vulkan Timings:
ADD: 176 x 12.969 us = 2282.64 us
CONCAT: 48 x 126.403 us = 6067.36 us
CONT: 16 x 37.927 us = 606.84 us
CPY: 96 x 3.786 us = 363.52 us
FLASH_ATTN_EXT dst(256,24,512,1),  q(256,512,24,1),  k(256,10240,4,1),  v(256,10240,4,1),  m(10240,512,1,1): 16 x 4390.37 us = 70245.9 us (29348.1 GFLOPS/s)
GATED_DELTA_NET: 48 x 224.79 us = 10789.9 us
GET_ROWS: 96 x 7.066 us = 678.4 us
GLU: 64 x 94.795 us = 6066.92 us
MUL_MAT f32 m=48 n=512 k=5120: 96 x 34.086 us = 3272.32 us (7382.17 GFLOPS/s)
MUL_MAT q4_0 m=1024 n=512 k=5120: 32 x 64.566 us = 2066.12 us (83142.3 GFLOPS/s)
MUL_MAT q4_0 m=10240 n=512 k=5120: 48 x 1016.23 us = 48778.9 us (52824.6 GFLOPS/s)
MUL_MAT q4_0 m=12288 n=512 k=5120: 16 x 1117.59 us = 17881.4 us (57640.4 GFLOPS/s)
MUL_MAT q4_0 m=17408 n=512 k=5120: 128 x 1485.63 us = 190161 us (61427.9 GFLOPS/s)
MUL_MAT q4_0 m=5120 n=512 k=17408: 56 x 1706.01 us = 95536.3 us (53496.6 GFLOPS/s)
MUL_MAT q4_0 m=5120 n=512 k=6144: 16 x 627.427 us = 10038.8 us (51336 GFLOPS/s)
MUL_MAT q4_0 m=6144 n=512 k=5120: 48 x 528.517 us = 25368.8 us (60942.4 GFLOPS/s)
MUL_MAT q4_1 m=5120 n=512 k=17408: 8 x 1715.96 us = 13727.7 us (53186.2 GFLOPS/s)
MUL_MAT q5_K m=5120 n=512 k=6144: 48 x 696.59 us = 33436.3 us (46239 GFLOPS/s)
RMS_NORM(128,16,512,1): 96 x 26.27 us = 2521.96 us
RMS_NORM_MUL RMS_NORM(128,48,512,1): 48 x 92.502 us = 4440.12 us
RMS_NORM_MUL RMS_NORM(256,24,512,1): 16 x 51.372 us = 821.96 us
RMS_NORM_MUL RMS_NORM(256,4,512,1): 16 x 11.907 us = 190.52 us
RMS_NORM_MUL RMS_NORM(5120,512,1,1): 129 x 17.218 us = 2221.16 us
ROPE: 16 x 33.4 us = 534.4 us
ROPE_VIEW_SET_ROWS ROPE: 16 x 9.235 us = 147.76 us
SCALE: 96 x 9.222 us = 885.4 us
SET_ROWS: 16 x 8.997 us = 143.96 us
SIGMOID: 48 x 4.019 us = 192.92 us
SIGMOID_MUL SIGMOID: 16 x 32.91 us = 526.56 us
SILU_MUL SILU: 48 x 33.825 us = 1623.6 us
SOFTPLUS_MUL SOFTPLUS: 48 x 4.263 us = 204.64 us
SSM_CONV_SILU SSM_CONV: 48 x 28.256 us = 1356.32 us
Total time: 553180 us.
0.56.355.108 I slot print_timing: id  0 | task 0 | prompt processing, n_tokens =  10240, progress = 0.32, t =  10.74 s / 953.61 tokens per second
----------------
Vulkan Timings:
ADD: 176 x 16.785 us = 2954.32 us
CONCAT: 48 x 129.538 us = 6217.84 us
CONT: 16 x 48.262 us = 772.2 us
CPY: 96 x 4.19 us = 402.32 us
FLASH_ATTN_EXT dst(256,24,512,1),  q(256,512,24,1),  k(256,10752,4,1),  v(256,10752,4,1),  m(10752,512,1,1): 16 x 4683.02 us = 74928.4 us (28889.8 GFLOPS/s)
GATED_DELTA_NET: 48 x 231.588 us = 11116.2 us
GET_ROWS: 96 x 7.713 us = 740.48 us
GLU: 64 x 111.307 us = 7123.68 us
MUL_MAT f32 m=48 n=512 k=5120: 96 x 36.759 us = 3528.92 us (6845.39 GFLOPS/s)
MUL_MAT q4_0 m=1024 n=512 k=5120: 32 x 66.301 us = 2121.64 us (80966.6 GFLOPS/s)
MUL_MAT q4_0 m=10240 n=512 k=5120: 48 x 1033.09 us = 49588.4 us (51962.4 GFLOPS/s)
MUL_MAT q4_0 m=12288 n=512 k=5120: 16 x 1120.21 us = 17923.3 us (57505.6 GFLOPS/s)
MUL_MAT q4_0 m=17408 n=512 k=5120: 128 x 1502.59 us = 192331 us (60734.7 GFLOPS/s)
MUL_MAT q4_0 m=5120 n=512 k=17408: 56 x 1727.84 us = 96759.1 us (52820.5 GFLOPS/s)
MUL_MAT q4_0 m=5120 n=512 k=6144: 16 x 634.552 us = 10152.8 us (50759.6 GFLOPS/s)
MUL_MAT q4_0 m=6144 n=512 k=5120: 48 x 538.88 us = 25866.2 us (59770.5 GFLOPS/s)
MUL_MAT q4_1 m=5120 n=512 k=17408: 8 x 1747.19 us = 13977.6 us (52235.4 GFLOPS/s)
MUL_MAT q5_K m=5120 n=512 k=6144: 48 x 705.361 us = 33857.4 us (45664 GFLOPS/s)
RMS_NORM(128,16,512,1): 96 x 27.434 us = 2633.72 us
RMS_NORM_MUL RMS_NORM(128,48,512,1): 48 x 93.918 us = 4508.08 us
RMS_NORM_MUL RMS_NORM(256,24,512,1): 16 x 53.955 us = 863.28 us
RMS_NORM_MUL RMS_NORM(256,4,512,1): 16 x 12.345 us = 197.52 us
RMS_NORM_MUL RMS_NORM(5120,512,1,1): 129 x 20.065 us = 2588.4 us
ROPE: 16 x 36.74 us = 587.84 us
ROPE_VIEW_SET_ROWS ROPE: 16 x 10.032 us = 160.52 us
SCALE: 96 x 10.283 us = 987.24 us
SET_ROWS: 16 x 9.247 us = 147.96 us
SIGMOID: 48 x 4.225 us = 202.8 us
SIGMOID_MUL SIGMOID: 16 x 33.785 us = 540.56 us
SILU_MUL SILU: 48 x 35.159 us = 1687.64 us
SOFTPLUS_MUL SOFTPLUS: 48 x 4.337 us = 208.2 us
SSM_CONV_SILU SSM_CONV: 48 x 32.512 us = 1560.6 us
Total time: 567236 us.
----------------
Vulkan Timings:
ADD: 176 x 14.712 us = 2589.44 us
CONCAT: 48 x 128.075 us = 6147.6 us
CONT: 16 x 40.862 us = 653.8 us
CPY: 96 x 3.983 us = 382.4 us
FLASH_ATTN_EXT dst(256,24,512,1),  q(256,512,24,1),  k(256,11264,4,1),  v(256,11264,4,1),  m(11264,512,1,1): 16 x 4854.35 us = 77669.7 us (29197.3 GFLOPS/s)
GATED_DELTA_NET: 48 x 226.071 us = 10851.4 us
GET_ROWS: 96 x 7.486 us = 718.68 us
GLU: 64 x 102.906 us = 6586.04 us
MUL_MAT f32 m=48 n=512 k=5120: 96 x 35.602 us = 3417.88 us (7067.78 GFLOPS/s)
MUL_MAT q4_0 m=1024 n=512 k=5120: 32 x 64.97 us = 2079.04 us (82625.6 GFLOPS/s)
MUL_MAT q4_0 m=10240 n=512 k=5120: 48 x 1015.51 us = 48744.5 us (52862 GFLOPS/s)
MUL_MAT q4_0 m=12288 n=512 k=5120: 16 x 1115.28 us = 17844.4 us (57759.8 GFLOPS/s)
MUL_MAT q4_0 m=17408 n=512 k=5120: 128 x 1491.29 us = 190885 us (61194.7 GFLOPS/s)
MUL_MAT q4_0 m=5120 n=512 k=17408: 56 x 1720.15 us = 96328.3 us (53056.7 GFLOPS/s)
MUL_MAT q4_0 m=5120 n=512 k=6144: 16 x 633.157 us = 10130.5 us (50871.4 GFLOPS/s)
MUL_MAT q4_0 m=6144 n=512 k=5120: 48 x 533.002 us = 25584.1 us (60429.6 GFLOPS/s)
MUL_MAT q4_1 m=5120 n=512 k=17408: 8 x 1732.45 us = 13859.6 us (52679.8 GFLOPS/s)
MUL_MAT q5_K m=5120 n=512 k=6144: 48 x 696.055 us = 33410.6 us (46274.6 GFLOPS/s)
RMS_NORM(128,16,512,1): 96 x 26.732 us = 2566.32 us
RMS_NORM_MUL RMS_NORM(128,48,512,1): 48 x 93.08 us = 4467.84 us
RMS_NORM_MUL RMS_NORM(256,24,512,1): 16 x 52.382 us = 838.12 us
RMS_NORM_MUL RMS_NORM(256,4,512,1): 16 x 12.025 us = 192.4 us
RMS_NORM_MUL RMS_NORM(5120,512,1,1): 129 x 18.683 us = 2410.16 us
ROPE: 16 x 34.552 us = 552.84 us
ROPE_VIEW_SET_ROWS ROPE: 16 x 9.392 us = 150.28 us
SCALE: 96 x 9.932 us = 953.56 us
SET_ROWS: 16 x 9.08 us = 145.28 us
SIGMOID: 48 x 3.944 us = 189.32 us
SIGMOID_MUL SIGMOID: 16 x 33.405 us = 534.48 us
SILU_MUL SILU: 48 x 34.051 us = 1634.48 us
SOFTPLUS_MUL SOFTPLUS: 48 x 4.404 us = 211.4 us
SSM_CONV_SILU SSM_CONV: 48 x 30.756 us = 1476.32 us
Total time: 564206 us.
----------------
Vulkan Timings:
ADD: 176 x 12.809 us = 2254.48 us
CONCAT: 48 x 127.33 us = 6111.88 us
CONT: 16 x 38.655 us = 618.48 us
CPY: 96 x 3.795 us = 364.36 us
FLASH_ATTN_EXT dst(256,24,512,1),  q(256,512,24,1),  k(256,11776,4,1),  v(256,11776,4,1),  m(11776,512,1,1): 16 x 5045.1 us = 80721.5 us (29370.4 GFLOPS/s)
GATED_DELTA_NET: 48 x 226.826 us = 10887.7 us
GET_ROWS: 96 x 7.064 us = 678.16 us
GLU: 64 x 94.13 us = 6024.32 us
MUL_MAT f32 m=48 n=512 k=5120: 96 x 34.29 us = 3291.88 us (7338.31 GFLOPS/s)
MUL_MAT q4_0 m=1024 n=512 k=5120: 32 x 68.682 us = 2197.84 us (78159.4 GFLOPS/s)
MUL_MAT q4_0 m=10240 n=512 k=5120: 48 x 1021.8 us = 49046.4 us (52536.5 GFLOPS/s)
MUL_MAT q4_0 m=12288 n=512 k=5120: 16 x 1116.59 us = 17865.4 us (57692 GFLOPS/s)
MUL_MAT q4_0 m=17408 n=512 k=5120: 128 x 1493.86 us = 191214 us (61089.6 GFLOPS/s)
MUL_MAT q4_0 m=5120 n=512 k=17408: 56 x 1719.62 us = 96299 us (53072.9 GFLOPS/s)
MUL_MAT q4_0 m=5120 n=512 k=6144: 16 x 630.35 us = 10085.6 us (51098 GFLOPS/s)
MUL_MAT q4_0 m=6144 n=512 k=5120: 48 x 533.716 us = 25618.4 us (60348.7 GFLOPS/s)
MUL_MAT q4_1 m=5120 n=512 k=17408: 8 x 1716.66 us = 13733.3 us (53164.4 GFLOPS/s)
MUL_MAT q5_K m=5120 n=512 k=6144: 48 x 700.1 us = 33604.8 us (46007.2 GFLOPS/s)
RMS_NORM(128,16,512,1): 96 x 26.524 us = 2546.32 us
RMS_NORM_MUL RMS_NORM(128,48,512,1): 48 x 92.771 us = 4453.04 us
RMS_NORM_MUL RMS_NORM(256,24,512,1): 16 x 52.792 us = 844.68 us
RMS_NORM_MUL RMS_NORM(256,4,512,1): 16 x 11.9 us = 190.4 us
RMS_NORM_MUL RMS_NORM(5120,512,1,1): 129 x 17.42 us = 2247.28 us
ROPE: 16 x 33.462 us = 535.4 us
ROPE_VIEW_SET_ROWS ROPE: 16 x 9.215 us = 147.44 us
SCALE: 96 x 9.297 us = 892.52 us
SET_ROWS: 16 x 9.052 us = 144.84 us
SIGMOID: 48 x 3.85 us = 184.84 us
SIGMOID_MUL SIGMOID: 16 x 32.997 us = 527.96 us
SILU_MUL SILU: 48 x 33.994 us = 1631.72 us
SOFTPLUS_MUL SOFTPLUS: 48 x 4.506 us = 216.32 us
SSM_CONV_SILU SSM_CONV: 48 x 28.369 us = 1361.72 us
Total time: 566542 us.
----------------
Vulkan Timings:
ADD: 176 x 19.95 us = 3511.36 us
CONCAT: 48 x 131.389 us = 6306.68 us
CONT: 16 x 52.012 us = 832.2 us
CPY: 96 x 4.265 us = 409.44 us
FLASH_ATTN_EXT dst(256,24,512,1),  q(256,512,24,1),  k(256,12288,4,1),  v(256,12288,4,1),  m(12288,512,1,1): 16 x 5376.03 us = 86016.4 us (28760.8 GFLOPS/s)
GATED_DELTA_NET: 48 x 231.861 us = 11129.4 us
GET_ROWS: 96 x 8.081 us = 775.8 us
GLU: 64 x 120.141 us = 7689.04 us
MUL_MAT f32 m=48 n=512 k=5120: 96 x 40.097 us = 3849.4 us (6275.48 GFLOPS/s)
MUL_MAT q4_0 m=1024 n=512 k=5120: 32 x 71.15 us = 2276.8 us (75448.8 GFLOPS/s)
MUL_MAT q4_0 m=10240 n=512 k=5120: 48 x 1029.11 us = 49397.2 us (52163.5 GFLOPS/s)
MUL_MAT q4_0 m=12288 n=512 k=5120: 16 x 1116.3 us = 17860.8 us (57706.8 GFLOPS/s)
MUL_MAT q4_0 m=17408 n=512 k=5120: 128 x 1493.1 us = 191117 us (61120.4 GFLOPS/s)
MUL_MAT q4_0 m=5120 n=512 k=17408: 56 x 1720.45 us = 96345 us (53047.5 GFLOPS/s)
MUL_MAT q4_0 m=5120 n=512 k=6144: 16 x 631.74 us = 10107.8 us (50985.6 GFLOPS/s)
MUL_MAT q4_0 m=6144 n=512 k=5120: 48 x 540.694 us = 25953.3 us (59569.9 GFLOPS/s)
MUL_MAT q4_1 m=5120 n=512 k=17408: 8 x 1735.89 us = 13887.1 us (52575.6 GFLOPS/s)
MUL_MAT q5_K m=5120 n=512 k=6144: 48 x 703.45 us = 33765.6 us (45788 GFLOPS/s)
RMS_NORM(128,16,512,1): 96 x 27.84 us = 2672.72 us
RMS_NORM_MUL RMS_NORM(128,48,512,1): 48 x 93.077 us = 4467.72 us
RMS_NORM_MUL RMS_NORM(256,24,512,1): 16 x 54.725 us = 875.6 us
RMS_NORM_MUL RMS_NORM(256,4,512,1): 16 x 12.592 us = 201.48 us
RMS_NORM_MUL RMS_NORM(5120,512,1,1): 129 x 21.473 us = 2770.12 us
ROPE: 16 x 39.585 us = 633.36 us
ROPE_VIEW_SET_ROWS ROPE: 16 x 10.007 us = 160.12 us
SCALE: 96 x 10.872 us = 1043.72 us
SET_ROWS: 16 x 9.25 us = 148 us
SIGMOID: 48 x 4.074 us = 195.56 us
SIGMOID_MUL SIGMOID: 16 x 33.985 us = 543.76 us
SILU_MUL SILU: 48 x 34.966 us = 1678.4 us
SOFTPLUS_MUL SOFTPLUS: 48 x 4.367 us = 209.64 us
SSM_CONV_SILU SSM_CONV: 48 x 34.11 us = 1637.32 us
Total time: 578468 us.
0.58.698.106 I slot print_timing: id  0 | task 0 | prompt processing, n_tokens =  12288, progress = 0.38, t =  13.08 s / 939.37 tokens per second
----------------
Vulkan Timings:
ADD: 176 x 13.309 us = 2342.48 us
CONCAT: 48 x 127.705 us = 6129.88 us
CONT: 16 x 39.077 us = 625.24 us
CPY: 96 x 3.838 us = 368.52 us
FLASH_ATTN_EXT dst(256,24,512,1),  q(256,512,24,1),  k(256,12800,4,1),  v(256,12800,4,1),  m(12800,512,1,1): 16 x 5577.12 us = 89233.9 us (28878.9 GFLOPS/s)
GATED_DELTA_NET: 48 x 228.854 us = 10985 us
GET_ROWS: 96 x 7.124 us = 683.92 us
GLU: 64 x 94.031 us = 6018.04 us
MUL_MAT f32 m=48 n=512 k=5120: 96 x 34.516 us = 3313.56 us (7290.3 GFLOPS/s)
MUL_MAT q4_0 m=1024 n=512 k=5120: 32 x 65.942 us = 2110.16 us (81407.1 GFLOPS/s)
MUL_MAT q4_0 m=10240 n=512 k=5120: 48 x 1028.81 us = 49383.1 us (52178.4 GFLOPS/s)
MUL_MAT q4_0 m=12288 n=512 k=5120: 16 x 1130.57 us = 18089.1 us (56978.5 GFLOPS/s)
MUL_MAT q4_0 m=17408 n=512 k=5120: 128 x 1502.83 us = 192362 us (60724.9 GFLOPS/s)
MUL_MAT q4_0 m=5120 n=512 k=17408: 56 x 1724.77 us = 96587.1 us (52914.6 GFLOPS/s)
MUL_MAT q4_0 m=5120 n=512 k=6144: 16 x 632.712 us = 10123.4 us (50907.2 GFLOPS/s)
MUL_MAT q4_0 m=6144 n=512 k=5120: 48 x 537.966 us = 25822.4 us (59871.9 GFLOPS/s)
MUL_MAT q4_1 m=5120 n=512 k=17408: 8 x 1741.13 us = 13929.1 us (52417.2 GFLOPS/s)
MUL_MAT q5_K m=5120 n=512 k=6144: 48 x 703.514 us = 33768.7 us (45783.9 GFLOPS/s)
RMS_NORM(128,16,512,1): 96 x 26.665 us = 2559.84 us
RMS_NORM_MUL RMS_NORM(128,48,512,1): 48 x 93.241 us = 4475.6 us
RMS_NORM_MUL RMS_NORM(256,24,512,1): 16 x 52.66 us = 842.56 us
RMS_NORM_MUL RMS_NORM(256,4,512,1): 16 x 12.31 us = 196.96 us
RMS_NORM_MUL RMS_NORM(5120,512,1,1): 129 x 17.238 us = 2223.72 us
ROPE: 16 x 33.525 us = 536.4 us
ROPE_VIEW_SET_ROWS ROPE: 16 x 9.377 us = 150.04 us
SCALE: 96 x 9.298 us = 892.68 us
SET_ROWS: 16 x 9.7 us = 155.2 us
SIGMOID: 48 x 4.041 us = 194 us
SIGMOID_MUL SIGMOID: 16 x 33.28 us = 532.48 us
SILU_MUL SILU: 48 x 34.18 us = 1640.64 us
SOFTPLUS_MUL SOFTPLUS: 48 x 4.593 us = 220.48 us
SSM_CONV_SILU SSM_CONV: 48 x 28.546 us = 1370.24 us
Total time: 577867 us.
----------------
Vulkan Timings:
ADD: 176 x 12.94 us = 2277.48 us
CONCAT: 48 x 127.144 us = 6102.92 us
CONT: 16 x 39.31 us = 628.96 us
CPY: 96 x 3.857 us = 370.36 us
FLASH_ATTN_EXT dst(256,24,512,1),  q(256,512,24,1),  k(256,13312,4,1),  v(256,13312,4,1),  m(13312,512,1,1): 16 x 5748.47 us = 91975.4 us (29138.9 GFLOPS/s)
GATED_DELTA_NET: 48 x 227.551 us = 10922.5 us
GET_ROWS: 96 x 7.112 us = 682.8 us
GLU: 64 x 94.053 us = 6019.4 us
MUL_MAT f32 m=48 n=512 k=5120: 96 x 34.602 us = 3321.84 us (7272.12 GFLOPS/s)
MUL_MAT q4_0 m=1024 n=512 k=5120: 32 x 64.945 us = 2078.24 us (82657.4 GFLOPS/s)
MUL_MAT q4_0 m=10240 n=512 k=5120: 48 x 1023.65 us = 49135.3 us (52441.5 GFLOPS/s)
MUL_MAT q4_0 m=12288 n=512 k=5120: 16 x 1124.11 us = 17985.8 us (57306 GFLOPS/s)
MUL_MAT q4_0 m=17408 n=512 k=5120: 128 x 1501.2 us = 192154 us (60790.7 GFLOPS/s)
MUL_MAT q4_0 m=5120 n=512 k=17408: 56 x 1721.44 us = 96400.5 us (53017 GFLOPS/s)
MUL_MAT q4_0 m=5120 n=512 k=6144: 16 x 632.17 us = 10114.7 us (50950.9 GFLOPS/s)
MUL_MAT q4_0 m=6144 n=512 k=5120: 48 x 533.834 us = 25624 us (60335.4 GFLOPS/s)
MUL_MAT q4_1 m=5120 n=512 k=17408: 8 x 1719.77 us = 13758.1 us (53068.5 GFLOPS/s)
MUL_MAT q5_K m=5120 n=512 k=6144: 48 x 702.765 us = 33732.8 us (45832.7 GFLOPS/s)
RMS_NORM(128,16,512,1): 96 x 26.702 us = 2563.4 us
RMS_NORM_MUL RMS_NORM(128,48,512,1): 48 x 93.241 us = 4475.6 us
RMS_NORM_MUL RMS_NORM(256,24,512,1): 16 x 51.997 us = 831.96 us
RMS_NORM_MUL RMS_NORM(256,4,512,1): 16 x 12.105 us = 193.68 us
RMS_NORM_MUL RMS_NORM(5120,512,1,1): 129 x 17.172 us = 2215.2 us
ROPE: 16 x 33.48 us = 535.68 us
ROPE_VIEW_SET_ROWS ROPE: 16 x 9.585 us = 153.36 us
SCALE: 96 x 9.302 us = 893.08 us
SET_ROWS: 16 x 9.65 us = 154.4 us
SIGMOID: 48 x 3.624 us = 173.96 us
SIGMOID_MUL SIGMOID: 16 x 33.965 us = 543.44 us
SILU_MUL SILU: 48 x 35.736 us = 1715.36 us
SOFTPLUS_MUL SOFTPLUS: 48 x 4.656 us = 223.52 us
SSM_CONV_SILU SSM_CONV: 48 x 28.268 us = 1356.88 us
Total time: 579314 us.
----------------
Vulkan Timings:
ADD: 176 x 17.073 us = 3005 us
CONCAT: 48 x 130.388 us = 6258.64 us
CONT: 16 x 48.195 us = 771.12 us
CPY: 96 x 4.237 us = 406.76 us
FLASH_ATTN_EXT dst(256,24,512,1),  q(256,512,24,1),  k(256,13824,4,1),  v(256,13824,4,1),  m(13824,512,1,1): 16 x 6066.75 us = 97068 us (28672.1 GFLOPS/s)
GATED_DELTA_NET: 48 x 232.725 us = 11170.8 us
GET_ROWS: 96 x 7.881 us = 756.6 us
GLU: 64 x 113.359 us = 7255 us
MUL_MAT f32 m=48 n=512 k=5120: 96 x 37.107 us = 3562.36 us (6781.13 GFLOPS/s)
MUL_MAT q4_0 m=1024 n=512 k=5120: 32 x 70.656 us = 2261 us (75976.1 GFLOPS/s)
MUL_MAT q4_0 m=10240 n=512 k=5120: 48 x 1040.33 us = 49935.8 us (51600.9 GFLOPS/s)
MUL_MAT q4_0 m=12288 n=512 k=5120: 16 x 1135.95 us = 18175.3 us (56708.4 GFLOPS/s)
MUL_MAT q4_0 m=17408 n=512 k=5120: 128 x 1518.89 us = 194418 us (60082.7 GFLOPS/s)
MUL_MAT q4_0 m=5120 n=512 k=17408: 56 x 1737.66 us = 97309 us (52522 GFLOPS/s)
MUL_MAT q4_0 m=5120 n=512 k=6144: 16 x 641.132 us = 10258.1 us (50238.7 GFLOPS/s)
MUL_MAT q4_0 m=6144 n=512 k=5120: 48 x 543.234 us = 26075.2 us (59291.4 GFLOPS/s)
MUL_MAT q4_1 m=5120 n=512 k=17408: 8 x 1793.67 us = 14349.4 us (50882 GFLOPS/s)
MUL_MAT q5_K m=5120 n=512 k=6144: 48 x 710.763 us = 34116.6 us (45317 GFLOPS/s)
RMS_NORM(128,16,512,1): 96 x 27.633 us = 2652.84 us
RMS_NORM_MUL RMS_NORM(128,48,512,1): 48 x 94.884 us = 4554.44 us
RMS_NORM_MUL RMS_NORM(256,24,512,1): 16 x 54.977 us = 879.64 us
RMS_NORM_MUL RMS_NORM(256,4,512,1): 16 x 12.867 us = 205.88 us
RMS_NORM_MUL RMS_NORM(5120,512,1,1): 129 x 20.482 us = 2642.2 us
ROPE: 16 x 37.467 us = 599.48 us
ROPE_VIEW_SET_ROWS ROPE: 16 x 9.925 us = 158.8 us
SCALE: 96 x 10.452 us = 1003.48 us
SET_ROWS: 16 x 9.862 us = 157.8 us
SIGMOID: 48 x 4.071 us = 195.44 us
SIGMOID_MUL SIGMOID: 16 x 34.162 us = 546.6 us
SILU_MUL SILU: 48 x 34.938 us = 1677.04 us
SOFTPLUS_MUL SOFTPLUS: 48 x 4.582 us = 219.96 us
SSM_CONV_SILU SSM_CONV: 48 x 32.341 us = 1552.4 us
Total time: 594199 us.
----------------
Vulkan Timings:
ADD: 176 x 13.047 us = 2296.28 us
CONCAT: 48 x 128.096 us = 6148.64 us
CONT: 16 x 40.62 us = 649.92 us
CPY: 96 x 3.906 us = 375 us
FLASH_ATTN_EXT dst(256,24,512,1),  q(256,512,24,1),  k(256,14336,4,1),  v(256,14336,4,1),  m(14336,512,1,1): 16 x 6228.52 us = 99656.4 us (28961.7 GFLOPS/s)
GATED_DELTA_NET: 48 x 227.408 us = 10915.6 us
GET_ROWS: 96 x 7.135 us = 685.04 us
GLU: 64 x 93.16 us = 5962.28 us
MUL_MAT f32 m=48 n=512 k=5120: 96 x 34.485 us = 3310.56 us (7296.9 GFLOPS/s)
MUL_MAT q4_0 m=1024 n=512 k=5120: 32 x 65.152 us = 2084.88 us (82394.1 GFLOPS/s)
MUL_MAT q4_0 m=10240 n=512 k=5120: 48 x 1028.97 us = 49390.8 us (52170.2 GFLOPS/s)
MUL_MAT q4_0 m=12288 n=512 k=5120: 16 x 1120.41 us = 17926.6 us (57495.2 GFLOPS/s)
MUL_MAT q4_0 m=17408 n=512 k=5120: 128 x 1502.5 us = 192320 us (60738.2 GFLOPS/s)
MUL_MAT q4_0 m=5120 n=512 k=17408: 56 x 1718.42 us = 96231.6 us (53110 GFLOPS/s)
MUL_MAT q4_0 m=5120 n=512 k=6144: 16 x 635.227 us = 10163.6 us (50705.7 GFLOPS/s)
MUL_MAT q4_0 m=6144 n=512 k=5120: 48 x 536.18 us = 25736.6 us (60071.4 GFLOPS/s)
MUL_MAT q4_1 m=5120 n=512 k=17408: 8 x 1729.01 us = 13832.1 us (52784.8 GFLOPS/s)
MUL_MAT q5_K m=5120 n=512 k=6144: 48 x 705.705 us = 33873.8 us (45641.8 GFLOPS/s)
RMS_NORM(128,16,512,1): 96 x 26.835 us = 2576.24 us
RMS_NORM_MUL RMS_NORM(128,48,512,1): 48 x 93.458 us = 4486 us
RMS_NORM_MUL RMS_NORM(256,24,512,1): 16 x 51.622 us = 825.96 us
RMS_NORM_MUL RMS_NORM(256,4,512,1): 16 x 12.217 us = 195.48 us
RMS_NORM_MUL RMS_NORM(5120,512,1,1): 129 x 17.318 us = 2234.04 us
ROPE: 16 x 33.422 us = 534.76 us
ROPE_VIEW_SET_ROWS ROPE: 16 x 9.362 us = 149.8 us
SCALE: 96 x 9.31 us = 893.76 us
SET_ROWS: 16 x 9.642 us = 154.28 us
SIGMOID: 48 x 4.1 us = 196.8 us
SIGMOID_MUL SIGMOID: 16 x 33.36 us = 533.76 us
SILU_MUL SILU: 48 x 34.228 us = 1642.96 us
SOFTPLUS_MUL SOFTPLUS: 48 x 4.53 us = 217.44 us
SSM_CONV_SILU SSM_CONV: 48 x 28.617 us = 1373.64 us
Total time: 587575 us.
1.01.110.156 I slot print_timing: id  0 | task 0 | prompt processing, n_tokens =  14336, progress = 0.45, t =  15.49 s / 925.31 tokens per second
----------------
Vulkan Timings:
ADD: 176 x 18.661 us = 3284.44 us
CONCAT: 48 x 134.201 us = 6441.68 us
CONT: 16 x 53.437 us = 855 us
CPY: 96 x 4.311 us = 413.92 us
FLASH_ATTN_EXT dst(256,24,512,1),  q(256,512,24,1),  k(256,14848,4,1),  v(256,14848,4,1),  m(14848,512,1,1): 16 x 6588.8 us = 105421 us (28355.9 GFLOPS/s)
GATED_DELTA_NET: 48 x 237.561 us = 11403 us
GET_ROWS: 96 x 8.133 us = 780.84 us
GLU: 64 x 121.378 us = 7768.24 us
MUL_MAT f32 m=48 n=512 k=5120: 96 x 38.367 us = 3683.24 us (6558.58 GFLOPS/s)
MUL_MAT q4_0 m=1024 n=512 k=5120: 32 x 68.642 us = 2196.56 us (78205 GFLOPS/s)
MUL_MAT q4_0 m=10240 n=512 k=5120: 48 x 1052.22 us = 50506.8 us (51017.5 GFLOPS/s)
MUL_MAT q4_0 m=12288 n=512 k=5120: 16 x 1148.07 us = 18369.2 us (56109.9 GFLOPS/s)
MUL_MAT q4_0 m=17408 n=512 k=5120: 128 x 1538.26 us = 196897 us (59326.3 GFLOPS/s)
MUL_MAT q4_0 m=5120 n=512 k=17408: 56 x 1754.91 us = 98275.2 us (52005.7 GFLOPS/s)
MUL_MAT q4_0 m=5120 n=512 k=6144: 16 x 646.51 us = 10344.2 us (49820.8 GFLOPS/s)
MUL_MAT q4_0 m=6144 n=512 k=5120: 48 x 555.271 us = 26653 us (58006 GFLOPS/s)
MUL_MAT q4_1 m=5120 n=512 k=17408: 8 x 1823.96 us = 14591.7 us (50037 GFLOPS/s)
MUL_MAT q5_K m=5120 n=512 k=6144: 48 x 723.015 us = 34704.7 us (44549.1 GFLOPS/s)
RMS_NORM(128,16,512,1): 96 x 28.421 us = 2728.48 us
RMS_NORM_MUL RMS_NORM(128,48,512,1): 48 x 95.53 us = 4585.48 us
RMS_NORM_MUL RMS_NORM(256,24,512,1): 16 x 56.372 us = 901.96 us
RMS_NORM_MUL RMS_NORM(256,4,512,1): 16 x 13.272 us = 212.36 us
RMS_NORM_MUL RMS_NORM(5120,512,1,1): 129 x 21.659 us = 2794.12 us
ROPE: 16 x 39.517 us = 632.28 us
ROPE_VIEW_SET_ROWS ROPE: 16 x 10.317 us = 165.08 us
SCALE: 96 x 10.961 us = 1052.28 us
SET_ROWS: 16 x 10.162 us = 162.6 us
SIGMOID: 48 x 4.05 us = 194.4 us
SIGMOID_MUL SIGMOID: 16 x 34.8 us = 556.8 us
SILU_MUL SILU: 48 x 35.906 us = 1723.52 us
SOFTPLUS_MUL SOFTPLUS: 48 x 4.647 us = 223.08 us
SSM_CONV_SILU SSM_CONV: 48 x 35.07 us = 1683.36 us
Total time: 610205 us.
----------------
Vulkan Timings:
ADD: 176 x 23.719 us = 4174.56 us
CONCAT: 48 x 133.145 us = 6391 us
CONT: 16 x 66.132 us = 1058.12 us
CPY: 96 x 4.75 us = 456 us
FLASH_ATTN_EXT dst(256,24,512,1),  q(256,512,24,1),  k(256,15360,4,1),  v(256,15360,4,1),  m(15360,512,1,1): 16 x 6831.8 us = 109309 us (28290.3 GFLOPS/s)
GATED_DELTA_NET: 48 x 234.893 us = 11274.9 us
GET_ROWS: 96 x 9.012 us = 865.24 us
GLU: 64 x 145.467 us = 9309.92 us
MUL_MAT f32 m=48 n=512 k=5120: 96 x 40.81 us = 3917.76 us (6165.98 GFLOPS/s)
MUL_MAT q4_0 m=1024 n=512 k=5120: 32 x 72.917 us = 2333.36 us (73620 GFLOPS/s)
MUL_MAT q4_0 m=10240 n=512 k=5120: 48 x 1022.08 us = 49059.7 us (52522.3 GFLOPS/s)
MUL_MAT q4_0 m=12288 n=512 k=5120: 16 x 1121.66 us = 17946.6 us (57431.1 GFLOPS/s)
MUL_MAT q4_0 m=17408 n=512 k=5120: 128 x 1502.87 us = 192367 us (60723.4 GFLOPS/s)
MUL_MAT q4_0 m=5120 n=512 k=17408: 56 x 1727.76 us = 96754.6 us (52823 GFLOPS/s)
MUL_MAT q4_0 m=5120 n=512 k=6144: 16 x 643.7 us = 10299.2 us (50038.3 GFLOPS/s)
MUL_MAT q4_0 m=6144 n=512 k=5120: 48 x 544.313 us = 26127 us (59173.8 GFLOPS/s)
MUL_MAT q4_1 m=5120 n=512 k=17408: 8 x 1748.48 us = 13987.9 us (52196.9 GFLOPS/s)
MUL_MAT q5_K m=5120 n=512 k=6144: 48 x 706.531 us = 33913.5 us (45588.4 GFLOPS/s)
RMS_NORM(128,16,512,1): 96 x 28.922 us = 2776.56 us
RMS_NORM_MUL RMS_NORM(128,48,512,1): 48 x 94.837 us = 4552.2 us
RMS_NORM_MUL RMS_NORM(256,24,512,1): 16 x 57.817 us = 925.08 us
RMS_NORM_MUL RMS_NORM(256,4,512,1): 16 x 13.692 us = 219.08 us
RMS_NORM_MUL RMS_NORM(5120,512,1,1): 129 x 25.355 us = 3270.8 us
ROPE: 16 x 43.43 us = 694.88 us
ROPE_VIEW_SET_ROWS ROPE: 16 x 10.86 us = 173.76 us
SCALE: 96 x 12.328 us = 1183.52 us
SET_ROWS: 16 x 10.197 us = 163.16 us
SIGMOID: 48 x 4.187 us = 201 us
SIGMOID_MUL SIGMOID: 16 x 35.575 us = 569.2 us
SILU_MUL SILU: 48 x 35.775 us = 1717.2 us
SOFTPLUS_MUL SOFTPLUS: 48 x 4.553 us = 218.56 us
SSM_CONV_SILU SSM_CONV: 48 x 39.468 us = 1894.48 us
Total time: 608104 us.
----------------
Vulkan Timings:
ADD: 176 x 23.69 us = 4169.52 us
CONCAT: 48 x 137.195 us = 6585.4 us
CONT: 16 x 65.755 us = 1052.08 us
CPY: 96 x 4.782 us = 459.16 us
FLASH_ATTN_EXT dst(256,24,512,1),  q(256,512,24,1),  k(256,15872,4,1),  v(256,15872,4,1),  m(15872,512,1,1): 16 x 7077.2 us = 113235 us (28219.6 GFLOPS/s)
GATED_DELTA_NET: 48 x 239.435 us = 11492.9 us
GET_ROWS: 96 x 9.062 us = 870 us
GLU: 64 x 145.691 us = 9324.24 us
MUL_MAT f32 m=48 n=512 k=5120: 96 x 41.635 us = 3997.04 us (6043.68 GFLOPS/s)
MUL_MAT q4_0 m=1024 n=512 k=5120: 32 x 74.702 us = 2390.48 us (71860.8 GFLOPS/s)
MUL_MAT q4_0 m=10240 n=512 k=5120: 48 x 1048.89 us = 50346.9 us (51179.5 GFLOPS/s)
MUL_MAT q4_0 m=12288 n=512 k=5120: 16 x 1151.92 us = 18430.7 us (55922.5 GFLOPS/s)
MUL_MAT q4_0 m=17408 n=512 k=5120: 128 x 1528.71 us = 195675 us (59696.6 GFLOPS/s)
MUL_MAT q4_0 m=5120 n=512 k=17408: 56 x 1749.5 us = 97971.9 us (52166.6 GFLOPS/s)
MUL_MAT q4_0 m=5120 n=512 k=6144: 16 x 650.317 us = 10405.1 us (49529.1 GFLOPS/s)
MUL_MAT q4_0 m=6144 n=512 k=5120: 48 x 555.195 us = 26649.4 us (58014 GFLOPS/s)
MUL_MAT q4_1 m=5120 n=512 k=17408: 8 x 1820.6 us = 14564.8 us (50129.3 GFLOPS/s)
MUL_MAT q5_K m=5120 n=512 k=6144: 48 x 719.571 us = 34539.4 us (44762.2 GFLOPS/s)
RMS_NORM(128,16,512,1): 96 x 29.412 us = 2823.56 us
RMS_NORM_MUL RMS_NORM(128,48,512,1): 48 x 96.253 us = 4620.16 us
RMS_NORM_MUL RMS_NORM(256,24,512,1): 16 x 58.875 us = 942 us
RMS_NORM_MUL RMS_NORM(256,4,512,1): 16 x 13.872 us = 221.96 us
RMS_NORM_MUL RMS_NORM(5120,512,1,1): 129 x 25.476 us = 3286.52 us
ROPE: 16 x 43.615 us = 697.84 us
ROPE_VIEW_SET_ROWS ROPE: 16 x 10.952 us = 175.24 us
SCALE: 96 x 12.376 us = 1188.12 us
SET_ROWS: 16 x 10.352 us = 165.64 us
SIGMOID: 48 x 4.304 us = 206.6 us
SIGMOID_MUL SIGMOID: 16 x 35.765 us = 572.24 us
SILU_MUL SILU: 48 x 36.425 us = 1748.44 us
SOFTPLUS_MUL SOFTPLUS: 48 x 4.635 us = 222.48 us
SSM_CONV_SILU SSM_CONV: 48 x 39.479 us = 1895 us
Total time: 620925 us.
----------------
Vulkan Timings:
ADD: 176 x 17.294 us = 3043.76 us
CONCAT: 48 x 131.535 us = 6313.68 us
CONT: 16 x 51.625 us = 826 us
CPY: 96 x 4.227 us = 405.88 us
FLASH_ATTN_EXT dst(256,24,512,1),  q(256,512,24,1),  k(256,16384,4,1),  v(256,16384,4,1),  m(16384,512,1,1): 16 x 7270.09 us = 116321 us (28357.1 GFLOPS/s)
GATED_DELTA_NET: 48 x 233.291 us = 11198 us
GET_ROWS: 96 x 8.01 us = 768.96 us
GLU: 64 x 116.746 us = 7471.8 us
MUL_MAT f32 m=48 n=512 k=5120: 96 x 37.585 us = 3608.2 us (6694.98 GFLOPS/s)
MUL_MAT q4_0 m=1024 n=512 k=5120: 32 x 67.871 us = 2171.88 us (79093.6 GFLOPS/s)
MUL_MAT q4_0 m=10240 n=512 k=5120: 48 x 1039.9 us = 49915.1 us (51622.2 GFLOPS/s)
MUL_MAT q4_0 m=12288 n=512 k=5120: 16 x 1145.34 us = 18325.5 us (56243.6 GFLOPS/s)
MUL_MAT q4_0 m=17408 n=512 k=5120: 128 x 1512.35 us = 193581 us (60342.6 GFLOPS/s)
MUL_MAT q4_0 m=5120 n=512 k=17408: 56 x 1744.09 us = 97669 us (52328.4 GFLOPS/s)
MUL_MAT q4_0 m=5120 n=512 k=6144: 16 x 643.157 us = 10290.5 us (50080.5 GFLOPS/s)
MUL_MAT q4_0 m=6144 n=512 k=5120: 48 x 544.825 us = 26151.6 us (59118.3 GFLOPS/s)
MUL_MAT q4_1 m=5120 n=512 k=17408: 8 x 1811.39 us = 14491.1 us (50384.2 GFLOPS/s)
MUL_MAT q5_K m=5120 n=512 k=6144: 48 x 710.059 us = 34082.8 us (45361.9 GFLOPS/s)
RMS_NORM(128,16,512,1): 96 x 27.913 us = 2679.72 us
RMS_NORM_MUL RMS_NORM(128,48,512,1): 48 x 95.548 us = 4586.32 us
RMS_NORM_MUL RMS_NORM(256,24,512,1): 16 x 54.885 us = 878.16 us
RMS_NORM_MUL RMS_NORM(256,4,512,1): 16 x 13.02 us = 208.32 us
RMS_NORM_MUL RMS_NORM(5120,512,1,1): 129 x 20.832 us = 2687.44 us
ROPE: 16 x 37.92 us = 606.72 us
ROPE_VIEW_SET_ROWS ROPE: 16 x 10.085 us = 161.36 us
SCALE: 96 x 10.761 us = 1033.08 us
SET_ROWS: 16 x 9.987 us = 159.8 us
SIGMOID: 48 x 3.997 us = 191.88 us
SIGMOID_MUL SIGMOID: 16 x 34.402 us = 550.44 us
SILU_MUL SILU: 48 x 35.138 us = 1686.64 us
SOFTPLUS_MUL SOFTPLUS: 48 x 4.598 us = 220.72 us
SSM_CONV_SILU SSM_CONV: 48 x 33.037 us = 1585.8 us
Total time: 613872 us.
1.03.638.243 I slot print_timing: id  0 | task 0 | prompt processing, n_tokens =  16384, progress = 0.51, t =  18.02 s / 909.15 tokens per second
----------------
Vulkan Timings:
ADD: 176 x 13.146 us = 2313.8 us
CONCAT: 48 x 129.149 us = 6199.16 us
CONT: 16 x 39.852 us = 637.64 us
CPY: 96 x 3.945 us = 378.76 us
FLASH_ATTN_EXT dst(256,24,512,1),  q(256,512,24,1),  k(256,16896,4,1),  v(256,16896,4,1),  m(16896,512,1,1): 16 x 7414.33 us = 118629 us (28674.3 GFLOPS/s)
GATED_DELTA_NET: 48 x 230.256 us = 11052.3 us
GET_ROWS: 96 x 7.17 us = 688.32 us
GLU: 64 x 94.475 us = 6046.4 us
MUL_MAT f32 m=48 n=512 k=5120: 96 x 34.508 us = 3312.8 us (7291.97 GFLOPS/s)
MUL_MAT q4_0 m=1024 n=512 k=5120: 32 x 65.912 us = 2109.2 us (81444.1 GFLOPS/s)
MUL_MAT q4_0 m=10240 n=512 k=5120: 48 x 1043.5 us = 50088 us (51444 GFLOPS/s)
MUL_MAT q4_0 m=12288 n=512 k=5120: 16 x 1134.2 us = 18147.2 us (56796.3 GFLOPS/s)
MUL_MAT q4_0 m=17408 n=512 k=5120: 128 x 1516.74 us = 194143 us (60167.9 GFLOPS/s)
MUL_MAT q4_0 m=5120 n=512 k=17408: 56 x 1734.68 us = 97142.4 us (52612.1 GFLOPS/s)
MUL_MAT q4_0 m=5120 n=512 k=6144: 16 x 644.747 us = 10316 us (49957 GFLOPS/s)
MUL_MAT q4_0 m=6144 n=512 k=5120: 48 x 541.293 us = 25982.1 us (59504 GFLOPS/s)
MUL_MAT q4_1 m=5120 n=512 k=17408: 8 x 1776.4 us = 14211.2 us (51376.6 GFLOPS/s)
MUL_MAT q5_K m=5120 n=512 k=6144: 48 x 709.004 us = 34032.2 us (45429.4 GFLOPS/s)
RMS_NORM(128,16,512,1): 96 x 26.829 us = 2575.6 us
RMS_NORM_MUL RMS_NORM(128,48,512,1): 48 x 94.585 us = 4540.08 us
RMS_NORM_MUL RMS_NORM(256,24,512,1): 16 x 52.597 us = 841.56 us
RMS_NORM_MUL RMS_NORM(256,4,512,1): 16 x 12.357 us = 197.72 us
RMS_NORM_MUL RMS_NORM(5120,512,1,1): 129 x 17.599 us = 2270.28 us
ROPE: 16 x 33.685 us = 538.96 us
ROPE_VIEW_SET_ROWS ROPE: 16 x 9.422 us = 150.76 us
SCALE: 96 x 9.34 us = 896.64 us
SET_ROWS: 16 x 9.72 us = 155.52 us
SIGMOID: 48 x 3.735 us = 179.28 us
SIGMOID_MUL SIGMOID: 16 x 33.837 us = 541.4 us
SILU_MUL SILU: 48 x 34.104 us = 1637 us
SOFTPLUS_MUL SOFTPLUS: 48 x 4.652 us = 223.32 us
SSM_CONV_SILU SSM_CONV: 48 x 28.731 us = 1379.12 us
Total time: 611557 us.
----------------
Vulkan Timings:
ADD: 176 x 18.519 us = 3259.4 us
CONCAT: 48 x 131.475 us = 6310.8 us
CONT: 16 x 51.225 us = 819.6 us
CPY: 96 x 4.403 us = 422.72 us
FLASH_ATTN_EXT dst(256,24,512,1),  q(256,512,24,1),  k(256,17408,4,1),  v(256,17408,4,1),  m(17408,512,1,1): 16 x 7684.18 us = 122947 us (28505.8 GFLOPS/s)
GATED_DELTA_NET: 48 x 232.718 us = 11170.5 us
GET_ROWS: 96 x 7.906 us = 759.04 us
GLU: 64 x 116.411 us = 7450.32 us
MUL_MAT f32 m=48 n=512 k=5120: 96 x 37.267 us = 3577.64 us (6752.17 GFLOPS/s)
MUL_MAT q4_0 m=1024 n=512 k=5120: 32 x 67.718 us = 2167 us (79271.8 GFLOPS/s)
MUL_MAT q4_0 m=10240 n=512 k=5120: 48 x 1043.11 us = 50069.4 us (51463.1 GFLOPS/s)
MUL_MAT q4_0 m=12288 n=512 k=5120: 16 x 1135.6 us = 18169.6 us (56726.3 GFLOPS/s)
MUL_MAT q4_0 m=17408 n=512 k=5120: 128 x 1515.31 us = 193960 us (60224.8 GFLOPS/s)
MUL_MAT q4_0 m=5120 n=512 k=17408: 56 x 1739.76 us = 97426.3 us (52458.8 GFLOPS/s)
MUL_MAT q4_0 m=5120 n=512 k=6144: 16 x 645.917 us = 10334.7 us (49866.5 GFLOPS/s)
MUL_MAT q4_0 m=6144 n=512 k=5120: 48 x 545.515 us = 26184.8 us (59043.4 GFLOPS/s)
MUL_MAT q4_1 m=5120 n=512 k=17408: 8 x 1758.54 us = 14068.3 us (51898.6 GFLOPS/s)
MUL_MAT q5_K m=5120 n=512 k=6144: 48 x 708.266 us = 33996.8 us (45476.7 GFLOPS/s)
RMS_NORM(128,16,512,1): 96 x 27.837 us = 2672.36 us
RMS_NORM_MUL RMS_NORM(128,48,512,1): 48 x 94.318 us = 4527.28 us
RMS_NORM_MUL RMS_NORM(256,24,512,1): 16 x 55.012 us = 880.2 us
RMS_NORM_MUL RMS_NORM(256,4,512,1): 16 x 12.877 us = 206.04 us
RMS_NORM_MUL RMS_NORM(5120,512,1,1): 129 x 20.912 us = 2697.72 us
ROPE: 16 x 38.157 us = 610.52 us
ROPE_VIEW_SET_ROWS ROPE: 16 x 9.945 us = 159.12 us
SCALE: 96 x 10.822 us = 1038.96 us
SET_ROWS: 16 x 10.017 us = 160.28 us
SIGMOID: 48 x 4.095 us = 196.6 us
SIGMOID_MUL SIGMOID: 16 x 35.355 us = 565.68 us
SILU_MUL SILU: 48 x 34.752 us = 1668.12 us
SOFTPLUS_MUL SOFTPLUS: 48 x 4.63 us = 222.28 us
SSM_CONV_SILU SSM_CONV: 48 x 33.537 us = 1609.8 us
Total time: 620308 us.
----------------
Vulkan Timings:
ADD: 176 x 13.548 us = 2384.48 us
CONCAT: 48 x 129.449 us = 6213.56 us
CONT: 16 x 38.997 us = 623.96 us
CPY: 96 x 3.994 us = 383.48 us
FLASH_ATTN_EXT dst(256,24,512,1),  q(256,512,24,1),  k(256,17920,4,1),  v(256,17920,4,1),  m(17920,512,1,1): 16 x 7860.28 us = 125765 us (28686.7 GFLOPS/s)
GATED_DELTA_NET: 48 x 232.213 us = 11146.2 us
GET_ROWS: 96 x 7.181 us = 689.4 us
GLU: 64 x 94.52 us = 6049.32 us
MUL_MAT f32 m=48 n=512 k=5120: 96 x 34.868 us = 3347.36 us (7216.68 GFLOPS/s)
MUL_MAT q4_0 m=1024 n=512 k=5120: 32 x 66.263 us = 2120.44 us (81012.4 GFLOPS/s)
MUL_MAT q4_0 m=10240 n=512 k=5120: 48 x 1051.65 us = 50479.3 us (51045.2 GFLOPS/s)
MUL_MAT q4_0 m=12288 n=512 k=5120: 16 x 1142.2 us = 18275.2 us (56398.2 GFLOPS/s)
MUL_MAT q4_0 m=17408 n=512 k=5120: 128 x 1517.69 us = 194265 us (60130.2 GFLOPS/s)
MUL_MAT q4_0 m=5120 n=512 k=17408: 56 x 1736.01 us = 97216.4 us (52572.1 GFLOPS/s)
MUL_MAT q4_0 m=5120 n=512 k=6144: 16 x 640.64 us = 10250.2 us (50277.3 GFLOPS/s)
MUL_MAT q4_0 m=6144 n=512 k=5120: 48 x 543.593 us = 26092.5 us (59252.2 GFLOPS/s)
MUL_MAT q4_1 m=5120 n=512 k=17408: 8 x 1779.55 us = 14236.4 us (51285.8 GFLOPS/s)
MUL_MAT q5_K m=5120 n=512 k=6144: 48 x 711.97 us = 34174.6 us (45240.2 GFLOPS/s)
RMS_NORM(128,16,512,1): 96 x 27.061 us = 2597.88 us
RMS_NORM_MUL RMS_NORM(128,48,512,1): 48 x 94.608 us = 4541.2 us
RMS_NORM_MUL RMS_NORM(256,24,512,1): 16 x 53.927 us = 862.84 us
RMS_NORM_MUL RMS_NORM(256,4,512,1): 16 x 12.107 us = 193.72 us
RMS_NORM_MUL RMS_NORM(5120,512,1,1): 129 x 17.688 us = 2281.76 us
ROPE: 16 x 33.805 us = 540.88 us
ROPE_VIEW_SET_ROWS ROPE: 16 x 9.465 us = 151.44 us
SCALE: 96 x 9.517 us = 913.64 us
SET_ROWS: 16 x 9.222 us = 147.56 us
SIGMOID: 48 x 3.769 us = 180.92 us
SIGMOID_MUL SIGMOID: 16 x 33.61 us = 537.76 us
SILU_MUL SILU: 48 x 34.318 us = 1647.28 us
SOFTPLUS_MUL SOFTPLUS: 48 x 4.774 us = 229.16 us
SSM_CONV_SILU SSM_CONV: 48 x 28.805 us = 1382.64 us
Total time: 619921 us.
----------------
Vulkan Timings:
ADD: 176 x 15.141 us = 2664.84 us
CONCAT: 48 x 129.218 us = 6202.48 us
CONT: 16 x 46.1 us = 737.6 us
CPY: 96 x 3.954 us = 379.64 us
FLASH_ATTN_EXT dst(256,24,512,1),  q(256,512,24,1),  k(256,18432,4,1),  v(256,18432,4,1),  m(18432,512,1,1): 16 x 8128.35 us = 130054 us (28533.3 GFLOPS/s)
GATED_DELTA_NET: 48 x 230.58 us = 11067.9 us
GET_ROWS: 96 x 7.392 us = 709.68 us
GLU: 64 x 101.035 us = 6466.24 us
MUL_MAT f32 m=48 n=512 k=5120: 96 x 36.172 us = 3472.52 us (6956.57 GFLOPS/s)
MUL_MAT q4_0 m=1024 n=512 k=5120: 32 x 69.886 us = 2236.36 us (76813.2 GFLOPS/s)
MUL_MAT q4_0 m=10240 n=512 k=5120: 48 x 1039.84 us = 49912.4 us (51625 GFLOPS/s)
MUL_MAT q4_0 m=12288 n=512 k=5120: 16 x 1144.41 us = 18310.6 us (56289.3 GFLOPS/s)
MUL_MAT q4_0 m=17408 n=512 k=5120: 128 x 1518.94 us = 194425 us (60080.7 GFLOPS/s)
MUL_MAT q4_0 m=5120 n=512 k=17408: 56 x 1733.45 us = 97073.1 us (52649.7 GFLOPS/s)
MUL_MAT q4_0 m=5120 n=512 k=6144: 16 x 641.655 us = 10266.5 us (50197.7 GFLOPS/s)
MUL_MAT q4_0 m=6144 n=512 k=5120: 48 x 543.172 us = 26072.3 us (59298.1 GFLOPS/s)
MUL_MAT q4_1 m=5120 n=512 k=17408: 8 x 1760.23 us = 14081.8 us (51848.6 GFLOPS/s)
MUL_MAT q5_K m=5120 n=512 k=6144: 48 x 712.196 us = 34185.4 us (45225.8 GFLOPS/s)
RMS_NORM(128,16,512,1): 96 x 27.13 us = 2604.56 us
RMS_NORM_MUL RMS_NORM(128,48,512,1): 48 x 94.628 us = 4542.16 us
RMS_NORM_MUL RMS_NORM(256,24,512,1): 16 x 53.857 us = 861.72 us
RMS_NORM_MUL RMS_NORM(256,4,512,1): 16 x 12.332 us = 197.32 us
RMS_NORM_MUL RMS_NORM(5120,512,1,1): 129 x 18.816 us = 2427.32 us
ROPE: 16 x 35.36 us = 565.76 us
ROPE_VIEW_SET_ROWS ROPE: 16 x 9.597 us = 153.56 us
SCALE: 96 x 9.748 us = 935.88 us
SET_ROWS: 16 x 9.22 us = 147.52 us
SIGMOID: 48 x 3.986 us = 191.36 us
SIGMOID_MUL SIGMOID: 16 x 34.572 us = 553.16 us
SILU_MUL SILU: 48 x 34.443 us = 1653.28 us
SOFTPLUS_MUL SOFTPLUS: 48 x 4.47 us = 214.56 us
SSM_CONV_SILU SSM_CONV: 48 x 30.125 us = 1446 us
Total time: 624812 us.
1.06.194.148 I slot print_timing: id  0 | task 0 | prompt processing, n_tokens =  18432, progress = 0.58, t =  20.58 s / 895.75 tokens per second
----------------
Vulkan Timings:
ADD: 176 x 16.543 us = 2911.64 us
CONCAT: 48 x 134.159 us = 6439.64 us
CONT: 16 x 47.697 us = 763.16 us
CPY: 96 x 4.304 us = 413.2 us
FLASH_ATTN_EXT dst(256,24,512,1),  q(256,512,24,1),  k(256,18944,4,1),  v(256,18944,4,1),  m(18944,512,1,1): 16 x 8510.79 us = 136173 us (28008.1 GFLOPS/s)
GATED_DELTA_NET: 48 x 239.36 us = 11489.3 us
GET_ROWS: 96 x 7.957 us = 763.96 us
GLU: 64 x 110.225 us = 7054.44 us
MUL_MAT f32 m=48 n=512 k=5120: 96 x 37.392 us = 3589.72 us (6729.45 GFLOPS/s)
MUL_MAT q4_0 m=1024 n=512 k=5120: 32 x 74.987 us = 2399.6 us (71587.7 GFLOPS/s)
MUL_MAT q4_0 m=10240 n=512 k=5120: 48 x 1074.57 us = 51579.4 us (49956.5 GFLOPS/s)
MUL_MAT q4_0 m=12288 n=512 k=5120: 16 x 1158.3 us = 18532.7 us (55614.7 GFLOPS/s)
MUL_MAT q4_0 m=17408 n=512 k=5120: 128 x 1563.37 us = 200111 us (58373.3 GFLOPS/s)
MUL_MAT q4_0 m=5120 n=512 k=17408: 56 x 1765.42 us = 98863.8 us (51696 GFLOPS/s)
MUL_MAT q4_0 m=5120 n=512 k=6144: 16 x 657.045 us = 10512.7 us (49022 GFLOPS/s)
MUL_MAT q4_0 m=6144 n=512 k=5120: 48 x 562.371 us = 26993.8 us (57273.7 GFLOPS/s)
MUL_MAT q4_1 m=5120 n=512 k=17408: 8 x 1930.79 us = 15446.3 us (47268.4 GFLOPS/s)
MUL_MAT q5_K m=5120 n=512 k=6144: 48 x 734.518 us = 35256.9 us (43851.4 GFLOPS/s)
RMS_NORM(128,16,512,1): 96 x 28.369 us = 2723.44 us
RMS_NORM_MUL RMS_NORM(128,48,512,1): 48 x 97.88 us = 4698.24 us
RMS_NORM_MUL RMS_NORM(256,24,512,1): 16 x 55.237 us = 883.8 us
RMS_NORM_MUL RMS_NORM(256,4,512,1): 16 x 12.537 us = 200.6 us
RMS_NORM_MUL RMS_NORM(5120,512,1,1): 129 x 20.089 us = 2591.56 us
ROPE: 16 x 36.557 us = 584.92 us
ROPE_VIEW_SET_ROWS ROPE: 16 x 10.442 us = 167.08 us
SCALE: 96 x 10.43 us = 1001.28 us
SET_ROWS: 16 x 9.432 us = 150.92 us
SIGMOID: 48 x 3.993 us = 191.68 us
SIGMOID_MUL SIGMOID: 16 x 35.702 us = 571.24 us
SILU_MUL SILU: 48 x 35.784 us = 1717.64 us
SOFTPLUS_MUL SOFTPLUS: 48 x 5.01 us = 240.52 us
SSM_CONV_SILU SSM_CONV: 48 x 32.413 us = 1555.84 us
Total time: 646573 us.
----------------
Vulkan Timings:
ADD: 176 x 13.854 us = 2438.32 us
CONCAT: 48 x 130.535 us = 6265.68 us
CONT: 16 x 39.687 us = 635 us
CPY: 96 x 3.964 us = 380.6 us
FLASH_ATTN_EXT dst(256,24,512,1),  q(256,512,24,1),  k(256,19456,4,1),  v(256,19456,4,1),  m(19456,512,1,1): 16 x 8610.79 us = 137773 us (28431 GFLOPS/s)
GATED_DELTA_NET: 48 x 234.298 us = 11246.3 us
GET_ROWS: 96 x 7.281 us = 699 us
GLU: 64 x 94.693 us = 6060.36 us
MUL_MAT f32 m=48 n=512 k=5120: 96 x 35.131 us = 3372.6 us (7162.67 GFLOPS/s)
MUL_MAT q4_0 m=1024 n=512 k=5120: 32 x 69.571 us = 2226.28 us (77161 GFLOPS/s)
MUL_MAT q4_0 m=10240 n=512 k=5120: 48 x 1056.36 us = 50705 us (50818 GFLOPS/s)
MUL_MAT q4_0 m=12288 n=512 k=5120: 16 x 1135.31 us = 18164.9 us (56740.8 GFLOPS/s)
MUL_MAT q4_0 m=17408 n=512 k=5120: 128 x 1531.97 us = 196092 us (59569.7 GFLOPS/s)
MUL_MAT q4_0 m=5120 n=512 k=17408: 56 x 1744.81 us = 97709.3 us (52306.8 GFLOPS/s)
MUL_MAT q4_0 m=5120 n=512 k=6144: 16 x 649.792 us = 10396.7 us (49569.1 GFLOPS/s)
MUL_MAT q4_0 m=6144 n=512 k=5120: 48 x 550.052 us = 26402.5 us (58556.4 GFLOPS/s)
MUL_MAT q4_1 m=5120 n=512 k=17408: 8 x 1813.06 us = 14504.5 us (50337.8 GFLOPS/s)
MUL_MAT q5_K m=5120 n=512 k=6144: 48 x 718.42 us = 34484.2 us (44833.9 GFLOPS/s)
RMS_NORM(128,16,512,1): 96 x 27.199 us = 2611.16 us
RMS_NORM_MUL RMS_NORM(128,48,512,1): 48 x 95.317 us = 4575.24 us
RMS_NORM_MUL RMS_NORM(256,24,512,1): 16 x 53.097 us = 849.56 us
RMS_NORM_MUL RMS_NORM(256,4,512,1): 16 x 12.142 us = 194.28 us
RMS_NORM_MUL RMS_NORM(5120,512,1,1): 129 x 17.492 us = 2256.56 us
ROPE: 16 x 33.772 us = 540.36 us
ROPE_VIEW_SET_ROWS ROPE: 16 x 9.307 us = 148.92 us
SCALE: 96 x 9.44 us = 906.28 us
SET_ROWS: 16 x 9.162 us = 146.6 us
SIGMOID: 48 x 4.097 us = 196.68 us
SIGMOID_MUL SIGMOID: 16 x 34.047 us = 544.76 us
SILU_MUL SILU: 48 x 34.611 us = 1661.36 us
SOFTPLUS_MUL SOFTPLUS: 48 x 4.476 us = 214.88 us
SSM_CONV_SILU SSM_CONV: 48 x 29.084 us = 1396.04 us
Total time: 635799 us.
----------------
Vulkan Timings:
ADD: 176 x 17.721 us = 3119 us
CONCAT: 48 x 131.749 us = 6323.96 us
CONT: 16 x 51.67 us = 826.72 us
CPY: 96 x 4.189 us = 402.2 us
FLASH_ATTN_EXT dst(256,24,512,1),  q(256,512,24,1),  k(256,19968,4,1),  v(256,19968,4,1),  m(19968,512,1,1): 16 x 8825.34 us = 141205 us (28469.8 GFLOPS/s)
GATED_DELTA_NET: 48 x 233.844 us = 11224.5 us
GET_ROWS: 96 x 7.953 us = 763.56 us
GLU: 64 x 116.137 us = 7432.8 us
MUL_MAT f32 m=48 n=512 k=5120: 96 x 37.41 us = 3591.44 us (6726.22 GFLOPS/s)
MUL_MAT q4_0 m=1024 n=512 k=5120: 32 x 67.626 us = 2164.04 us (79380.2 GFLOPS/s)
MUL_MAT q4_0 m=10240 n=512 k=5120: 48 x 1045.05 us = 50162.6 us (51367.6 GFLOPS/s)
MUL_MAT q4_0 m=12288 n=512 k=5120: 16 x 1139.29 us = 18228.6 us (56542.4 GFLOPS/s)
MUL_MAT q4_0 m=17408 n=512 k=5120: 128 x 1525.16 us = 195221 us (59835.7 GFLOPS/s)
MUL_MAT q4_0 m=5120 n=512 k=17408: 56 x 1741.48 us = 97522.9 us (52406.8 GFLOPS/s)
MUL_MAT q4_0 m=5120 n=512 k=6144: 16 x 645.025 us = 10320.4 us (49935.5 GFLOPS/s)
MUL_MAT q4_0 m=6144 n=512 k=5120: 48 x 548.403 us = 26323.4 us (58732.5 GFLOPS/s)
MUL_MAT q4_1 m=5120 n=512 k=17408: 8 x 1808.49 us = 14468 us (50464.9 GFLOPS/s)
MUL_MAT q5_K m=5120 n=512 k=6144: 48 x 714.089 us = 34276.3 us (45105.9 GFLOPS/s)
RMS_NORM(128,16,512,1): 96 x 27.898 us = 2678.28 us
RMS_NORM_MUL RMS_NORM(128,48,512,1): 48 x 94.894 us = 4554.92 us
RMS_NORM_MUL RMS_NORM(256,24,512,1): 16 x 55.057 us = 880.92 us
RMS_NORM_MUL RMS_NORM(256,4,512,1): 16 x 12.715 us = 203.44 us
RMS_NORM_MUL RMS_NORM(5120,512,1,1): 129 x 20.906 us = 2696.96 us
ROPE: 16 x 37.88 us = 606.08 us
ROPE_VIEW_SET_ROWS ROPE: 16 x 10.362 us = 165.8 us
SCALE: 96 x 10.588 us = 1016.52 us
SET_ROWS: 16 x 9.385 us = 150.16 us
SIGMOID: 48 x 4.261 us = 204.56 us
SIGMOID_MUL SIGMOID: 16 x 37.555 us = 600.88 us
SILU_MUL SILU: 48 x 34.895 us = 1675 us
SOFTPLUS_MUL SOFTPLUS: 48 x 4.475 us = 214.84 us
SSM_CONV_SILU SSM_CONV: 48 x 33.055 us = 1586.64 us
Total time: 640812 us.
----------------
Vulkan Timings:
ADD: 176 x 13.401 us = 2358.72 us
CONCAT: 48 x 128.777 us = 6181.32 us
CONT: 16 x 39.302 us = 628.84 us
CPY: 96 x 4.029 us = 386.84 us
FLASH_ATTN_EXT dst(256,24,512,1),  q(256,512,24,1),  k(256,20480,4,1),  v(256,20480,4,1),  m(20480,512,1,1): 16 x 9037.88 us = 144606 us (28513.1 GFLOPS/s)
GATED_DELTA_NET: 48 x 231.893 us = 11130.9 us
GET_ROWS: 96 x 7.165 us = 687.84 us
GLU: 64 x 95.12 us = 6087.72 us
MUL_MAT f32 m=48 n=512 k=5120: 96 x 34.78 us = 3338.92 us (7234.92 GFLOPS/s)
MUL_MAT q4_0 m=1024 n=512 k=5120: 32 x 66.02 us = 2112.64 us (81311.5 GFLOPS/s)
MUL_MAT q4_0 m=10240 n=512 k=5120: 48 x 1044.31 us = 50126.8 us (51404.2 GFLOPS/s)
MUL_MAT q4_0 m=12288 n=512 k=5120: 16 x 1138.71 us = 18219.3 us (56571.3 GFLOPS/s)
MUL_MAT q4_0 m=17408 n=512 k=5120: 128 x 1524.66 us = 195156 us (59855.5 GFLOPS/s)
MUL_MAT q4_0 m=5120 n=512 k=17408: 56 x 1740.25 us = 97453.9 us (52443.9 GFLOPS/s)
MUL_MAT q4_0 m=5120 n=512 k=6144: 16 x 645.195 us = 10323.1 us (49922.3 GFLOPS/s)
MUL_MAT q4_0 m=6144 n=512 k=5120: 48 x 544.244 us = 26123.7 us (59181.4 GFLOPS/s)
MUL_MAT q4_1 m=5120 n=512 k=17408: 8 x 1787.62 us = 14301 us (51054 GFLOPS/s)
MUL_MAT q5_K m=5120 n=512 k=6144: 48 x 713.402 us = 34243.3 us (45149.3 GFLOPS/s)
RMS_NORM(128,16,512,1): 96 x 26.987 us = 2590.84 us
RMS_NORM_MUL RMS_NORM(128,48,512,1): 48 x 94.446 us = 4533.44 us
RMS_NORM_MUL RMS_NORM(256,24,512,1): 16 x 52.815 us = 845.04 us
RMS_NORM_MUL RMS_NORM(256,4,512,1): 16 x 12.102 us = 193.64 us
RMS_NORM_MUL RMS_NORM(5120,512,1,1): 129 x 17.428 us = 2248.24 us
ROPE: 16 x 33.615 us = 537.84 us
ROPE_VIEW_SET_ROWS ROPE: 16 x 9.322 us = 149.16 us
SCALE: 96 x 9.357 us = 898.28 us
SET_ROWS: 16 x 9.175 us = 146.8 us
SIGMOID: 48 x 3.893 us = 186.88 us
SIGMOID_MUL SIGMOID: 16 x 33.927 us = 542.84 us
SILU_MUL SILU: 48 x 34.77 us = 1668.96 us
SOFTPLUS_MUL SOFTPLUS: 48 x 4.52 us = 216.96 us
SSM_CONV_SILU SSM_CONV: 48 x 28.96 us = 1390.12 us
Total time: 639616 us.
1.08.841.334 I slot print_timing: id  0 | task 0 | prompt processing, n_tokens =  20480, progress = 0.64, t =  23.22 s / 881.83 tokens per second
----------------
Vulkan Timings:
ADD: 176 x 17.812 us = 3134.96 us
CONCAT: 48 x 133.82 us = 6423.4 us
CONT: 16 x 51.335 us = 821.36 us
CPY: 96 x 4.289 us = 411.76 us
FLASH_ATTN_EXT dst(256,24,512,1),  q(256,512,24,1),  k(256,20992,4,1),  v(256,20992,4,1),  m(20992,512,1,1): 16 x 9398.63 us = 150378 us (28104.2 GFLOPS/s)
GATED_DELTA_NET: 48 x 239.106 us = 11477.1 us
GET_ROWS: 96 x 7.918 us = 760.16 us
GLU: 64 x 115.647 us = 7401.44 us
MUL_MAT f32 m=48 n=512 k=5120: 96 x 38.365 us = 3683.08 us (6558.87 GFLOPS/s)
MUL_MAT q4_0 m=1024 n=512 k=5120: 32 x 68.788 us = 2201.24 us (78038.7 GFLOPS/s)
MUL_MAT q4_0 m=10240 n=512 k=5120: 48 x 1062.71 us = 51009.9 us (50514.3 GFLOPS/s)
MUL_MAT q4_0 m=12288 n=512 k=5120: 16 x 1157.15 us = 18514.4 us (55669.7 GFLOPS/s)
MUL_MAT q4_0 m=17408 n=512 k=5120: 128 x 1544.26 us = 197665 us (59095.7 GFLOPS/s)
MUL_MAT q4_0 m=5120 n=512 k=17408: 56 x 1768.18 us = 99018.3 us (51615.4 GFLOPS/s)
MUL_MAT q4_0 m=5120 n=512 k=6144: 16 x 652.985 us = 10447.8 us (49326.8 GFLOPS/s)
MUL_MAT q4_0 m=6144 n=512 k=5120: 48 x 559.835 us = 26872.1 us (57533.1 GFLOPS/s)
MUL_MAT q4_1 m=5120 n=512 k=17408: 8 x 1863.64 us = 14909.2 us (48971.5 GFLOPS/s)
MUL_MAT q5_K m=5120 n=512 k=6144: 48 x 725.848 us = 34840.7 us (44375.2 GFLOPS/s)
RMS_NORM(128,16,512,1): 96 x 28.354 us = 2722 us
RMS_NORM_MUL RMS_NORM(128,48,512,1): 48 x 95.887 us = 4602.6 us
RMS_NORM_MUL RMS_NORM(256,24,512,1): 16 x 56.075 us = 897.2 us
RMS_NORM_MUL RMS_NORM(256,4,512,1): 16 x 12.842 us = 205.48 us
RMS_NORM_MUL RMS_NORM(5120,512,1,1): 129 x 21.164 us = 2730.24 us
ROPE: 16 x 38.335 us = 613.36 us
ROPE_VIEW_SET_ROWS ROPE: 16 x 10.062 us = 161 us
SCALE: 96 x 10.728 us = 1029.96 us
SET_ROWS: 16 x 9.477 us = 151.64 us
SIGMOID: 48 x 4.26 us = 204.48 us
SIGMOID_MUL SIGMOID: 16 x 36.555 us = 584.88 us
SILU_MUL SILU: 48 x 35.91 us = 1723.72 us
SOFTPLUS_MUL SOFTPLUS: 48 x 4.45 us = 213.64 us
SSM_CONV_SILU SSM_CONV: 48 x 34.027 us = 1633.32 us
Total time: 657444 us.
----------------
Vulkan Timings:
ADD: 176 x 23.576 us = 4149.4 us
CONCAT: 48 x 136.782 us = 6565.56 us
CONT: 16 x 67.71 us = 1083.36 us
CPY: 96 x 4.725 us = 453.6 us
FLASH_ATTN_EXT dst(256,24,512,1),  q(256,512,24,1),  k(256,21504,4,1),  v(256,21504,4,1),  m(21504,512,1,1): 16 x 9734.41 us = 155750 us (27796.6 GFLOPS/s)
GATED_DELTA_NET: 48 x 240.091 us = 11524.4 us
GET_ROWS: 96 x 9.002 us = 864.24 us
GLU: 64 x 145.149 us = 9289.56 us
MUL_MAT f32 m=48 n=512 k=5120: 96 x 41.667 us = 4000.12 us (6039.03 GFLOPS/s)
MUL_MAT q4_0 m=1024 n=512 k=5120: 32 x 70.433 us = 2253.88 us (76216.1 GFLOPS/s)
MUL_MAT q4_0 m=10240 n=512 k=5120: 48 x 1045.64 us = 50190.8 us (51338.6 GFLOPS/s)
MUL_MAT q4_0 m=12288 n=512 k=5120: 16 x 1153.23 us = 18451.7 us (55858.8 GFLOPS/s)
MUL_MAT q4_0 m=17408 n=512 k=5120: 128 x 1520.49 us = 194623 us (60019.4 GFLOPS/s)
MUL_MAT q4_0 m=5120 n=512 k=17408: 56 x 1754.17 us = 98233.8 us (52027.6 GFLOPS/s)
MUL_MAT q4_0 m=5120 n=512 k=6144: 16 x 650.877 us = 10414 us (49486.5 GFLOPS/s)
MUL_MAT q4_0 m=6144 n=512 k=5120: 48 x 554.827 us = 26631.7 us (58052.5 GFLOPS/s)
MUL_MAT q4_1 m=5120 n=512 k=17408: 8 x 1811.54 us = 14492.3 us (50380.2 GFLOPS/s)
MUL_MAT q5_K m=5120 n=512 k=6144: 48 x 713.312 us = 34239 us (45155 GFLOPS/s)
RMS_NORM(128,16,512,1): 96 x 29.402 us = 2822.68 us
RMS_NORM_MUL RMS_NORM(128,48,512,1): 48 x 95.929 us = 4604.6 us
RMS_NORM_MUL RMS_NORM(256,24,512,1): 16 x 58.762 us = 940.2 us
RMS_NORM_MUL RMS_NORM(256,4,512,1): 16 x 13.585 us = 217.36 us
RMS_NORM_MUL RMS_NORM(5120,512,1,1): 129 x 25.632 us = 3306.56 us
ROPE: 16 x 43.942 us = 703.08 us
ROPE_VIEW_SET_ROWS ROPE: 16 x 10.77 us = 172.32 us
SCALE: 96 x 12.416 us = 1192 us
SET_ROWS: 16 x 9.705 us = 155.28 us
SIGMOID: 48 x 4.374 us = 209.96 us
SIGMOID_MUL SIGMOID: 16 x 39.175 us = 626.8 us
SILU_MUL SILU: 48 x 35.771 us = 1717.04 us
SOFTPLUS_MUL SOFTPLUS: 48 x 4.41 us = 211.68 us
SSM_CONV_SILU SSM_CONV: 48 x 39.7 us = 1905.6 us
Total time: 661997 us.
----------------
Vulkan Timings:
ADD: 176 x 23.503 us = 4136.64 us
CONCAT: 48 x 136.841 us = 6568.4 us
CONT: 16 x 67.807 us = 1084.92 us
CPY: 96 x 4.702 us = 451.44 us
FLASH_ATTN_EXT dst(256,24,512,1),  q(256,512,24,1),  k(256,22016,4,1),  v(256,22016,4,1),  m(22016,512,1,1): 16 x 9907.25 us = 158516 us (27961.9 GFLOPS/s)
GATED_DELTA_NET: 48 x 239.374 us = 11490 us
GET_ROWS: 96 x 8.998 us = 863.88 us
GLU: 64 x 145.509 us = 9312.6 us
MUL_MAT f32 m=48 n=512 k=5120: 96 x 42.28 us = 4058.88 us (5951.6 GFLOPS/s)
MUL_MAT q4_0 m=1024 n=512 k=5120: 32 x 74.153 us = 2372.92 us (72392.6 GFLOPS/s)
MUL_MAT q4_0 m=10240 n=512 k=5120: 48 x 1045.87 us = 50201.5 us (51327.7 GFLOPS/s)
MUL_MAT q4_0 m=12288 n=512 k=5120: 16 x 1144.18 us = 18306.9 us (56300.8 GFLOPS/s)
MUL_MAT q4_0 m=17408 n=512 k=5120: 128 x 1522.78 us = 194916 us (59929.3 GFLOPS/s)
MUL_MAT q4_0 m=5120 n=512 k=17408: 56 x 1747.91 us = 97882.9 us (52214.1 GFLOPS/s)
MUL_MAT q4_0 m=5120 n=512 k=6144: 16 x 652.227 us = 10435.6 us (49384 GFLOPS/s)
MUL_MAT q4_0 m=6144 n=512 k=5120: 48 x 557.493 us = 26759.7 us (57774.9 GFLOPS/s)
MUL_MAT q4_1 m=5120 n=512 k=17408: 8 x 1827.8 us = 14622.4 us (49932 GFLOPS/s)
MUL_MAT q5_K m=5120 n=512 k=6144: 48 x 715.795 us = 34358.2 us (44998.4 GFLOPS/s)
RMS_NORM(128,16,512,1): 96 x 29.493 us = 2831.36 us
RMS_NORM_MUL RMS_NORM(128,48,512,1): 48 x 95.563 us = 4587.04 us
RMS_NORM_MUL RMS_NORM(256,24,512,1): 16 x 58.585 us = 937.36 us
RMS_NORM_MUL RMS_NORM(256,4,512,1): 16 x 13.6 us = 217.6 us
RMS_NORM_MUL RMS_NORM(5120,512,1,1): 129 x 25.569 us = 3298.52 us
ROPE: 16 x 44.43 us = 710.88 us
ROPE_VIEW_SET_ROWS ROPE: 16 x 10.892 us = 174.28 us
SCALE: 96 x 12.572 us = 1206.96 us
SET_ROWS: 16 x 10.82 us = 173.12 us
SIGMOID: 48 x 4.504 us = 216.2 us
SIGMOID_MUL SIGMOID: 16 x 41.795 us = 668.72 us
SILU_MUL SILU: 48 x 35.82 us = 1719.4 us
SOFTPLUS_MUL SOFTPLUS: 48 x 4.595 us = 220.56 us
SSM_CONV_SILU SSM_CONV: 48 x 39.669 us = 1904.12 us
Total time: 665205 us.
----------------
Vulkan Timings:
ADD: 176 x 23.954 us = 4216.04 us
CONCAT: 48 x 137.419 us = 6596.12 us
CONT: 16 x 65.677 us = 1050.84 us
CPY: 96 x 4.929 us = 473.24 us
FLASH_ATTN_EXT dst(256,24,512,1),  q(256,512,24,1),  k(256,22528,4,1),  v(256,22528,4,1),  m(22528,512,1,1): 16 x 10189.9 us = 163038 us (27818.6 GFLOPS/s)
GATED_DELTA_NET: 48 x 240.03 us = 11521.4 us
GET_ROWS: 96 x 8.987 us = 862.8 us
GLU: 64 x 145.665 us = 9322.6 us
MUL_MAT f32 m=48 n=512 k=5120: 96 x 41.752 us = 4008.28 us (6026.73 GFLOPS/s)
MUL_MAT q4_0 m=1024 n=512 k=5120: 32 x 70.512 us = 2256.4 us (76131 GFLOPS/s)
MUL_MAT q4_0 m=10240 n=512 k=5120: 48 x 1046.53 us = 50233.2 us (51295.3 GFLOPS/s)
MUL_MAT q4_0 m=12288 n=512 k=5120: 16 x 1152.03 us = 18432.5 us (55917 GFLOPS/s)
MUL_MAT q4_0 m=17408 n=512 k=5120: 128 x 1523.91 us = 195061 us (59884.7 GFLOPS/s)
MUL_MAT q4_0 m=5120 n=512 k=17408: 56 x 1749.84 us = 97990.8 us (52156.6 GFLOPS/s)
MUL_MAT q4_0 m=5120 n=512 k=6144: 16 x 653.372 us = 10454 us (49297.5 GFLOPS/s)
MUL_MAT q4_0 m=6144 n=512 k=5120: 48 x 556.902 us = 26731.3 us (57836.2 GFLOPS/s)
MUL_MAT q4_1 m=5120 n=512 k=17408: 8 x 1816.27 us = 14530.2 us (50248.8 GFLOPS/s)
MUL_MAT q5_K m=5120 n=512 k=6144: 48 x 717.605 us = 34445.1 us (44884.9 GFLOPS/s)
RMS_NORM(128,16,512,1): 96 x 29.367 us = 2819.24 us
RMS_NORM_MUL RMS_NORM(128,48,512,1): 48 x 95.873 us = 4601.92 us
RMS_NORM_MUL RMS_NORM(256,24,512,1): 16 x 58.707 us = 939.32 us
RMS_NORM_MUL RMS_NORM(256,4,512,1): 16 x 13.562 us = 217 us
RMS_NORM_MUL RMS_NORM(5120,512,1,1): 129 x 25.529 us = 3293.28 us
ROPE: 16 x 43.62 us = 697.92 us
ROPE_VIEW_SET_ROWS ROPE: 16 x 10.882 us = 174.12 us
SCALE: 96 x 12.617 us = 1211.32 us
SET_ROWS: 16 x 9.722 us = 155.56 us
SIGMOID: 48 x 4.159 us = 199.64 us
SIGMOID_MUL SIGMOID: 16 x 39.387 us = 630.2 us
SILU_MUL SILU: 48 x 35.86 us = 1721.28 us
SOFTPLUS_MUL SOFTPLUS: 48 x 4.565 us = 219.12 us
SSM_CONV_SILU SSM_CONV: 48 x 39.669 us = 1904.12 us
Total time: 670008 us.
1.11.577.678 I slot print_timing: id  0 | task 0 | prompt processing, n_tokens =  22528, progress = 0.70, t =  25.96 s / 867.77 tokens per second
----------------
Vulkan Timings:
ADD: 176 x 24.196 us = 4258.6 us
CONCAT: 48 x 137.408 us = 6595.6 us
CONT: 16 x 65.625 us = 1050 us
CPY: 96 x 4.868 us = 467.36 us
FLASH_ATTN_EXT dst(256,24,512,1),  q(256,512,24,1),  k(256,23040,4,1),  v(256,23040,4,1),  m(23040,512,1,1): 16 x 10435.2 us = 166963 us (27781.9 GFLOPS/s)
GATED_DELTA_NET: 48 x 242.655 us = 11647.5 us
GET_ROWS: 96 x 9.097 us = 873.4 us
GLU: 64 x 144.966 us = 9277.84 us
MUL_MAT f32 m=48 n=512 k=5120: 96 x 42.045 us = 4036.4 us (5984.75 GFLOPS/s)
MUL_MAT q4_0 m=1024 n=512 k=5120: 32 x 70.89 us = 2268.48 us (75725.6 GFLOPS/s)
MUL_MAT q4_0 m=10240 n=512 k=5120: 48 x 1061.76 us = 50964.7 us (50559.1 GFLOPS/s)
MUL_MAT q4_0 m=12288 n=512 k=5120: 16 x 1160.15 us = 18562.4 us (55525.8 GFLOPS/s)
MUL_MAT q4_0 m=17408 n=512 k=5120: 128 x 1546.94 us = 198009 us (58993.2 GFLOPS/s)
MUL_MAT q4_0 m=5120 n=512 k=17408: 56 x 1767.13 us = 98959.2 us (51646.2 GFLOPS/s)
MUL_MAT q4_0 m=5120 n=512 k=6144: 16 x 658.427 us = 10534.8 us (48919 GFLOPS/s)
MUL_MAT q4_0 m=6144 n=512 k=5120: 48 x 562.147 us = 26983.1 us (57296.5 GFLOPS/s)
MUL_MAT q4_1 m=5120 n=512 k=17408: 8 x 1884.44 us = 15075.5 us (48431.1 GFLOPS/s)
MUL_MAT q5_K m=5120 n=512 k=6144: 48 x 728.959 us = 34990 us (44185.8 GFLOPS/s)
RMS_NORM(128,16,512,1): 96 x 29.723 us = 2853.44 us
RMS_NORM_MUL RMS_NORM(128,48,512,1): 48 x 97.566 us = 4683.2 us
RMS_NORM_MUL RMS_NORM(256,24,512,1): 16 x 58.895 us = 942.32 us
RMS_NORM_MUL RMS_NORM(256,4,512,1): 16 x 13.632 us = 218.12 us
RMS_NORM_MUL RMS_NORM(5120,512,1,1): 129 x 25.895 us = 3340.52 us
ROPE: 16 x 43.605 us = 697.68 us
ROPE_VIEW_SET_ROWS ROPE: 16 x 10.915 us = 174.64 us
SCALE: 96 x 12.462 us = 1196.36 us
SET_ROWS: 16 x 9.762 us = 156.2 us
SIGMOID: 48 x 4.173 us = 200.32 us
SIGMOID_MUL SIGMOID: 16 x 39.797 us = 636.76 us
SILU_MUL SILU: 48 x 36.55 us = 1754.44 us
SOFTPLUS_MUL SOFTPLUS: 48 x 4.723 us = 226.72 us
SSM_CONV_SILU SSM_CONV: 48 x 39.719 us = 1906.52 us
Total time: 680504 us.
----------------
Vulkan Timings:
ADD: 176 x 18.598 us = 3273.32 us
CONCAT: 48 x 135.019 us = 6480.92 us
CONT: 16 x 54.92 us = 878.72 us
CPY: 96 x 4.426 us = 424.96 us
FLASH_ATTN_EXT dst(256,24,512,1),  q(256,512,24,1),  k(256,23552,4,1),  v(256,23552,4,1),  m(23552,512,1,1): 16 x 10663.7 us = 170620 us (27790.7 GFLOPS/s)
GATED_DELTA_NET: 48 x 240.01 us = 11520.5 us
GET_ROWS: 96 x 8.185 us = 785.76 us
GLU: 64 x 121.072 us = 7748.64 us
MUL_MAT f32 m=48 n=512 k=5120: 96 x 38.609 us = 3706.48 us (6517.46 GFLOPS/s)
MUL_MAT q4_0 m=1024 n=512 k=5120: 32 x 72.126 us = 2308.04 us (74427.6 GFLOPS/s)
MUL_MAT q4_0 m=10240 n=512 k=5120: 48 x 1063.57 us = 51051.5 us (50473.1 GFLOPS/s)
MUL_MAT q4_0 m=12288 n=512 k=5120: 16 x 1148.63 us = 18378 us (56082.8 GFLOPS/s)
MUL_MAT q4_0 m=17408 n=512 k=5120: 128 x 1547.61 us = 198093 us (58968 GFLOPS/s)
MUL_MAT q4_0 m=5120 n=512 k=17408: 56 x 1761.07 us = 98619.8 us (51823.9 GFLOPS/s)
MUL_MAT q4_0 m=5120 n=512 k=6144: 16 x 657.467 us = 10519.5 us (48990.5 GFLOPS/s)
MUL_MAT q4_0 m=6144 n=512 k=5120: 48 x 559.885 us = 26874.5 us (57528 GFLOPS/s)
MUL_MAT q4_1 m=5120 n=512 k=17408: 8 x 1889.68 us = 15117.4 us (48296.8 GFLOPS/s)
MUL_MAT q5_K m=5120 n=512 k=6144: 48 x 726.53 us = 34873.5 us (44333.5 GFLOPS/s)
RMS_NORM(128,16,512,1): 96 x 28.79 us = 2763.88 us
RMS_NORM_MUL RMS_NORM(128,48,512,1): 48 x 97.664 us = 4687.88 us
RMS_NORM_MUL RMS_NORM(256,24,512,1): 16 x 55.865 us = 893.84 us
RMS_NORM_MUL RMS_NORM(256,4,512,1): 16 x 12.917 us = 206.68 us
RMS_NORM_MUL RMS_NORM(5120,512,1,1): 129 x 22.01 us = 2839.32 us
ROPE: 16 x 38.862 us = 621.8 us
ROPE_VIEW_SET_ROWS ROPE: 16 x 10.157 us = 162.52 us
SCALE: 96 x 11.075 us = 1063.24 us
SET_ROWS: 16 x 9.515 us = 152.24 us
SIGMOID: 48 x 4.247 us = 203.88 us
SIGMOID_MUL SIGMOID: 16 x 36.76 us = 588.16 us
SILU_MUL SILU: 48 x 35.661 us = 1711.76 us
SOFTPLUS_MUL SOFTPLUS: 48 x 4.485 us = 215.28 us
SSM_CONV_SILU SSM_CONV: 48 x 34.59 us = 1660.32 us
Total time: 679046 us.
----------------
Vulkan Timings:
ADD: 176 x 13.397 us = 2358.04 us
CONCAT: 48 x 132.154 us = 6343.4 us
CONT: 16 x 37.69 us = 603.04 us
CPY: 96 x 4.18 us = 401.32 us
FLASH_ATTN_EXT dst(256,24,512,1),  q(256,512,24,1),  k(256,24064,4,1),  v(256,24064,4,1),  m(24064,512,1,1): 16 x 10697.6 us = 171161 us (28305 GFLOPS/s)
GATED_DELTA_NET: 48 x 236.531 us = 11353.5 us
GET_ROWS: 96 x 7.206 us = 691.84 us
GLU: 64 x 93.926 us = 6011.28 us
MUL_MAT f32 m=48 n=512 k=5120: 96 x 35.701 us = 3427.36 us (7048.23 GFLOPS/s)
MUL_MAT q4_0 m=1024 n=512 k=5120: 32 x 66.681 us = 2133.8 us (80505.2 GFLOPS/s)
MUL_MAT q4_0 m=10240 n=512 k=5120: 48 x 1069.25 us = 51323.9 us (50205.3 GFLOPS/s)
MUL_MAT q4_0 m=12288 n=512 k=5120: 16 x 1145.58 us = 18329.2 us (56232.2 GFLOPS/s)
MUL_MAT q4_0 m=17408 n=512 k=5120: 128 x 1543.87 us = 197615 us (59110.7 GFLOPS/s)
MUL_MAT q4_0 m=5120 n=512 k=17408: 56 x 1751.31 us = 98073.5 us (52112.6 GFLOPS/s)
MUL_MAT q4_0 m=5120 n=512 k=6144: 16 x 650.702 us = 10411.2 us (49499.8 GFLOPS/s)
MUL_MAT q4_0 m=6144 n=512 k=5120: 48 x 553.31 us = 26558.9 us (58211.7 GFLOPS/s)
MUL_MAT q4_1 m=5120 n=512 k=17408: 8 x 1842.99 us = 14743.9 us (49520.3 GFLOPS/s)
MUL_MAT q5_K m=5120 n=512 k=6144: 48 x 726.226 us = 34858.9 us (44352 GFLOPS/s)
RMS_NORM(128,16,512,1): 96 x 27.426 us = 2632.96 us
RMS_NORM_MUL RMS_NORM(128,48,512,1): 48 x 95.713 us = 4594.24 us
RMS_NORM_MUL RMS_NORM(256,24,512,1): 16 x 53.022 us = 848.36 us
RMS_NORM_MUL RMS_NORM(256,4,512,1): 16 x 12.095 us = 193.52 us
RMS_NORM_MUL RMS_NORM(5120,512,1,1): 129 x 17.706 us = 2284.12 us
ROPE: 16 x 34.09 us = 545.44 us
ROPE_VIEW_SET_ROWS ROPE: 16 x 9.392 us = 150.28 us
SCALE: 96 x 9.64 us = 925.44 us
SET_ROWS: 16 x 9.24 us = 147.84 us
SIGMOID: 48 x 4.065 us = 195.12 us
SIGMOID_MUL SIGMOID: 16 x 34.275 us = 548.4 us
SILU_MUL SILU: 48 x 34.813 us = 1671.04 us
SOFTPLUS_MUL SOFTPLUS: 48 x 4.474 us = 214.76 us
SSM_CONV_SILU SSM_CONV: 48 x 29.714 us = 1426.28 us
Total time: 672777 us.
----------------
Vulkan Timings:
ADD: 176 x 19.03 us = 3349.4 us
CONCAT: 48 x 133.569 us = 6411.32 us
CONT: 16 x 50.965 us = 815.44 us
CPY: 96 x 4.393 us = 421.8 us
FLASH_ATTN_EXT dst(256,24,512,1),  q(256,512,24,1),  k(256,24576,4,1),  v(256,24576,4,1),  m(24576,512,1,1): 16 x 11106.7 us = 177707 us (27842.5 GFLOPS/s)
GATED_DELTA_NET: 48 x 237.301 us = 11390.5 us
GET_ROWS: 96 x 8.089 us = 776.56 us
GLU: 64 x 119.022 us = 7617.44 us
MUL_MAT f32 m=48 n=512 k=5120: 96 x 38.138 us = 3661.28 us (6597.92 GFLOPS/s)
MUL_MAT q4_0 m=1024 n=512 k=5120: 32 x 67.936 us = 2173.96 us (79018 GFLOPS/s)
MUL_MAT q4_0 m=10240 n=512 k=5120: 48 x 1051.37 us = 50465.7 us (51059 GFLOPS/s)
MUL_MAT q4_0 m=12288 n=512 k=5120: 16 x 1155.99 us = 18495.8 us (55725.6 GFLOPS/s)
MUL_MAT q4_0 m=17408 n=512 k=5120: 128 x 1532.86 us = 196206 us (59535.1 GFLOPS/s)
MUL_MAT q4_0 m=5120 n=512 k=17408: 56 x 1751.55 us = 98086.9 us (52105.5 GFLOPS/s)
MUL_MAT q4_0 m=5120 n=512 k=6144: 16 x 653.052 us = 10448.8 us (49321.7 GFLOPS/s)
MUL_MAT q4_0 m=6144 n=512 k=5120: 48 x 552.588 us = 26524.2 us (58287.7 GFLOPS/s)
MUL_MAT q4_1 m=5120 n=512 k=17408: 8 x 1799.04 us = 14392.3 us (50730.2 GFLOPS/s)
MUL_MAT q5_K m=5120 n=512 k=6144: 48 x 716.192 us = 34377.2 us (44973.4 GFLOPS/s)
RMS_NORM(128,16,512,1): 96 x 28.25 us = 2712 us
RMS_NORM_MUL RMS_NORM(128,48,512,1): 48 x 95.188 us = 4569.04 us
RMS_NORM_MUL RMS_NORM(256,24,512,1): 16 x 54.957 us = 879.32 us
RMS_NORM_MUL RMS_NORM(256,4,512,1): 16 x 12.765 us = 204.24 us
RMS_NORM_MUL RMS_NORM(5120,512,1,1): 129 x 21.486 us = 2771.76 us
ROPE: 16 x 38.742 us = 619.88 us
ROPE_VIEW_SET_ROWS ROPE: 16 x 10.017 us = 160.28 us
SCALE: 96 x 10.957 us = 1051.96 us
SET_ROWS: 16 x 9.417 us = 150.68 us
SIGMOID: 48 x 4.006 us = 192.32 us
SIGMOID_MUL SIGMOID: 16 x 36.492 us = 583.88 us
SILU_MUL SILU: 48 x 35.544 us = 1706.12 us
SOFTPLUS_MUL SOFTPLUS: 48 x 4.561 us = 218.96 us
SSM_CONV_SILU SSM_CONV: 48 x 34.516 us = 1656.8 us
Total time: 680799 us.
1.14.380.582 I slot print_timing: id  0 | task 0 | prompt processing, n_tokens =  24576, progress = 0.77, t =  28.76 s / 854.41 tokens per second
----------------
Vulkan Timings:
ADD: 176 x 13.525 us = 2380.4 us
CONCAT: 48 x 131.459 us = 6310.04 us
CONT: 16 x 37.102 us = 593.64 us
CPY: 96 x 3.876 us = 372.12 us
FLASH_ATTN_EXT dst(256,24,512,1),  q(256,512,24,1),  k(256,25088,4,1),  v(256,25088,4,1),  m(25088,512,1,1): 16 x 11210.8 us = 179372 us (28158.6 GFLOPS/s)
GATED_DELTA_NET: 48 x 236.669 us = 11360.1 us
GET_ROWS: 96 x 7.272 us = 698.16 us
GLU: 64 x 96.06 us = 6147.84 us
MUL_MAT f32 m=48 n=512 k=5120: 96 x 35.213 us = 3380.48 us (7145.98 GFLOPS/s)
MUL_MAT q4_0 m=1024 n=512 k=5120: 32 x 66.553 us = 2129.72 us (80659.4 GFLOPS/s)
MUL_MAT q4_0 m=10240 n=512 k=5120: 48 x 1066.12 us = 51173.6 us (50352.7 GFLOPS/s)
MUL_MAT q4_0 m=12288 n=512 k=5120: 16 x 1151.62 us = 18426 us (55936.9 GFLOPS/s)
MUL_MAT q4_0 m=17408 n=512 k=5120: 128 x 1548.25 us = 198176 us (58943.3 GFLOPS/s)
MUL_MAT q4_0 m=5120 n=512 k=17408: 56 x 1758.29 us = 98464 us (51905.9 GFLOPS/s)
MUL_MAT q4_0 m=5120 n=512 k=6144: 16 x 653.875 us = 10462 us (49259.6 GFLOPS/s)
MUL_MAT q4_0 m=6144 n=512 k=5120: 48 x 556.462 us = 26710.2 us (57881.9 GFLOPS/s)
MUL_MAT q4_1 m=5120 n=512 k=17408: 8 x 1849.02 us = 14792.2 us (49358.8 GFLOPS/s)
MUL_MAT q5_K m=5120 n=512 k=6144: 48 x 729.318 us = 35007.3 us (44164 GFLOPS/s)
RMS_NORM(128,16,512,1): 96 x 27.435 us = 2633.84 us
RMS_NORM_MUL RMS_NORM(128,48,512,1): 48 x 96.027 us = 4609.32 us
RMS_NORM_MUL RMS_NORM(256,24,512,1): 16 x 53.53 us = 856.48 us
RMS_NORM_MUL RMS_NORM(256,4,512,1): 16 x 12.527 us = 200.44 us
RMS_NORM_MUL RMS_NORM(5120,512,1,1): 129 x 17.552 us = 2264.24 us
ROPE: 16 x 35.062 us = 561 us
ROPE_VIEW_SET_ROWS ROPE: 16 x 9.765 us = 156.24 us
SCALE: 96 x 9.503 us = 912.32 us
SET_ROWS: 16 x 9.617 us = 153.88 us
SIGMOID: 48 x 4.2 us = 201.6 us
SIGMOID_MUL SIGMOID: 16 x 34.262 us = 548.2 us
SILU_MUL SILU: 48 x 35.06 us = 1682.92 us
SOFTPLUS_MUL SOFTPLUS: 48 x 4.438 us = 213.04 us
SSM_CONV_SILU SSM_CONV: 48 x 29.604 us = 1421 us
Total time: 682371 us.
----------------
Vulkan Timings:
ADD: 176 x 20.154 us = 3547.2 us
CONCAT: 48 x 133.451 us = 6405.68 us
CONT: 16 x 50.18 us = 802.88 us
CPY: 96 x 4.196 us = 402.84 us
FLASH_ATTN_EXT dst(256,24,512,1),  q(256,512,24,1),  k(256,25600,4,1),  v(256,25600,4,1),  m(25600,512,1,1): 16 x 11529.1 us = 184466 us (27940 GFLOPS/s)
GATED_DELTA_NET: 48 x 238.102 us = 11428.9 us
GET_ROWS: 96 x 8.052 us = 773.04 us
GLU: 64 x 116.861 us = 7479.12 us
MUL_MAT f32 m=48 n=512 k=5120: 96 x 38.042 us = 3652.04 us (6614.61 GFLOPS/s)
MUL_MAT q4_0 m=1024 n=512 k=5120: 32 x 72.057 us = 2305.84 us (74498.6 GFLOPS/s)
MUL_MAT q4_0 m=10240 n=512 k=5120: 48 x 1059.55 us = 50858.4 us (50664.7 GFLOPS/s)
MUL_MAT q4_0 m=12288 n=512 k=5120: 16 x 1145.64 us = 18330.2 us (56229.1 GFLOPS/s)
MUL_MAT q4_0 m=17408 n=512 k=5120: 128 x 1533.93 us = 196343 us (59493.6 GFLOPS/s)
MUL_MAT q4_0 m=5120 n=512 k=17408: 56 x 1753.64 us = 98203.6 us (52043.5 GFLOPS/s)
MUL_MAT q4_0 m=5120 n=512 k=6144: 16 x 654.197 us = 10467.2 us (49235.3 GFLOPS/s)
MUL_MAT q4_0 m=6144 n=512 k=5120: 48 x 554.321 us = 26607.4 us (58105.4 GFLOPS/s)
MUL_MAT q4_1 m=5120 n=512 k=17408: 8 x 1809.73 us = 14477.9 us (50430.3 GFLOPS/s)
MUL_MAT q5_K m=5120 n=512 k=6144: 48 x 720.87 us = 34601.8 us (44681.6 GFLOPS/s)
RMS_NORM(128,16,512,1): 96 x 28.322 us = 2718.92 us
RMS_NORM_MUL RMS_NORM(128,48,512,1): 48 x 95.271 us = 4573.04 us
RMS_NORM_MUL RMS_NORM(256,24,512,1): 16 x 56.025 us = 896.4 us
RMS_NORM_MUL RMS_NORM(256,4,512,1): 16 x 13.15 us = 210.4 us
RMS_NORM_MUL RMS_NORM(5120,512,1,1): 129 x 21.133 us = 2726.28 us
ROPE: 16 x 39.367 us = 629.88 us
ROPE_VIEW_SET_ROWS ROPE: 16 x 10.1 us = 161.6 us
SCALE: 96 x 10.79 us = 1035.84 us
SET_ROWS: 16 x 9.775 us = 156.4 us
SIGMOID: 48 x 4.005 us = 192.24 us
SIGMOID_MUL SIGMOID: 16 x 36.58 us = 585.28 us
SILU_MUL SILU: 48 x 35.455 us = 1701.88 us
SOFTPLUS_MUL SOFTPLUS: 48 x 4.6 us = 220.84 us
SSM_CONV_SILU SSM_CONV: 48 x 34.357 us = 1649.16 us
Total time: 688611 us.
----------------
Vulkan Timings:
ADD: 176 x 23.94 us = 4213.44 us
CONCAT: 48 x 138.664 us = 6655.88 us
CONT: 16 x 65.547 us = 1048.76 us
CPY: 96 x 4.968 us = 476.96 us
FLASH_ATTN_EXT dst(256,24,512,1),  q(256,512,24,1),  k(256,26112,4,1),  v(256,26112,4,1),  m(26112,512,1,1): 16 x 11885.1 us = 190161 us (27645.2 GFLOPS/s)
GATED_DELTA_NET: 48 x 243.028 us = 11665.4 us
GET_ROWS: 96 x 9.197 us = 882.96 us
GLU: 64 x 147.57 us = 9444.52 us
MUL_MAT f32 m=48 n=512 k=5120: 96 x 41.941 us = 4026.36 us (5999.67 GFLOPS/s)
MUL_MAT q4_0 m=1024 n=512 k=5120: 32 x 74.765 us = 2392.48 us (71800.8 GFLOPS/s)
MUL_MAT q4_0 m=10240 n=512 k=5120: 48 x 1065.62 us = 51149.7 us (50376.2 GFLOPS/s)
MUL_MAT q4_0 m=12288 n=512 k=5120: 16 x 1161.02 us = 18576.3 us (55484.2 GFLOPS/s)
MUL_MAT q4_0 m=17408 n=512 k=5120: 128 x 1548.43 us = 198200 us (58936.4 GFLOPS/s)
MUL_MAT q4_0 m=5120 n=512 k=17408: 56 x 1769.35 us = 99083.8 us (51581.2 GFLOPS/s)
MUL_MAT q4_0 m=5120 n=512 k=6144: 16 x 663.035 us = 10608.6 us (48579.1 GFLOPS/s)
MUL_MAT q4_0 m=6144 n=512 k=5120: 48 x 563.434 us = 27044.8 us (57165.7 GFLOPS/s)
MUL_MAT q4_1 m=5120 n=512 k=17408: 8 x 1882.57 us = 15060.6 us (48479.2 GFLOPS/s)
MUL_MAT q5_K m=5120 n=512 k=6144: 48 x 726.351 us = 34864.9 us (44344.4 GFLOPS/s)
RMS_NORM(128,16,512,1): 96 x 29.78 us = 2858.96 us
RMS_NORM_MUL RMS_NORM(128,48,512,1): 48 x 97.359 us = 4673.24 us
RMS_NORM_MUL RMS_NORM(256,24,512,1): 16 x 59.39 us = 950.24 us
RMS_NORM_MUL RMS_NORM(256,4,512,1): 16 x 14.125 us = 226 us
RMS_NORM_MUL RMS_NORM(5120,512,1,1): 129 x 25.871 us = 3337.44 us
ROPE: 16 x 45.32 us = 725.12 us
ROPE_VIEW_SET_ROWS ROPE: 16 x 11.017 us = 176.28 us
SCALE: 96 x 12.526 us = 1202.52 us
SET_ROWS: 16 x 10.052 us = 160.84 us
SIGMOID: 48 x 4.085 us = 196.12 us
SIGMOID_MUL SIGMOID: 16 x 39.625 us = 634 us
SILU_MUL SILU: 48 x 36.461 us = 1750.16 us
SOFTPLUS_MUL SOFTPLUS: 48 x 4.99 us = 239.52 us
SSM_CONV_SILU SSM_CONV: 48 x 39.655 us = 1903.48 us
Total time: 704590 us.
----------------
Vulkan Timings:
ADD: 176 x 24.592 us = 4328.32 us
CONCAT: 48 x 137.511 us = 6600.56 us
CONT: 16 x 67.16 us = 1074.56 us
CPY: 96 x 4.892 us = 469.68 us
FLASH_ATTN_EXT dst(256,24,512,1),  q(256,512,24,1),  k(256,26624,4,1),  v(256,26624,4,1),  m(26624,512,1,1): 16 x 12179.8 us = 194876 us (27505.3 GFLOPS/s)
GATED_DELTA_NET: 48 x 242.355 us = 11633.1 us
GET_ROWS: 96 x 9.294 us = 892.28 us
GLU: 64 x 146.851 us = 9398.48 us
MUL_MAT f32 m=48 n=512 k=5120: 96 x 41.242 us = 3959.32 us (6101.26 GFLOPS/s)
MUL_MAT q4_0 m=1024 n=512 k=5120: 32 x 74.927 us = 2397.68 us (71645.1 GFLOPS/s)
MUL_MAT q4_0 m=10240 n=512 k=5120: 48 x 1056.42 us = 50708.2 us (50814.9 GFLOPS/s)
MUL_MAT q4_0 m=12288 n=512 k=5120: 16 x 1160.97 us = 18575.5 us (55486.7 GFLOPS/s)
MUL_MAT q4_0 m=17408 n=512 k=5120: 128 x 1533.96 us = 196347 us (59492.6 GFLOPS/s)
MUL_MAT q4_0 m=5120 n=512 k=17408: 56 x 1756.79 us = 98380.2 us (51950.1 GFLOPS/s)
MUL_MAT q4_0 m=5120 n=512 k=6144: 16 x 659.84 us = 10557.4 us (48814.3 GFLOPS/s)
MUL_MAT q4_0 m=6144 n=512 k=5120: 48 x 556.8 us = 26726.4 us (57846.7 GFLOPS/s)
MUL_MAT q4_1 m=5120 n=512 k=17408: 8 x 1845.16 us = 14761.3 us (49462.1 GFLOPS/s)
MUL_MAT q5_K m=5120 n=512 k=6144: 48 x 721.402 us = 34627.3 us (44648.6 GFLOPS/s)
RMS_NORM(128,16,512,1): 96 x 29.59 us = 2840.68 us
RMS_NORM_MUL RMS_NORM(128,48,512,1): 48 x 97.855 us = 4697.04 us
RMS_NORM_MUL RMS_NORM(256,24,512,1): 16 x 59.56 us = 952.96 us
RMS_NORM_MUL RMS_NORM(256,4,512,1): 16 x 14.037 us = 224.6 us
RMS_NORM_MUL RMS_NORM(5120,512,1,1): 129 x 25.852 us = 3334.92 us
ROPE: 16 x 45.267 us = 724.28 us
ROPE_VIEW_SET_ROWS ROPE: 16 x 10.95 us = 175.2 us
SCALE: 96 x 12.477 us = 1197.88 us
SET_ROWS: 16 x 10.172 us = 162.76 us
SIGMOID: 48 x 4.317 us = 207.24 us
SIGMOID_MUL SIGMOID: 16 x 40.12 us = 641.92 us
SILU_MUL SILU: 48 x 36.056 us = 1730.72 us
SOFTPLUS_MUL SOFTPLUS: 48 x 4.755 us = 228.24 us
SSM_CONV_SILU SSM_CONV: 48 x 39.789 us = 1909.88 us
Total time: 705342 us.
1.17.250.775 I slot print_timing: id  0 | task 0 | prompt processing, n_tokens =  26624, progress = 0.83, t =  31.63 s / 841.63 tokens per second
----------------
Vulkan Timings:
ADD: 176 x 23.92 us = 4209.92 us
CONCAT: 48 x 138.835 us = 6664.12 us
CONT: 16 x 63.847 us = 1021.56 us
CPY: 96 x 4.797 us = 460.52 us
FLASH_ATTN_EXT dst(256,24,512,1),  q(256,512,24,1),  k(256,27136,4,1),  v(256,27136,4,1),  m(27136,512,1,1): 16 x 12434.9 us = 198958 us (27459 GFLOPS/s)
GATED_DELTA_NET: 48 x 244.265 us = 11724.8 us
GET_ROWS: 96 x 9.179 us = 881.24 us
GLU: 64 x 145.355 us = 9302.76 us
MUL_MAT f32 m=48 n=512 k=5120: 96 x 41.522 us = 3986.16 us (6060.18 GFLOPS/s)
MUL_MAT q4_0 m=1024 n=512 k=5120: 32 x 74.672 us = 2389.52 us (71889.7 GFLOPS/s)
MUL_MAT q4_0 m=10240 n=512 k=5120: 48 x 1066.34 us = 51184.4 us (50342.1 GFLOPS/s)
MUL_MAT q4_0 m=12288 n=512 k=5120: 16 x 1155.91 us = 18494.6 us (55729.3 GFLOPS/s)
MUL_MAT q4_0 m=17408 n=512 k=5120: 128 x 1549.15 us = 198292 us (58909.1 GFLOPS/s)
MUL_MAT q4_0 m=5120 n=512 k=17408: 56 x 1762.92 us = 98723.7 us (51769.4 GFLOPS/s)
MUL_MAT q4_0 m=5120 n=512 k=6144: 16 x 661.282 us = 10580.5 us (48707.8 GFLOPS/s)
MUL_MAT q4_0 m=6144 n=512 k=5120: 48 x 566.257 us = 27180.4 us (56880.7 GFLOPS/s)
MUL_MAT q4_1 m=5120 n=512 k=17408: 8 x 1890.47 us = 15123.8 us (48276.6 GFLOPS/s)
MUL_MAT q5_K m=5120 n=512 k=6144: 48 x 732.535 us = 35161.7 us (43970 GFLOPS/s)
RMS_NORM(128,16,512,1): 96 x 29.863 us = 2866.92 us
RMS_NORM_MUL RMS_NORM(128,48,512,1): 48 x 98.695 us = 4737.4 us
RMS_NORM_MUL RMS_NORM(256,24,512,1): 16 x 59.445 us = 951.12 us
RMS_NORM_MUL RMS_NORM(256,4,512,1): 16 x 14.102 us = 225.64 us
RMS_NORM_MUL RMS_NORM(5120,512,1,1): 129 x 25.656 us = 3309.64 us
ROPE: 16 x 45.34 us = 725.44 us
ROPE_VIEW_SET_ROWS ROPE: 16 x 11.365 us = 181.84 us
SCALE: 96 x 12.509 us = 1200.92 us
SET_ROWS: 16 x 10.23 us = 163.68 us
SIGMOID: 48 x 4.314 us = 207.08 us
SIGMOID_MUL SIGMOID: 16 x 39.645 us = 634.32 us
SILU_MUL SILU: 48 x 36.748 us = 1763.92 us
SOFTPLUS_MUL SOFTPLUS: 48 x 4.635 us = 222.52 us
SSM_CONV_SILU SSM_CONV: 48 x 39.962 us = 1918.2 us
Total time: 713448 us.
----------------
Vulkan Timings:
ADD: 176 x 24.256 us = 4269.12 us
CONCAT: 48 x 139.695 us = 6705.36 us
CONT: 16 x 67.02 us = 1072.32 us
CPY: 96 x 4.983 us = 478.44 us
FLASH_ATTN_EXT dst(256,24,512,1),  q(256,512,24,1),  k(256,27648,4,1),  v(256,27648,4,1),  m(27648,512,1,1): 16 x 12864.6 us = 205833 us (27042.6 GFLOPS/s)
GATED_DELTA_NET: 48 x 244.34 us = 11728.4 us
GET_ROWS: 96 x 9.13 us = 876.56 us
GLU: 64 x 146.138 us = 9352.88 us
MUL_MAT f32 m=48 n=512 k=5120: 96 x 41.67 us = 4000.4 us (6038.6 GFLOPS/s)
MUL_MAT q4_0 m=1024 n=512 k=5120: 32 x 71.231 us = 2279.4 us (75362.8 GFLOPS/s)
MUL_MAT q4_0 m=10240 n=512 k=5120: 48 x 1064.27 us = 51084.8 us (50440.3 GFLOPS/s)
MUL_MAT q4_0 m=12288 n=512 k=5120: 16 x 1165.67 us = 18650.7 us (55262.8 GFLOPS/s)
MUL_MAT q4_0 m=17408 n=512 k=5120: 128 x 1552.62 us = 198736 us (58777.4 GFLOPS/s)
MUL_MAT q4_0 m=5120 n=512 k=17408: 56 x 1766.5 us = 98924.2 us (51664.5 GFLOPS/s)
MUL_MAT q4_0 m=5120 n=512 k=6144: 16 x 661.65 us = 10586.4 us (48680.8 GFLOPS/s)
MUL_MAT q4_0 m=6144 n=512 k=5120: 48 x 564.515 us = 27096.8 us (57056.2 GFLOPS/s)
MUL_MAT q4_1 m=5120 n=512 k=17408: 8 x 1904.34 us = 15234.7 us (47925.1 GFLOPS/s)
MUL_MAT q5_K m=5120 n=512 k=6144: 48 x 732.149 us = 35143.2 us (43993.3 GFLOPS/s)
RMS_NORM(128,16,512,1): 96 x 29.911 us = 2871.52 us
RMS_NORM_MUL RMS_NORM(128,48,512,1): 48 x 97.915 us = 4699.92 us
RMS_NORM_MUL RMS_NORM(256,24,512,1): 16 x 59.41 us = 950.56 us
RMS_NORM_MUL RMS_NORM(256,4,512,1): 16 x 13.725 us = 219.6 us
RMS_NORM_MUL RMS_NORM(5120,512,1,1): 129 x 25.808 us = 3329.36 us
ROPE: 16 x 44.102 us = 705.64 us
ROPE_VIEW_SET_ROWS ROPE: 16 x 10.95 us = 175.2 us
SCALE: 96 x 12.555 us = 1205.36 us
SET_ROWS: 16 x 9.825 us = 157.2 us
SIGMOID: 48 x 4.297 us = 206.28 us
SIGMOID_MUL SIGMOID: 16 x 39.885 us = 638.16 us
SILU_MUL SILU: 48 x 36.603 us = 1756.96 us
SOFTPLUS_MUL SOFTPLUS: 48 x 4.649 us = 223.16 us
SSM_CONV_SILU SSM_CONV: 48 x 40.042 us = 1922.04 us
Total time: 721114 us.
----------------
Vulkan Timings:
ADD: 176 x 16.504 us = 2904.8 us
CONCAT: 48 x 133.11 us = 6389.28 us
CONT: 16 x 41.74 us = 667.84 us
CPY: 96 x 4.25 us = 408 us
FLASH_ATTN_EXT dst(256,24,512,1),  q(256,512,24,1),  k(256,28160,4,1),  v(256,28160,4,1),  m(28160,512,1,1): 16 x 12684.4 us = 202950 us (27934.7 GFLOPS/s)
GATED_DELTA_NET: 48 x 238.665 us = 11455.9 us
GET_ROWS: 96 x 7.584 us = 728.08 us
GLU: 64 x 104.164 us = 6666.52 us
MUL_MAT f32 m=48 n=512 k=5120: 96 x 36.696 us = 3522.88 us (6857.13 GFLOPS/s)
MUL_MAT q4_0 m=1024 n=512 k=5120: 32 x 70.918 us = 2269.4 us (75694.9 GFLOPS/s)
MUL_MAT q4_0 m=10240 n=512 k=5120: 48 x 1070.74 us = 51395.6 us (50135.2 GFLOPS/s)
MUL_MAT q4_0 m=12288 n=512 k=5120: 16 x 1149.12 us = 18386 us (56058.5 GFLOPS/s)
MUL_MAT q4_0 m=17408 n=512 k=5120: 128 x 1549.63 us = 198352 us (58891 GFLOPS/s)
MUL_MAT q4_0 m=5120 n=512 k=17408: 56 x 1761.07 us = 98620.1 us (51823.8 GFLOPS/s)
MUL_MAT q4_0 m=5120 n=512 k=6144: 16 x 655.227 us = 10483.6 us (49157.9 GFLOPS/s)
MUL_MAT q4_0 m=6144 n=512 k=5120: 48 x 560.915 us = 26923.9 us (57422.4 GFLOPS/s)
MUL_MAT q4_1 m=5120 n=512 k=17408: 8 x 1895.62 us = 15165 us (48145.3 GFLOPS/s)
MUL_MAT q5_K m=5120 n=512 k=6144: 48 x 731.325 us = 35103.6 us (44042.8 GFLOPS/s)
RMS_NORM(128,16,512,1): 96 x 28.042 us = 2692.04 us
RMS_NORM_MUL RMS_NORM(128,48,512,1): 48 x 97.005 us = 4656.28 us
RMS_NORM_MUL RMS_NORM(256,24,512,1): 16 x 54.732 us = 875.72 us
RMS_NORM_MUL RMS_NORM(256,4,512,1): 16 x 12.517 us = 200.28 us
RMS_NORM_MUL RMS_NORM(5120,512,1,1): 129 x 19.499 us = 2515.48 us
ROPE: 16 x 36.012 us = 576.2 us
ROPE_VIEW_SET_ROWS ROPE: 16 x 9.667 us = 154.68 us
SCALE: 96 x 10.068 us = 966.56 us
SET_ROWS: 16 x 9.375 us = 150 us
SIGMOID: 48 x 4.135 us = 198.48 us
SIGMOID_MUL SIGMOID: 16 x 35.355 us = 565.68 us
SILU_MUL SILU: 48 x 35.269 us = 1692.92 us
SOFTPLUS_MUL SOFTPLUS: 48 x 4.6 us = 220.84 us
SSM_CONV_SILU SSM_CONV: 48 x 31.218 us = 1498.48 us
Total time: 709357 us.
----------------
Vulkan Timings:
ADD: 176 x 14.369 us = 2528.96 us
CONCAT: 48 x 132.048 us = 6338.32 us
CONT: 16 x 39.155 us = 626.48 us
CPY: 96 x 3.924 us = 376.76 us
FLASH_ATTN_EXT dst(256,24,512,1),  q(256,512,24,1),  k(256,28672,4,1),  v(256,28672,4,1),  m(28672,512,1,1): 16 x 12966.1 us = 207457 us (27824.7 GFLOPS/s)
GATED_DELTA_NET: 48 x 244.115 us = 11717.6 us
GET_ROWS: 96 x 7.285 us = 699.36 us
GLU: 64 x 97.075 us = 6212.8 us
MUL_MAT f32 m=48 n=512 k=5120: 96 x 35.408 us = 3399.2 us (7106.62 GFLOPS/s)
MUL_MAT q4_0 m=1024 n=512 k=5120: 32 x 66.968 us = 2143 us (80159.5 GFLOPS/s)
MUL_MAT q4_0 m=10240 n=512 k=5120: 48 x 1060.39 us = 50898.9 us (50624.4 GFLOPS/s)
MUL_MAT q4_0 m=12288 n=512 k=5120: 16 x 1158.78 us = 18540.4 us (55591.5 GFLOPS/s)
MUL_MAT q4_0 m=17408 n=512 k=5120: 128 x 1546.14 us = 197906 us (59023.7 GFLOPS/s)
MUL_MAT q4_0 m=5120 n=512 k=17408: 56 x 1754.52 us = 98252.9 us (52017.4 GFLOPS/s)
MUL_MAT q4_0 m=5120 n=512 k=6144: 16 x 651.92 us = 10430.7 us (49407.3 GFLOPS/s)
MUL_MAT q4_0 m=6144 n=512 k=5120: 48 x 556.585 us = 26716.1 us (57869.2 GFLOPS/s)
MUL_MAT q4_1 m=5120 n=512 k=17408: 8 x 1853.31 us = 14826.5 us (49244.6 GFLOPS/s)
MUL_MAT q5_K m=5120 n=512 k=6144: 48 x 727.395 us = 34915 us (44280.8 GFLOPS/s)
RMS_NORM(128,16,512,1): 96 x 27.567 us = 2646.44 us
RMS_NORM_MUL RMS_NORM(128,48,512,1): 48 x 96.485 us = 4631.32 us
RMS_NORM_MUL RMS_NORM(256,24,512,1): 16 x 54.105 us = 865.68 us
RMS_NORM_MUL RMS_NORM(256,4,512,1): 16 x 12.337 us = 197.4 us
RMS_NORM_MUL RMS_NORM(5120,512,1,1): 129 x 17.997 us = 2321.68 us
ROPE: 16 x 34.54 us = 552.64 us
ROPE_VIEW_SET_ROWS ROPE: 16 x 9.522 us = 152.36 us
SCALE: 96 x 9.62 us = 923.56 us
SET_ROWS: 16 x 9.297 us = 148.76 us
SIGMOID: 48 x 4.02 us = 192.96 us
SIGMOID_MUL SIGMOID: 16 x 34.755 us = 556.08 us
SILU_MUL SILU: 48 x 35.31 us = 1694.88 us
SOFTPLUS_MUL SOFTPLUS: 48 x 4.51 us = 216.48 us
SSM_CONV_SILU SSM_CONV: 48 x 29.827 us = 1431.72 us
Total time: 710518 us.
1.20.199.526 I slot print_timing: id  0 | task 0 | prompt processing, n_tokens =  28672, progress = 0.90, t =  34.58 s / 829.09 tokens per second
----------------
Vulkan Timings:
ADD: 176 x 16.722 us = 2943.16 us
CONCAT: 48 x 134.568 us = 6459.28 us
CONT: 16 x 45.427 us = 726.84 us
CPY: 96 x 4.27 us = 410 us
FLASH_ATTN_EXT dst(256,24,512,1),  q(256,512,24,1),  k(256,29184,4,1),  v(256,29184,4,1),  m(29184,512,1,1): 16 x 13204 us = 211264 us (27811.2 GFLOPS/s)
GATED_DELTA_NET: 48 x 240.557 us = 11546.8 us
GET_ROWS: 96 x 7.939 us = 762.16 us
GLU: 64 x 112.968 us = 7230 us
MUL_MAT f32 m=48 n=512 k=5120: 96 x 37.894 us = 3637.84 us (6640.43 GFLOPS/s)
MUL_MAT q4_0 m=1024 n=512 k=5120: 32 x 67.822 us = 2170.32 us (79150.5 GFLOPS/s)
MUL_MAT q4_0 m=10240 n=512 k=5120: 48 x 1067.14 us = 51222.9 us (50304.2 GFLOPS/s)
MUL_MAT q4_0 m=12288 n=512 k=5120: 16 x 1173.1 us = 18769.6 us (54912.9 GFLOPS/s)
MUL_MAT q4_0 m=17408 n=512 k=5120: 128 x 1561.02 us = 199811 us (58461.1 GFLOPS/s)
MUL_MAT q4_0 m=5120 n=512 k=17408: 56 x 1759.57 us = 98535.9 us (51868.1 GFLOPS/s)
MUL_MAT q4_0 m=5120 n=512 k=6144: 16 x 657.917 us = 10526.7 us (48956.9 GFLOPS/s)
MUL_MAT q4_0 m=6144 n=512 k=5120: 48 x 562.317 us = 26991.2 us (57279.2 GFLOPS/s)
MUL_MAT q4_1 m=5120 n=512 k=17408: 8 x 1922.2 us = 15377.6 us (47479.7 GFLOPS/s)
MUL_MAT q5_K m=5120 n=512 k=6144: 48 x 735.56 us = 35306.9 us (43789.2 GFLOPS/s)
RMS_NORM(128,16,512,1): 96 x 28.441 us = 2730.4 us
RMS_NORM_MUL RMS_NORM(128,48,512,1): 48 x 98.875 us = 4746 us
RMS_NORM_MUL RMS_NORM(256,24,512,1): 16 x 55.69 us = 891.04 us
RMS_NORM_MUL RMS_NORM(256,4,512,1): 16 x 12.652 us = 202.44 us
RMS_NORM_MUL RMS_NORM(5120,512,1,1): 129 x 20.479 us = 2641.84 us
ROPE: 16 x 37.127 us = 594.04 us
ROPE_VIEW_SET_ROWS ROPE: 16 x 9.857 us = 157.72 us
SCALE: 96 x 10.639 us = 1021.4 us
SET_ROWS: 16 x 9.46 us = 151.36 us
SIGMOID: 48 x 4.153 us = 199.36 us
SIGMOID_MUL SIGMOID: 16 x 36.107 us = 577.72 us
SILU_MUL SILU: 48 x 35.951 us = 1725.68 us
SOFTPLUS_MUL SOFTPLUS: 48 x 4.577 us = 219.72 us
SSM_CONV_SILU SSM_CONV: 48 x 33.008 us = 1584.4 us
Total time: 721135 us.
----------------
Vulkan Timings:
ADD: 176 x 13.596 us = 2393 us
CONCAT: 48 x 131.342 us = 6304.44 us
CONT: 16 x 36.805 us = 588.88 us
CPY: 96 x 3.9 us = 374.4 us
FLASH_ATTN_EXT dst(256,24,512,1),  q(256,512,24,1),  k(256,29696,4,1),  v(256,29696,4,1),  m(29696,512,1,1): 16 x 13355.7 us = 213691 us (27977.8 GFLOPS/s)
GATED_DELTA_NET: 48 x 236.145 us = 11335 us
GET_ROWS: 96 x 7.188 us = 690.08 us
GLU: 64 x 93.876 us = 6008.08 us
MUL_MAT f32 m=48 n=512 k=5120: 96 x 35.322 us = 3390.96 us (7123.89 GFLOPS/s)
MUL_MAT q4_0 m=1024 n=512 k=5120: 32 x 66.462 us = 2126.8 us (80770.1 GFLOPS/s)
MUL_MAT q4_0 m=10240 n=512 k=5120: 48 x 1062.7 us = 51009.7 us (50514.5 GFLOPS/s)
MUL_MAT q4_0 m=12288 n=512 k=5120: 16 x 1147.6 us = 18361.6 us (56132.9 GFLOPS/s)
MUL_MAT q4_0 m=17408 n=512 k=5120: 128 x 1543.97 us = 197629 us (59106.6 GFLOPS/s)
MUL_MAT q4_0 m=5120 n=512 k=17408: 56 x 1754.24 us = 98237.6 us (52025.6 GFLOPS/s)
MUL_MAT q4_0 m=5120 n=512 k=6144: 16 x 653.232 us = 10451.7 us (49308.1 GFLOPS/s)
MUL_MAT q4_0 m=6144 n=512 k=5120: 48 x 554.925 us = 26636.4 us (58042.2 GFLOPS/s)
MUL_MAT q4_1 m=5120 n=512 k=17408: 8 x 1845.13 us = 14761 us (49462.9 GFLOPS/s)
MUL_MAT q5_K m=5120 n=512 k=6144: 48 x 726.429 us = 34868.6 us (44339.7 GFLOPS/s)
RMS_NORM(128,16,512,1): 96 x 27.439 us = 2634.2 us
RMS_NORM_MUL RMS_NORM(128,48,512,1): 48 x 95.48 us = 4583.04 us
RMS_NORM_MUL RMS_NORM(256,24,512,1): 16 x 52.9 us = 846.4 us
RMS_NORM_MUL RMS_NORM(256,4,512,1): 16 x 12.137 us = 194.2 us
RMS_NORM_MUL RMS_NORM(5120,512,1,1): 129 x 17.7 us = 2283.36 us
ROPE: 16 x 33.905 us = 542.48 us
ROPE_VIEW_SET_ROWS ROPE: 16 x 9.377 us = 150.04 us
SCALE: 96 x 9.538 us = 915.68 us
SET_ROWS: 16 x 9.182 us = 146.92 us
SIGMOID: 48 x 4.194 us = 201.32 us
SIGMOID_MUL SIGMOID: 16 x 34.372 us = 549.96 us
SILU_MUL SILU: 48 x 34.904 us = 1675.4 us
SOFTPLUS_MUL SOFTPLUS: 48 x 4.438 us = 213.04 us
SSM_CONV_SILU SSM_CONV: 48 x 29.449 us = 1413.56 us
Total time: 715208 us.
----------------
Vulkan Timings:
ADD: 176 x 23.381 us = 4115.08 us
CONCAT: 48 x 137.471 us = 6598.64 us
CONT: 16 x 64.587 us = 1033.4 us
CPY: 96 x 4.649 us = 446.32 us
FLASH_ATTN_EXT dst(256,24,512,1),  q(256,512,24,1),  k(256,30208,4,1),  v(256,30208,4,1),  m(30208,512,1,1): 16 x 13886.4 us = 222182 us (27372.5 GFLOPS/s)
GATED_DELTA_NET: 48 x 243.686 us = 11697 us
GET_ROWS: 96 x 8.976 us = 861.72 us
GLU: 64 x 143.268 us = 9169.16 us
MUL_MAT f32 m=48 n=512 k=5120: 96 x 41.319 us = 3966.64 us (6090 GFLOPS/s)
MUL_MAT q4_0 m=1024 n=512 k=5120: 32 x 73.85 us = 2363.2 us (72690.4 GFLOPS/s)
MUL_MAT q4_0 m=10240 n=512 k=5120: 48 x 1065.74 us = 51155.4 us (50370.6 GFLOPS/s)
MUL_MAT q4_0 m=12288 n=512 k=5120: 16 x 1146.58 us = 18345.2 us (56183 GFLOPS/s)
MUL_MAT q4_0 m=17408 n=512 k=5120: 128 x 1547.96 us = 198139 us (58954.3 GFLOPS/s)
MUL_MAT q4_0 m=5120 n=512 k=17408: 56 x 1758.19 us = 98458.8 us (51908.7 GFLOPS/s)
MUL_MAT q4_0 m=5120 n=512 k=6144: 16 x 657.66 us = 10522.6 us (48976.1 GFLOPS/s)
MUL_MAT q4_0 m=6144 n=512 k=5120: 48 x 565.203 us = 27129.8 us (56986.8 GFLOPS/s)
MUL_MAT q4_1 m=5120 n=512 k=17408: 8 x 1884.17 us = 15073.4 us (48437.9 GFLOPS/s)
MUL_MAT q5_K m=5120 n=512 k=6144: 48 x 732.398 us = 35155.1 us (43978.3 GFLOPS/s)
RMS_NORM(128,16,512,1): 96 x 29.703 us = 2851.52 us
RMS_NORM_MUL RMS_NORM(128,48,512,1): 48 x 98.02 us = 4704.96 us
RMS_NORM_MUL RMS_NORM(256,24,512,1): 16 x 58.357 us = 933.72 us
RMS_NORM_MUL RMS_NORM(256,4,512,1): 16 x 13.527 us = 216.44 us
RMS_NORM_MUL RMS_NORM(5120,512,1,1): 129 x 25.312 us = 3265.28 us
ROPE: 16 x 43.307 us = 692.92 us
ROPE_VIEW_SET_ROWS ROPE: 16 x 10.777 us = 172.44 us
SCALE: 96 x 12.358 us = 1186.4 us
SET_ROWS: 16 x 9.72 us = 155.52 us
SIGMOID: 48 x 4.568 us = 219.28 us
SIGMOID_MUL SIGMOID: 16 x 39.772 us = 636.36 us
SILU_MUL SILU: 48 x 36.429 us = 1748.6 us
SOFTPLUS_MUL SOFTPLUS: 48 x 4.478 us = 214.96 us
SSM_CONV_SILU SSM_CONV: 48 x 39.727 us = 1906.92 us
Total time: 735318 us.
----------------
Vulkan Timings:
ADD: 176 x 23.66 us = 4164.2 us
CONCAT: 48 x 138.426 us = 6644.48 us
CONT: 16 x 65.167 us = 1042.68 us
CPY: 96 x 4.802 us = 461 us
FLASH_ATTN_EXT dst(256,24,512,1),  q(256,512,24,1),  k(256,30720,4,1),  v(256,30720,4,1),  m(30720,512,1,1): 16 x 14292.3 us = 228677 us (27045.8 GFLOPS/s)
GATED_DELTA_NET: 48 x 244.577 us = 11739.7 us
GET_ROWS: 96 x 9.069 us = 870.64 us
GLU: 64 x 145.717 us = 9325.92 us
MUL_MAT f32 m=48 n=512 k=5120: 96 x 41.85 us = 4017.68 us (6012.63 GFLOPS/s)
MUL_MAT q4_0 m=1024 n=512 k=5120: 32 x 75.46 us = 2414.72 us (71139.5 GFLOPS/s)
MUL_MAT q4_0 m=10240 n=512 k=5120: 48 x 1066.51 us = 51192.4 us (50334.2 GFLOPS/s)
MUL_MAT q4_0 m=12288 n=512 k=5120: 16 x 1159.43 us = 18550.9 us (55560.1 GFLOPS/s)
MUL_MAT q4_0 m=17408 n=512 k=5120: 128 x 1543.91 us = 197620 us (59109.1 GFLOPS/s)
MUL_MAT q4_0 m=5120 n=512 k=17408: 56 x 1765.47 us = 98866.6 us (51694.5 GFLOPS/s)
MUL_MAT q4_0 m=5120 n=512 k=6144: 16 x 658.46 us = 10535.4 us (48916.6 GFLOPS/s)
MUL_MAT q4_0 m=6144 n=512 k=5120: 48 x 566.937 us = 27213 us (56812.5 GFLOPS/s)
MUL_MAT q4_1 m=5120 n=512 k=17408: 8 x 1891.19 us = 15129.6 us (48258.1 GFLOPS/s)
MUL_MAT q5_K m=5120 n=512 k=6144: 48 x 729.488 us = 35015.4 us (44153.7 GFLOPS/s)
RMS_NORM(128,16,512,1): 96 x 29.839 us = 2864.56 us
RMS_NORM_MUL RMS_NORM(128,48,512,1): 48 x 98.214 us = 4714.28 us
RMS_NORM_MUL RMS_NORM(256,24,512,1): 16 x 59.387 us = 950.2 us
RMS_NORM_MUL RMS_NORM(256,4,512,1): 16 x 13.745 us = 219.92 us
RMS_NORM_MUL RMS_NORM(5120,512,1,1): 129 x 25.718 us = 3317.72 us
ROPE: 16 x 43.897 us = 702.36 us
ROPE_VIEW_SET_ROWS ROPE: 16 x 10.987 us = 175.8 us
SCALE: 96 x 12.526 us = 1202.52 us
SET_ROWS: 16 x 9.86 us = 157.76 us
SIGMOID: 48 x 4.371 us = 209.84 us
SIGMOID_MUL SIGMOID: 16 x 39.765 us = 636.24 us
SILU_MUL SILU: 48 x 36.609 us = 1757.24 us
SOFTPLUS_MUL SOFTPLUS: 48 x 4.676 us = 224.48 us
SSM_CONV_SILU SSM_CONV: 48 x 39.935 us = 1916.88 us
Total time: 742532 us.
1.23.209.850 I slot print_timing: id  0 | task 0 | prompt processing, n_tokens =  30720, progress = 0.96, t =  37.59 s / 817.18 tokens per second
----------------
Vulkan Timings:
ADD: 176 x 18.412 us = 3240.68 us
CONCAT: 48 x 135.074 us = 6483.56 us
CONT: 16 x 51.307 us = 820.92 us
CPY: 96 x 4.433 us = 425.64 us
FLASH_ATTN_EXT dst(256,24,512,1),  q(256,512,24,1),  k(256,31232,4,1),  v(256,31232,4,1),  m(31232,512,1,1): 16 x 14186 us = 226975 us (27702.7 GFLOPS/s)
GATED_DELTA_NET: 48 x 240.08 us = 11523.8 us
GET_ROWS: 96 x 8.165 us = 783.88 us
GLU: 64 x 119.755 us = 7664.36 us
MUL_MAT f32 m=48 n=512 k=5120: 96 x 38.561 us = 3701.92 us (6525.49 GFLOPS/s)
MUL_MAT q4_0 m=1024 n=512 k=5120: 32 x 72.165 us = 2309.28 us (74387.7 GFLOPS/s)
MUL_MAT q4_0 m=10240 n=512 k=5120: 48 x 1066.92 us = 51212.2 us (50314.8 GFLOPS/s)
MUL_MAT q4_0 m=12288 n=512 k=5120: 16 x 1150.82 us = 18413 us (55976.2 GFLOPS/s)
MUL_MAT q4_0 m=17408 n=512 k=5120: 128 x 1548.58 us = 198218 us (58930.9 GFLOPS/s)
MUL_MAT q4_0 m=5120 n=512 k=17408: 56 x 1757.18 us = 98402.4 us (51938.4 GFLOPS/s)
MUL_MAT q4_0 m=5120 n=512 k=6144: 16 x 656.435 us = 10503 us (49067.5 GFLOPS/s)
MUL_MAT q4_0 m=6144 n=512 k=5120: 48 x 560.29 us = 26893.9 us (57486.5 GFLOPS/s)
MUL_MAT q4_1 m=5120 n=512 k=17408: 8 x 1888.31 us = 15106.5 us (48331.8 GFLOPS/s)
MUL_MAT q5_K m=5120 n=512 k=6144: 48 x 730.279 us = 35053.4 us (44105.9 GFLOPS/s)
RMS_NORM(128,16,512,1): 96 x 28.62 us = 2747.52 us
RMS_NORM_MUL RMS_NORM(128,48,512,1): 48 x 98.505 us = 4728.24 us
RMS_NORM_MUL RMS_NORM(256,24,512,1): 16 x 57.185 us = 914.96 us
RMS_NORM_MUL RMS_NORM(256,4,512,1): 16 x 12.91 us = 206.56 us
RMS_NORM_MUL RMS_NORM(5120,512,1,1): 129 x 21.542 us = 2779 us
ROPE: 16 x 38.845 us = 621.52 us
ROPE_VIEW_SET_ROWS ROPE: 16 x 10.522 us = 168.36 us
SCALE: 96 x 10.976 us = 1053.76 us
SET_ROWS: 16 x 9.515 us = 152.24 us
SIGMOID: 48 x 4.26 us = 204.52 us
SIGMOID_MUL SIGMOID: 16 x 36.875 us = 590 us
SILU_MUL SILU: 48 x 35.645 us = 1710.96 us
SOFTPLUS_MUL SOFTPLUS: 48 x 4.497 us = 215.88 us
SSM_CONV_SILU SSM_CONV: 48 x 34.409 us = 1651.64 us
Total time: 735477 us.
----------------
Vulkan Timings:
ADD: 176 x 4.682 us = 824.08 us
CONCAT: 48 x 40.815 us = 1959.16 us
CONT: 16 x 16.352 us = 261.64 us
CPY: 96 x 3.888 us = 373.28 us
FLASH_ATTN_EXT dst(256,24,286,1),  q(256,286,24,1),  k(256,31744,4,1),  v(256,31744,4,1),  m(31744,286,1,1): 16 x 8540 us = 136640 us (26126.5 GFLOPS/s)
GATED_DELTA_NET: 48 x 128.621 us = 6173.84 us
GET_ROWS: 96 x 6.908 us = 663.2 us
GLU: 64 x 45.115 us = 2887.4 us
MUL_MAT f32 m=48 n=286 k=5120: 96 x 28.021 us = 2690.08 us (5016.15 GFLOPS/s)
MUL_MAT q4_0 m=1024 n=286 k=5120: 32 x 50.621 us = 1619.88 us (59236.7 GFLOPS/s)
MUL_MAT q4_0 m=10240 n=286 k=5120: 48 x 771.95 us = 37053.6 us (38844.9 GFLOPS/s)
MUL_MAT q4_0 m=12288 n=286 k=5120: 16 x 839.145 us = 13426.3 us (42881.3 GFLOPS/s)
MUL_MAT q4_0 m=17408 n=286 k=5120: 128 x 1237.52 us = 158402 us (41192.8 GFLOPS/s)
MUL_MAT q4_0 m=5120 n=286 k=17408: 56 x 1668.96 us = 93461.6 us (30546.2 GFLOPS/s)
MUL_MAT q4_0 m=5120 n=286 k=6144: 16 x 631.292 us = 10100.7 us (28500.4 GFLOPS/s)
MUL_MAT q4_0 m=6144 n=286 k=5120: 48 x 504.439 us = 24213.1 us (35667 GFLOPS/s)
MUL_MAT q4_1 m=5120 n=286 k=17408: 8 x 1665.9 us = 13327.2 us (30602.2 GFLOPS/s)
MUL_MAT q5_K m=5120 n=286 k=6144: 48 x 676.527 us = 32473.3 us (26594.8 GFLOPS/s)
RMS_NORM(128,16,286,1): 96 x 16.715 us = 1604.72 us
RMS_NORM_MUL RMS_NORM(128,48,286,1): 48 x 51.913 us = 2491.84 us
RMS_NORM_MUL RMS_NORM(256,24,286,1): 16 x 33.1 us = 529.6 us
RMS_NORM_MUL RMS_NORM(256,4,286,1): 16 x 8.052 us = 128.84 us
RMS_NORM_MUL RMS_NORM(5120,286,1,1): 129 x 10.548 us = 1360.72 us
ROPE: 16 x 18.935 us = 302.96 us
ROPE_VIEW_SET_ROWS ROPE: 16 x 7.342 us = 117.48 us
SCALE: 96 x 5.418 us = 520.2 us
SET_ROWS: 16 x 7.587 us = 121.4 us
SIGMOID: 48 x 4.009 us = 192.44 us
SIGMOID_MUL SIGMOID: 16 x 21.055 us = 336.88 us
SILU_MUL SILU: 48 x 20.407 us = 979.56 us
SOFTPLUS_MUL SOFTPLUS: 48 x 4.484 us = 215.24 us
SSM_CONV_SILU SSM_CONV: 48 x 18.113 us = 869.44 us
Total time: 546322 us.
1.24.532.327 I slot print_timing: id  0 | task 0 | prompt processing, n_tokens =  31518, progress = 0.98, t =  38.92 s / 809.91 tokens per second
----------------
Vulkan Timings:
ADD: 176 x 18.21 us = 3205.12 us
CONCAT: 48 x 138.877 us = 6666.12 us
CONT: 16 x 47.62 us = 761.92 us
CPY: 96 x 4.309 us = 413.68 us
FLASH_ATTN_EXT dst(256,24,512,1),  q(256,512,24,1),  k(256,32256,4,1),  v(256,32256,4,1),  m(32256,512,1,1): 16 x 14969.4 us = 239511 us (27113.6 GFLOPS/s)
GATED_DELTA_NET: 48 x 247.305 us = 11870.6 us
GET_ROWS: 96 x 8.157 us = 783.12 us
GLU: 64 x 118.23 us = 7566.76 us
MUL_MAT f32 m=48 n=512 k=5120: 96 x 38.305 us = 3677.28 us (6569.21 GFLOPS/s)
MUL_MAT q4_0 m=1024 n=512 k=5120: 32 x 70.531 us = 2257 us (76110.7 GFLOPS/s)
MUL_MAT q4_0 m=10240 n=512 k=5120: 48 x 1108.49 us = 53207.4 us (48428 GFLOPS/s)
MUL_MAT q4_0 m=12288 n=512 k=5120: 16 x 1203.02 us = 19248.4 us (53547 GFLOPS/s)
MUL_MAT q4_0 m=17408 n=512 k=5120: 128 x 1608.98 us = 205950 us (56718.4 GFLOPS/s)
MUL_MAT q4_0 m=5120 n=512 k=17408: 56 x 1806.1 us = 101141 us (50531.9 GFLOPS/s)
MUL_MAT q4_0 m=5120 n=512 k=6144: 16 x 678.207 us = 10851.3 us (47492.3 GFLOPS/s)
MUL_MAT q4_0 m=6144 n=512 k=5120: 48 x 580.555 us = 27866.7 us (55479.8 GFLOPS/s)
MUL_MAT q4_1 m=5120 n=512 k=17408: 8 x 2073.1 us = 16584.8 us (44023.7 GFLOPS/s)
MUL_MAT q5_K m=5120 n=512 k=6144: 48 x 758.535 us = 36409.7 us (42462.9 GFLOPS/s)
RMS_NORM(128,16,512,1): 96 x 29.231 us = 2806.24 us
RMS_NORM_MUL RMS_NORM(128,48,512,1): 48 x 100.27 us = 4812.96 us
RMS_NORM_MUL RMS_NORM(256,24,512,1): 16 x 57.49 us = 919.84 us
RMS_NORM_MUL RMS_NORM(256,4,512,1): 16 x 13.49 us = 215.84 us
RMS_NORM_MUL RMS_NORM(5120,512,1,1): 129 x 20.877 us = 2693.2 us
ROPE: 16 x 39.877 us = 638.04 us
ROPE_VIEW_SET_ROWS ROPE: 16 x 10.305 us = 164.88 us
SCALE: 96 x 10.875 us = 1044 us
SET_ROWS: 16 x 10.1 us = 161.6 us
SIGMOID: 48 x 4.49 us = 215.52 us
SIGMOID_MUL SIGMOID: 16 x 37.245 us = 595.92 us
SILU_MUL SILU: 48 x 36.762 us = 1764.6 us
SOFTPLUS_MUL SOFTPLUS: 48 x 4.541 us = 218 us
SSM_CONV_SILU SSM_CONV: 48 x 34.324 us = 1647.56 us
Total time: 765870 us.
1.25.384.921 I slot print_timing: id  0 | task 0 | prompt processing, n_tokens =  32030, progress = 1.00, t =  39.77 s / 805.42 tokens per second
----------------
Vulkan Timings:
ADD: 176 x 2.902 us = 510.8 us
CONCAT: 48 x 2.515 us = 120.72 us
CONT: 16 x 6.145 us = 98.32 us
CPY: 96 x 7.231 us = 694.2 us
FLASH_ATTN_EXT dst(256,24,4,1),  q(256,4,24,1),  k(256,32256,4,1),  v(256,32256,4,1),  m(32256,4,1,1): 16 x 559.672 us = 8954.76 us (5665.62 GFLOPS/s)
GATED_DELTA_NET: 48 x 9.58 us = 459.84 us
GET_ROWS: 97 x 8.87 us = 860.4 us
GLU: 64 x 2.599 us = 166.36 us
MUL_MAT_VEC f32 m=48 n=4 k=5120: 96 x 12.329 us = 1183.6 us (159.45 GFLOPS/s)
MUL_MAT_VEC q4_0 m=1024 n=4 k=5120: 32 x 11.522 us = 368.72 us (3639.74 GFLOPS/s)
MUL_MAT_VEC q4_0 m=10240 n=4 k=5120: 48 x 79.105 us = 3797.08 us (5301.62 GFLOPS/s)
MUL_MAT_VEC q4_0 m=12288 n=4 k=5120: 16 x 88.547 us = 1416.76 us (5683.59 GFLOPS/s)
MUL_MAT_VEC q4_0 m=17408 n=4 k=5120: 128 x 122.982 us = 15741.8 us (5797.25 GFLOPS/s)
MUL_MAT_VEC q4_0 m=5120 n=4 k=17408: 56 x 122.559 us = 6863.32 us (5817.68 GFLOPS/s)
MUL_MAT_VEC q4_0 m=5120 n=4 k=6144: 16 x 53.342 us = 853.48 us (4717.4 GFLOPS/s)
MUL_MAT_VEC q4_0 m=6144 n=4 k=5120: 48 x 45.32 us = 2175.36 us (5552.38 GFLOPS/s)
MUL_MAT_VEC q4_1 m=5120 n=4 k=17408: 8 x 173.595 us = 1388.76 us (4107.33 GFLOPS/s)
MUL_MAT_VEC q5_K m=5120 n=4 k=6144: 48 x 45.855 us = 2201.04 us (5487.68 GFLOPS/s)
MUL_MAT_VEC q6_K m=248320 n=1 k=5120: 1 x 1188.76 us = 1188.76 us (2138.82 GFLOPS/s)
RMS_NORM(128,16,4,1): 96 x 4.385 us = 420.96 us
RMS_NORM_MUL RMS_NORM(128,48,4,1): 48 x 7.672 us = 368.28 us
RMS_NORM_MUL RMS_NORM(256,24,4,1): 16 x 3.697 us = 59.16 us
RMS_NORM_MUL RMS_NORM(256,4,4,1): 16 x 7.205 us = 115.28 us
RMS_NORM_MUL RMS_NORM(5120,4,1,1): 129 x 12.698 us = 1638.08 us
ROPE: 16 x 6.02 us = 96.32 us
ROPE_VIEW_SET_ROWS ROPE: 16 x 6.952 us = 111.24 us
SCALE: 96 x 4.434 us = 425.68 us
SET_ROWS: 16 x 6.21 us = 99.36 us
SIGMOID: 48 x 6.21 us = 298.12 us
SIGMOID_MUL SIGMOID: 16 x 6.272 us = 100.36 us
SILU_MUL SILU: 48 x 5.733 us = 275.2 us
SOFTPLUS_MUL SOFTPLUS: 48 x 3.815 us = 183.16 us
SSM_CONV_SILU SSM_CONV: 48 x 6.795 us = 326.2 us
Total time: 53561.5 us.
----------------
Vulkan Timings:
ADD: 96 x 3.004 us = 288.44 us
CONCAT: 48 x 2.476 us = 118.88 us
CONT: 16 x 3.527 us = 56.44 us
CPY: 96 x 7.194 us = 690.64 us
FLASH_ATTN_EXT dst(256,24,1,1),  q(256,1,24,1),  k(256,32256,4,1),  v(256,32256,4,1),  m(32256,1,1,1): 16 x 213.43 us = 3414.88 us (3714.21 GFLOPS/s)
GATED_DELTA_NET: 48 x 8.015 us = 384.72 us
GET_ROWS: 97 x 8.523 us = 826.76 us
GLU: 64 x 2.647 us = 169.44 us
MUL_MAT_ADD MUL_MAT_VEC q4_0 m=5120 n=1 k=17408: 56 x 73.524 us = 4117.36 us (2424.41 GFLOPS/s)
MUL_MAT_ADD MUL_MAT_VEC q4_0 m=5120 n=1 k=6144: 16 x 33.185 us = 530.96 us (1895.72 GFLOPS/s)
MUL_MAT_ADD MUL_MAT_VEC q4_1 m=5120 n=1 k=17408: 8 x 84.365 us = 674.92 us (2112.88 GFLOPS/s)
MUL_MAT_VEC f32 m=48 n=1 k=5120: 96 x 6.524 us = 626.36 us (75.3262 GFLOPS/s)
MUL_MAT_VEC q4_0 m=1024 n=1 k=5120: 32 x 6.591 us = 210.92 us (1590.71 GFLOPS/s)
MUL_MAT_VEC q4_0 m=10240 n=1 k=5120: 48 x 42.421 us = 2036.24 us (2471.55 GFLOPS/s)
MUL_MAT_VEC q4_0 m=12288 n=1 k=5120: 16 x 45.815 us = 733.04 us (2746.19 GFLOPS/s)
MUL_MAT_VEC q4_0 m=17408 n=1 k=5120: 128 x 67.306 us = 8615.2 us (2648.2 GFLOPS/s)
MUL_MAT_VEC q4_0 m=6144 n=1 k=5120: 48 x 23.666 us = 1136 us (2658.1 GFLOPS/s)
MUL_MAT_VEC q5_K m=5120 n=1 k=6144: 48 x 37.315 us = 1791.16 us (1685.86 GFLOPS/s)
MUL_MAT_VEC q6_K m=248320 n=1 k=5120: 1 x 1192.88 us = 1192.88 us (2131.44 GFLOPS/s)
RMS_NORM(128,16,1,1): 96 x 6.465 us = 620.64 us
RMS_NORM_MUL RMS_NORM(128,48,1,1): 48 x 6.74 us = 323.52 us
RMS_NORM_MUL RMS_NORM(256,24,1,1): 16 x 3.66 us = 58.56 us
RMS_NORM_MUL RMS_NORM(256,4,1,1): 16 x 7.035 us = 112.56 us
RMS_NORM_MUL RMS_NORM(5120,1,1,1): 129 x 10.084 us = 1300.92 us
ROPE: 16 x 6.77 us = 108.32 us
ROPE_VIEW_SET_ROWS ROPE: 16 x 7.16 us = 114.56 us
SCALE: 96 x 6.217 us = 596.84 us
SET_ROWS: 16 x 7.33 us = 117.28 us
SIGMOID: 48 x 6.377 us = 306.12 us
SIGMOID_MUL SIGMOID: 16 x 7.147 us = 114.36 us
SILU_MUL SILU: 48 x 6.337 us = 304.2 us
SOFTPLUS_MUL SOFTPLUS: 48 x 3.155 us = 151.48 us
SSM_CONV_SILU SSM_CONV: 48 x 6.68 us = 320.64 us
Total time: 32165.2 us.
1.25.569.122 I slot print_timing: id  0 | task 0 | prompt eval time =   39908.13 ms / 32034 tokens (    1.25 ms per token,   802.69 tokens per second)
1.25.569.125 I slot print_timing: id  0 | task 0 |        eval time =      44.02 ms /     2 tokens (   44.02 ms per token,    22.71 tokens per second)
1.25.569.126 I slot print_timing: id  0 | task 0 |       total time =   39952.15 ms / 32036 tokens
1.25.569.126 I slot print_timing: id  0 | task 0 |    graphs reused =          1
1.25.569.727 I slot      release: id  0 | task 0 | stop processing: n_tokens = 32035, truncated = 0
1.25.634.264 I slot get_availabl: id  0 | task -1 | selected slot by LRU, t_last = 1277717702
1.25.634.367 I slot launch_slot_: id  0 | task 20 | processing task, is_child = 0
----------------
Vulkan Timings:
ADD: 176 x 15.579 us = 2741.96 us
CONCAT: 48 x 142.277 us = 6829.32 us
CONT: 16 x 30.202 us = 483.24 us
CPY: 96 x 3.209 us = 308.08 us
FLASH_ATTN_EXT dst(256,24,512,1),  q(256,512,24,1),  k(256,512,4,1),  v(256,512,4,1),  m(512,512,1,1): 16 x 211.69 us = 3387.04 us (30433.4 GFLOPS/s)
GATED_DELTA_NET: 48 x 246.183 us = 11816.8 us
GET_ROWS: 96 x 6.893 us = 661.76 us
GLU: 64 x 93.555 us = 5987.56 us
MUL_MAT f32 m=48 n=512 k=5120: 96 x 36.551 us = 3508.92 us (6884.41 GFLOPS/s)
MUL_MAT q4_0 m=1024 n=512 k=5120: 32 x 123.43 us = 3949.76 us (43491.7 GFLOPS/s)
MUL_MAT q4_0 m=10240 n=512 k=5120: 48 x 1133.71 us = 54417.9 us (47350.7 GFLOPS/s)
MUL_MAT q4_0 m=12288 n=512 k=5120: 16 x 1123.46 us = 17975.4 us (57338.9 GFLOPS/s)
MUL_MAT q4_0 m=17408 n=512 k=5120: 128 x 1641.77 us = 210147 us (55585.8 GFLOPS/s)
MUL_MAT q4_0 m=5120 n=512 k=17408: 56 x 1849.04 us = 103546 us (49358.4 GFLOPS/s)
MUL_MAT q4_0 m=5120 n=512 k=6144: 16 x 696.972 us = 11151.6 us (46213.6 GFLOPS/s)
MUL_MAT q4_0 m=6144 n=512 k=5120: 48 x 605.599 us = 29068.8 us (53185.5 GFLOPS/s)
MUL_MAT q4_1 m=5120 n=512 k=17408: 8 x 2115.39 us = 16923.2 us (43143.5 GFLOPS/s)
MUL_MAT q5_K m=5120 n=512 k=6144: 48 x 779.325 us = 37407.6 us (41330.1 GFLOPS/s)
RMS_NORM(128,16,512,1): 96 x 28.681 us = 2753.44 us
RMS_NORM_MUL RMS_NORM(128,48,512,1): 48 x 100.295 us = 4814.2 us
RMS_NORM_MUL RMS_NORM(256,24,512,1): 16 x 56.222 us = 899.56 us
RMS_NORM_MUL RMS_NORM(256,4,512,1): 16 x 12.732 us = 203.72 us
RMS_NORM_MUL RMS_NORM(5120,512,1,1): 129 x 18.639 us = 2404.44 us
ROPE: 16 x 34.902 us = 558.44 us
ROPE_VIEW_SET_ROWS ROPE: 16 x 9.665 us = 154.64 us
SCALE: 192 x 6.253 us = 1200.72 us
SET_ROWS: 16 x 9.682 us = 154.92 us
SIGMOID: 48 x 4.311 us = 206.96 us
SIGMOID_MUL SIGMOID: 16 x 35.552 us = 568.84 us
SILU_MUL SILU: 48 x 37.1 us = 1780.84 us
SOFTPLUS_MUL SOFTPLUS: 48 x 4.616 us = 221.6 us
SSM_CONV_SILU SSM_CONV: 48 x 30.647 us = 1471.08 us
Total time: 537705 us.
----------------
Vulkan Timings:
ADD: 176 x 13.23 us = 2328.56 us
CONCAT: 48 x 127.976 us = 6142.88 us
CONT: 16 x 28.207 us = 451.32 us
CPY: 96 x 3.806 us = 365.4 us
FLASH_ATTN_EXT dst(256,24,512,1),  q(256,512,24,1),  k(256,1024,4,1),  v(256,1024,4,1),  m(1024,512,1,1): 16 x 427.72 us = 6843.52 us (30124.6 GFLOPS/s)
GATED_DELTA_NET: 48 x 228.893 us = 10986.9 us
GET_ROWS: 96 x 7.021 us = 674.04 us
GLU: 64 x 94.758 us = 6064.56 us
MUL_MAT f32 m=48 n=512 k=5120: 96 x 34.678 us = 3329.16 us (7256.13 GFLOPS/s)
MUL_MAT q4_0 m=1024 n=512 k=5120: 32 x 66.42 us = 2125.44 us (80821.8 GFLOPS/s)
MUL_MAT q4_0 m=10240 n=512 k=5120: 48 x 1027.5 us = 49319.9 us (52245.2 GFLOPS/s)
MUL_MAT q4_0 m=12288 n=512 k=5120: 16 x 1139.23 us = 18227.6 us (56545.5 GFLOPS/s)
MUL_MAT q4_0 m=17408 n=512 k=5120: 128 x 1509.19 us = 193177 us (60468.9 GFLOPS/s)
MUL_MAT q4_0 m=5120 n=512 k=17408: 56 x 1741.25 us = 97510.1 us (52413.7 GFLOPS/s)
MUL_MAT q4_0 m=5120 n=512 k=6144: 16 x 642.985 us = 10287.8 us (50093.9 GFLOPS/s)
MUL_MAT q4_0 m=6144 n=512 k=5120: 48 x 537.602 us = 25804.9 us (59912.5 GFLOPS/s)
MUL_MAT q4_1 m=5120 n=512 k=17408: 8 x 1680.46 us = 13443.7 us (54309.6 GFLOPS/s)
MUL_MAT q5_K m=5120 n=512 k=6144: 48 x 704.296 us = 33806.2 us (45733 GFLOPS/s)
RMS_NORM(128,16,512,1): 96 x 26.893 us = 2581.8 us
RMS_NORM_MUL RMS_NORM(128,48,512,1): 48 x 94.114 us = 4517.48 us
RMS_NORM_MUL RMS_NORM(256,24,512,1): 16 x 52.977 us = 847.64 us
RMS_NORM_MUL RMS_NORM(256,4,512,1): 16 x 12.14 us = 194.24 us
RMS_NORM_MUL RMS_NORM(5120,512,1,1): 129 x 17.189 us = 2217.4 us
ROPE: 16 x 33.842 us = 541.48 us
ROPE_VIEW_SET_ROWS ROPE: 16 x 9.397 us = 150.36 us
SCALE: 96 x 9.505 us = 912.52 us
SET_ROWS: 16 x 9.19 us = 147.04 us
SIGMOID: 48 x 4.045 us = 194.16 us
SIGMOID_MUL SIGMOID: 16 x 33.502 us = 536.04 us
SILU_MUL SILU: 48 x 34.16 us = 1639.68 us
SOFTPLUS_MUL SOFTPLUS: 48 x 4.598 us = 220.72 us
SSM_CONV_SILU SSM_CONV: 48 x 28.53 us = 1369.44 us
Total time: 496959 us.
----------------
Vulkan Timings:
ADD: 176 x 12.997 us = 2287.56 us
CONCAT: 48 x 126.326 us = 6063.68 us
CONT: 16 x 28.195 us = 451.12 us
CPY: 96 x 3.804 us = 365.2 us
FLASH_ATTN_EXT dst(256,24,512,1),  q(256,512,24,1),  k(256,1536,4,1),  v(256,1536,4,1),  m(1536,512,1,1): 16 x 645.69 us = 10331 us (29932.9 GFLOPS/s)
GATED_DELTA_NET: 48 x 226.118 us = 10853.7 us
GET_ROWS: 96 x 7.038 us = 675.72 us
GLU: 64 x 95.421 us = 6106.96 us
MUL_MAT f32 m=48 n=512 k=5120: 96 x 34.626 us = 3324.12 us (7267.14 GFLOPS/s)
MUL_MAT q4_0 m=1024 n=512 k=5120: 32 x 65.431 us = 2093.8 us (82043.1 GFLOPS/s)
MUL_MAT q4_0 m=10240 n=512 k=5120: 48 x 1012.05 us = 48578.5 us (53042.6 GFLOPS/s)
MUL_MAT q4_0 m=12288 n=512 k=5120: 16 x 1126.01 us = 18016.2 us (57209.1 GFLOPS/s)
MUL_MAT q4_0 m=17408 n=512 k=5120: 128 x 1489.03 us = 190596 us (61287.7 GFLOPS/s)
MUL_MAT q4_0 m=5120 n=512 k=17408: 56 x 1720.35 us = 96339.4 us (53050.6 GFLOPS/s)
MUL_MAT q4_0 m=5120 n=512 k=6144: 16 x 633.387 us = 10134.2 us (50853 GFLOPS/s)
MUL_MAT q4_0 m=6144 n=512 k=5120: 48 x 528.692 us = 25377.2 us (60922.2 GFLOPS/s)
MUL_MAT q4_1 m=5120 n=512 k=17408: 8 x 1663.04 us = 13304.3 us (54878.8 GFLOPS/s)
MUL_MAT q5_K m=5120 n=512 k=6144: 48 x 695.25 us = 33372 us (46328.1 GFLOPS/s)
RMS_NORM(128,16,512,1): 96 x 26.549 us = 2548.72 us
RMS_NORM_MUL RMS_NORM(128,48,512,1): 48 x 93.035 us = 4465.68 us
RMS_NORM_MUL RMS_NORM(256,24,512,1): 16 x 52.137 us = 834.2 us
RMS_NORM_MUL RMS_NORM(256,4,512,1): 16 x 11.922 us = 190.76 us
RMS_NORM_MUL RMS_NORM(5120,512,1,1): 129 x 17.106 us = 2206.8 us
ROPE: 16 x 33.547 us = 536.76 us
ROPE_VIEW_SET_ROWS ROPE: 16 x 9.452 us = 151.24 us
SCALE: 96 x 9.47 us = 909.2 us
SET_ROWS: 16 x 9.115 us = 145.84 us
SIGMOID: 48 x 3.919 us = 188.12 us
SIGMOID_MUL SIGMOID: 16 x 33.197 us = 531.16 us
SILU_MUL SILU: 48 x 33.703 us = 1617.76 us
SOFTPLUS_MUL SOFTPLUS: 48 x 4.712 us = 226.2 us
SSM_CONV_SILU SSM_CONV: 48 x 28.313 us = 1359.04 us
Total time: 494182 us.
----------------
Vulkan Timings:
ADD: 176 x 12.685 us = 2232.68 us
CONCAT: 48 x 125.461 us = 6022.16 us
CONT: 16 x 29.297 us = 468.76 us
CPY: 96 x 3.901 us = 374.52 us
FLASH_ATTN_EXT dst(256,24,512,1),  q(256,512,24,1),  k(256,2048,4,1),  v(256,2048,4,1),  m(2048,512,1,1): 16 x 874.272 us = 13988.4 us (29475.7 GFLOPS/s)
GATED_DELTA_NET: 48 x 224.522 us = 10777.1 us
GET_ROWS: 96 x 6.977 us = 669.8 us
GLU: 64 x 94.821 us = 6068.6 us
MUL_MAT f32 m=48 n=512 k=5120: 96 x 34.627 us = 3324.2 us (7266.96 GFLOPS/s)
MUL_MAT q4_0 m=1024 n=512 k=5120: 32 x 64.838 us = 2074.84 us (82792.8 GFLOPS/s)
MUL_MAT q4_0 m=10240 n=512 k=5120: 48 x 1005.72 us = 48274.7 us (53376.4 GFLOPS/s)
MUL_MAT q4_0 m=12288 n=512 k=5120: 16 x 1118.96 us = 17903.4 us (57569.6 GFLOPS/s)
MUL_MAT q4_0 m=17408 n=512 k=5120: 128 x 1481.49 us = 189631 us (61599.5 GFLOPS/s)
MUL_MAT q4_0 m=5120 n=512 k=17408: 56 x 1711.87 us = 95864.7 us (53313.3 GFLOPS/s)
MUL_MAT q4_0 m=5120 n=512 k=6144: 16 x 629.772 us = 10076.4 us (51144.9 GFLOPS/s)
MUL_MAT q4_0 m=6144 n=512 k=5120: 48 x 525.193 us = 25209.3 us (61328.1 GFLOPS/s)
MUL_MAT q4_1 m=5120 n=512 k=17408: 8 x 1650.63 us = 13205.1 us (55291.1 GFLOPS/s)
MUL_MAT q5_K m=5120 n=512 k=6144: 48 x 690.474 us = 33142.8 us (46648.6 GFLOPS/s)
RMS_NORM(128,16,512,1): 96 x 26.617 us = 2555.24 us
RMS_NORM_MUL RMS_NORM(128,48,512,1): 48 x 92.78 us = 4453.44 us
RMS_NORM_MUL RMS_NORM(256,24,512,1): 16 x 50.987 us = 815.8 us
RMS_NORM_MUL RMS_NORM(256,4,512,1): 16 x 11.917 us = 190.68 us
RMS_NORM_MUL RMS_NORM(5120,512,1,1): 129 x 17.126 us = 2209.28 us
ROPE: 16 x 33.45 us = 535.2 us
ROPE_VIEW_SET_ROWS ROPE: 16 x 9.255 us = 148.08 us
SCALE: 96 x 9.351 us = 897.72 us
SET_ROWS: 16 x 9 us = 144 us
SIGMOID: 48 x 3.998 us = 191.92 us
SIGMOID_MUL SIGMOID: 16 x 33.722 us = 539.56 us
SILU_MUL SILU: 48 x 33.855 us = 1625.04 us
SOFTPLUS_MUL SOFTPLUS: 48 x 4.482 us = 215.16 us
SSM_CONV_SILU SSM_CONV: 48 x 28.061 us = 1346.96 us
Total time: 495176 us.
----------------
Vulkan Timings:
ADD: 176 x 17.714 us = 3117.72 us
CONCAT: 48 x 130.056 us = 6242.72 us
CONT: 16 x 35.772 us = 572.36 us
CPY: 96 x 4.232 us = 406.32 us
FLASH_ATTN_EXT dst(256,24,512,1),  q(256,512,24,1),  k(256,2560,4,1),  v(256,2560,4,1),  m(2560,512,1,1): 16 x 1107.4 us = 17718.4 us (29088.2 GFLOPS/s)
GATED_DELTA_NET: 48 x 230.52 us = 11065 us
GET_ROWS: 96 x 7.933 us = 761.6 us
GLU: 64 x 118.237 us = 7567.2 us
MUL_MAT f32 m=48 n=512 k=5120: 96 x 37.922 us = 3640.52 us (6635.54 GFLOPS/s)
MUL_MAT q4_0 m=1024 n=512 k=5120: 32 x 67.623 us = 2163.96 us (79383.1 GFLOPS/s)
MUL_MAT q4_0 m=10240 n=512 k=5120: 48 x 1024.38 us = 49170.1 us (52404.4 GFLOPS/s)
MUL_MAT q4_0 m=12288 n=512 k=5120: 16 x 1127.61 us = 18041.8 us (57128.1 GFLOPS/s)
MUL_MAT q4_0 m=17408 n=512 k=5120: 128 x 1496.33 us = 191531 us (60988.5 GFLOPS/s)
MUL_MAT q4_0 m=5120 n=512 k=17408: 56 x 1728.98 us = 96822.9 us (52785.7 GFLOPS/s)
MUL_MAT q4_0 m=5120 n=512 k=6144: 16 x 639.257 us = 10228.1 us (50386 GFLOPS/s)
MUL_MAT q4_0 m=6144 n=512 k=5120: 48 x 536.828 us = 25767.8 us (59998.9 GFLOPS/s)
MUL_MAT q4_1 m=5120 n=512 k=17408: 8 x 1678.07 us = 13424.5 us (54387.3 GFLOPS/s)
MUL_MAT q5_K m=5120 n=512 k=6144: 48 x 700.616 us = 33629.6 us (45973.3 GFLOPS/s)
RMS_NORM(128,16,512,1): 96 x 27.71 us = 2660.24 us
RMS_NORM_MUL RMS_NORM(128,48,512,1): 48 x 93.067 us = 4467.24 us
RMS_NORM_MUL RMS_NORM(256,24,512,1): 16 x 55.177 us = 882.84 us
RMS_NORM_MUL RMS_NORM(256,4,512,1): 16 x 12.82 us = 205.12 us
RMS_NORM_MUL RMS_NORM(5120,512,1,1): 129 x 20.607 us = 2658.32 us
ROPE: 16 x 38.8 us = 620.8 us
ROPE_VIEW_SET_ROWS ROPE: 16 x 10.162 us = 162.6 us
SCALE: 96 x 10.627 us = 1020.28 us
SET_ROWS: 16 x 9.497 us = 151.96 us
SIGMOID: 48 x 4.357 us = 209.16 us
SIGMOID_MUL SIGMOID: 16 x 34.007 us = 544.12 us
SILU_MUL SILU: 48 x 34.402 us = 1651.32 us
SOFTPLUS_MUL SOFTPLUS: 48 x 4.5 us = 216 us
SSM_CONV_SILU SSM_CONV: 48 x 33.48 us = 1607.08 us
Total time: 508928 us.
----------------
Vulkan Timings:
ADD: 176 x 13.903 us = 2446.96 us
CONCAT: 48 x 127.192 us = 6105.24 us
CONT: 16 x 31.605 us = 505.68 us
CPY: 96 x 3.952 us = 379.44 us
FLASH_ATTN_EXT dst(256,24,512,1),  q(256,512,24,1),  k(256,3072,4,1),  v(256,3072,4,1),  m(3072,512,1,1): 16 x 1333.27 us = 21332.2 us (28992.5 GFLOPS/s)
GATED_DELTA_NET: 48 x 227.128 us = 10902.2 us
GET_ROWS: 96 x 7.405 us = 710.96 us
GLU: 64 x 100.526 us = 6433.68 us
MUL_MAT f32 m=48 n=512 k=5120: 96 x 35.406 us = 3399.04 us (7106.96 GFLOPS/s)
MUL_MAT q4_0 m=1024 n=512 k=5120: 32 x 65.347 us = 2091.12 us (82148.3 GFLOPS/s)
MUL_MAT q4_0 m=10240 n=512 k=5120: 48 x 1021.85 us = 49048.7 us (52534.1 GFLOPS/s)
MUL_MAT q4_0 m=12288 n=512 k=5120: 16 x 1121.73 us = 17947.8 us (57427.3 GFLOPS/s)
MUL_MAT q4_0 m=17408 n=512 k=5120: 128 x 1490.34 us = 190764 us (61233.7 GFLOPS/s)
MUL_MAT q4_0 m=5120 n=512 k=17408: 56 x 1723.53 us = 96517.9 us (52952.5 GFLOPS/s)
MUL_MAT q4_0 m=5120 n=512 k=6144: 16 x 636.305 us = 10180.9 us (50619.8 GFLOPS/s)
MUL_MAT q4_0 m=6144 n=512 k=5120: 48 x 531.385 us = 25506.5 us (60613.4 GFLOPS/s)
MUL_MAT q4_1 m=5120 n=512 k=17408: 8 x 1693.58 us = 13548.6 us (53889.2 GFLOPS/s)
MUL_MAT q5_K m=5120 n=512 k=6144: 48 x 696.484 us = 33431.2 us (46246 GFLOPS/s)
RMS_NORM(128,16,512,1): 96 x 26.744 us = 2567.48 us
RMS_NORM_MUL RMS_NORM(128,48,512,1): 48 x 93.304 us = 4478.6 us
RMS_NORM_MUL RMS_NORM(256,24,512,1): 16 x 52.54 us = 840.64 us
RMS_NORM_MUL RMS_NORM(256,4,512,1): 16 x 12.177 us = 194.84 us
RMS_NORM_MUL RMS_NORM(5120,512,1,1): 129 x 17.84 us = 2301.36 us
ROPE: 16 x 34.682 us = 554.92 us
ROPE_VIEW_SET_ROWS ROPE: 16 x 9.597 us = 153.56 us
SCALE: 96 x 9.657 us = 927.16 us
SET_ROWS: 16 x 9.227 us = 147.64 us
SIGMOID: 48 x 4.186 us = 200.96 us
SIGMOID_MUL SIGMOID: 16 x 33.217 us = 531.48 us
SILU_MUL SILU: 48 x 33.621 us = 1613.84 us
SOFTPLUS_MUL SOFTPLUS: 48 x 4.408 us = 211.6 us
SSM_CONV_SILU SSM_CONV: 48 x 29.307 us = 1406.76 us
Total time: 507383 us.
----------------
Vulkan Timings:
ADD: 176 x 13.693 us = 2410.08 us
CONCAT: 48 x 128.028 us = 6145.36 us
CONT: 16 x 30.915 us = 494.64 us
CPY: 96 x 4.01 us = 384.96 us
FLASH_ATTN_EXT dst(256,24,512,1),  q(256,512,24,1),  k(256,3584,4,1),  v(256,3584,4,1),  m(3584,512,1,1): 16 x 1541.82 us = 24669 us (29249.4 GFLOPS/s)
GATED_DELTA_NET: 48 x 228.864 us = 10985.5 us
GET_ROWS: 96 x 7.1 us = 681.6 us
GLU: 64 x 94.925 us = 6075.24 us
MUL_MAT f32 m=48 n=512 k=5120: 96 x 34.472 us = 3309.4 us (7299.46 GFLOPS/s)
MUL_MAT q4_0 m=1024 n=512 k=5120: 32 x 64.812 us = 2074 us (82826.4 GFLOPS/s)
MUL_MAT q4_0 m=10240 n=512 k=5120: 48 x 1029.49 us = 49415.6 us (52144 GFLOPS/s)
MUL_MAT q4_0 m=12288 n=512 k=5120: 16 x 1122.41 us = 17958.6 us (57392.5 GFLOPS/s)
MUL_MAT q4_0 m=17408 n=512 k=5120: 128 x 1512.21 us = 193563 us (60348.2 GFLOPS/s)
MUL_MAT q4_0 m=5120 n=512 k=17408: 56 x 1733.8 us = 97092.5 us (52639.1 GFLOPS/s)
MUL_MAT q4_0 m=5120 n=512 k=6144: 16 x 637.842 us = 10205.5 us (50497.8 GFLOPS/s)
MUL_MAT q4_0 m=6144 n=512 k=5120: 48 x 536.392 us = 25746.8 us (60047.6 GFLOPS/s)
MUL_MAT q4_1 m=5120 n=512 k=17408: 8 x 1686.85 us = 13494.8 us (54104.1 GFLOPS/s)
MUL_MAT q5_K m=5120 n=512 k=6144: 48 x 703.974 us = 33790.8 us (45754 GFLOPS/s)
RMS_NORM(128,16,512,1): 96 x 26.626 us = 2556.16 us
RMS_NORM_MUL RMS_NORM(128,48,512,1): 48 x 94.036 us = 4513.76 us
RMS_NORM_MUL RMS_NORM(256,24,512,1): 16 x 52.115 us = 833.84 us
RMS_NORM_MUL RMS_NORM(256,4,512,1): 16 x 12.11 us = 193.76 us
RMS_NORM_MUL RMS_NORM(5120,512,1,1): 129 x 17.265 us = 2227.24 us
ROPE: 16 x 33.895 us = 542.32 us
ROPE_VIEW_SET_ROWS ROPE: 16 x 9.28 us = 148.48 us
SCALE: 96 x 9.628 us = 924.36 us
SET_ROWS: 16 x 9.215 us = 147.44 us
SIGMOID: 48 x 4.244 us = 203.72 us
SIGMOID_MUL SIGMOID: 16 x 33.21 us = 531.36 us
SILU_MUL SILU: 48 x 34.195 us = 1641.4 us
SOFTPLUS_MUL SOFTPLUS: 48 x 4.395 us = 211 us
SSM_CONV_SILU SSM_CONV: 48 x 28.497 us = 1367.88 us
Total time: 514540 us.
----------------
Vulkan Timings:
ADD: 176 x 18.123 us = 3189.68 us
CONCAT: 48 x 129.185 us = 6200.88 us
CONT: 16 x 41.617 us = 665.88 us
CPY: 96 x 4.434 us = 425.68 us
FLASH_ATTN_EXT dst(256,24,512,1),  q(256,512,24,1),  k(256,4096,4,1),  v(256,4096,4,1),  m(4096,512,1,1): 16 x 1787.43 us = 28598.9 us (28834.4 GFLOPS/s)
GATED_DELTA_NET: 48 x 230.166 us = 11048 us
GET_ROWS: 96 x 7.864 us = 755 us
GLU: 64 x 118.733 us = 7598.92 us
MUL_MAT f32 m=48 n=512 k=5120: 96 x 37.144 us = 3565.84 us (6774.51 GFLOPS/s)
MUL_MAT q4_0 m=1024 n=512 k=5120: 32 x 68.042 us = 2177.36 us (78894.6 GFLOPS/s)
MUL_MAT q4_0 m=10240 n=512 k=5120: 48 x 1021.07 us = 49011.1 us (52574.4 GFLOPS/s)
MUL_MAT q4_0 m=12288 n=512 k=5120: 16 x 1139.97 us = 18239.6 us (56508.4 GFLOPS/s)
MUL_MAT q4_0 m=17408 n=512 k=5120: 128 x 1500.89 us = 192114 us (60803.2 GFLOPS/s)
MUL_MAT q4_0 m=5120 n=512 k=17408: 56 x 1741.02 us = 97497 us (52420.7 GFLOPS/s)
MUL_MAT q4_0 m=5120 n=512 k=6144: 16 x 641.772 us = 10268.4 us (50188.6 GFLOPS/s)
MUL_MAT q4_0 m=6144 n=512 k=5120: 48 x 536.393 us = 25746.9 us (60047.6 GFLOPS/s)
MUL_MAT q4_1 m=5120 n=512 k=17408: 8 x 1663.71 us = 13309.7 us (54856.6 GFLOPS/s)
MUL_MAT q5_K m=5120 n=512 k=6144: 48 x 699.66 us = 33583.7 us (46036.1 GFLOPS/s)
RMS_NORM(128,16,512,1): 96 x 27.435 us = 2633.8 us
RMS_NORM_MUL RMS_NORM(128,48,512,1): 48 x 93.28 us = 4477.44 us
RMS_NORM_MUL RMS_NORM(256,24,512,1): 16 x 55.077 us = 881.24 us
RMS_NORM_MUL RMS_NORM(256,4,512,1): 16 x 12.847 us = 205.56 us
RMS_NORM_MUL RMS_NORM(5120,512,1,1): 129 x 20.724 us = 2673.48 us
ROPE: 16 x 38.792 us = 620.68 us
ROPE_VIEW_SET_ROWS ROPE: 16 x 11.195 us = 179.12 us
SCALE: 96 x 10.845 us = 1041.16 us
SET_ROWS: 16 x 9.515 us = 152.24 us
SIGMOID: 48 x 4.235 us = 203.32 us
SIGMOID_MUL SIGMOID: 16 x 34.077 us = 545.24 us
SILU_MUL SILU: 48 x 34.339 us = 1648.28 us
SOFTPLUS_MUL SOFTPLUS: 48 x 4.41 us = 211.68 us
SSM_CONV_SILU SSM_CONV: 48 x 33.169 us = 1592.12 us
Total time: 521062 us.
1.29.813.479 I slot print_timing: id  0 | task 20 | prompt processing, n_tokens =   4096, progress = 0.13, t =   4.18 s / 980.12 tokens per second
----------------
Vulkan Timings:
ADD: 176 x 24.192 us = 4257.96 us
CONCAT: 48 x 134.83 us = 6471.88 us
CONT: 16 x 45.782 us = 732.52 us
CPY: 96 x 5.242 us = 503.28 us
FLASH_ATTN_EXT dst(256,24,512,1),  q(256,512,24,1),  k(256,4608,4,1),  v(256,4608,4,1),  m(4608,512,1,1): 16 x 2014.11 us = 32225.7 us (28788 GFLOPS/s)
GATED_DELTA_NET: 48 x 239.316 us = 11487.2 us
GET_ROWS: 96 x 9.095 us = 873.16 us
GLU: 64 x 147.41 us = 9434.28 us
MUL_MAT f32 m=48 n=512 k=5120: 96 x 41.319 us = 3966.64 us (6090 GFLOPS/s)
MUL_MAT q4_0 m=1024 n=512 k=5120: 32 x 70.158 us = 2245.08 us (76514.8 GFLOPS/s)
MUL_MAT q4_0 m=10240 n=512 k=5120: 48 x 1028.21 us = 49354.1 us (52209 GFLOPS/s)
MUL_MAT q4_0 m=12288 n=512 k=5120: 16 x 1141.44 us = 18263.1 us (56435.7 GFLOPS/s)
MUL_MAT q4_0 m=17408 n=512 k=5120: 128 x 1509.85 us = 193260 us (60442.6 GFLOPS/s)
MUL_MAT q4_0 m=5120 n=512 k=17408: 56 x 1750.25 us = 98014.2 us (52144.1 GFLOPS/s)
MUL_MAT q4_0 m=5120 n=512 k=6144: 16 x 643.37 us = 10293.9 us (50063.9 GFLOPS/s)
MUL_MAT q4_0 m=6144 n=512 k=5120: 48 x 547.838 us = 26296.2 us (58793.1 GFLOPS/s)
MUL_MAT q4_1 m=5120 n=512 k=17408: 8 x 1718.21 us = 13745.7 us (53116.6 GFLOPS/s)
MUL_MAT q5_K m=5120 n=512 k=6144: 48 x 704.184 us = 33800.8 us (45740.4 GFLOPS/s)
RMS_NORM(128,16,512,1): 96 x 29.425 us = 2824.84 us
RMS_NORM_MUL RMS_NORM(128,48,512,1): 48 x 95.223 us = 4570.72 us
RMS_NORM_MUL RMS_NORM(256,24,512,1): 16 x 58.047 us = 928.76 us
RMS_NORM_MUL RMS_NORM(256,4,512,1): 16 x 13.735 us = 219.76 us
RMS_NORM_MUL RMS_NORM(5120,512,1,1): 129 x 25.638 us = 3307.4 us
ROPE: 16 x 44.14 us = 706.24 us
ROPE_VIEW_SET_ROWS ROPE: 16 x 10.9 us = 174.4 us
SCALE: 96 x 12.643 us = 1213.8 us
SET_ROWS: 16 x 9.9 us = 158.4 us
SIGMOID: 48 x 4.3 us = 206.4 us
SIGMOID_MUL SIGMOID: 16 x 34.81 us = 556.96 us
SILU_MUL SILU: 48 x 36.035 us = 1729.68 us
SOFTPLUS_MUL SOFTPLUS: 48 x 4.67 us = 224.16 us
SSM_CONV_SILU SSM_CONV: 48 x 39.535 us = 1897.72 us
Total time: 533945 us.
----------------
Vulkan Timings:
ADD: 176 x 23.842 us = 4196.28 us
CONCAT: 48 x 133.065 us = 6387.12 us
CONT: 16 x 49.35 us = 789.6 us
CPY: 96 x 4.889 us = 469.4 us
FLASH_ATTN_EXT dst(256,24,512,1),  q(256,512,24,1),  k(256,5120,4,1),  v(256,5120,4,1),  m(5120,512,1,1): 16 x 2246.92 us = 35950.7 us (28672.4 GFLOPS/s)
GATED_DELTA_NET: 48 x 234.153 us = 11239.4 us
GET_ROWS: 96 x 8.979 us = 862.04 us
GLU: 64 x 149.954 us = 9597.08 us
MUL_MAT f32 m=48 n=512 k=5120: 96 x 40.567 us = 3894.52 us (6202.78 GFLOPS/s)
MUL_MAT q4_0 m=1024 n=512 k=5120: 32 x 77.11 us = 2467.52 us (69617.2 GFLOPS/s)
MUL_MAT q4_0 m=10240 n=512 k=5120: 48 x 1019.97 us = 48958.7 us (52630.7 GFLOPS/s)
MUL_MAT q4_0 m=12288 n=512 k=5120: 16 x 1130.43 us = 18087 us (56985.3 GFLOPS/s)
MUL_MAT q4_0 m=17408 n=512 k=5120: 128 x 1501.09 us = 192139 us (60795.4 GFLOPS/s)
MUL_MAT q4_0 m=5120 n=512 k=17408: 56 x 1739.62 us = 97418.4 us (52463 GFLOPS/s)
MUL_MAT q4_0 m=5120 n=512 k=6144: 16 x 640.16 us = 10242.6 us (50315 GFLOPS/s)
MUL_MAT q4_0 m=6144 n=512 k=5120: 48 x 542.448 us = 26037.5 us (59377.3 GFLOPS/s)
MUL_MAT q4_1 m=5120 n=512 k=17408: 8 x 1690.97 us = 13527.8 us (53972.2 GFLOPS/s)
MUL_MAT q5_K m=5120 n=512 k=6144: 48 x 704.58 us = 33819.9 us (45714.6 GFLOPS/s)
RMS_NORM(128,16,512,1): 96 x 28.836 us = 2768.28 us
RMS_NORM_MUL RMS_NORM(128,48,512,1): 48 x 94.155 us = 4519.48 us
RMS_NORM_MUL RMS_NORM(256,24,512,1): 16 x 59.125 us = 946 us
RMS_NORM_MUL RMS_NORM(256,4,512,1): 16 x 13.427 us = 214.84 us
RMS_NORM_MUL RMS_NORM(5120,512,1,1): 129 x 25.486 us = 3287.72 us
ROPE: 16 x 43.595 us = 697.52 us
ROPE_VIEW_SET_ROWS ROPE: 16 x 11.362 us = 181.8 us
SCALE: 96 x 12.747 us = 1223.76 us
SET_ROWS: 16 x 9.632 us = 154.12 us
SIGMOID: 48 x 4.096 us = 196.64 us
SIGMOID_MUL SIGMOID: 16 x 34.812 us = 557 us
SILU_MUL SILU: 48 x 35.38 us = 1698.28 us
SOFTPLUS_MUL SOFTPLUS: 48 x 4.797 us = 230.28 us
SSM_CONV_SILU SSM_CONV: 48 x 39.236 us = 1883.36 us
Total time: 534644 us.
----------------
Vulkan Timings:
ADD: 176 x 22.542 us = 3967.56 us
CONCAT: 48 x 132.345 us = 6352.6 us
CONT: 16 x 52.997 us = 847.96 us
CPY: 96 x 4.865 us = 467.04 us
FLASH_ATTN_EXT dst(256,24,512,1),  q(256,512,24,1),  k(256,5632,4,1),  v(256,5632,4,1),  m(5632,512,1,1): 16 x 2459.37 us = 39349.9 us (28815.1 GFLOPS/s)
GATED_DELTA_NET: 48 x 233.693 us = 11217.3 us
GET_ROWS: 96 x 8.804 us = 845.24 us
GLU: 64 x 144.199 us = 9228.76 us
MUL_MAT f32 m=48 n=512 k=5120: 96 x 39.926 us = 3832.96 us (6302.4 GFLOPS/s)
MUL_MAT q4_0 m=1024 n=512 k=5120: 32 x 69.372 us = 2219.92 us (77382 GFLOPS/s)
MUL_MAT q4_0 m=10240 n=512 k=5120: 48 x 1023.81 us = 49143 us (52433.2 GFLOPS/s)
MUL_MAT q4_0 m=12288 n=512 k=5120: 16 x 1141.79 us = 18268.6 us (56418.7 GFLOPS/s)
MUL_MAT q4_0 m=17408 n=512 k=5120: 128 x 1505.53 us = 192708 us (60615.8 GFLOPS/s)
MUL_MAT q4_0 m=5120 n=512 k=17408: 56 x 1745.43 us = 97744.3 us (52288.1 GFLOPS/s)
MUL_MAT q4_0 m=5120 n=512 k=6144: 16 x 638.062 us = 10209 us (50480.4 GFLOPS/s)
MUL_MAT q4_0 m=6144 n=512 k=5120: 48 x 542.482 us = 26039.2 us (59373.5 GFLOPS/s)
MUL_MAT q4_1 m=5120 n=512 k=17408: 8 x 1711.71 us = 13693.7 us (53318.3 GFLOPS/s)
MUL_MAT q5_K m=5120 n=512 k=6144: 48 x 704.631 us = 33822.3 us (45711.3 GFLOPS/s)
RMS_NORM(128,16,512,1): 96 x 28.534 us = 2739.28 us
RMS_NORM_MUL RMS_NORM(128,48,512,1): 48 x 94.396 us = 4531.04 us
RMS_NORM_MUL RMS_NORM(256,24,512,1): 16 x 57.485 us = 919.76 us
RMS_NORM_MUL RMS_NORM(256,4,512,1): 16 x 13.272 us = 212.36 us
RMS_NORM_MUL RMS_NORM(5120,512,1,1): 129 x 24.5 us = 3160.52 us
ROPE: 16 x 42.117 us = 673.88 us
ROPE_VIEW_SET_ROWS ROPE: 16 x 10.66 us = 170.56 us
SCALE: 96 x 12.368 us = 1187.36 us
SET_ROWS: 16 x 9.542 us = 152.68 us
SIGMOID: 48 x 4.249 us = 203.96 us
SIGMOID_MUL SIGMOID: 16 x 34.465 us = 551.44 us
SILU_MUL SILU: 48 x 35.258 us = 1692.4 us
SOFTPLUS_MUL SOFTPLUS: 48 x 4.867 us = 233.64 us
SSM_CONV_SILU SSM_CONV: 48 x 38.101 us = 1828.88 us
Total time: 538216 us.
----------------
Vulkan Timings:
ADD: 176 x 13.329 us = 2345.92 us
CONCAT: 48 x 127.654 us = 6127.4 us
CONT: 16 x 37.852 us = 605.64 us
CPY: 96 x 3.89 us = 373.44 us
FLASH_ATTN_EXT dst(256,24,512,1),  q(256,512,24,1),  k(256,6144,4,1),  v(256,6144,4,1),  m(6144,512,1,1): 16 x 2707.56 us = 43321 us (28553.2 GFLOPS/s)
GATED_DELTA_NET: 48 x 228.436 us = 10965 us
GET_ROWS: 96 x 7.093 us = 680.96 us
GLU: 64 x 93.705 us = 5997.12 us
MUL_MAT f32 m=48 n=512 k=5120: 96 x 34.535 us = 3315.36 us (7286.34 GFLOPS/s)
MUL_MAT q4_0 m=1024 n=512 k=5120: 32 x 69.38 us = 2220.16 us (77373.7 GFLOPS/s)
MUL_MAT q4_0 m=10240 n=512 k=5120: 48 x 1024.18 us = 49160.9 us (52414.2 GFLOPS/s)
MUL_MAT q4_0 m=12288 n=512 k=5120: 16 x 1129.64 us = 18074.3 us (57025.3 GFLOPS/s)
MUL_MAT q4_0 m=17408 n=512 k=5120: 128 x 1504.31 us = 192551 us (60665.2 GFLOPS/s)
MUL_MAT q4_0 m=5120 n=512 k=17408: 56 x 1731.53 us = 96965.5 us (52708.1 GFLOPS/s)
MUL_MAT q4_0 m=5120 n=512 k=6144: 16 x 640.975 us = 10255.6 us (50251 GFLOPS/s)
MUL_MAT q4_0 m=6144 n=512 k=5120: 48 x 534.8 us = 25670.4 us (60226.5 GFLOPS/s)
MUL_MAT q4_1 m=5120 n=512 k=17408: 8 x 1663.77 us = 13310.1 us (54854.8 GFLOPS/s)
MUL_MAT q5_K m=5120 n=512 k=6144: 48 x 703.682 us = 33776.8 us (45773 GFLOPS/s)
RMS_NORM(128,16,512,1): 96 x 26.684 us = 2561.72 us
RMS_NORM_MUL RMS_NORM(128,48,512,1): 48 x 93.456 us = 4485.92 us
RMS_NORM_MUL RMS_NORM(256,24,512,1): 16 x 52.702 us = 843.24 us
RMS_NORM_MUL RMS_NORM(256,4,512,1): 16 x 12.065 us = 193.04 us
RMS_NORM_MUL RMS_NORM(5120,512,1,1): 129 x 17.428 us = 2248.32 us
ROPE: 16 x 33.907 us = 542.52 us
ROPE_VIEW_SET_ROWS ROPE: 16 x 9.512 us = 152.2 us
SCALE: 96 x 9.282 us = 891.08 us
SET_ROWS: 16 x 9.385 us = 150.16 us
SIGMOID: 48 x 3.974 us = 190.76 us
SIGMOID_MUL SIGMOID: 16 x 33.602 us = 537.64 us
SILU_MUL SILU: 48 x 33.801 us = 1622.48 us
SOFTPLUS_MUL SOFTPLUS: 48 x 4.524 us = 217.16 us
SSM_CONV_SILU SSM_CONV: 48 x 28.465 us = 1366.36 us
Total time: 531719 us.
1.32.004.830 I slot print_timing: id  0 | task 20 | prompt processing, n_tokens =   6144, progress = 0.19, t =   6.37 s / 964.45 tokens per second
----------------
Vulkan Timings:
ADD: 176 x 13.08 us = 2302.24 us
CONCAT: 48 x 129.193 us = 6201.28 us
CONT: 16 x 32.815 us = 525.04 us
CPY: 96 x 3.91 us = 375.4 us
FLASH_ATTN_EXT dst(256,24,512,1),  q(256,512,24,1),  k(256,6656,4,1),  v(256,6656,4,1),  m(6656,512,1,1): 16 x 2891.57 us = 46265.2 us (28964.1 GFLOPS/s)
GATED_DELTA_NET: 48 x 231.291 us = 11102 us
GET_ROWS: 96 x 7.319 us = 702.68 us
GLU: 64 x 96.383 us = 6168.56 us
MUL_MAT f32 m=48 n=512 k=5120: 96 x 34.706 us = 3331.8 us (7250.38 GFLOPS/s)
MUL_MAT q4_0 m=1024 n=512 k=5120: 32 x 65.692 us = 2102.16 us (81716.9 GFLOPS/s)
MUL_MAT q4_0 m=10240 n=512 k=5120: 48 x 1041.77 us = 50005.1 us (51529.3 GFLOPS/s)
MUL_MAT q4_0 m=12288 n=512 k=5120: 16 x 1137.88 us = 18206.2 us (56612.2 GFLOPS/s)
MUL_MAT q4_0 m=17408 n=512 k=5120: 128 x 1519.67 us = 194518 us (60051.9 GFLOPS/s)
MUL_MAT q4_0 m=5120 n=512 k=17408: 56 x 1747.75 us = 97874 us (52218.8 GFLOPS/s)
MUL_MAT q4_0 m=5120 n=512 k=6144: 16 x 637.135 us = 10194.2 us (50553.9 GFLOPS/s)
MUL_MAT q4_0 m=6144 n=512 k=5120: 48 x 543.731 us = 26099.1 us (59237.1 GFLOPS/s)
MUL_MAT q4_1 m=5120 n=512 k=17408: 8 x 1729.91 us = 13839.3 us (52757.3 GFLOPS/s)
MUL_MAT q5_K m=5120 n=512 k=6144: 48 x 713.947 us = 34269.5 us (45114.8 GFLOPS/s)
RMS_NORM(128,16,512,1): 96 x 26.905 us = 2582.96 us
RMS_NORM_MUL RMS_NORM(128,48,512,1): 48 x 94.57 us = 4539.36 us
RMS_NORM_MUL RMS_NORM(256,24,512,1): 16 x 53.067 us = 849.08 us
RMS_NORM_MUL RMS_NORM(256,4,512,1): 16 x 12.065 us = 193.04 us
RMS_NORM_MUL RMS_NORM(5120,512,1,1): 129 x 17.587 us = 2268.84 us
ROPE: 16 x 33.67 us = 538.72 us
ROPE_VIEW_SET_ROWS ROPE: 16 x 9.312 us = 149 us
SCALE: 96 x 9.356 us = 898.2 us
SET_ROWS: 16 x 9.125 us = 146 us
SIGMOID: 48 x 4.215 us = 202.32 us
SIGMOID_MUL SIGMOID: 16 x 33.287 us = 532.6 us
SILU_MUL SILU: 48 x 34.52 us = 1656.96 us
SOFTPLUS_MUL SOFTPLUS: 48 x 4.31 us = 206.88 us
SSM_CONV_SILU SSM_CONV: 48 x 28.823 us = 1383.52 us
Total time: 540229 us.
----------------
Vulkan Timings:
ADD: 176 x 20.13 us = 3542.88 us
CONCAT: 48 x 131.089 us = 6292.28 us
CONT: 16 x 50.675 us = 810.8 us
CPY: 96 x 4.485 us = 430.64 us
FLASH_ATTN_EXT dst(256,24,512,1),  q(256,512,24,1),  k(256,7168,4,1),  v(256,7168,4,1),  m(7168,512,1,1): 16 x 3116.16 us = 49858.5 us (28944.1 GFLOPS/s)
GATED_DELTA_NET: 48 x 231.83 us = 11127.8 us
GET_ROWS: 96 x 8.293 us = 796.2 us
GLU: 64 x 127.85 us = 8182.4 us
MUL_MAT f32 m=48 n=512 k=5120: 96 x 38.446 us = 3690.84 us (6545.08 GFLOPS/s)
MUL_MAT q4_0 m=1024 n=512 k=5120: 32 x 67.873 us = 2171.96 us (79090.7 GFLOPS/s)
MUL_MAT q4_0 m=10240 n=512 k=5120: 48 x 1021.39 us = 49026.6 us (52557.8 GFLOPS/s)
MUL_MAT q4_0 m=12288 n=512 k=5120: 16 x 1137.88 us = 18206.1 us (56612.5 GFLOPS/s)
MUL_MAT q4_0 m=17408 n=512 k=5120: 128 x 1502.89 us = 192370 us (60722.3 GFLOPS/s)
MUL_MAT q4_0 m=5120 n=512 k=17408: 56 x 1738.48 us = 97355 us (52497.2 GFLOPS/s)
MUL_MAT q4_0 m=5120 n=512 k=6144: 16 x 635.565 us = 10169 us (50678.7 GFLOPS/s)
MUL_MAT q4_0 m=6144 n=512 k=5120: 48 x 539.972 us = 25918.7 us (59649.5 GFLOPS/s)
MUL_MAT q4_1 m=5120 n=512 k=17408: 8 x 1675.61 us = 13404.9 us (54467 GFLOPS/s)
MUL_MAT q5_K m=5120 n=512 k=6144: 48 x 701.788 us = 33685.8 us (45896.5 GFLOPS/s)
RMS_NORM(128,16,512,1): 96 x 28.113 us = 2698.92 us
RMS_NORM_MUL RMS_NORM(128,48,512,1): 48 x 93.63 us = 4494.28 us
RMS_NORM_MUL RMS_NORM(256,24,512,1): 16 x 55.422 us = 886.76 us
RMS_NORM_MUL RMS_NORM(256,4,512,1): 16 x 12.872 us = 205.96 us
RMS_NORM_MUL RMS_NORM(5120,512,1,1): 129 x 22.601 us = 2915.6 us
ROPE: 16 x 39.737 us = 635.8 us
ROPE_VIEW_SET_ROWS ROPE: 16 x 10.245 us = 163.92 us
SCALE: 96 x 11.163 us = 1071.68 us
SET_ROWS: 16 x 9.38 us = 150.08 us
SIGMOID: 48 x 4.205 us = 201.88 us
SIGMOID_MUL SIGMOID: 16 x 34.305 us = 548.88 us
SILU_MUL SILU: 48 x 34.62 us = 1661.8 us
SOFTPLUS_MUL SOFTPLUS: 48 x 4.423 us = 212.32 us
SSM_CONV_SILU SSM_CONV: 48 x 36.001 us = 1728.08 us
Total time: 544617 us.
----------------
Vulkan Timings:
ADD: 176 x 12.885 us = 2267.92 us
CONCAT: 48 x 127.997 us = 6143.88 us
CONT: 16 x 36.74 us = 587.84 us
CPY: 96 x 3.826 us = 367.36 us
FLASH_ATTN_EXT dst(256,24,512,1),  q(256,512,24,1),  k(256,7680,4,1),  v(256,7680,4,1),  m(7680,512,1,1): 16 x 3351.83 us = 53629.3 us (28831 GFLOPS/s)
GATED_DELTA_NET: 48 x 229.644 us = 11022.9 us
GET_ROWS: 96 x 7.241 us = 695.2 us
GLU: 64 x 93.889 us = 6008.92 us
MUL_MAT f32 m=48 n=512 k=5120: 96 x 34.703 us = 3331.56 us (7250.91 GFLOPS/s)
MUL_MAT q4_0 m=1024 n=512 k=5120: 32 x 66.145 us = 2116.64 us (81157.8 GFLOPS/s)
MUL_MAT q4_0 m=10240 n=512 k=5120: 48 x 1031.41 us = 49507.7 us (52047 GFLOPS/s)
MUL_MAT q4_0 m=12288 n=512 k=5120: 16 x 1143.57 us = 18297.1 us (56330.8 GFLOPS/s)
MUL_MAT q4_0 m=17408 n=512 k=5120: 128 x 1508.13 us = 193040 us (60511.5 GFLOPS/s)
MUL_MAT q4_0 m=5120 n=512 k=17408: 56 x 1738.13 us = 97335.6 us (52507.7 GFLOPS/s)
MUL_MAT q4_0 m=5120 n=512 k=6144: 16 x 636.375 us = 10182 us (50614.2 GFLOPS/s)
MUL_MAT q4_0 m=6144 n=512 k=5120: 48 x 538.742 us = 25859.6 us (59785.7 GFLOPS/s)
MUL_MAT q4_1 m=5120 n=512 k=17408: 8 x 1697.28 us = 13578.2 us (53771.7 GFLOPS/s)
MUL_MAT q5_K m=5120 n=512 k=6144: 48 x 705.298 us = 33854.3 us (45668.1 GFLOPS/s)
RMS_NORM(128,16,512,1): 96 x 26.856 us = 2578.2 us
RMS_NORM_MUL RMS_NORM(128,48,512,1): 48 x 93.681 us = 4496.72 us
RMS_NORM_MUL RMS_NORM(256,24,512,1): 16 x 52.895 us = 846.32 us
RMS_NORM_MUL RMS_NORM(256,4,512,1): 16 x 12.267 us = 196.28 us
RMS_NORM_MUL RMS_NORM(5120,512,1,1): 129 x 17.294 us = 2231 us
ROPE: 16 x 33.767 us = 540.28 us
ROPE_VIEW_SET_ROWS ROPE: 16 x 9.427 us = 150.84 us
SCALE: 96 x 9.417 us = 904.08 us
SET_ROWS: 16 x 9.762 us = 156.2 us
SIGMOID: 48 x 4.776 us = 229.28 us
SIGMOID_MUL SIGMOID: 16 x 33.345 us = 533.52 us
SILU_MUL SILU: 48 x 34.021 us = 1633.04 us
SOFTPLUS_MUL SOFTPLUS: 48 x 4.12 us = 197.76 us
SSM_CONV_SILU SSM_CONV: 48 x 28.949 us = 1389.56 us
Total time: 543910 us.
----------------
Vulkan Timings:
ADD: 176 x 13.407 us = 2359.72 us
CONCAT: 48 x 128.343 us = 6160.48 us
CONT: 16 x 36.885 us = 590.16 us
CPY: 96 x 3.91 us = 375.36 us
FLASH_ATTN_EXT dst(256,24,512,1),  q(256,512,24,1),  k(256,8192,4,1),  v(256,8192,4,1),  m(8192,512,1,1): 16 x 3559.14 us = 56946.2 us (28961.9 GFLOPS/s)
GATED_DELTA_NET: 48 x 229.2 us = 11001.6 us
GET_ROWS: 96 x 7.104 us = 682.04 us
GLU: 64 x 94.24 us = 6031.36 us
MUL_MAT f32 m=48 n=512 k=5120: 96 x 34.78 us = 3338.96 us (7234.84 GFLOPS/s)
MUL_MAT q4_0 m=1024 n=512 k=5120: 32 x 69.433 us = 2221.88 us (77313.8 GFLOPS/s)
MUL_MAT q4_0 m=10240 n=512 k=5120: 48 x 1031.68 us = 49520.9 us (52033.1 GFLOPS/s)
MUL_MAT q4_0 m=12288 n=512 k=5120: 16 x 1128.79 us = 18060.6 us (57068.6 GFLOPS/s)
MUL_MAT q4_0 m=17408 n=512 k=5120: 128 x 1505.87 us = 192752 us (60602.1 GFLOPS/s)
MUL_MAT q4_0 m=5120 n=512 k=17408: 56 x 1745.45 us = 97745.2 us (52287.6 GFLOPS/s)
MUL_MAT q4_0 m=5120 n=512 k=6144: 16 x 638.807 us = 10220.9 us (50421.5 GFLOPS/s)
MUL_MAT q4_0 m=6144 n=512 k=5120: 48 x 537.383 us = 25794.4 us (59936.9 GFLOPS/s)
MUL_MAT q4_1 m=5120 n=512 k=17408: 8 x 1691.18 us = 13529.5 us (53965.4 GFLOPS/s)
MUL_MAT q5_K m=5120 n=512 k=6144: 48 x 703.541 us = 33770 us (45782.1 GFLOPS/s)
RMS_NORM(128,16,512,1): 96 x 26.645 us = 2558 us
RMS_NORM_MUL RMS_NORM(128,48,512,1): 48 x 94.17 us = 4520.16 us
RMS_NORM_MUL RMS_NORM(256,24,512,1): 16 x 54.415 us = 870.64 us
RMS_NORM_MUL RMS_NORM(256,4,512,1): 16 x 12.305 us = 196.88 us
RMS_NORM_MUL RMS_NORM(5120,512,1,1): 129 x 17.272 us = 2228.16 us
ROPE: 16 x 34.117 us = 545.88 us
ROPE_VIEW_SET_ROWS ROPE: 16 x 9.36 us = 149.76 us
SCALE: 96 x 9.314 us = 894.16 us
SET_ROWS: 16 x 9.657 us = 154.52 us
SIGMOID: 48 x 4.446 us = 213.44 us
SIGMOID_MUL SIGMOID: 16 x 33.355 us = 533.68 us
SILU_MUL SILU: 48 x 34.29 us = 1645.96 us
SOFTPLUS_MUL SOFTPLUS: 48 x 4.32 us = 207.36 us
SSM_CONV_SILU SSM_CONV: 48 x 28.609 us = 1373.24 us
Total time: 547193 us.
1.34.235.521 I slot print_timing: id  0 | task 20 | prompt processing, n_tokens =   8192, progress = 0.26, t =   8.60 s / 952.43 tokens per second
----------------
Vulkan Timings:
ADD: 176 x 17.346 us = 3053 us
CONCAT: 48 x 131.35 us = 6304.8 us
CONT: 16 x 51.215 us = 819.44 us
CPY: 96 x 4.197 us = 402.92 us
FLASH_ATTN_EXT dst(256,24,512,1),  q(256,512,24,1),  k(256,8704,4,1),  v(256,8704,4,1),  m(8704,512,1,1): 16 x 3824.43 us = 61190.8 us (28637.4 GFLOPS/s)
GATED_DELTA_NET: 48 x 233.291 us = 11198 us
GET_ROWS: 96 x 7.852 us = 753.8 us
GLU: 64 x 116.231 us = 7438.8 us
MUL_MAT f32 m=48 n=512 k=5120: 96 x 37.571 us = 3606.88 us (6697.43 GFLOPS/s)
MUL_MAT q4_0 m=1024 n=512 k=5120: 32 x 67.745 us = 2167.84 us (79241 GFLOPS/s)
MUL_MAT q4_0 m=10240 n=512 k=5120: 48 x 1040.34 us = 49936.1 us (51600.5 GFLOPS/s)
MUL_MAT q4_0 m=12288 n=512 k=5120: 16 x 1147.26 us = 18356.1 us (56149.7 GFLOPS/s)
MUL_MAT q4_0 m=17408 n=512 k=5120: 128 x 1512.2 us = 193562 us (60348.5 GFLOPS/s)
MUL_MAT q4_0 m=5120 n=512 k=17408: 56 x 1746.38 us = 97797.4 us (52259.7 GFLOPS/s)
MUL_MAT q4_0 m=5120 n=512 k=6144: 16 x 637.577 us = 10201.2 us (50518.8 GFLOPS/s)
MUL_MAT q4_0 m=6144 n=512 k=5120: 48 x 543.59 us = 26092.3 us (59252.6 GFLOPS/s)
MUL_MAT q4_1 m=5120 n=512 k=17408: 8 x 1773.46 us = 14187.7 us (51461.6 GFLOPS/s)
MUL_MAT q5_K m=5120 n=512 k=6144: 48 x 709.844 us = 34072.5 us (45375.6 GFLOPS/s)
RMS_NORM(128,16,512,1): 96 x 27.72 us = 2661.12 us
RMS_NORM_MUL RMS_NORM(128,48,512,1): 48 x 96.428 us = 4628.56 us
RMS_NORM_MUL RMS_NORM(256,24,512,1): 16 x 55.012 us = 880.2 us
RMS_NORM_MUL RMS_NORM(256,4,512,1): 16 x 12.675 us = 202.8 us
RMS_NORM_MUL RMS_NORM(5120,512,1,1): 129 x 20.946 us = 2702.16 us
ROPE: 16 x 37.867 us = 605.88 us
ROPE_VIEW_SET_ROWS ROPE: 16 x 10.03 us = 160.48 us
SCALE: 96 x 10.512 us = 1009.16 us
SET_ROWS: 16 x 9.472 us = 151.56 us
SIGMOID: 48 x 3.967 us = 190.44 us
SIGMOID_MUL SIGMOID: 16 x 33.905 us = 542.48 us
SILU_MUL SILU: 48 x 34.888 us = 1674.64 us
SOFTPLUS_MUL SOFTPLUS: 48 x 4.46 us = 214.12 us
SSM_CONV_SILU SSM_CONV: 48 x 33.005 us = 1584.24 us
Total time: 558350 us.
----------------
Vulkan Timings:
ADD: 176 x 12.827 us = 2257.64 us
CONCAT: 48 x 127.994 us = 6143.72 us
CONT: 16 x 38.872 us = 621.96 us
CPY: 96 x 3.792 us = 364.04 us
FLASH_ATTN_EXT dst(256,24,512,1),  q(256,512,24,1),  k(256,9216,4,1),  v(256,9216,4,1),  m(9216,512,1,1): 16 x 4012.59 us = 64201.5 us (28900 GFLOPS/s)
GATED_DELTA_NET: 48 x 228.951 us = 10989.7 us
GET_ROWS: 96 x 7.164 us = 687.8 us
GLU: 64 x 94.325 us = 6036.84 us
MUL_MAT f32 m=48 n=512 k=5120: 96 x 34.632 us = 3324.68 us (7265.91 GFLOPS/s)
MUL_MAT q4_0 m=1024 n=512 k=5120: 32 x 68.435 us = 2189.92 us (78442.1 GFLOPS/s)
MUL_MAT q4_0 m=10240 n=512 k=5120: 48 x 1030.85 us = 49480.7 us (52075.5 GFLOPS/s)
MUL_MAT q4_0 m=12288 n=512 k=5120: 16 x 1116.3 us = 17860.7 us (57707.2 GFLOPS/s)
MUL_MAT q4_0 m=17408 n=512 k=5120: 128 x 1514.8 us = 193894 us (60245.2 GFLOPS/s)
MUL_MAT q4_0 m=5120 n=512 k=17408: 56 x 1733.79 us = 97092.4 us (52639.2 GFLOPS/s)
MUL_MAT q4_0 m=5120 n=512 k=6144: 16 x 639.197 us = 10227.2 us (50390.7 GFLOPS/s)
MUL_MAT q4_0 m=6144 n=512 k=5120: 48 x 538.392 us = 25842.8 us (59824.6 GFLOPS/s)
MUL_MAT q4_1 m=5120 n=512 k=17408: 8 x 1693.28 us = 13546.2 us (53898.6 GFLOPS/s)
MUL_MAT q5_K m=5120 n=512 k=6144: 48 x 708.745 us = 34019.8 us (45446 GFLOPS/s)
RMS_NORM(128,16,512,1): 96 x 26.67 us = 2560.32 us
RMS_NORM_MUL RMS_NORM(128,48,512,1): 48 x 94.21 us = 4522.08 us
RMS_NORM_MUL RMS_NORM(256,24,512,1): 16 x 52.127 us = 834.04 us
RMS_NORM_MUL RMS_NORM(256,4,512,1): 16 x 11.98 us = 191.68 us
RMS_NORM_MUL RMS_NORM(5120,512,1,1): 129 x 17.887 us = 2307.44 us
ROPE: 16 x 34.967 us = 559.48 us
ROPE_VIEW_SET_ROWS ROPE: 16 x 9.25 us = 148 us
SCALE: 96 x 9.311 us = 893.88 us
SET_ROWS: 16 x 9.547 us = 152.76 us
SIGMOID: 48 x 4.128 us = 198.16 us
SIGMOID_MUL SIGMOID: 16 x 33.445 us = 535.12 us
SILU_MUL SILU: 48 x 34.023 us = 1633.12 us
SOFTPLUS_MUL SOFTPLUS: 48 x 4.319 us = 207.32 us
SSM_CONV_SILU SSM_CONV: 48 x 28.649 us = 1375.16 us
Total time: 554900 us.
----------------
Vulkan Timings:
ADD: 176 x 16.923 us = 2978.56 us
CONCAT: 48 x 131.032 us = 6289.56 us
CONT: 16 x 48.09 us = 769.44 us
CPY: 96 x 4.117 us = 395.28 us
FLASH_ATTN_EXT dst(256,24,512,1),  q(256,512,24,1),  k(256,9728,4,1),  v(256,9728,4,1),  m(9728,512,1,1): 16 x 4271.95 us = 68351.2 us (28653.5 GFLOPS/s)
GATED_DELTA_NET: 48 x 232.278 us = 11149.4 us
GET_ROWS: 96 x 7.88 us = 756.48 us
GLU: 64 x 113.22 us = 7246.08 us
MUL_MAT f32 m=48 n=512 k=5120: 96 x 36.898 us = 3542.28 us (6819.57 GFLOPS/s)
MUL_MAT q4_0 m=1024 n=512 k=5120: 32 x 67.588 us = 2162.84 us (79424.2 GFLOPS/s)
MUL_MAT q4_0 m=10240 n=512 k=5120: 48 x 1035.62 us = 49710 us (51835.2 GFLOPS/s)
MUL_MAT q4_0 m=12288 n=512 k=5120: 16 x 1139.86 us = 18237.7 us (56514.4 GFLOPS/s)
MUL_MAT q4_0 m=17408 n=512 k=5120: 128 x 1512.45 us = 193594 us (60338.4 GFLOPS/s)
MUL_MAT q4_0 m=5120 n=512 k=17408: 56 x 1753.53 us = 98197.9 us (52046.6 GFLOPS/s)
MUL_MAT q4_0 m=5120 n=512 k=6144: 16 x 639.86 us = 10237.8 us (50338.6 GFLOPS/s)
MUL_MAT q4_0 m=6144 n=512 k=5120: 48 x 541.025 us = 25969.2 us (59533.5 GFLOPS/s)
MUL_MAT q4_1 m=5120 n=512 k=17408: 8 x 1709.5 us = 13676 us (53387.2 GFLOPS/s)
MUL_MAT q5_K m=5120 n=512 k=6144: 48 x 706.569 us = 33915.3 us (45586 GFLOPS/s)
RMS_NORM(128,16,512,1): 96 x 27.574 us = 2647.12 us
RMS_NORM_MUL RMS_NORM(128,48,512,1): 48 x 93.905 us = 4507.44 us
RMS_NORM_MUL RMS_NORM(256,24,512,1): 16 x 55.29 us = 884.64 us
RMS_NORM_MUL RMS_NORM(256,4,512,1): 16 x 12.64 us = 202.24 us
RMS_NORM_MUL RMS_NORM(5120,512,1,1): 129 x 20.362 us = 2626.8 us
ROPE: 16 x 37.625 us = 602 us
ROPE_VIEW_SET_ROWS ROPE: 16 x 9.92 us = 158.72 us
SCALE: 96 x 10.559 us = 1013.68 us
SET_ROWS: 16 x 9.332 us = 149.32 us
SIGMOID: 48 x 4.175 us = 200.44 us
SIGMOID_MUL SIGMOID: 16 x 34.077 us = 545.24 us
SILU_MUL SILU: 48 x 35.18 us = 1688.64 us
SOFTPLUS_MUL SOFTPLUS: 48 x 4.297 us = 206.28 us
SSM_CONV_SILU SSM_CONV: 48 x 32.506 us = 1560.32 us
Total time: 564172 us.
----------------
Vulkan Timings:
ADD: 176 x 23.797 us = 4188.44 us
CONCAT: 48 x 134.898 us = 6475.12 us
CONT: 16 x 67.207 us = 1075.32 us
CPY: 96 x 4.747 us = 455.76 us
FLASH_ATTN_EXT dst(256,24,512,1),  q(256,512,24,1),  k(256,10240,4,1),  v(256,10240,4,1),  m(10240,512,1,1): 16 x 4591.78 us = 73468.5 us (28060.8 GFLOPS/s)
GATED_DELTA_NET: 48 x 236.21 us = 11338.1 us
GET_ROWS: 96 x 9.032 us = 867.12 us
GLU: 64 x 147.288 us = 9426.48 us
MUL_MAT f32 m=48 n=512 k=5120: 96 x 41.085 us = 3944.24 us (6124.58 GFLOPS/s)
MUL_MAT q4_0 m=1024 n=512 k=5120: 32 x 70.038 us = 2241.24 us (76645.9 GFLOPS/s)
MUL_MAT q4_0 m=10240 n=512 k=5120: 48 x 1028.48 us = 49367.3 us (52195 GFLOPS/s)
MUL_MAT q4_0 m=12288 n=512 k=5120: 16 x 1140.59 us = 18249.4 us (56478.2 GFLOPS/s)
MUL_MAT q4_0 m=17408 n=512 k=5120: 128 x 1511.02 us = 193410 us (60395.8 GFLOPS/s)
MUL_MAT q4_0 m=5120 n=512 k=17408: 56 x 1748.01 us = 97888.8 us (52210.9 GFLOPS/s)
MUL_MAT q4_0 m=5120 n=512 k=6144: 16 x 643.217 us = 10291.5 us (50075.8 GFLOPS/s)
MUL_MAT q4_0 m=6144 n=512 k=5120: 48 x 544.75 us = 26148 us (59126.3 GFLOPS/s)
MUL_MAT q4_1 m=5120 n=512 k=17408: 8 x 1737.22 us = 13897.8 us (52535.2 GFLOPS/s)
MUL_MAT q5_K m=5120 n=512 k=6144: 48 x 708.906 us = 34027.5 us (45435.6 GFLOPS/s)
RMS_NORM(128,16,512,1): 96 x 28.984 us = 2782.52 us
RMS_NORM_MUL RMS_NORM(128,48,512,1): 48 x 94.488 us = 4535.44 us
RMS_NORM_MUL RMS_NORM(256,24,512,1): 16 x 58.105 us = 929.68 us
RMS_NORM_MUL RMS_NORM(256,4,512,1): 16 x 13.487 us = 215.8 us
RMS_NORM_MUL RMS_NORM(5120,512,1,1): 129 x 25.55 us = 3296 us
ROPE: 16 x 43.53 us = 696.48 us
ROPE_VIEW_SET_ROWS ROPE: 16 x 10.815 us = 173.04 us
SCALE: 96 x 12.335 us = 1184.2 us
SET_ROWS: 16 x 9.65 us = 154.4 us
SIGMOID: 48 x 4.115 us = 197.52 us
SIGMOID_MUL SIGMOID: 16 x 35.132 us = 562.12 us
SILU_MUL SILU: 48 x 36.289 us = 1741.88 us
SOFTPLUS_MUL SOFTPLUS: 48 x 4.676 us = 224.48 us
SSM_CONV_SILU SSM_CONV: 48 x 39.407 us = 1891.56 us
Total time: 575346 us.
1.36.546.257 I slot print_timing: id  0 | task 20 | prompt processing, n_tokens =  10240, progress = 0.32, t =  10.91 s / 938.43 tokens per second
----------------
Vulkan Timings:
ADD: 176 x 23.655 us = 4163.36 us
CONCAT: 48 x 136.364 us = 6545.48 us
CONT: 16 x 65.102 us = 1041.64 us
CPY: 96 x 4.831 us = 463.8 us
FLASH_ATTN_EXT dst(256,24,512,1),  q(256,512,24,1),  k(256,10752,4,1),  v(256,10752,4,1),  m(10752,512,1,1): 16 x 4834.29 us = 77348.7 us (27985.8 GFLOPS/s)
GATED_DELTA_NET: 48 x 240.285 us = 11533.7 us
GET_ROWS: 96 x 9.032 us = 867.16 us
GLU: 64 x 147.097 us = 9414.24 us
MUL_MAT f32 m=48 n=512 k=5120: 96 x 41.517 us = 3985.72 us (6060.85 GFLOPS/s)
MUL_MAT q4_0 m=1024 n=512 k=5120: 32 x 70.821 us = 2266.28 us (75799.1 GFLOPS/s)
MUL_MAT q4_0 m=10240 n=512 k=5120: 48 x 1049.65 us = 50383.3 us (51142.5 GFLOPS/s)
MUL_MAT q4_0 m=12288 n=512 k=5120: 16 x 1152.34 us = 18437.4 us (55902.1 GFLOPS/s)
MUL_MAT q4_0 m=17408 n=512 k=5120: 128 x 1530.96 us = 195963 us (59609.1 GFLOPS/s)
MUL_MAT q4_0 m=5120 n=512 k=17408: 56 x 1767.08 us = 98956.4 us (51647.6 GFLOPS/s)
MUL_MAT q4_0 m=5120 n=512 k=6144: 16 x 649.755 us = 10396.1 us (49572 GFLOPS/s)
MUL_MAT q4_0 m=6144 n=512 k=5120: 48 x 555.882 us = 26682.4 us (57942.3 GFLOPS/s)
MUL_MAT q4_1 m=5120 n=512 k=17408: 8 x 1790.18 us = 14321.4 us (50981.1 GFLOPS/s)
MUL_MAT q5_K m=5120 n=512 k=6144: 48 x 720.813 us = 34599 us (44685.1 GFLOPS/s)
RMS_NORM(128,16,512,1): 96 x 29.381 us = 2820.6 us
RMS_NORM_MUL RMS_NORM(128,48,512,1): 48 x 96.475 us = 4630.8 us
RMS_NORM_MUL RMS_NORM(256,24,512,1): 16 x 61.022 us = 976.36 us
RMS_NORM_MUL RMS_NORM(256,4,512,1): 16 x 13.63 us = 218.08 us
RMS_NORM_MUL RMS_NORM(5120,512,1,1): 129 x 25.567 us = 3298.24 us
ROPE: 16 x 43.955 us = 703.28 us
ROPE_VIEW_SET_ROWS ROPE: 16 x 10.95 us = 175.2 us
SCALE: 96 x 12.459 us = 1196.12 us
SET_ROWS: 16 x 9.757 us = 156.12 us
SIGMOID: 48 x 4.078 us = 195.76 us
SIGMOID_MUL SIGMOID: 16 x 35.33 us = 565.28 us
SILU_MUL SILU: 48 x 36.464 us = 1750.28 us
SOFTPLUS_MUL SOFTPLUS: 48 x 4.764 us = 228.68 us
SSM_CONV_SILU SSM_CONV: 48 x 39.655 us = 1903.44 us
Total time: 586187 us.
----------------
Vulkan Timings:
ADD: 176 x 22.969 us = 4042.68 us
CONCAT: 48 x 135.304 us = 6494.6 us
CONT: 16 x 62.517 us = 1000.28 us
CPY: 96 x 4.715 us = 452.64 us
FLASH_ATTN_EXT dst(256,24,512,1),  q(256,512,24,1),  k(256,11264,4,1),  v(256,11264,4,1),  m(11264,512,1,1): 16 x 5004.5 us = 80072 us (28321.3 GFLOPS/s)
GATED_DELTA_NET: 48 x 238.36 us = 11441.3 us
GET_ROWS: 96 x 8.918 us = 856.16 us
GLU: 64 x 142.795 us = 9138.88 us
MUL_MAT f32 m=48 n=512 k=5120: 96 x 41.047 us = 3940.6 us (6130.24 GFLOPS/s)
MUL_MAT q4_0 m=1024 n=512 k=5120: 32 x 69.613 us = 2227.64 us (77113.9 GFLOPS/s)
MUL_MAT q4_0 m=10240 n=512 k=5120: 48 x 1035.99 us = 49727.7 us (51816.7 GFLOPS/s)
MUL_MAT q4_0 m=12288 n=512 k=5120: 16 x 1157.62 us = 18521.9 us (55647.2 GFLOPS/s)
MUL_MAT q4_0 m=17408 n=512 k=5120: 128 x 1515.6 us = 193996 us (60213.4 GFLOPS/s)
MUL_MAT q4_0 m=5120 n=512 k=17408: 56 x 1760.36 us = 98580.4 us (51844.7 GFLOPS/s)
MUL_MAT q4_0 m=5120 n=512 k=6144: 16 x 646.325 us = 10341.2 us (49835 GFLOPS/s)
MUL_MAT q4_0 m=6144 n=512 k=5120: 48 x 549.483 us = 26375.2 us (58617.1 GFLOPS/s)
MUL_MAT q4_1 m=5120 n=512 k=17408: 8 x 1743.42 us = 13947.4 us (52348.5 GFLOPS/s)
MUL_MAT q5_K m=5120 n=512 k=6144: 48 x 712.031 us = 34177.5 us (45236.2 GFLOPS/s)
RMS_NORM(128,16,512,1): 96 x 29.053 us = 2789.12 us
RMS_NORM_MUL RMS_NORM(128,48,512,1): 48 x 95.596 us = 4588.64 us
RMS_NORM_MUL RMS_NORM(256,24,512,1): 16 x 57.55 us = 920.8 us
RMS_NORM_MUL RMS_NORM(256,4,512,1): 16 x 13.307 us = 212.92 us
RMS_NORM_MUL RMS_NORM(5120,512,1,1): 129 x 25.033 us = 3229.28 us
ROPE: 16 x 42.352 us = 677.64 us
ROPE_VIEW_SET_ROWS ROPE: 16 x 10.682 us = 170.92 us
SCALE: 96 x 12.193 us = 1170.56 us
SET_ROWS: 16 x 9.565 us = 153.04 us
SIGMOID: 48 x 4.39 us = 210.76 us
SIGMOID_MUL SIGMOID: 16 x 35.057 us = 560.92 us
SILU_MUL SILU: 48 x 35.938 us = 1725.04 us
SOFTPLUS_MUL SOFTPLUS: 48 x 4.321 us = 207.44 us
SSM_CONV_SILU SSM_CONV: 48 x 38.889 us = 1866.68 us
Total time: 583818 us.
----------------
Vulkan Timings:
ADD: 176 x 13.319 us = 2344.2 us
CONCAT: 48 x 129.14 us = 6198.76 us
CONT: 16 x 38.687 us = 619 us
CPY: 96 x 3.863 us = 370.88 us
FLASH_ATTN_EXT dst(256,24,512,1),  q(256,512,24,1),  k(256,11776,4,1),  v(256,11776,4,1),  m(11776,512,1,1): 16 x 5154.54 us = 82472.7 us (28746.8 GFLOPS/s)
GATED_DELTA_NET: 48 x 231.306 us = 11102.7 us
GET_ROWS: 96 x 7.129 us = 684.4 us
GLU: 64 x 94.712 us = 6061.6 us
MUL_MAT f32 m=48 n=512 k=5120: 96 x 35.123 us = 3371.88 us (7164.2 GFLOPS/s)
MUL_MAT q4_0 m=1024 n=512 k=5120: 32 x 65.652 us = 2100.88 us (81766.6 GFLOPS/s)
MUL_MAT q4_0 m=10240 n=512 k=5120: 48 x 1038.59 us = 49852.2 us (51687.3 GFLOPS/s)
MUL_MAT q4_0 m=12288 n=512 k=5120: 16 x 1135.39 us = 18166.3 us (56736.5 GFLOPS/s)
MUL_MAT q4_0 m=17408 n=512 k=5120: 128 x 1519.15 us = 194452 us (60072.4 GFLOPS/s)
MUL_MAT q4_0 m=5120 n=512 k=17408: 56 x 1741.34 us = 97515 us (52411.1 GFLOPS/s)
MUL_MAT q4_0 m=5120 n=512 k=6144: 16 x 645.495 us = 10327.9 us (49899.1 GFLOPS/s)
MUL_MAT q4_0 m=6144 n=512 k=5120: 48 x 542.125 us = 26022 us (59412.7 GFLOPS/s)
MUL_MAT q4_1 m=5120 n=512 k=17408: 8 x 1727.8 us = 13822.4 us (52821.8 GFLOPS/s)
MUL_MAT q5_K m=5120 n=512 k=6144: 48 x 712.299 us = 34190.4 us (45219.2 GFLOPS/s)
RMS_NORM(128,16,512,1): 96 x 26.902 us = 2582.68 us
RMS_NORM_MUL RMS_NORM(128,48,512,1): 48 x 94.468 us = 4534.48 us
RMS_NORM_MUL RMS_NORM(256,24,512,1): 16 x 52.452 us = 839.24 us
RMS_NORM_MUL RMS_NORM(256,4,512,1): 16 x 12.092 us = 193.48 us
RMS_NORM_MUL RMS_NORM(5120,512,1,1): 129 x 17.453 us = 2251.52 us
ROPE: 16 x 33.93 us = 542.88 us
ROPE_VIEW_SET_ROWS ROPE: 16 x 9.315 us = 149.04 us
SCALE: 96 x 9.351 us = 897.72 us
SET_ROWS: 16 x 9.147 us = 146.36 us
SIGMOID: 48 x 4.229 us = 203 us
SIGMOID_MUL SIGMOID: 16 x 33.807 us = 540.92 us
SILU_MUL SILU: 48 x 34.619 us = 1661.72 us
SOFTPLUS_MUL SOFTPLUS: 48 x 4.352 us = 208.92 us
SSM_CONV_SILU SSM_CONV: 48 x 29.014 us = 1392.68 us
Total time: 575819 us.
----------------
Vulkan Timings:
ADD: 176 x 13.496 us = 2375.36 us
CONCAT: 48 x 128.81 us = 6182.92 us
CONT: 16 x 39.525 us = 632.4 us
CPY: 96 x 3.888 us = 373.28 us
FLASH_ATTN_EXT dst(256,24,512,1),  q(256,512,24,1),  k(256,12288,4,1),  v(256,12288,4,1),  m(12288,512,1,1): 16 x 5350.35 us = 85605.6 us (28898.8 GFLOPS/s)
GATED_DELTA_NET: 48 x 235.846 us = 11320.6 us
GET_ROWS: 96 x 7.115 us = 683.04 us
GLU: 64 x 95.223 us = 6094.32 us
MUL_MAT f32 m=48 n=512 k=5120: 96 x 34.811 us = 3341.88 us (7228.52 GFLOPS/s)
MUL_MAT q4_0 m=1024 n=512 k=5120: 32 x 68.372 us = 2187.92 us (78513.8 GFLOPS/s)
MUL_MAT q4_0 m=10240 n=512 k=5120: 48 x 1037.05 us = 49778.4 us (51764 GFLOPS/s)
MUL_MAT q4_0 m=12288 n=512 k=5120: 16 x 1120.69 us = 17931 us (57481 GFLOPS/s)
MUL_MAT q4_0 m=17408 n=512 k=5120: 128 x 1519.63 us = 194512 us (60053.7 GFLOPS/s)
MUL_MAT q4_0 m=5120 n=512 k=17408: 56 x 1757.08 us = 98396.4 us (51941.6 GFLOPS/s)
MUL_MAT q4_0 m=5120 n=512 k=6144: 16 x 638.637 us = 10218.2 us (50434.9 GFLOPS/s)
MUL_MAT q4_0 m=6144 n=512 k=5120: 48 x 563.825 us = 27063.6 us (57126.1 GFLOPS/s)
MUL_MAT q4_1 m=5120 n=512 k=17408: 8 x 1715.95 us = 13727.6 us (53186.4 GFLOPS/s)
MUL_MAT q5_K m=5120 n=512 k=6144: 48 x 720.154 us = 34567.4 us (44726 GFLOPS/s)
RMS_NORM(128,16,512,1): 96 x 27.179 us = 2609.24 us
RMS_NORM_MUL RMS_NORM(128,48,512,1): 48 x 95.355 us = 4577.08 us
RMS_NORM_MUL RMS_NORM(256,24,512,1): 16 x 51.837 us = 829.4 us
RMS_NORM_MUL RMS_NORM(256,4,512,1): 16 x 11.957 us = 191.32 us
RMS_NORM_MUL RMS_NORM(5120,512,1,1): 129 x 19.734 us = 2545.8 us
ROPE: 16 x 34.34 us = 549.44 us
ROPE_VIEW_SET_ROWS ROPE: 16 x 9.237 us = 147.8 us
SCALE: 96 x 9.401 us = 902.52 us
SET_ROWS: 16 x 24.555 us = 392.88 us
SIGMOID: 48 x 4.107 us = 197.16 us
SIGMOID_MUL SIGMOID: 16 x 33.507 us = 536.12 us
SILU_MUL SILU: 48 x 34.558 us = 1658.8 us
SOFTPLUS_MUL SOFTPLUS: 48 x 4.533 us = 217.6 us
SSM_CONV_SILU SSM_CONV: 48 x 28.698 us = 1377.52 us
Total time: 581725 us.
1.38.936.923 I slot print_timing: id  0 | task 20 | prompt processing, n_tokens =  12288, progress = 0.38, t =  13.30 s / 923.73 tokens per second
----------------
Vulkan Timings:
ADD: 176 x 13.752 us = 2420.44 us
CONCAT: 48 x 130.045 us = 6242.16 us
CONT: 16 x 38.41 us = 614.56 us
CPY: 96 x 3.854 us = 370 us
FLASH_ATTN_EXT dst(256,24,512,1),  q(256,512,24,1),  k(256,12800,4,1),  v(256,12800,4,1),  m(12800,512,1,1): 16 x 5667.83 us = 90685.3 us (28416.7 GFLOPS/s)
GATED_DELTA_NET: 48 x 233.518 us = 11208.9 us
GET_ROWS: 96 x 7.167 us = 688.08 us
GLU: 64 x 93.761 us = 6000.76 us
MUL_MAT f32 m=48 n=512 k=5120: 96 x 34.757 us = 3336.76 us (7239.61 GFLOPS/s)
MUL_MAT q4_0 m=1024 n=512 k=5120: 32 x 66.228 us = 2119.32 us (81055.2 GFLOPS/s)
MUL_MAT q4_0 m=10240 n=512 k=5120: 48 x 1060.48 us = 50903.1 us (50620.3 GFLOPS/s)
MUL_MAT q4_0 m=12288 n=512 k=5120: 16 x 1141.06 us = 18256.9 us (56455 GFLOPS/s)
MUL_MAT q4_0 m=17408 n=512 k=5120: 128 x 1534.24 us = 196383 us (59481.7 GFLOPS/s)
MUL_MAT q4_0 m=5120 n=512 k=17408: 56 x 1754.85 us = 98271.6 us (52007.6 GFLOPS/s)
MUL_MAT q4_0 m=5120 n=512 k=6144: 16 x 644.557 us = 10312.9 us (49971.7 GFLOPS/s)
MUL_MAT q4_0 m=6144 n=512 k=5120: 48 x 547.109 us = 26261.2 us (58871.4 GFLOPS/s)
MUL_MAT q4_1 m=5120 n=512 k=17408: 8 x 1755.38 us = 14043.1 us (51991.7 GFLOPS/s)
MUL_MAT q5_K m=5120 n=512 k=6144: 48 x 717.35 us = 34432.8 us (44900.8 GFLOPS/s)
RMS_NORM(128,16,512,1): 96 x 27.114 us = 2603 us
RMS_NORM_MUL RMS_NORM(128,48,512,1): 48 x 95.181 us = 4568.72 us
RMS_NORM_MUL RMS_NORM(256,24,512,1): 16 x 52.992 us = 847.88 us
RMS_NORM_MUL RMS_NORM(256,4,512,1): 16 x 12.285 us = 196.56 us
RMS_NORM_MUL RMS_NORM(5120,512,1,1): 129 x 17.361 us = 2239.64 us
ROPE: 16 x 33.872 us = 541.96 us
ROPE_VIEW_SET_ROWS ROPE: 16 x 9.915 us = 158.64 us
SCALE: 96 x 9.415 us = 903.88 us
SET_ROWS: 16 x 9.715 us = 155.44 us
SIGMOID: 48 x 3.99 us = 191.52 us
SIGMOID_MUL SIGMOID: 16 x 34.912 us = 558.6 us
SILU_MUL SILU: 48 x 34.872 us = 1673.88 us
SOFTPLUS_MUL SOFTPLUS: 48 x 4.449 us = 213.56 us
SSM_CONV_SILU SSM_CONV: 48 x 29.047 us = 1394.28 us
Total time: 588798 us.
----------------
Vulkan Timings:
ADD: 176 x 13.544 us = 2383.76 us
CONCAT: 48 x 129.183 us = 6200.8 us
CONT: 16 x 38.525 us = 616.4 us
CPY: 96 x 3.797 us = 364.6 us
FLASH_ATTN_EXT dst(256,24,512,1),  q(256,512,24,1),  k(256,13312,4,1),  v(256,13312,4,1),  m(13312,512,1,1): 16 x 5860.08 us = 93761.3 us (28583.9 GFLOPS/s)
GATED_DELTA_NET: 48 x 231.04 us = 11089.9 us
GET_ROWS: 96 x 7.186 us = 689.88 us
GLU: 64 x 92.921 us = 5947 us
MUL_MAT f32 m=48 n=512 k=5120: 96 x 34.764 us = 3337.36 us (7238.31 GFLOPS/s)
MUL_MAT q4_0 m=1024 n=512 k=5120: 32 x 66.437 us = 2126 us (80800.5 GFLOPS/s)
MUL_MAT q4_0 m=10240 n=512 k=5120: 48 x 1041.24 us = 49979.8 us (51555.4 GFLOPS/s)
MUL_MAT q4_0 m=12288 n=512 k=5120: 16 x 1147.59 us = 18361.4 us (56133.5 GFLOPS/s)
MUL_MAT q4_0 m=17408 n=512 k=5120: 128 x 1529.28 us = 195747 us (59674.7 GFLOPS/s)
MUL_MAT q4_0 m=5120 n=512 k=17408: 56 x 1757.51 us = 98420.3 us (51929 GFLOPS/s)
MUL_MAT q4_0 m=5120 n=512 k=6144: 16 x 648.137 us = 10370.2 us (49695.7 GFLOPS/s)
MUL_MAT q4_0 m=6144 n=512 k=5120: 48 x 543.08 us = 26067.8 us (59308.2 GFLOPS/s)
MUL_MAT q4_1 m=5120 n=512 k=17408: 8 x 1745.75 us = 13966 us (52278.6 GFLOPS/s)
MUL_MAT q5_K m=5120 n=512 k=6144: 48 x 714.792 us = 34310 us (45061.5 GFLOPS/s)
RMS_NORM(128,16,512,1): 96 x 26.863 us = 2578.88 us
RMS_NORM_MUL RMS_NORM(128,48,512,1): 48 x 94.446 us = 4533.44 us
RMS_NORM_MUL RMS_NORM(256,24,512,1): 16 x 53.04 us = 848.64 us
RMS_NORM_MUL RMS_NORM(256,4,512,1): 16 x 12.38 us = 198.08 us
RMS_NORM_MUL RMS_NORM(5120,512,1,1): 129 x 17.376 us = 2241.6 us
ROPE: 16 x 33.892 us = 542.28 us
ROPE_VIEW_SET_ROWS ROPE: 16 x 9.482 us = 151.72 us
SCALE: 96 x 9.356 us = 898.2 us
SET_ROWS: 16 x 9.832 us = 157.32 us
SIGMOID: 48 x 4.252 us = 204.12 us
SIGMOID_MUL SIGMOID: 16 x 33.922 us = 542.76 us
SILU_MUL SILU: 48 x 34.643 us = 1662.88 us
SOFTPLUS_MUL SOFTPLUS: 48 x 4.252 us = 204.12 us
SSM_CONV_SILU SSM_CONV: 48 x 28.918 us = 1388.08 us
Total time: 589892 us.
----------------
Vulkan Timings:
ADD: 176 x 18.369 us = 3233.04 us
CONCAT: 48 x 133.23 us = 6395.08 us
CONT: 16 x 52.382 us = 838.12 us
CPY: 96 x 4.336 us = 416.32 us
FLASH_ATTN_EXT dst(256,24,512,1),  q(256,512,24,1),  k(256,13824,4,1),  v(256,13824,4,1),  m(13824,512,1,1): 16 x 6121.02 us = 97936.3 us (28417.9 GFLOPS/s)
GATED_DELTA_NET: 48 x 243.967 us = 11710.4 us
GET_ROWS: 96 x 8.013 us = 769.32 us
GLU: 64 x 121.97 us = 7806.12 us
MUL_MAT f32 m=48 n=512 k=5120: 96 x 37.96 us = 3644.16 us (6628.92 GFLOPS/s)
MUL_MAT q4_0 m=1024 n=512 k=5120: 32 x 68.711 us = 2198.76 us (78126.7 GFLOPS/s)
MUL_MAT q4_0 m=10240 n=512 k=5120: 48 x 1041.38 us = 49986 us (51549 GFLOPS/s)
MUL_MAT q4_0 m=12288 n=512 k=5120: 16 x 1143.19 us = 18291 us (56349.5 GFLOPS/s)
MUL_MAT q4_0 m=17408 n=512 k=5120: 128 x 1543.51 us = 197569 us (59124.4 GFLOPS/s)
MUL_MAT q4_0 m=5120 n=512 k=17408: 56 x 1767.94 us = 99004.6 us (51622.5 GFLOPS/s)
MUL_MAT q4_0 m=5120 n=512 k=6144: 16 x 649.405 us = 10390.5 us (49598.7 GFLOPS/s)
MUL_MAT q4_0 m=6144 n=512 k=5120: 48 x 549.66 us = 26383.7 us (58598.2 GFLOPS/s)
MUL_MAT q4_1 m=5120 n=512 k=17408: 8 x 1746.56 us = 13972.4 us (52254.5 GFLOPS/s)
MUL_MAT q5_K m=5120 n=512 k=6144: 48 x 728.017 us = 34944.8 us (44242.9 GFLOPS/s)
RMS_NORM(128,16,512,1): 96 x 28.074 us = 2695.12 us
RMS_NORM_MUL RMS_NORM(128,48,512,1): 48 x 95.415 us = 4579.96 us
RMS_NORM_MUL RMS_NORM(256,24,512,1): 16 x 55.782 us = 892.52 us
RMS_NORM_MUL RMS_NORM(256,4,512,1): 16 x 13.155 us = 210.48 us
RMS_NORM_MUL RMS_NORM(5120,512,1,1): 129 x 21.326 us = 2751.08 us
ROPE: 16 x 38.957 us = 623.32 us
ROPE_VIEW_SET_ROWS ROPE: 16 x 10.172 us = 162.76 us
SCALE: 96 x 10.843 us = 1041 us
SET_ROWS: 16 x 10.097 us = 161.56 us
SIGMOID: 48 x 4.298 us = 206.32 us
SIGMOID_MUL SIGMOID: 16 x 34.667 us = 554.68 us
SILU_MUL SILU: 48 x 35.806 us = 1718.72 us
SOFTPLUS_MUL SOFTPLUS: 48 x 4.413 us = 211.84 us
SSM_CONV_SILU SSM_CONV: 48 x 34.126 us = 1638.08 us
Total time: 602937 us.
----------------
Vulkan Timings:
ADD: 176 x 13.42 us = 2361.92 us
CONCAT: 48 x 130.215 us = 6250.36 us
CONT: 16 x 38.625 us = 618 us
CPY: 96 x 3.964 us = 380.6 us
FLASH_ATTN_EXT dst(256,24,512,1),  q(256,512,24,1),  k(256,14336,4,1),  v(256,14336,4,1),  m(14336,512,1,1): 16 x 6340.54 us = 101449 us (28450 GFLOPS/s)
GATED_DELTA_NET: 48 x 231.884 us = 11130.4 us
GET_ROWS: 96 x 7.238 us = 694.92 us
GLU: 64 x 95.02 us = 6081.32 us
MUL_MAT f32 m=48 n=512 k=5120: 96 x 35.041 us = 3364 us (7180.98 GFLOPS/s)
MUL_MAT q4_0 m=1024 n=512 k=5120: 32 x 66.391 us = 2124.52 us (80856.8 GFLOPS/s)
MUL_MAT q4_0 m=10240 n=512 k=5120: 48 x 1046.09 us = 50212.5 us (51316.5 GFLOPS/s)
MUL_MAT q4_0 m=12288 n=512 k=5120: 16 x 1166.07 us = 18657.2 us (55243.8 GFLOPS/s)
MUL_MAT q4_0 m=17408 n=512 k=5120: 128 x 1536.81 us = 196711 us (59382.3 GFLOPS/s)
MUL_MAT q4_0 m=5120 n=512 k=17408: 56 x 1767 us = 98951.9 us (51650 GFLOPS/s)
MUL_MAT q4_0 m=5120 n=512 k=6144: 16 x 647.03 us = 10352.5 us (49780.7 GFLOPS/s)
MUL_MAT q4_0 m=6144 n=512 k=5120: 48 x 551.201 us = 26457.7 us (58434.3 GFLOPS/s)
MUL_MAT q4_1 m=5120 n=512 k=17408: 8 x 1769.12 us = 14153 us (51588 GFLOPS/s)
MUL_MAT q5_K m=5120 n=512 k=6144: 48 x 722.53 us = 34681.4 us (44579 GFLOPS/s)
RMS_NORM(128,16,512,1): 96 x 27.059 us = 2597.68 us
RMS_NORM_MUL RMS_NORM(128,48,512,1): 48 x 95.415 us = 4579.92 us
RMS_NORM_MUL RMS_NORM(256,24,512,1): 16 x 52.99 us = 847.84 us
RMS_NORM_MUL RMS_NORM(256,4,512,1): 16 x 12.405 us = 198.48 us
RMS_NORM_MUL RMS_NORM(5120,512,1,1): 129 x 17.492 us = 2256.48 us
ROPE: 16 x 33.82 us = 541.12 us
ROPE_VIEW_SET_ROWS ROPE: 16 x 9.732 us = 155.72 us
SCALE: 96 x 9.43 us = 905.36 us
SET_ROWS: 16 x 9.792 us = 156.68 us
SIGMOID: 48 x 4.088 us = 196.24 us
SIGMOID_MUL SIGMOID: 16 x 33.872 us = 541.96 us
SILU_MUL SILU: 48 x 34.797 us = 1670.28 us
SOFTPLUS_MUL SOFTPLUS: 48 x 4.285 us = 205.68 us
SSM_CONV_SILU SSM_CONV: 48 x 30.13 us = 1446.24 us
Total time: 600932 us.
1.41.388.350 I slot print_timing: id  0 | task 20 | prompt processing, n_tokens =  14336, progress = 0.45, t =  15.75 s / 909.99 tokens per second
----------------
Vulkan Timings:
ADD: 176 x 13.435 us = 2364.64 us
CONCAT: 48 x 129.861 us = 6233.36 us
CONT: 16 x 37.275 us = 596.4 us
CPY: 96 x 3.846 us = 369.24 us
FLASH_ATTN_EXT dst(256,24,512,1),  q(256,512,24,1),  k(256,14848,4,1),  v(256,14848,4,1),  m(14848,512,1,1): 16 x 6573.47 us = 105176 us (28422 GFLOPS/s)
GATED_DELTA_NET: 48 x 232.43 us = 11156.6 us
GET_ROWS: 96 x 7.2 us = 691.24 us
GLU: 64 x 93.26 us = 5968.68 us
MUL_MAT f32 m=48 n=512 k=5120: 96 x 34.744 us = 3335.44 us (7242.47 GFLOPS/s)
MUL_MAT q4_0 m=1024 n=512 k=5120: 32 x 66.221 us = 2119.08 us (81064.4 GFLOPS/s)
MUL_MAT q4_0 m=10240 n=512 k=5120: 48 x 1045.55 us = 50186.6 us (51343 GFLOPS/s)
MUL_MAT q4_0 m=12288 n=512 k=5120: 16 x 1148.43 us = 18374.8 us (56092.5 GFLOPS/s)
MUL_MAT q4_0 m=17408 n=512 k=5120: 128 x 1530.68 us = 195928 us (59619.8 GFLOPS/s)
MUL_MAT q4_0 m=5120 n=512 k=17408: 56 x 1756.28 us = 98351.7 us (51965.2 GFLOPS/s)
MUL_MAT q4_0 m=5120 n=512 k=6144: 16 x 648.387 us = 10374.2 us (49676.5 GFLOPS/s)
MUL_MAT q4_0 m=6144 n=512 k=5120: 48 x 545.525 us = 26185.2 us (59042.4 GFLOPS/s)
MUL_MAT q4_1 m=5120 n=512 k=17408: 8 x 1751.01 us = 14008.1 us (52121.6 GFLOPS/s)
MUL_MAT q5_K m=5120 n=512 k=6144: 48 x 717.034 us = 34417.6 us (44920.6 GFLOPS/s)
RMS_NORM(128,16,512,1): 96 x 26.933 us = 2585.64 us
RMS_NORM_MUL RMS_NORM(128,48,512,1): 48 x 94.907 us = 4555.56 us
RMS_NORM_MUL RMS_NORM(256,24,512,1): 16 x 52.747 us = 843.96 us
RMS_NORM_MUL RMS_NORM(256,4,512,1): 16 x 12.43 us = 198.88 us
RMS_NORM_MUL RMS_NORM(5120,512,1,1): 129 x 19.314 us = 2491.52 us
ROPE: 16 x 33.88 us = 542.08 us
ROPE_VIEW_SET_ROWS ROPE: 16 x 9.44 us = 151.04 us
SCALE: 96 x 9.353 us = 897.96 us
SET_ROWS: 16 x 9.78 us = 156.48 us
SIGMOID: 48 x 3.995 us = 191.76 us
SIGMOID_MUL SIGMOID: 16 x 33.995 us = 543.92 us
SILU_MUL SILU: 48 x 34.949 us = 1677.56 us
SOFTPLUS_MUL SOFTPLUS: 48 x 4.465 us = 214.36 us
SSM_CONV_SILU SSM_CONV: 48 x 28.913 us = 1387.84 us
Total time: 602275 us.
----------------
Vulkan Timings:
ADD: 176 x 18.858 us = 3319.04 us
CONCAT: 48 x 133.113 us = 6389.44 us
CONT: 16 x 51.135 us = 818.16 us
CPY: 96 x 4.232 us = 406.28 us
FLASH_ATTN_EXT dst(256,24,512,1),  q(256,512,24,1),  k(256,15360,4,1),  v(256,15360,4,1),  m(15360,512,1,1): 16 x 6811.16 us = 108979 us (28376 GFLOPS/s)
GATED_DELTA_NET: 48 x 235.453 us = 11301.8 us
GET_ROWS: 96 x 8.21 us = 788.16 us
GLU: 64 x 118.28 us = 7569.96 us
MUL_MAT f32 m=48 n=512 k=5120: 96 x 37.916 us = 3639.96 us (6636.57 GFLOPS/s)
MUL_MAT q4_0 m=1024 n=512 k=5120: 32 x 74.467 us = 2382.96 us (72087.6 GFLOPS/s)
MUL_MAT q4_0 m=10240 n=512 k=5120: 48 x 1044.46 us = 50134.3 us (51396.5 GFLOPS/s)
MUL_MAT q4_0 m=12288 n=512 k=5120: 16 x 1129.99 us = 18079.8 us (57007.9 GFLOPS/s)
MUL_MAT q4_0 m=17408 n=512 k=5120: 128 x 1525.69 us = 195288 us (59815 GFLOPS/s)
MUL_MAT q4_0 m=5120 n=512 k=17408: 56 x 1759.48 us = 98530.8 us (51870.7 GFLOPS/s)
MUL_MAT q4_0 m=5120 n=512 k=6144: 16 x 652.315 us = 10437 us (49377.4 GFLOPS/s)
MUL_MAT q4_0 m=6144 n=512 k=5120: 48 x 548.019 us = 26304.9 us (58773.7 GFLOPS/s)
MUL_MAT q4_1 m=5120 n=512 k=17408: 8 x 1797.21 us = 14377.7 us (50781.6 GFLOPS/s)
MUL_MAT q5_K m=5120 n=512 k=6144: 48 x 713.471 us = 34246.6 us (45144.9 GFLOPS/s)
RMS_NORM(128,16,512,1): 96 x 28.088 us = 2696.52 us
RMS_NORM_MUL RMS_NORM(128,48,512,1): 48 x 95.236 us = 4571.36 us
RMS_NORM_MUL RMS_NORM(256,24,512,1): 16 x 58.177 us = 930.84 us
RMS_NORM_MUL RMS_NORM(256,4,512,1): 16 x 12.907 us = 206.52 us
RMS_NORM_MUL RMS_NORM(5120,512,1,1): 129 x 21.091 us = 2720.76 us
ROPE: 16 x 37.762 us = 604.2 us
ROPE_VIEW_SET_ROWS ROPE: 16 x 10.05 us = 160.8 us
SCALE: 96 x 10.84 us = 1040.68 us
SET_ROWS: 16 x 11.23 us = 179.68 us
SIGMOID: 48 x 4.24 us = 203.56 us
SIGMOID_MUL SIGMOID: 16 x 34.685 us = 554.96 us
SILU_MUL SILU: 48 x 35.309 us = 1694.84 us
SOFTPLUS_MUL SOFTPLUS: 48 x 4.405 us = 211.48 us
SSM_CONV_SILU SSM_CONV: 48 x 34.175 us = 1640.4 us
Total time: 610410 us.
----------------
Vulkan Timings:
ADD: 176 x 13.183 us = 2320.32 us
CONCAT: 48 x 129.814 us = 6231.08 us
CONT: 16 x 39.292 us = 628.68 us
CPY: 96 x 3.875 us = 372.04 us
FLASH_ATTN_EXT dst(256,24,512,1),  q(256,512,24,1),  k(256,15872,4,1),  v(256,15872,4,1),  m(15872,512,1,1): 16 x 6980.85 us = 111694 us (28609.1 GFLOPS/s)
GATED_DELTA_NET: 48 x 232.542 us = 11162 us
GET_ROWS: 96 x 7.187 us = 690.04 us
GLU: 64 x 94.117 us = 6023.52 us
MUL_MAT f32 m=48 n=512 k=5120: 96 x 34.88 us = 3348.56 us (7214.1 GFLOPS/s)
MUL_MAT q4_0 m=1024 n=512 k=5120: 32 x 65.292 us = 2089.36 us (82217.5 GFLOPS/s)
MUL_MAT q4_0 m=10240 n=512 k=5120: 48 x 1046.63 us = 50238.3 us (51290.1 GFLOPS/s)
MUL_MAT q4_0 m=12288 n=512 k=5120: 16 x 1132.99 us = 18127.8 us (56856.8 GFLOPS/s)
MUL_MAT q4_0 m=17408 n=512 k=5120: 128 x 1533.28 us = 196260 us (59518.9 GFLOPS/s)
MUL_MAT q4_0 m=5120 n=512 k=17408: 56 x 1755.7 us = 98319.2 us (51982.3 GFLOPS/s)
MUL_MAT q4_0 m=5120 n=512 k=6144: 16 x 652.722 us = 10443.6 us (49346.6 GFLOPS/s)
MUL_MAT q4_0 m=6144 n=512 k=5120: 48 x 546.624 us = 26238 us (58923.7 GFLOPS/s)
MUL_MAT q4_1 m=5120 n=512 k=17408: 8 x 1763.94 us = 14111.5 us (51739.5 GFLOPS/s)
MUL_MAT q5_K m=5120 n=512 k=6144: 48 x 718.001 us = 34464.1 us (44860.1 GFLOPS/s)
RMS_NORM(128,16,512,1): 96 x 27.073 us = 2599.04 us
RMS_NORM_MUL RMS_NORM(128,48,512,1): 48 x 94.771 us = 4549.04 us
RMS_NORM_MUL RMS_NORM(256,24,512,1): 16 x 52.32 us = 837.12 us
RMS_NORM_MUL RMS_NORM(256,4,512,1): 16 x 12.275 us = 196.4 us
RMS_NORM_MUL RMS_NORM(5120,512,1,1): 129 x 17.33 us = 2235.6 us
ROPE: 16 x 33.57 us = 537.12 us
ROPE_VIEW_SET_ROWS ROPE: 16 x 9.312 us = 149 us
SCALE: 96 x 9.368 us = 899.4 us
SET_ROWS: 16 x 9.69 us = 155.04 us
SIGMOID: 48 x 4.098 us = 196.72 us
SIGMOID_MUL SIGMOID: 16 x 34.21 us = 547.36 us
SILU_MUL SILU: 48 x 35 us = 1680 us
SOFTPLUS_MUL SOFTPLUS: 48 x 4.591 us = 220.4 us
SSM_CONV_SILU SSM_CONV: 48 x 29.073 us = 1395.52 us
Total time: 608959 us.
----------------
Vulkan Timings:
ADD: 176 x 18.301 us = 3221.08 us
CONCAT: 48 x 132.59 us = 6364.32 us
CONT: 16 x 52.552 us = 840.84 us
CPY: 96 x 4.335 us = 416.16 us
FLASH_ATTN_EXT dst(256,24,512,1),  q(256,512,24,1),  k(256,16384,4,1),  v(256,16384,4,1),  m(16384,512,1,1): 16 x 7319.14 us = 117106 us (28167 GFLOPS/s)
GATED_DELTA_NET: 48 x 235.829 us = 11319.8 us
GET_ROWS: 96 x 7.985 us = 766.6 us
GLU: 64 x 116.95 us = 7484.8 us
MUL_MAT f32 m=48 n=512 k=5120: 96 x 37.725 us = 3621.68 us (6670.06 GFLOPS/s)
MUL_MAT q4_0 m=1024 n=512 k=5120: 32 x 73.431 us = 2349.8 us (73104.9 GFLOPS/s)
MUL_MAT q4_0 m=10240 n=512 k=5120: 48 x 1047.07 us = 50259.2 us (51268.8 GFLOPS/s)
MUL_MAT q4_0 m=12288 n=512 k=5120: 16 x 1141.88 us = 18270 us (56414.4 GFLOPS/s)
MUL_MAT q4_0 m=17408 n=512 k=5120: 128 x 1530.47 us = 195900 us (59628.2 GFLOPS/s)
MUL_MAT q4_0 m=5120 n=512 k=17408: 56 x 1761.24 us = 98629.7 us (51818.7 GFLOPS/s)
MUL_MAT q4_0 m=5120 n=512 k=6144: 16 x 651.315 us = 10421 us (49453.2 GFLOPS/s)
MUL_MAT q4_0 m=6144 n=512 k=5120: 48 x 549.157 us = 26359.6 us (58651.9 GFLOPS/s)
MUL_MAT q4_1 m=5120 n=512 k=17408: 8 x 1759.23 us = 14073.8 us (51878.1 GFLOPS/s)
MUL_MAT q5_K m=5120 n=512 k=6144: 48 x 714.312 us = 34287 us (45091.8 GFLOPS/s)
RMS_NORM(128,16,512,1): 96 x 28.077 us = 2695.44 us
RMS_NORM_MUL RMS_NORM(128,48,512,1): 48 x 94.625 us = 4542 us
RMS_NORM_MUL RMS_NORM(256,24,512,1): 16 x 55.385 us = 886.16 us
RMS_NORM_MUL RMS_NORM(256,4,512,1): 16 x 12.887 us = 206.2 us
RMS_NORM_MUL RMS_NORM(5120,512,1,1): 129 x 20.988 us = 2707.48 us
ROPE: 16 x 38.32 us = 613.12 us
ROPE_VIEW_SET_ROWS ROPE: 16 x 10.075 us = 161.2 us
SCALE: 96 x 10.831 us = 1039.84 us
SET_ROWS: 16 x 10.052 us = 160.84 us
SIGMOID: 48 x 4.233 us = 203.2 us
SIGMOID_MUL SIGMOID: 16 x 35.462 us = 567.4 us
SILU_MUL SILU: 48 x 35.45 us = 1701.6 us
SOFTPLUS_MUL SOFTPLUS: 48 x 4.578 us = 219.76 us
SSM_CONV_SILU SSM_CONV: 48 x 34.002 us = 1632.12 us
Total time: 619028 us.
1.43.897.563 I slot print_timing: id  0 | task 20 | prompt processing, n_tokens =  16384, progress = 0.51, t =  18.26 s / 897.11 tokens per second
----------------
Vulkan Timings:
ADD: 176 x 13.748 us = 2419.72 us
CONCAT: 48 x 131.135 us = 6294.52 us
CONT: 16 x 38.987 us = 623.8 us
CPY: 96 x 3.989 us = 382.96 us
FLASH_ATTN_EXT dst(256,24,512,1),  q(256,512,24,1),  k(256,16896,4,1),  v(256,16896,4,1),  m(16896,512,1,1): 16 x 7483.01 us = 119728 us (28411.2 GFLOPS/s)
GATED_DELTA_NET: 48 x 234.339 us = 11248.3 us
GET_ROWS: 96 x 7.258 us = 696.84 us
GLU: 64 x 94.985 us = 6079.08 us
MUL_MAT f32 m=48 n=512 k=5120: 96 x 35.156 us = 3375 us (7157.58 GFLOPS/s)
MUL_MAT q4_0 m=1024 n=512 k=5120: 32 x 66.808 us = 2137.88 us (80351.5 GFLOPS/s)
MUL_MAT q4_0 m=10240 n=512 k=5120: 48 x 1062.05 us = 50978.2 us (50545.7 GFLOPS/s)
MUL_MAT q4_0 m=12288 n=512 k=5120: 16 x 1152.26 us = 18436.1 us (55906.1 GFLOPS/s)
MUL_MAT q4_0 m=17408 n=512 k=5120: 128 x 1540.2 us = 197146 us (59251.4 GFLOPS/s)
MUL_MAT q4_0 m=5120 n=512 k=17408: 56 x 1762.97 us = 98726.3 us (51768 GFLOPS/s)
MUL_MAT q4_0 m=5120 n=512 k=6144: 16 x 651.705 us = 10427.3 us (49423.6 GFLOPS/s)
MUL_MAT q4_0 m=6144 n=512 k=5120: 48 x 550.215 us = 26410.4 us (58539 GFLOPS/s)
MUL_MAT q4_1 m=5120 n=512 k=17408: 8 x 1794.76 us = 14358.1 us (50851.1 GFLOPS/s)
MUL_MAT q5_K m=5120 n=512 k=6144: 48 x 722.309 us = 34670.8 us (44592.6 GFLOPS/s)
RMS_NORM(128,16,512,1): 96 x 27.427 us = 2633.08 us
RMS_NORM_MUL RMS_NORM(128,48,512,1): 48 x 95.503 us = 4584.16 us
RMS_NORM_MUL RMS_NORM(256,24,512,1): 16 x 53.372 us = 853.96 us
RMS_NORM_MUL RMS_NORM(256,4,512,1): 16 x 12.442 us = 199.08 us
RMS_NORM_MUL RMS_NORM(5120,512,1,1): 129 x 17.756 us = 2290.64 us
ROPE: 16 x 33.85 us = 541.6 us
ROPE_VIEW_SET_ROWS ROPE: 16 x 9.437 us = 151 us
SCALE: 96 x 9.535 us = 915.44 us
SET_ROWS: 16 x 9.762 us = 156.2 us
SIGMOID: 48 x 4.192 us = 201.24 us
SIGMOID_MUL SIGMOID: 16 x 34.205 us = 547.28 us
SILU_MUL SILU: 48 x 34.895 us = 1675 us
SOFTPLUS_MUL SOFTPLUS: 48 x 4.371 us = 209.84 us
SSM_CONV_SILU SSM_CONV: 48 x 29.4 us = 1411.24 us
Total time: 620509 us.
----------------
Vulkan Timings:
ADD: 176 x 13.338 us = 2347.52 us
CONCAT: 48 x 131.165 us = 6295.96 us
CONT: 16 x 39.522 us = 632.36 us
CPY: 96 x 3.926 us = 376.92 us
FLASH_ATTN_EXT dst(256,24,512,1),  q(256,512,24,1),  k(256,17408,4,1),  v(256,17408,4,1),  m(17408,512,1,1): 16 x 7717.36 us = 123478 us (28383.2 GFLOPS/s)
GATED_DELTA_NET: 48 x 234.465 us = 11254.3 us
GET_ROWS: 96 x 7.227 us = 693.84 us
GLU: 64 x 93.681 us = 5995.64 us
MUL_MAT f32 m=48 n=512 k=5120: 96 x 35.171 us = 3376.48 us (7154.44 GFLOPS/s)
MUL_MAT q4_0 m=1024 n=512 k=5120: 32 x 66.551 us = 2129.64 us (80662.4 GFLOPS/s)
MUL_MAT q4_0 m=10240 n=512 k=5120: 48 x 1056.74 us = 50723.6 us (50799.4 GFLOPS/s)
MUL_MAT q4_0 m=12288 n=512 k=5120: 16 x 1146.06 us = 18337 us (56208.4 GFLOPS/s)
MUL_MAT q4_0 m=17408 n=512 k=5120: 128 x 1534.26 us = 196385 us (59480.9 GFLOPS/s)
MUL_MAT q4_0 m=5120 n=512 k=17408: 56 x 1759.06 us = 98507.2 us (51883.1 GFLOPS/s)
MUL_MAT q4_0 m=5120 n=512 k=6144: 16 x 645.752 us = 10332 us (49879.2 GFLOPS/s)
MUL_MAT q4_0 m=6144 n=512 k=5120: 48 x 549.752 us = 26388.1 us (58588.4 GFLOPS/s)
MUL_MAT q4_1 m=5120 n=512 k=17408: 8 x 1777.87 us = 14222.9 us (51334.3 GFLOPS/s)
MUL_MAT q5_K m=5120 n=512 k=6144: 48 x 721.033 us = 34609.6 us (44671.5 GFLOPS/s)
RMS_NORM(128,16,512,1): 96 x 27.324 us = 2623.16 us
RMS_NORM_MUL RMS_NORM(128,48,512,1): 48 x 95.196 us = 4569.44 us
RMS_NORM_MUL RMS_NORM(256,24,512,1): 16 x 53.237 us = 851.8 us
RMS_NORM_MUL RMS_NORM(256,4,512,1): 16 x 12.485 us = 199.76 us
RMS_NORM_MUL RMS_NORM(5120,512,1,1): 129 x 17.627 us = 2273.92 us
ROPE: 16 x 33.872 us = 541.96 us
ROPE_VIEW_SET_ROWS ROPE: 16 x 9.722 us = 155.56 us
SCALE: 96 x 9.451 us = 907.36 us
SET_ROWS: 16 x 9.777 us = 156.44 us
SIGMOID: 48 x 4.123 us = 197.92 us
SIGMOID_MUL SIGMOID: 16 x 33.882 us = 542.12 us
SILU_MUL SILU: 48 x 34.843 us = 1672.48 us
SOFTPLUS_MUL SOFTPLUS: 48 x 4.345 us = 208.56 us
SSM_CONV_SILU SSM_CONV: 48 x 29.085 us = 1396.08 us
Total time: 622383 us.
----------------
Vulkan Timings:
ADD: 176 x 17.658 us = 3107.92 us
CONCAT: 48 x 132.86 us = 6377.28 us
CONT: 16 x 52.3 us = 836.8 us
CPY: 96 x 4.245 us = 407.56 us
FLASH_ATTN_EXT dst(256,24,512,1),  q(256,512,24,1),  k(256,17920,4,1),  v(256,17920,4,1),  m(17920,512,1,1): 16 x 7989.54 us = 127833 us (28222.6 GFLOPS/s)
GATED_DELTA_NET: 48 x 237.187 us = 11385 us
GET_ROWS: 96 x 8.065 us = 774.24 us
GLU: 64 x 116.943 us = 7484.36 us
MUL_MAT f32 m=48 n=512 k=5120: 96 x 37.886 us = 3637.12 us (6641.75 GFLOPS/s)
MUL_MAT q4_0 m=1024 n=512 k=5120: 32 x 71.176 us = 2277.64 us (75421 GFLOPS/s)
MUL_MAT q4_0 m=10240 n=512 k=5120: 48 x 1057.05 us = 50738.3 us (50784.7 GFLOPS/s)
MUL_MAT q4_0 m=12288 n=512 k=5120: 16 x 1145.76 us = 18332.2 us (56223 GFLOPS/s)
MUL_MAT q4_0 m=17408 n=512 k=5120: 128 x 1540.4 us = 197171 us (59243.7 GFLOPS/s)
MUL_MAT q4_0 m=5120 n=512 k=17408: 56 x 1756.74 us = 98377.3 us (51951.7 GFLOPS/s)
MUL_MAT q4_0 m=5120 n=512 k=6144: 16 x 650.815 us = 10413 us (49491.2 GFLOPS/s)
MUL_MAT q4_0 m=6144 n=512 k=5120: 48 x 551.885 us = 26490.5 us (58362 GFLOPS/s)
MUL_MAT q4_1 m=5120 n=512 k=17408: 8 x 1803.79 us = 14430.3 us (50596.6 GFLOPS/s)
MUL_MAT q5_K m=5120 n=512 k=6144: 48 x 722.377 us = 34674.1 us (44588.4 GFLOPS/s)
RMS_NORM(128,16,512,1): 96 x 28.197 us = 2707 us
RMS_NORM_MUL RMS_NORM(128,48,512,1): 48 x 96.905 us = 4651.48 us
RMS_NORM_MUL RMS_NORM(256,24,512,1): 16 x 55.007 us = 880.12 us
RMS_NORM_MUL RMS_NORM(256,4,512,1): 16 x 12.797 us = 204.76 us
RMS_NORM_MUL RMS_NORM(5120,512,1,1): 129 x 21.368 us = 2756.6 us
ROPE: 16 x 37.992 us = 607.88 us
ROPE_VIEW_SET_ROWS ROPE: 16 x 10.02 us = 160.32 us
SCALE: 96 x 10.743 us = 1031.4 us
SET_ROWS: 16 x 9.455 us = 151.28 us
SIGMOID: 48 x 4.086 us = 196.16 us
SIGMOID_MUL SIGMOID: 16 x 35.565 us = 569.04 us
SILU_MUL SILU: 48 x 35.218 us = 1690.48 us
SOFTPLUS_MUL SOFTPLUS: 48 x 4.53 us = 217.44 us
SSM_CONV_SILU SSM_CONV: 48 x 33.554 us = 1610.6 us
Total time: 632182 us.
----------------
Vulkan Timings:
ADD: 176 x 13.346 us = 2348.96 us
CONCAT: 48 x 130.321 us = 6255.44 us
CONT: 16 x 38.992 us = 623.88 us
CPY: 96 x 3.893 us = 373.8 us
FLASH_ATTN_EXT dst(256,24,512,1),  q(256,512,24,1),  k(256,18432,4,1),  v(256,18432,4,1),  m(18432,512,1,1): 16 x 8194.96 us = 131119 us (28301.3 GFLOPS/s)
GATED_DELTA_NET: 48 x 235.489 us = 11303.5 us
GET_ROWS: 96 x 7.187 us = 690.04 us
GLU: 64 x 93.982 us = 6014.88 us
MUL_MAT f32 m=48 n=512 k=5120: 96 x 35.119 us = 3371.44 us (7165.14 GFLOPS/s)
MUL_MAT q4_0 m=1024 n=512 k=5120: 32 x 73.48 us = 2351.36 us (73056.4 GFLOPS/s)
MUL_MAT q4_0 m=10240 n=512 k=5120: 48 x 1059.04 us = 50833.8 us (50689.3 GFLOPS/s)
MUL_MAT q4_0 m=12288 n=512 k=5120: 16 x 1140.61 us = 18249.8 us (56477 GFLOPS/s)
MUL_MAT q4_0 m=17408 n=512 k=5120: 128 x 1538.04 us = 196869 us (59334.8 GFLOPS/s)
MUL_MAT q4_0 m=5120 n=512 k=17408: 56 x 1761.44 us = 98640.8 us (51812.9 GFLOPS/s)
MUL_MAT q4_0 m=5120 n=512 k=6144: 16 x 652.24 us = 10435.8 us (49383.1 GFLOPS/s)
MUL_MAT q4_0 m=6144 n=512 k=5120: 48 x 552.154 us = 26503.4 us (58333.5 GFLOPS/s)
MUL_MAT q4_1 m=5120 n=512 k=17408: 8 x 1790.74 us = 14325.9 us (50965.2 GFLOPS/s)
MUL_MAT q5_K m=5120 n=512 k=6144: 48 x 722.994 us = 34703.7 us (44550.3 GFLOPS/s)
RMS_NORM(128,16,512,1): 96 x 27.271 us = 2618.08 us
RMS_NORM_MUL RMS_NORM(128,48,512,1): 48 x 95.495 us = 4583.76 us
RMS_NORM_MUL RMS_NORM(256,24,512,1): 16 x 53.477 us = 855.64 us
RMS_NORM_MUL RMS_NORM(256,4,512,1): 16 x 12.157 us = 194.52 us
RMS_NORM_MUL RMS_NORM(5120,512,1,1): 129 x 17.573 us = 2266.96 us
ROPE: 16 x 33.827 us = 541.24 us
ROPE_VIEW_SET_ROWS ROPE: 16 x 9.605 us = 153.68 us
SCALE: 96 x 9.456 us = 907.84 us
SET_ROWS: 16 x 9.262 us = 148.2 us
SIGMOID: 48 x 4.249 us = 203.96 us
SIGMOID_MUL SIGMOID: 16 x 34.237 us = 547.8 us
SILU_MUL SILU: 48 x 34.783 us = 1669.6 us
SOFTPLUS_MUL SOFTPLUS: 48 x 4.302 us = 206.52 us
SSM_CONV_SILU SSM_CONV: 48 x 29.165 us = 1399.96 us
Total time: 631312 us.
1.46.478.656 I slot print_timing: id  0 | task 20 | prompt processing, n_tokens =  18432, progress = 0.58, t =  20.84 s / 884.27 tokens per second
----------------
Vulkan Timings:
ADD: 176 x 18.793 us = 3307.6 us
CONCAT: 48 x 133.995 us = 6431.8 us
CONT: 16 x 53.365 us = 853.84 us
CPY: 96 x 4.409 us = 423.32 us
FLASH_ATTN_EXT dst(256,24,512,1),  q(256,512,24,1),  k(256,18944,4,1),  v(256,18944,4,1),  m(18944,512,1,1): 16 x 8477.51 us = 135640 us (28118 GFLOPS/s)
GATED_DELTA_NET: 48 x 238.681 us = 11456.7 us
GET_ROWS: 96 x 8.182 us = 785.48 us
GLU: 64 x 122.35 us = 7830.44 us
MUL_MAT f32 m=48 n=512 k=5120: 96 x 38.491 us = 3695.2 us (6537.35 GFLOPS/s)
MUL_MAT q4_0 m=1024 n=512 k=5120: 32 x 69.212 us = 2214.8 us (77560.9 GFLOPS/s)
MUL_MAT q4_0 m=10240 n=512 k=5120: 48 x 1062.64 us = 51006.6 us (50517.5 GFLOPS/s)
MUL_MAT q4_0 m=12288 n=512 k=5120: 16 x 1158.95 us = 18543.2 us (55583.1 GFLOPS/s)
MUL_MAT q4_0 m=17408 n=512 k=5120: 128 x 1542.85 us = 197485 us (59149.6 GFLOPS/s)
MUL_MAT q4_0 m=5120 n=512 k=17408: 56 x 1759.73 us = 98545.2 us (51863.1 GFLOPS/s)
MUL_MAT q4_0 m=5120 n=512 k=6144: 16 x 653.047 us = 10448.8 us (49322 GFLOPS/s)
MUL_MAT q4_0 m=6144 n=512 k=5120: 48 x 558.086 us = 26788.2 us (57713.5 GFLOPS/s)
MUL_MAT q4_1 m=5120 n=512 k=17408: 8 x 1804.41 us = 14435.3 us (50579.1 GFLOPS/s)
MUL_MAT q5_K m=5120 n=512 k=6144: 48 x 725.84 us = 34840.3 us (44375.7 GFLOPS/s)
RMS_NORM(128,16,512,1): 96 x 28.517 us = 2737.64 us
RMS_NORM_MUL RMS_NORM(128,48,512,1): 48 x 96.071 us = 4611.44 us
RMS_NORM_MUL RMS_NORM(256,24,512,1): 16 x 56.205 us = 899.28 us
RMS_NORM_MUL RMS_NORM(256,4,512,1): 16 x 12.897 us = 206.36 us
RMS_NORM_MUL RMS_NORM(5120,512,1,1): 129 x 21.86 us = 2819.96 us
ROPE: 16 x 38.942 us = 623.08 us
ROPE_VIEW_SET_ROWS ROPE: 16 x 10.495 us = 167.92 us
SCALE: 96 x 11.042 us = 1060.12 us
SET_ROWS: 16 x 9.607 us = 153.72 us
SIGMOID: 48 x 4.4 us = 211.24 us
SIGMOID_MUL SIGMOID: 16 x 36.172 us = 578.76 us
SILU_MUL SILU: 48 x 35.622 us = 1709.88 us
SOFTPLUS_MUL SOFTPLUS: 48 x 4.355 us = 209.04 us
SSM_CONV_SILU SSM_CONV: 48 x 35.004 us = 1680.2 us
Total time: 642401 us.
----------------
Vulkan Timings:
ADD: 176 x 13.295 us = 2340 us
CONCAT: 48 x 131.054 us = 6290.6 us
CONT: 16 x 38.557 us = 616.92 us
CPY: 96 x 3.921 us = 376.48 us
FLASH_ATTN_EXT dst(256,24,512,1),  q(256,512,24,1),  k(256,19456,4,1),  v(256,19456,4,1),  m(19456,512,1,1): 16 x 8658.37 us = 138534 us (28274.7 GFLOPS/s)
GATED_DELTA_NET: 48 x 234.129 us = 11238.2 us
GET_ROWS: 96 x 7.255 us = 696.56 us
GLU: 64 x 93.912 us = 6010.4 us
MUL_MAT f32 m=48 n=512 k=5120: 96 x 35.173 us = 3376.64 us (7154.1 GFLOPS/s)
MUL_MAT q4_0 m=1024 n=512 k=5120: 32 x 66.505 us = 2128.16 us (80718.5 GFLOPS/s)
MUL_MAT q4_0 m=10240 n=512 k=5120: 48 x 1051.83 us = 50487.9 us (51036.6 GFLOPS/s)
MUL_MAT q4_0 m=12288 n=512 k=5120: 16 x 1149.46 us = 18391.3 us (56042.3 GFLOPS/s)
MUL_MAT q4_0 m=17408 n=512 k=5120: 128 x 1534.74 us = 196447 us (59462.3 GFLOPS/s)
MUL_MAT q4_0 m=5120 n=512 k=17408: 56 x 1755.49 us = 98307.4 us (51988.6 GFLOPS/s)
MUL_MAT q4_0 m=5120 n=512 k=6144: 16 x 651.02 us = 10416.3 us (49475.6 GFLOPS/s)
MUL_MAT q4_0 m=6144 n=512 k=5120: 48 x 548.84 us = 26344.3 us (58685.8 GFLOPS/s)
MUL_MAT q4_1 m=5120 n=512 k=17408: 8 x 1776.14 us = 14209.1 us (51384.1 GFLOPS/s)
MUL_MAT q5_K m=5120 n=512 k=6144: 48 x 718.994 us = 34511.7 us (44798.2 GFLOPS/s)
RMS_NORM(128,16,512,1): 96 x 27.217 us = 2612.84 us
RMS_NORM_MUL RMS_NORM(128,48,512,1): 48 x 95.218 us = 4570.48 us
RMS_NORM_MUL RMS_NORM(256,24,512,1): 16 x 53.372 us = 853.96 us
RMS_NORM_MUL RMS_NORM(256,4,512,1): 16 x 12.155 us = 194.48 us
RMS_NORM_MUL RMS_NORM(5120,512,1,1): 129 x 17.527 us = 2261.08 us
ROPE: 16 x 34.08 us = 545.28 us
ROPE_VIEW_SET_ROWS ROPE: 16 x 9.387 us = 150.2 us
SCALE: 96 x 9.431 us = 905.44 us
SET_ROWS: 16 x 9.712 us = 155.4 us
SIGMOID: 48 x 4.205 us = 201.88 us
SIGMOID_MUL SIGMOID: 16 x 34.15 us = 546.4 us
SILU_MUL SILU: 48 x 34.58 us = 1659.84 us
SOFTPLUS_MUL SOFTPLUS: 48 x 4.194 us = 201.32 us
SSM_CONV_SILU SSM_CONV: 48 x 29.96 us = 1438.12 us
Total time: 637019 us.
----------------
Vulkan Timings:
ADD: 176 x 16.471 us = 2898.92 us
CONCAT: 48 x 136.384 us = 6546.44 us
CONT: 16 x 45.31 us = 724.96 us
CPY: 96 x 4.196 us = 402.84 us
FLASH_ATTN_EXT dst(256,24,512,1),  q(256,512,24,1),  k(256,19968,4,1),  v(256,19968,4,1),  m(19968,512,1,1): 16 x 9071.81 us = 145149 us (27696.3 GFLOPS/s)
GATED_DELTA_NET: 48 x 242.625 us = 11646 us
GET_ROWS: 96 x 7.76 us = 744.96 us
GLU: 64 x 106.945 us = 6844.52 us
MUL_MAT f32 m=48 n=512 k=5120: 96 x 37.316 us = 3582.36 us (6743.27 GFLOPS/s)
MUL_MAT q4_0 m=1024 n=512 k=5120: 32 x 68.876 us = 2204.04 us (77939.6 GFLOPS/s)
MUL_MAT q4_0 m=10240 n=512 k=5120: 48 x 1089.61 us = 52301.4 us (49266.9 GFLOPS/s)
MUL_MAT q4_0 m=12288 n=512 k=5120: 16 x 1187.84 us = 19005.4 us (54231.6 GFLOPS/s)
MUL_MAT q4_0 m=17408 n=512 k=5120: 128 x 1584.14 us = 202770 us (57607.8 GFLOPS/s)
MUL_MAT q4_0 m=5120 n=512 k=17408: 56 x 1789.33 us = 100203 us (51005.3 GFLOPS/s)
MUL_MAT q4_0 m=5120 n=512 k=6144: 16 x 667.825 us = 10685.2 us (48230.6 GFLOPS/s)
MUL_MAT q4_0 m=6144 n=512 k=5120: 48 x 569.154 us = 27319.4 us (56591.2 GFLOPS/s)
MUL_MAT q4_1 m=5120 n=512 k=17408: 8 x 1991.18 us = 15929.4 us (45834.8 GFLOPS/s)
MUL_MAT q5_K m=5120 n=512 k=6144: 48 x 744.672 us = 35744.3 us (43253.4 GFLOPS/s)
RMS_NORM(128,16,512,1): 96 x 28.567 us = 2742.48 us
RMS_NORM_MUL RMS_NORM(128,48,512,1): 48 x 97.72 us = 4690.56 us
RMS_NORM_MUL RMS_NORM(256,24,512,1): 16 x 55.817 us = 893.08 us
RMS_NORM_MUL RMS_NORM(256,4,512,1): 16 x 12.812 us = 205 us
RMS_NORM_MUL RMS_NORM(5120,512,1,1): 129 x 21.706 us = 2800.08 us
ROPE: 16 x 36.712 us = 587.4 us
ROPE_VIEW_SET_ROWS ROPE: 16 x 9.932 us = 158.92 us
SCALE: 96 x 10.493 us = 1007.4 us
SET_ROWS: 16 x 9.58 us = 153.28 us
SIGMOID: 48 x 4.207 us = 201.96 us
SIGMOID_MUL SIGMOID: 16 x 36.025 us = 576.4 us
SILU_MUL SILU: 48 x 36.158 us = 1735.6 us
SOFTPLUS_MUL SOFTPLUS: 48 x 4.737 us = 227.4 us
SSM_CONV_SILU SSM_CONV: 48 x 32.761 us = 1572.56 us
Total time: 662254 us.
----------------
Vulkan Timings:
ADD: 176 x 14.267 us = 2511.04 us
CONCAT: 48 x 130.74 us = 6275.52 us
CONT: 16 x 42.827 us = 685.24 us
CPY: 96 x 3.967 us = 380.92 us
FLASH_ATTN_EXT dst(256,24,512,1),  q(256,512,24,1),  k(256,20480,4,1),  v(256,20480,4,1),  m(20480,512,1,1): 16 x 9143.01 us = 146288 us (28185.3 GFLOPS/s)
GATED_DELTA_NET: 48 x 233.986 us = 11231.4 us
GET_ROWS: 96 x 7.411 us = 711.48 us
GLU: 64 x 101.598 us = 6502.32 us
MUL_MAT f32 m=48 n=512 k=5120: 96 x 35.837 us = 3440.44 us (7021.44 GFLOPS/s)
MUL_MAT q4_0 m=1024 n=512 k=5120: 32 x 66.942 us = 2142.16 us (80191 GFLOPS/s)
MUL_MAT q4_0 m=10240 n=512 k=5120: 48 x 1049.79 us = 50389.7 us (51136 GFLOPS/s)
MUL_MAT q4_0 m=12288 n=512 k=5120: 16 x 1145.42 us = 18326.7 us (56239.9 GFLOPS/s)
MUL_MAT q4_0 m=17408 n=512 k=5120: 128 x 1538.2 us = 196890 us (59328.4 GFLOPS/s)
MUL_MAT q4_0 m=5120 n=512 k=17408: 56 x 1754.53 us = 98253.5 us (52017.1 GFLOPS/s)
MUL_MAT q4_0 m=5120 n=512 k=6144: 16 x 657.137 us = 10514.2 us (49015.1 GFLOPS/s)
MUL_MAT q4_0 m=6144 n=512 k=5120: 48 x 548.962 us = 26350.2 us (58672.7 GFLOPS/s)
MUL_MAT q4_1 m=5120 n=512 k=17408: 8 x 1797.96 us = 14383.7 us (50760.5 GFLOPS/s)
MUL_MAT q5_K m=5120 n=512 k=6144: 48 x 718.346 us = 34480.6 us (44838.6 GFLOPS/s)
RMS_NORM(128,16,512,1): 96 x 27.39 us = 2629.44 us
RMS_NORM_MUL RMS_NORM(128,48,512,1): 48 x 95.31 us = 4574.88 us
RMS_NORM_MUL RMS_NORM(256,24,512,1): 16 x 53.637 us = 858.2 us
RMS_NORM_MUL RMS_NORM(256,4,512,1): 16 x 12.317 us = 197.08 us
RMS_NORM_MUL RMS_NORM(5120,512,1,1): 129 x 18.542 us = 2392.04 us
ROPE: 16 x 35.1 us = 561.6 us
ROPE_VIEW_SET_ROWS ROPE: 16 x 9.587 us = 153.4 us
SCALE: 96 x 9.809 us = 941.72 us
SET_ROWS: 16 x 9.42 us = 150.72 us
SIGMOID: 48 x 4.119 us = 197.72 us
SIGMOID_MUL SIGMOID: 16 x 34.927 us = 558.84 us
SILU_MUL SILU: 48 x 34.558 us = 1658.8 us
SOFTPLUS_MUL SOFTPLUS: 48 x 4.302 us = 206.52 us
SSM_CONV_SILU SSM_CONV: 48 x 30.273 us = 1453.12 us
Total time: 646291 us.
1.49.153.793 I slot print_timing: id  0 | task 20 | prompt processing, n_tokens =  20480, progress = 0.64, t =  23.52 s / 870.77 tokens per second
----------------
Vulkan Timings:
ADD: 176 x 13.669 us = 2405.76 us
CONCAT: 48 x 131.428 us = 6308.56 us
CONT: 16 x 38.362 us = 613.8 us
CPY: 96 x 4.164 us = 399.8 us
FLASH_ATTN_EXT dst(256,24,512,1),  q(256,512,24,1),  k(256,20992,4,1),  v(256,20992,4,1),  m(20992,512,1,1): 16 x 9335.57 us = 149369 us (28294 GFLOPS/s)
GATED_DELTA_NET: 48 x 234.459 us = 11254 us
GET_ROWS: 96 x 7.14 us = 685.52 us
GLU: 64 x 95.336 us = 6101.52 us
MUL_MAT f32 m=48 n=512 k=5120: 96 x 34.956 us = 3355.8 us (7198.53 GFLOPS/s)
MUL_MAT q4_0 m=1024 n=512 k=5120: 32 x 66.606 us = 2131.4 us (80595.8 GFLOPS/s)
MUL_MAT q4_0 m=10240 n=512 k=5120: 48 x 1056.29 us = 50702.1 us (50821 GFLOPS/s)
MUL_MAT q4_0 m=12288 n=512 k=5120: 16 x 1153.2 us = 18451.3 us (55860.2 GFLOPS/s)
MUL_MAT q4_0 m=17408 n=512 k=5120: 128 x 1546.36 us = 197934 us (59015.5 GFLOPS/s)
MUL_MAT q4_0 m=5120 n=512 k=17408: 56 x 1759.52 us = 98533.3 us (51869.4 GFLOPS/s)
MUL_MAT q4_0 m=5120 n=512 k=6144: 16 x 653.997 us = 10464 us (49250.4 GFLOPS/s)
MUL_MAT q4_0 m=6144 n=512 k=5120: 48 x 551.311 us = 26463 us (58422.7 GFLOPS/s)
MUL_MAT q4_1 m=5120 n=512 k=17408: 8 x 1802.67 us = 14421.4 us (50627.9 GFLOPS/s)
MUL_MAT q5_K m=5120 n=512 k=6144: 48 x 724.21 us = 34762.1 us (44475.5 GFLOPS/s)
RMS_NORM(128,16,512,1): 96 x 27.305 us = 2621.28 us
RMS_NORM_MUL RMS_NORM(128,48,512,1): 48 x 95.332 us = 4575.96 us
RMS_NORM_MUL RMS_NORM(256,24,512,1): 16 x 53.26 us = 852.16 us
RMS_NORM_MUL RMS_NORM(256,4,512,1): 16 x 12.207 us = 195.32 us
RMS_NORM_MUL RMS_NORM(5120,512,1,1): 129 x 17.53 us = 2261.4 us
ROPE: 16 x 33.942 us = 543.08 us
ROPE_VIEW_SET_ROWS ROPE: 16 x 9.405 us = 150.48 us
SCALE: 96 x 9.462 us = 908.44 us
SET_ROWS: 16 x 9.262 us = 148.2 us
SIGMOID: 48 x 3.994 us = 191.72 us
SIGMOID_MUL SIGMOID: 16 x 34.417 us = 550.68 us
SILU_MUL SILU: 48 x 34.821 us = 1671.44 us
SOFTPLUS_MUL SOFTPLUS: 48 x 4.485 us = 215.28 us
SSM_CONV_SILU SSM_CONV: 48 x 29.149 us = 1399.16 us
Total time: 650641 us.
----------------
Vulkan Timings:
ADD: 176 x 23.421 us = 4122.24 us
CONCAT: 48 x 137.846 us = 6616.64 us
CONT: 16 x 66.805 us = 1068.88 us
CPY: 96 x 4.844 us = 465.08 us
FLASH_ATTN_EXT dst(256,24,512,1),  q(256,512,24,1),  k(256,21504,4,1),  v(256,21504,4,1),  m(21504,512,1,1): 16 x 9823.75 us = 157180 us (27543.8 GFLOPS/s)
GATED_DELTA_NET: 48 x 243.404 us = 11683.4 us
GET_ROWS: 96 x 8.975 us = 861.68 us
GLU: 64 x 147.098 us = 9414.28 us
MUL_MAT f32 m=48 n=512 k=5120: 96 x 41.613 us = 3994.88 us (6046.95 GFLOPS/s)
MUL_MAT q4_0 m=1024 n=512 k=5120: 32 x 71.366 us = 2283.72 us (75220.2 GFLOPS/s)
MUL_MAT q4_0 m=10240 n=512 k=5120: 48 x 1059.69 us = 50865.3 us (50657.9 GFLOPS/s)
MUL_MAT q4_0 m=12288 n=512 k=5120: 16 x 1169.02 us = 18704.2 us (55104.7 GFLOPS/s)
MUL_MAT q4_0 m=17408 n=512 k=5120: 128 x 1548.42 us = 198198 us (58937 GFLOPS/s)
MUL_MAT q4_0 m=5120 n=512 k=17408: 56 x 1772.7 us = 99271.5 us (51483.7 GFLOPS/s)
MUL_MAT q4_0 m=5120 n=512 k=6144: 16 x 658.505 us = 10536.1 us (48913.3 GFLOPS/s)
MUL_MAT q4_0 m=6144 n=512 k=5120: 48 x 561.903 us = 26971.4 us (57321.4 GFLOPS/s)
MUL_MAT q4_1 m=5120 n=512 k=17408: 8 x 1837.78 us = 14702.2 us (49660.8 GFLOPS/s)
MUL_MAT q5_K m=5120 n=512 k=6144: 48 x 725.57 us = 34827.4 us (44392.1 GFLOPS/s)
RMS_NORM(128,16,512,1): 96 x 29.616 us = 2843.16 us
RMS_NORM_MUL RMS_NORM(128,48,512,1): 48 x 96.391 us = 4626.8 us
RMS_NORM_MUL RMS_NORM(256,24,512,1): 16 x 60.37 us = 965.92 us
RMS_NORM_MUL RMS_NORM(256,4,512,1): 16 x 13.705 us = 219.28 us
RMS_NORM_MUL RMS_NORM(5120,512,1,1): 129 x 25.454 us = 3283.64 us
ROPE: 16 x 45.02 us = 720.32 us
ROPE_VIEW_SET_ROWS ROPE: 16 x 10.967 us = 175.48 us
SCALE: 96 x 12.46 us = 1196.16 us
SET_ROWS: 16 x 9.832 us = 157.32 us
SIGMOID: 48 x 4.204 us = 201.8 us
SIGMOID_MUL SIGMOID: 16 x 39.217 us = 627.48 us
SILU_MUL SILU: 48 x 36.237 us = 1739.4 us
SOFTPLUS_MUL SOFTPLUS: 48 x 4.757 us = 228.36 us
SSM_CONV_SILU SSM_CONV: 48 x 40.615 us = 1949.52 us
Total time: 670701 us.
----------------
Vulkan Timings:
ADD: 176 x 23.658 us = 4163.96 us
CONCAT: 48 x 136.676 us = 6560.48 us
CONT: 16 x 66.83 us = 1069.28 us
CPY: 96 x 4.85 us = 465.64 us
FLASH_ATTN_EXT dst(256,24,512,1),  q(256,512,24,1),  k(256,22016,4,1),  v(256,22016,4,1),  m(22016,512,1,1): 16 x 9945.49 us = 159128 us (27854.4 GFLOPS/s)
GATED_DELTA_NET: 48 x 241.295 us = 11582.2 us
GET_ROWS: 96 x 9.002 us = 864.2 us
GLU: 64 x 146.839 us = 9397.72 us
MUL_MAT f32 m=48 n=512 k=5120: 96 x 41.431 us = 3977.44 us (6073.46 GFLOPS/s)
MUL_MAT q4_0 m=1024 n=512 k=5120: 32 x 70.971 us = 2271.08 us (75638.9 GFLOPS/s)
MUL_MAT q4_0 m=10240 n=512 k=5120: 48 x 1056.82 us = 50727.4 us (50795.6 GFLOPS/s)
MUL_MAT q4_0 m=12288 n=512 k=5120: 16 x 1161.53 us = 18584.5 us (55459.7 GFLOPS/s)
MUL_MAT q4_0 m=17408 n=512 k=5120: 128 x 1541.15 us = 197267 us (59215.1 GFLOPS/s)
MUL_MAT q4_0 m=5120 n=512 k=17408: 56 x 1766.52 us = 98925.2 us (51663.9 GFLOPS/s)
MUL_MAT q4_0 m=5120 n=512 k=6144: 16 x 658.007 us = 10528.1 us (48950.3 GFLOPS/s)
MUL_MAT q4_0 m=6144 n=512 k=5120: 48 x 560.155 us = 26887.4 us (57500.4 GFLOPS/s)
MUL_MAT q4_1 m=5120 n=512 k=17408: 8 x 1832.8 us = 14662.4 us (49795.6 GFLOPS/s)
MUL_MAT q5_K m=5120 n=512 k=6144: 48 x 723.593 us = 34732.5 us (44513.4 GFLOPS/s)
RMS_NORM(128,16,512,1): 96 x 29.628 us = 2844.32 us
RMS_NORM_MUL RMS_NORM(128,48,512,1): 48 x 97.137 us = 4662.6 us
RMS_NORM_MUL RMS_NORM(256,24,512,1): 16 x 58.662 us = 938.6 us
RMS_NORM_MUL RMS_NORM(256,4,512,1): 16 x 13.642 us = 218.28 us
RMS_NORM_MUL RMS_NORM(5120,512,1,1): 129 x 26.019 us = 3356.56 us
ROPE: 16 x 44.77 us = 716.32 us
ROPE_VIEW_SET_ROWS ROPE: 16 x 10.93 us = 174.88 us
SCALE: 96 x 12.432 us = 1193.48 us
SET_ROWS: 16 x 9.762 us = 156.2 us
SIGMOID: 48 x 4.348 us = 208.72 us
SIGMOID_MUL SIGMOID: 16 x 39.317 us = 629.08 us
SILU_MUL SILU: 48 x 36.13 us = 1734.24 us
SOFTPLUS_MUL SOFTPLUS: 48 x 4.659 us = 223.64 us
SSM_CONV_SILU SSM_CONV: 48 x 39.89 us = 1914.76 us
Total time: 670766 us.
----------------
Vulkan Timings:
ADD: 176 x 20.873 us = 3673.68 us
CONCAT: 48 x 135.282 us = 6493.56 us
CONT: 16 x 58.972 us = 943.56 us
CPY: 96 x 4.626 us = 444.12 us
FLASH_ATTN_EXT dst(256,24,512,1),  q(256,512,24,1),  k(256,22528,4,1),  v(256,22528,4,1),  m(22528,512,1,1): 16 x 10220.8 us = 163532 us (27734.5 GFLOPS/s)
GATED_DELTA_NET: 48 x 239.319 us = 11487.3 us
GET_ROWS: 96 x 8.556 us = 821.44 us
GLU: 64 x 131.524 us = 8417.56 us
MUL_MAT f32 m=48 n=512 k=5120: 96 x 39.385 us = 3780.96 us (6389.07 GFLOPS/s)
MUL_MAT q4_0 m=1024 n=512 k=5120: 32 x 69.198 us = 2214.36 us (77576.3 GFLOPS/s)
MUL_MAT q4_0 m=10240 n=512 k=5120: 48 x 1059.74 us = 50867.8 us (50655.4 GFLOPS/s)
MUL_MAT q4_0 m=12288 n=512 k=5120: 16 x 1155.19 us = 18483 us (55764.2 GFLOPS/s)
MUL_MAT q4_0 m=17408 n=512 k=5120: 128 x 1537.69 us = 196824 us (59348.3 GFLOPS/s)
MUL_MAT q4_0 m=5120 n=512 k=17408: 56 x 1761.98 us = 98670.8 us (51797.1 GFLOPS/s)
MUL_MAT q4_0 m=5120 n=512 k=6144: 16 x 657.28 us = 10516.5 us (49004.4 GFLOPS/s)
MUL_MAT q4_0 m=6144 n=512 k=5120: 48 x 556.924 us = 26732.4 us (57833.9 GFLOPS/s)
MUL_MAT q4_1 m=5120 n=512 k=17408: 8 x 1818.23 us = 14545.9 us (50194.5 GFLOPS/s)
MUL_MAT q5_K m=5120 n=512 k=6144: 48 x 723.113 us = 34709.4 us (44543 GFLOPS/s)
RMS_NORM(128,16,512,1): 96 x 28.947 us = 2778.96 us
RMS_NORM_MUL RMS_NORM(128,48,512,1): 48 x 96.748 us = 4643.92 us
RMS_NORM_MUL RMS_NORM(256,24,512,1): 16 x 56.965 us = 911.44 us
RMS_NORM_MUL RMS_NORM(256,4,512,1): 16 x 13.185 us = 210.96 us
RMS_NORM_MUL RMS_NORM(5120,512,1,1): 129 x 23.608 us = 3045.44 us
ROPE: 16 x 40.512 us = 648.2 us
ROPE_VIEW_SET_ROWS ROPE: 16 x 10.442 us = 167.08 us
SCALE: 96 x 11.624 us = 1115.96 us
SET_ROWS: 16 x 9.592 us = 153.48 us
SIGMOID: 48 x 4.109 us = 197.24 us
SIGMOID_MUL SIGMOID: 16 x 40.677 us = 650.84 us
SILU_MUL SILU: 48 x 36.077 us = 1731.72 us
SOFTPLUS_MUL SOFTPLUS: 48 x 4.706 us = 225.92 us
SSM_CONV_SILU SSM_CONV: 48 x 36.99 us = 1775.52 us
Total time: 671415 us.
1.51.897.660 I slot print_timing: id  0 | task 20 | prompt processing, n_tokens =  22528, progress = 0.70, t =  26.26 s / 857.78 tokens per second
----------------
Vulkan Timings:
ADD: 176 x 13.506 us = 2377.16 us
CONCAT: 48 x 133.004 us = 6384.2 us
CONT: 16 x 37.212 us = 595.4 us
CPY: 96 x 3.938 us = 378.08 us
FLASH_ATTN_EXT dst(256,24,512,1),  q(256,512,24,1),  k(256,23040,4,1),  v(256,23040,4,1),  m(23040,512,1,1): 16 x 10361.5 us = 165785 us (27979.4 GFLOPS/s)
GATED_DELTA_NET: 48 x 239.136 us = 11478.6 us
GET_ROWS: 96 x 7.47 us = 717.2 us
GLU: 64 x 95.918 us = 6138.76 us
MUL_MAT f32 m=48 n=512 k=5120: 96 x 35.625 us = 3420 us (7063.4 GFLOPS/s)
MUL_MAT q4_0 m=1024 n=512 k=5120: 32 x 67.59 us = 2162.88 us (79422.8 GFLOPS/s)
MUL_MAT q4_0 m=10240 n=512 k=5120: 48 x 1077.91 us = 51739.8 us (49801.6 GFLOPS/s)
MUL_MAT q4_0 m=12288 n=512 k=5120: 16 x 1172.99 us = 18767.8 us (54918.1 GFLOPS/s)
MUL_MAT q4_0 m=17408 n=512 k=5120: 128 x 1564.77 us = 200290 us (58321.3 GFLOPS/s)
MUL_MAT q4_0 m=5120 n=512 k=17408: 56 x 1772.09 us = 99236.8 us (51501.7 GFLOPS/s)
MUL_MAT q4_0 m=5120 n=512 k=6144: 16 x 659.812 us = 10557 us (48816.3 GFLOPS/s)
MUL_MAT q4_0 m=6144 n=512 k=5120: 48 x 562.887 us = 27018.6 us (57221.2 GFLOPS/s)
MUL_MAT q4_1 m=5120 n=512 k=17408: 8 x 1890.76 us = 15126 us (48269.3 GFLOPS/s)
MUL_MAT q5_K m=5120 n=512 k=6144: 48 x 737.23 us = 35387 us (43690.1 GFLOPS/s)
RMS_NORM(128,16,512,1): 96 x 27.75 us = 2664.04 us
RMS_NORM_MUL RMS_NORM(128,48,512,1): 48 x 97.007 us = 4656.36 us
RMS_NORM_MUL RMS_NORM(256,24,512,1): 16 x 54.13 us = 866.08 us
RMS_NORM_MUL RMS_NORM(256,4,512,1): 16 x 12.275 us = 196.4 us
RMS_NORM_MUL RMS_NORM(5120,512,1,1): 129 x 17.799 us = 2296.08 us
ROPE: 16 x 34.102 us = 545.64 us
ROPE_VIEW_SET_ROWS ROPE: 16 x 9.535 us = 152.56 us
SCALE: 96 x 9.599 us = 921.56 us
SET_ROWS: 16 x 9.425 us = 150.8 us
SIGMOID: 48 x 4.352 us = 208.92 us
SIGMOID_MUL SIGMOID: 16 x 34.562 us = 553 us
SILU_MUL SILU: 48 x 35.44 us = 1701.12 us
SOFTPLUS_MUL SOFTPLUS: 48 x 4.426 us = 212.48 us
SSM_CONV_SILU SSM_CONV: 48 x 29.993 us = 1439.68 us
Total time: 674125 us.
----------------
Vulkan Timings:
ADD: 176 x 18.347 us = 3229.16 us
CONCAT: 48 x 133.336 us = 6400.16 us
CONT: 16 x 51.957 us = 831.32 us
CPY: 96 x 4.38 us = 420.48 us
FLASH_ATTN_EXT dst(256,24,512,1),  q(256,512,24,1),  k(256,23552,4,1),  v(256,23552,4,1),  m(23552,512,1,1): 16 x 10614.4 us = 169830 us (27919.9 GFLOPS/s)
GATED_DELTA_NET: 48 x 237.851 us = 11416.9 us
GET_ROWS: 96 x 8.279 us = 794.8 us
GLU: 64 x 118.11 us = 7559.04 us
MUL_MAT f32 m=48 n=512 k=5120: 96 x 38.619 us = 3707.44 us (6515.77 GFLOPS/s)
MUL_MAT q4_0 m=1024 n=512 k=5120: 32 x 69.22 us = 2215.04 us (77552.5 GFLOPS/s)
MUL_MAT q4_0 m=10240 n=512 k=5120: 48 x 1050.28 us = 50413.5 us (51111.9 GFLOPS/s)
MUL_MAT q4_0 m=12288 n=512 k=5120: 16 x 1150.91 us = 18414.6 us (55971.4 GFLOPS/s)
MUL_MAT q4_0 m=17408 n=512 k=5120: 128 x 1537.09 us = 196747 us (59371.4 GFLOPS/s)
MUL_MAT q4_0 m=5120 n=512 k=17408: 56 x 1762.55 us = 98703 us (51780.3 GFLOPS/s)
MUL_MAT q4_0 m=5120 n=512 k=6144: 16 x 656.567 us = 10505.1 us (49057.6 GFLOPS/s)
MUL_MAT q4_0 m=6144 n=512 k=5120: 48 x 553.813 us = 26583 us (58158.8 GFLOPS/s)
MUL_MAT q4_1 m=5120 n=512 k=17408: 8 x 1791.08 us = 14328.6 us (50955.7 GFLOPS/s)
MUL_MAT q5_K m=5120 n=512 k=6144: 48 x 721.694 us = 34641.3 us (44630.6 GFLOPS/s)
RMS_NORM(128,16,512,1): 96 x 28.179 us = 2705.24 us
RMS_NORM_MUL RMS_NORM(128,48,512,1): 48 x 95.755 us = 4596.28 us
RMS_NORM_MUL RMS_NORM(256,24,512,1): 16 x 56.275 us = 900.4 us
RMS_NORM_MUL RMS_NORM(256,4,512,1): 16 x 12.932 us = 206.92 us
RMS_NORM_MUL RMS_NORM(5120,512,1,1): 129 x 21.527 us = 2777 us
ROPE: 16 x 38.62 us = 617.92 us
ROPE_VIEW_SET_ROWS ROPE: 16 x 11.07 us = 177.12 us
SCALE: 96 x 10.775 us = 1034.48 us
SET_ROWS: 16 x 9.522 us = 152.36 us
SIGMOID: 48 x 4.078 us = 195.76 us
SIGMOID_MUL SIGMOID: 16 x 38.487 us = 615.8 us
SILU_MUL SILU: 48 x 35.744 us = 1715.72 us
SOFTPLUS_MUL SOFTPLUS: 48 x 4.624 us = 221.96 us
SSM_CONV_SILU SSM_CONV: 48 x 35.322 us = 1695.48 us
Total time: 674353 us.
----------------
Vulkan Timings:
ADD: 176 x 24.092 us = 4240.28 us
CONCAT: 48 x 137.824 us = 6615.56 us
CONT: 16 x 66.797 us = 1068.76 us
CPY: 96 x 4.918 us = 472.2 us
FLASH_ATTN_EXT dst(256,24,512,1),  q(256,512,24,1),  k(256,24064,4,1),  v(256,24064,4,1),  m(24064,512,1,1): 16 x 10928 us = 174848 us (27708.2 GFLOPS/s)
GATED_DELTA_NET: 48 x 242.873 us = 11657.9 us
GET_ROWS: 96 x 9.081 us = 871.8 us
GLU: 64 x 146.241 us = 9359.48 us
MUL_MAT f32 m=48 n=512 k=5120: 96 x 41.77 us = 4009.96 us (6024.21 GFLOPS/s)
MUL_MAT q4_0 m=1024 n=512 k=5120: 32 x 71.376 us = 2284.04 us (75209.7 GFLOPS/s)
MUL_MAT q4_0 m=10240 n=512 k=5120: 48 x 1064.17 us = 51080 us (50445 GFLOPS/s)
MUL_MAT q4_0 m=12288 n=512 k=5120: 16 x 1167.79 us = 18684.6 us (55162.7 GFLOPS/s)
MUL_MAT q4_0 m=17408 n=512 k=5120: 128 x 1543.36 us = 197550 us (59130.1 GFLOPS/s)
MUL_MAT q4_0 m=5120 n=512 k=17408: 56 x 1769.96 us = 99118.1 us (51563.4 GFLOPS/s)
MUL_MAT q4_0 m=5120 n=512 k=6144: 16 x 658.615 us = 10537.8 us (48905.1 GFLOPS/s)
MUL_MAT q4_0 m=6144 n=512 k=5120: 48 x 560.318 us = 26895.3 us (57483.6 GFLOPS/s)
MUL_MAT q4_1 m=5120 n=512 k=17408: 8 x 1845.59 us = 14764.7 us (49450.5 GFLOPS/s)
MUL_MAT q5_K m=5120 n=512 k=6144: 48 x 725.655 us = 34831.5 us (44386.9 GFLOPS/s)
RMS_NORM(128,16,512,1): 96 x 29.755 us = 2856.56 us
RMS_NORM_MUL RMS_NORM(128,48,512,1): 48 x 98.007 us = 4704.36 us
RMS_NORM_MUL RMS_NORM(256,24,512,1): 16 x 59.17 us = 946.72 us
RMS_NORM_MUL RMS_NORM(256,4,512,1): 16 x 13.715 us = 219.44 us
RMS_NORM_MUL RMS_NORM(5120,512,1,1): 129 x 26.091 us = 3365.8 us
ROPE: 16 x 43.93 us = 702.88 us
ROPE_VIEW_SET_ROWS ROPE: 16 x 10.95 us = 175.2 us
SCALE: 96 x 12.651 us = 1214.56 us
SET_ROWS: 16 x 9.832 us = 157.32 us
SIGMOID: 48 x 4.298 us = 206.32 us
SIGMOID_MUL SIGMOID: 16 x 39.47 us = 631.52 us
SILU_MUL SILU: 48 x 36.395 us = 1747 us
SOFTPLUS_MUL SOFTPLUS: 48 x 4.666 us = 224 us
SSM_CONV_SILU SSM_CONV: 48 x 39.968 us = 1918.48 us
Total time: 687961 us.
----------------
Vulkan Timings:
ADD: 176 x 23.825 us = 4193.36 us
CONCAT: 48 x 137.915 us = 6619.92 us
CONT: 16 x 65.612 us = 1049.8 us
CPY: 96 x 4.952 us = 475.4 us
FLASH_ATTN_EXT dst(256,24,512,1),  q(256,512,24,1),  k(256,24576,4,1),  v(256,24576,4,1),  m(24576,512,1,1): 16 x 11287.7 us = 180603 us (27396 GFLOPS/s)
GATED_DELTA_NET: 48 x 242.907 us = 11659.6 us
GET_ROWS: 96 x 9.11 us = 874.56 us
GLU: 64 x 147.475 us = 9438.4 us
MUL_MAT f32 m=48 n=512 k=5120: 96 x 41.647 us = 3998.16 us (6041.99 GFLOPS/s)
MUL_MAT q4_0 m=1024 n=512 k=5120: 32 x 71.973 us = 2303.16 us (74585.3 GFLOPS/s)
MUL_MAT q4_0 m=10240 n=512 k=5120: 48 x 1063.27 us = 51036.8 us (50487.7 GFLOPS/s)
MUL_MAT q4_0 m=12288 n=512 k=5120: 16 x 1169.36 us = 18709.8 us (55088.4 GFLOPS/s)
MUL_MAT q4_0 m=17408 n=512 k=5120: 128 x 1547.83 us = 198122 us (58959.6 GFLOPS/s)
MUL_MAT q4_0 m=5120 n=512 k=17408: 56 x 1770.45 us = 99145.2 us (51549.3 GFLOPS/s)
MUL_MAT q4_0 m=5120 n=512 k=6144: 16 x 658.072 us = 10529.2 us (48945.4 GFLOPS/s)
MUL_MAT q4_0 m=6144 n=512 k=5120: 48 x 562.931 us = 27020.7 us (57216.7 GFLOPS/s)
MUL_MAT q4_1 m=5120 n=512 k=17408: 8 x 1850.52 us = 14804.1 us (49318.9 GFLOPS/s)
MUL_MAT q5_K m=5120 n=512 k=6144: 48 x 729.155 us = 34999.4 us (44173.9 GFLOPS/s)
RMS_NORM(128,16,512,1): 96 x 29.84 us = 2864.64 us
RMS_NORM_MUL RMS_NORM(128,48,512,1): 48 x 97.857 us = 4697.16 us
RMS_NORM_MUL RMS_NORM(256,24,512,1): 16 x 58.867 us = 941.88 us
RMS_NORM_MUL RMS_NORM(256,4,512,1): 16 x 13.785 us = 220.56 us
RMS_NORM_MUL RMS_NORM(5120,512,1,1): 129 x 25.82 us = 3330.8 us
ROPE: 16 x 44.195 us = 707.12 us
ROPE_VIEW_SET_ROWS ROPE: 16 x 10.985 us = 175.76 us
SCALE: 96 x 12.493 us = 1199.36 us
SET_ROWS: 16 x 9.847 us = 157.56 us
SIGMOID: 48 x 4.404 us = 211.4 us
SIGMOID_MUL SIGMOID: 16 x 39.512 us = 632.2 us
SILU_MUL SILU: 48 x 36.384 us = 1746.44 us
SOFTPLUS_MUL SOFTPLUS: 48 x 4.618 us = 221.68 us
SSM_CONV_SILU SSM_CONV: 48 x 39.942 us = 1917.24 us
Total time: 694606 us.
1.54.714.172 I slot print_timing: id  0 | task 20 | prompt processing, n_tokens =  24576, progress = 0.77, t =  29.08 s / 845.12 tokens per second
----------------
Vulkan Timings:
ADD: 176 x 15.178 us = 2671.48 us
CONCAT: 48 x 134.505 us = 6456.28 us
CONT: 16 x 41.017 us = 656.28 us
CPY: 96 x 4.138 us = 397.32 us
FLASH_ATTN_EXT dst(256,24,512,1),  q(256,512,24,1),  k(256,25088,4,1),  v(256,25088,4,1),  m(25088,512,1,1): 16 x 11298.3 us = 180772 us (27940.6 GFLOPS/s)
GATED_DELTA_NET: 48 x 239.263 us = 11484.6 us
GET_ROWS: 96 x 7.606 us = 730.24 us
GLU: 64 x 105.959 us = 6781.4 us
MUL_MAT f32 m=48 n=512 k=5120: 96 x 36.675 us = 3520.84 us (6861.1 GFLOPS/s)
MUL_MAT q4_0 m=1024 n=512 k=5120: 32 x 67.337 us = 2154.8 us (79720.6 GFLOPS/s)
MUL_MAT q4_0 m=10240 n=512 k=5120: 48 x 1076.09 us = 51652.5 us (49885.9 GFLOPS/s)
MUL_MAT q4_0 m=12288 n=512 k=5120: 16 x 1161.69 us = 18587.1 us (55451.9 GFLOPS/s)
MUL_MAT q4_0 m=17408 n=512 k=5120: 128 x 1560.16 us = 199701 us (58493.3 GFLOPS/s)
MUL_MAT q4_0 m=5120 n=512 k=17408: 56 x 1777.27 us = 99527.1 us (51351.5 GFLOPS/s)
MUL_MAT q4_0 m=5120 n=512 k=6144: 16 x 662.322 us = 10597.2 us (48631.3 GFLOPS/s)
MUL_MAT q4_0 m=6144 n=512 k=5120: 48 x 563.48 us = 27047 us (57161.1 GFLOPS/s)
MUL_MAT q4_1 m=5120 n=512 k=17408: 8 x 1890.29 us = 15122.3 us (48281.3 GFLOPS/s)
MUL_MAT q5_K m=5120 n=512 k=6144: 48 x 735.375 us = 35298 us (43800.2 GFLOPS/s)
RMS_NORM(128,16,512,1): 96 x 28.111 us = 2698.72 us
RMS_NORM_MUL RMS_NORM(128,48,512,1): 48 x 97.294 us = 4670.12 us
RMS_NORM_MUL RMS_NORM(256,24,512,1): 16 x 53.987 us = 863.8 us
RMS_NORM_MUL RMS_NORM(256,4,512,1): 16 x 12.81 us = 204.96 us
RMS_NORM_MUL RMS_NORM(5120,512,1,1): 129 x 18.968 us = 2447 us
ROPE: 16 x 36.36 us = 581.76 us
ROPE_VIEW_SET_ROWS ROPE: 16 x 9.647 us = 154.36 us
SCALE: 96 x 10.108 us = 970.4 us
SET_ROWS: 16 x 9.662 us = 154.6 us
SIGMOID: 48 x 4.259 us = 204.44 us
SIGMOID_MUL SIGMOID: 16 x 35.19 us = 563.04 us
SILU_MUL SILU: 48 x 35.547 us = 1706.28 us
SOFTPLUS_MUL SOFTPLUS: 48 x 4.631 us = 222.32 us
SSM_CONV_SILU SSM_CONV: 48 x 31.172 us = 1496.28 us
Total time: 690096 us.
----------------
Vulkan Timings:
ADD: 176 x 13.866 us = 2440.48 us
CONCAT: 48 x 131.907 us = 6331.56 us
CONT: 16 x 40.15 us = 642.4 us
CPY: 96 x 3.872 us = 371.76 us
FLASH_ATTN_EXT dst(256,24,512,1),  q(256,512,24,1),  k(256,25600,4,1),  v(256,25600,4,1),  m(25600,512,1,1): 16 x 11511.2 us = 184179 us (27983.5 GFLOPS/s)
GATED_DELTA_NET: 48 x 236.108 us = 11333.2 us
GET_ROWS: 96 x 7.226 us = 693.76 us
GLU: 64 x 94.96 us = 6077.44 us
MUL_MAT f32 m=48 n=512 k=5120: 96 x 35.35 us = 3393.68 us (7118.18 GFLOPS/s)
MUL_MAT q4_0 m=1024 n=512 k=5120: 32 x 73.587 us = 2354.8 us (72949.7 GFLOPS/s)
MUL_MAT q4_0 m=10240 n=512 k=5120: 48 x 1067.04 us = 51217.8 us (50309.2 GFLOPS/s)
MUL_MAT q4_0 m=12288 n=512 k=5120: 16 x 1159.6 us = 18553.6 us (55552.2 GFLOPS/s)
MUL_MAT q4_0 m=17408 n=512 k=5120: 128 x 1544.61 us = 197710 us (59082.3 GFLOPS/s)
MUL_MAT q4_0 m=5120 n=512 k=17408: 56 x 1762.8 us = 98716.7 us (51773.1 GFLOPS/s)
MUL_MAT q4_0 m=5120 n=512 k=6144: 16 x 654.707 us = 10475.3 us (49197 GFLOPS/s)
MUL_MAT q4_0 m=6144 n=512 k=5120: 48 x 554.175 us = 26600.4 us (58120.7 GFLOPS/s)
MUL_MAT q4_1 m=5120 n=512 k=17408: 8 x 1815.89 us = 14527.2 us (50259.2 GFLOPS/s)
MUL_MAT q5_K m=5120 n=512 k=6144: 48 x 726.27 us = 34861 us (44349.3 GFLOPS/s)
RMS_NORM(128,16,512,1): 96 x 27.477 us = 2637.8 us
RMS_NORM_MUL RMS_NORM(128,48,512,1): 48 x 95.765 us = 4596.72 us
RMS_NORM_MUL RMS_NORM(256,24,512,1): 16 x 53.337 us = 853.4 us
RMS_NORM_MUL RMS_NORM(256,4,512,1): 16 x 12.68 us = 202.88 us
RMS_NORM_MUL RMS_NORM(5120,512,1,1): 129 x 17.665 us = 2278.84 us
ROPE: 16 x 35.69 us = 571.04 us
ROPE_VIEW_SET_ROWS ROPE: 16 x 9.572 us = 153.16 us
SCALE: 96 x 9.507 us = 912.76 us
SET_ROWS: 16 x 9.602 us = 153.64 us
SIGMOID: 48 x 4.02 us = 192.96 us
SIGMOID_MUL SIGMOID: 16 x 34.615 us = 553.84 us
SILU_MUL SILU: 48 x 34.864 us = 1673.48 us
SOFTPLUS_MUL SOFTPLUS: 48 x 4.532 us = 217.56 us
SSM_CONV_SILU SSM_CONV: 48 x 29.483 us = 1415.2 us
Total time: 686893 us.
----------------
Vulkan Timings:
ADD: 176 x 23.76 us = 4181.76 us
CONCAT: 48 x 138.192 us = 6633.24 us
CONT: 16 x 65.68 us = 1050.88 us
CPY: 96 x 4.878 us = 468.36 us
FLASH_ATTN_EXT dst(256,24,512,1),  q(256,512,24,1),  k(256,26112,4,1),  v(256,26112,4,1),  m(26112,512,1,1): 16 x 11899.6 us = 190394 us (27611.4 GFLOPS/s)
GATED_DELTA_NET: 48 x 242.534 us = 11641.6 us
GET_ROWS: 96 x 9.136 us = 877.12 us
GLU: 64 x 145.571 us = 9316.6 us
MUL_MAT f32 m=48 n=512 k=5120: 96 x 41.661 us = 3999.48 us (6039.99 GFLOPS/s)
MUL_MAT q4_0 m=1024 n=512 k=5120: 32 x 71.07 us = 2274.24 us (75533.8 GFLOPS/s)
MUL_MAT q4_0 m=10240 n=512 k=5120: 48 x 1066.41 us = 51187.8 us (50338.7 GFLOPS/s)
MUL_MAT q4_0 m=12288 n=512 k=5120: 16 x 1165.9 us = 18654.4 us (55251.8 GFLOPS/s)
MUL_MAT q4_0 m=17408 n=512 k=5120: 128 x 1543.27 us = 197538 us (59133.8 GFLOPS/s)
MUL_MAT q4_0 m=5120 n=512 k=17408: 56 x 1775.15 us = 99408.5 us (51412.7 GFLOPS/s)
MUL_MAT q4_0 m=5120 n=512 k=6144: 16 x 662.282 us = 10596.5 us (48634.3 GFLOPS/s)
MUL_MAT q4_0 m=6144 n=512 k=5120: 48 x 560.271 us = 26893 us (57488.4 GFLOPS/s)
MUL_MAT q4_1 m=5120 n=512 k=17408: 8 x 1860.91 us = 14887.3 us (49043.3 GFLOPS/s)
MUL_MAT q5_K m=5120 n=512 k=6144: 48 x 725.036 us = 34801.8 us (44424.8 GFLOPS/s)
RMS_NORM(128,16,512,1): 96 x 29.698 us = 2851.08 us
RMS_NORM_MUL RMS_NORM(128,48,512,1): 48 x 96.774 us = 4645.16 us
RMS_NORM_MUL RMS_NORM(256,24,512,1): 16 x 59.45 us = 951.2 us
RMS_NORM_MUL RMS_NORM(256,4,512,1): 16 x 14.042 us = 224.68 us
RMS_NORM_MUL RMS_NORM(5120,512,1,1): 129 x 25.591 us = 3301.24 us
ROPE: 16 x 45.165 us = 722.64 us
ROPE_VIEW_SET_ROWS ROPE: 16 x 10.95 us = 175.2 us
SCALE: 96 x 12.513 us = 1201.32 us
SET_ROWS: 16 x 11.027 us = 176.44 us
SIGMOID: 48 x 4.223 us = 202.72 us
SIGMOID_MUL SIGMOID: 16 x 39.565 us = 633.04 us
SILU_MUL SILU: 48 x 36.208 us = 1738 us
SOFTPLUS_MUL SOFTPLUS: 48 x 4.775 us = 229.24 us
SSM_CONV_SILU SSM_CONV: 48 x 40.505 us = 1944.28 us
Total time: 703801 us.
----------------
Vulkan Timings:
ADD: 176 x 24.029 us = 4229.16 us
CONCAT: 48 x 138.648 us = 6655.12 us
CONT: 16 x 65.422 us = 1046.76 us
CPY: 96 x 4.78 us = 458.92 us
FLASH_ATTN_EXT dst(256,24,512,1),  q(256,512,24,1),  k(256,26624,4,1),  v(256,26624,4,1),  m(26624,512,1,1): 16 x 12226.5 us = 195624 us (27400.1 GFLOPS/s)
GATED_DELTA_NET: 48 x 244.253 us = 11724.2 us
GET_ROWS: 96 x 9.142 us = 877.72 us
GLU: 64 x 146.616 us = 9383.48 us
MUL_MAT f32 m=48 n=512 k=5120: 96 x 41.735 us = 4006.56 us (6029.32 GFLOPS/s)
MUL_MAT q4_0 m=1024 n=512 k=5120: 32 x 71.69 us = 2294.08 us (74880.5 GFLOPS/s)
MUL_MAT q4_0 m=10240 n=512 k=5120: 48 x 1069.58 us = 51339.7 us (50189.8 GFLOPS/s)
MUL_MAT q4_0 m=12288 n=512 k=5120: 16 x 1169.41 us = 18710.6 us (55086.1 GFLOPS/s)
MUL_MAT q4_0 m=17408 n=512 k=5120: 128 x 1550.6 us = 198477 us (58854 GFLOPS/s)
MUL_MAT q4_0 m=5120 n=512 k=17408: 56 x 1773.13 us = 99295.4 us (51471.3 GFLOPS/s)
MUL_MAT q4_0 m=5120 n=512 k=6144: 16 x 664.507 us = 10632.1 us (48471.4 GFLOPS/s)
MUL_MAT q4_0 m=6144 n=512 k=5120: 48 x 565.135 us = 27126.5 us (56993.6 GFLOPS/s)
MUL_MAT q4_1 m=5120 n=512 k=17408: 8 x 1862.71 us = 14901.7 us (48995.9 GFLOPS/s)
MUL_MAT q5_K m=5120 n=512 k=6144: 48 x 732.359 us = 35153.2 us (43980.7 GFLOPS/s)
RMS_NORM(128,16,512,1): 96 x 29.886 us = 2869.12 us
RMS_NORM_MUL RMS_NORM(128,48,512,1): 48 x 98.349 us = 4720.76 us
RMS_NORM_MUL RMS_NORM(256,24,512,1): 16 x 59.087 us = 945.4 us
RMS_NORM_MUL RMS_NORM(256,4,512,1): 16 x 14.21 us = 227.36 us
RMS_NORM_MUL RMS_NORM(5120,512,1,1): 129 x 25.698 us = 3315.12 us
ROPE: 16 x 45.37 us = 725.92 us
ROPE_VIEW_SET_ROWS ROPE: 16 x 11.012 us = 176.2 us
SCALE: 96 x 12.735 us = 1222.6 us
SET_ROWS: 16 x 10.26 us = 164.16 us
SIGMOID: 48 x 4.42 us = 212.2 us
SIGMOID_MUL SIGMOID: 16 x 39.592 us = 633.48 us
SILU_MUL SILU: 48 x 36.531 us = 1753.52 us
SOFTPLUS_MUL SOFTPLUS: 48 x 4.62 us = 221.76 us
SSM_CONV_SILU SSM_CONV: 48 x 40.375 us = 1938.04 us
Total time: 711062 us.
1.57.594.594 I slot print_timing: id  0 | task 20 | prompt processing, n_tokens =  26624, progress = 0.83, t =  31.96 s / 833.04 tokens per second
----------------
Vulkan Timings:
ADD: 176 x 19.007 us = 3345.32 us
CONCAT: 48 x 135.351 us = 6496.88 us
CONT: 16 x 51.667 us = 826.68 us
CPY: 96 x 4.391 us = 421.56 us
FLASH_ATTN_EXT dst(256,24,512,1),  q(256,512,24,1),  k(256,27136,4,1),  v(256,27136,4,1),  m(27136,512,1,1): 16 x 12324.4 us = 197190 us (27705.2 GFLOPS/s)
GATED_DELTA_NET: 48 x 240.195 us = 11529.4 us
GET_ROWS: 96 x 8.321 us = 798.84 us
GLU: 64 x 121.79 us = 7794.6 us
MUL_MAT f32 m=48 n=512 k=5120: 96 x 38.782 us = 3723.12 us (6488.33 GFLOPS/s)
MUL_MAT q4_0 m=1024 n=512 k=5120: 32 x 72.185 us = 2309.92 us (74367 GFLOPS/s)
MUL_MAT q4_0 m=10240 n=512 k=5120: 48 x 1069.86 us = 51353.5 us (50176.3 GFLOPS/s)
MUL_MAT q4_0 m=12288 n=512 k=5120: 16 x 1147.46 us = 18359.4 us (56139.7 GFLOPS/s)
MUL_MAT q4_0 m=17408 n=512 k=5120: 128 x 1552.72 us = 198748 us (58773.7 GFLOPS/s)
MUL_MAT q4_0 m=5120 n=512 k=17408: 56 x 1767.26 us = 98966.8 us (51642.2 GFLOPS/s)
MUL_MAT q4_0 m=5120 n=512 k=6144: 16 x 658.405 us = 10534.5 us (48920.7 GFLOPS/s)
MUL_MAT q4_0 m=6144 n=512 k=5120: 48 x 559.666 us = 26864 us (57550.5 GFLOPS/s)
MUL_MAT q4_1 m=5120 n=512 k=17408: 8 x 1880.89 us = 15047.1 us (48522.5 GFLOPS/s)
MUL_MAT q5_K m=5120 n=512 k=6144: 48 x 728.175 us = 34952.4 us (44233.3 GFLOPS/s)
RMS_NORM(128,16,512,1): 96 x 28.817 us = 2766.48 us
RMS_NORM_MUL RMS_NORM(128,48,512,1): 48 x 97.802 us = 4694.52 us
RMS_NORM_MUL RMS_NORM(256,24,512,1): 16 x 55.902 us = 894.44 us
RMS_NORM_MUL RMS_NORM(256,4,512,1): 16 x 13.305 us = 212.88 us
RMS_NORM_MUL RMS_NORM(5120,512,1,1): 129 x 23.24 us = 2998.04 us
ROPE: 16 x 40.017 us = 640.28 us
ROPE_VIEW_SET_ROWS ROPE: 16 x 10.365 us = 165.84 us
SCALE: 96 x 11.12 us = 1067.56 us
SET_ROWS: 16 x 9.822 us = 157.16 us
SIGMOID: 48 x 4.265 us = 204.72 us
SIGMOID_MUL SIGMOID: 16 x 36.867 us = 589.88 us
SILU_MUL SILU: 48 x 35.688 us = 1713.04 us
SOFTPLUS_MUL SOFTPLUS: 48 x 4.648 us = 223.12 us
SSM_CONV_SILU SSM_CONV: 48 x 34.757 us = 1668.36 us
Total time: 707259 us.
----------------
Vulkan Timings:
ADD: 176 x 13.812 us = 2431 us
CONCAT: 48 x 132.906 us = 6379.52 us
CONT: 16 x 38.657 us = 618.52 us
CPY: 96 x 4.001 us = 384.12 us
FLASH_ATTN_EXT dst(256,24,512,1),  q(256,512,24,1),  k(256,27648,4,1),  v(256,27648,4,1),  m(27648,512,1,1): 16 x 12560.8 us = 200972 us (27696.8 GFLOPS/s)
GATED_DELTA_NET: 48 x 238.774 us = 11461.2 us
GET_ROWS: 96 x 7.209 us = 692.12 us
GLU: 64 x 93.468 us = 5981.96 us
MUL_MAT f32 m=48 n=512 k=5120: 96 x 35.312 us = 3389.96 us (7125.99 GFLOPS/s)
MUL_MAT q4_0 m=1024 n=512 k=5120: 32 x 73.982 us = 2367.44 us (72560.2 GFLOPS/s)
MUL_MAT q4_0 m=10240 n=512 k=5120: 48 x 1073.18 us = 51512.6 us (50021.3 GFLOPS/s)
MUL_MAT q4_0 m=12288 n=512 k=5120: 16 x 1147.84 us = 18365.4 us (56121.5 GFLOPS/s)
MUL_MAT q4_0 m=17408 n=512 k=5120: 128 x 1559.74 us = 199646 us (58509.3 GFLOPS/s)
MUL_MAT q4_0 m=5120 n=512 k=17408: 56 x 1763.48 us = 98754.7 us (51753.1 GFLOPS/s)
MUL_MAT q4_0 m=5120 n=512 k=6144: 16 x 657.88 us = 10526.1 us (48959.7 GFLOPS/s)
MUL_MAT q4_0 m=6144 n=512 k=5120: 48 x 560.424 us = 26900.4 us (57472.7 GFLOPS/s)
MUL_MAT q4_1 m=5120 n=512 k=17408: 8 x 1881.45 us = 15051.6 us (48507.9 GFLOPS/s)
MUL_MAT q5_K m=5120 n=512 k=6144: 48 x 734.725 us = 35266.8 us (43839 GFLOPS/s)
RMS_NORM(128,16,512,1): 96 x 27.685 us = 2657.84 us
RMS_NORM_MUL RMS_NORM(128,48,512,1): 48 x 96.731 us = 4643.12 us
RMS_NORM_MUL RMS_NORM(256,24,512,1): 16 x 53.732 us = 859.72 us
RMS_NORM_MUL RMS_NORM(256,4,512,1): 16 x 12.25 us = 196 us
RMS_NORM_MUL RMS_NORM(5120,512,1,1): 129 x 17.655 us = 2277.6 us
ROPE: 16 x 34.045 us = 544.72 us
ROPE_VIEW_SET_ROWS ROPE: 16 x 9.407 us = 150.52 us
SCALE: 96 x 9.545 us = 916.4 us
SET_ROWS: 16 x 9.3 us = 148.8 us
SIGMOID: 48 x 4.193 us = 201.28 us
SIGMOID_MUL SIGMOID: 16 x 34.57 us = 553.12 us
SILU_MUL SILU: 48 x 35.676 us = 1712.48 us
SOFTPLUS_MUL SOFTPLUS: 48 x 4.416 us = 212 us
SSM_CONV_SILU SSM_CONV: 48 x 29.655 us = 1423.48 us
Total time: 707199 us.
----------------
Vulkan Timings:
ADD: 176 x 21.66 us = 3812.16 us
CONCAT: 48 x 136.405 us = 6547.48 us
CONT: 16 x 58.51 us = 936.16 us
CPY: 96 x 4.77 us = 458 us
FLASH_ATTN_EXT dst(256,24,512,1),  q(256,512,24,1),  k(256,28160,4,1),  v(256,28160,4,1),  m(28160,512,1,1): 16 x 13076.3 us = 209221 us (27097.4 GFLOPS/s)
GATED_DELTA_NET: 48 x 242.219 us = 11626.5 us
GET_ROWS: 96 x 8.646 us = 830.08 us
GLU: 64 x 133.635 us = 8552.68 us
MUL_MAT f32 m=48 n=512 k=5120: 96 x 40.105 us = 3850.08 us (6274.37 GFLOPS/s)
MUL_MAT q4_0 m=1024 n=512 k=5120: 32 x 73.88 us = 2364.16 us (72660.9 GFLOPS/s)
MUL_MAT q4_0 m=10240 n=512 k=5120: 48 x 1061.14 us = 50934.6 us (50589 GFLOPS/s)
MUL_MAT q4_0 m=12288 n=512 k=5120: 16 x 1150.83 us = 18413.2 us (55975.7 GFLOPS/s)
MUL_MAT q4_0 m=17408 n=512 k=5120: 128 x 1541.65 us = 197331 us (59195.7 GFLOPS/s)
MUL_MAT q4_0 m=5120 n=512 k=17408: 56 x 1763.47 us = 98754.6 us (51753.2 GFLOPS/s)
MUL_MAT q4_0 m=5120 n=512 k=6144: 16 x 652.985 us = 10447.8 us (49326.8 GFLOPS/s)
MUL_MAT q4_0 m=6144 n=512 k=5120: 48 x 559.91 us = 26875.7 us (57525.4 GFLOPS/s)
MUL_MAT q4_1 m=5120 n=512 k=17408: 8 x 1828.77 us = 14630.2 us (49905.4 GFLOPS/s)
MUL_MAT q5_K m=5120 n=512 k=6144: 48 x 727.427 us = 34916.5 us (44278.8 GFLOPS/s)
RMS_NORM(128,16,512,1): 96 x 29.152 us = 2798.68 us
RMS_NORM_MUL RMS_NORM(128,48,512,1): 48 x 96.251 us = 4620.08 us
RMS_NORM_MUL RMS_NORM(256,24,512,1): 16 x 57.665 us = 922.64 us
RMS_NORM_MUL RMS_NORM(256,4,512,1): 16 x 13.242 us = 211.88 us
RMS_NORM_MUL RMS_NORM(5120,512,1,1): 129 x 24.114 us = 3110.72 us
ROPE: 16 x 41.462 us = 663.4 us
ROPE_VIEW_SET_ROWS ROPE: 16 x 10.645 us = 170.32 us
SCALE: 96 x 11.731 us = 1126.24 us
SET_ROWS: 16 x 9.675 us = 154.8 us
SIGMOID: 48 x 4.16 us = 199.72 us
SIGMOID_MUL SIGMOID: 16 x 38.547 us = 616.76 us
SILU_MUL SILU: 48 x 36.07 us = 1731.4 us
SOFTPLUS_MUL SOFTPLUS: 48 x 4.667 us = 224.04 us
SSM_CONV_SILU SSM_CONV: 48 x 37.476 us = 1798.88 us
Total time: 718852 us.
----------------
Vulkan Timings:
ADD: 176 x 24.259 us = 4269.6 us
CONCAT: 48 x 139.049 us = 6674.36 us
CONT: 16 x 66.447 us = 1063.16 us
CPY: 96 x 4.885 us = 469 us
FLASH_ATTN_EXT dst(256,24,512,1),  q(256,512,24,1),  k(256,28672,4,1),  v(256,28672,4,1),  m(28672,512,1,1): 16 x 13291.3 us = 212661 us (27143.8 GFLOPS/s)
GATED_DELTA_NET: 48 x 244.491 us = 11735.6 us
GET_ROWS: 96 x 9.241 us = 887.16 us
GLU: 64 x 145.725 us = 9326.4 us
MUL_MAT f32 m=48 n=512 k=5120: 96 x 41.832 us = 4015.96 us (6015.21 GFLOPS/s)
MUL_MAT q4_0 m=1024 n=512 k=5120: 32 x 71.488 us = 2287.64 us (75091.3 GFLOPS/s)
MUL_MAT q4_0 m=10240 n=512 k=5120: 48 x 1070.96 us = 51406.2 us (50124.8 GFLOPS/s)
MUL_MAT q4_0 m=12288 n=512 k=5120: 16 x 1176.4 us = 18822.4 us (54758.7 GFLOPS/s)
MUL_MAT q4_0 m=17408 n=512 k=5120: 128 x 1549.91 us = 198389 us (58880.1 GFLOPS/s)
MUL_MAT q4_0 m=5120 n=512 k=17408: 56 x 1777.84 us = 99558.8 us (51335.1 GFLOPS/s)
MUL_MAT q4_0 m=5120 n=512 k=6144: 16 x 658.86 us = 10541.8 us (48886.9 GFLOPS/s)
MUL_MAT q4_0 m=6144 n=512 k=5120: 48 x 565.825 us = 27159.6 us (56924.2 GFLOPS/s)
MUL_MAT q4_1 m=5120 n=512 k=17408: 8 x 1896.76 us = 15174.1 us (48116.5 GFLOPS/s)
MUL_MAT q5_K m=5120 n=512 k=6144: 48 x 731.287 us = 35101.8 us (44045.1 GFLOPS/s)
RMS_NORM(128,16,512,1): 96 x 29.877 us = 2868.28 us
RMS_NORM_MUL RMS_NORM(128,48,512,1): 48 x 98.059 us = 4706.84 us
RMS_NORM_MUL RMS_NORM(256,24,512,1): 16 x 59.127 us = 946.04 us
RMS_NORM_MUL RMS_NORM(256,4,512,1): 16 x 13.74 us = 219.84 us
RMS_NORM_MUL RMS_NORM(5120,512,1,1): 129 x 25.766 us = 3323.84 us
ROPE: 16 x 43.917 us = 702.68 us
ROPE_VIEW_SET_ROWS ROPE: 16 x 10.947 us = 175.16 us
SCALE: 96 x 12.555 us = 1205.32 us
SET_ROWS: 16 x 9.847 us = 157.56 us
SIGMOID: 48 x 4.405 us = 211.44 us
SIGMOID_MUL SIGMOID: 16 x 40.092 us = 641.48 us
SILU_MUL SILU: 48 x 37.005 us = 1776.24 us
SOFTPLUS_MUL SOFTPLUS: 48 x 4.547 us = 218.28 us
SSM_CONV_SILU SSM_CONV: 48 x 39.976 us = 1918.88 us
Total time: 728616 us.
2.00.548.448 I slot print_timing: id  0 | task 20 | prompt processing, n_tokens =  28672, progress = 0.90, t =  34.91 s / 821.22 tokens per second
----------------
Vulkan Timings:
ADD: 176 x 20.711 us = 3645.16 us
CONCAT: 48 x 137.93 us = 6620.68 us
CONT: 16 x 56.012 us = 896.2 us
CPY: 96 x 4.685 us = 449.84 us
FLASH_ATTN_EXT dst(256,24,512,1),  q(256,512,24,1),  k(256,29184,4,1),  v(256,29184,4,1),  m(29184,512,1,1): 16 x 13368.3 us = 213892 us (27469.5 GFLOPS/s)
GATED_DELTA_NET: 48 x 243.936 us = 11709 us
GET_ROWS: 96 x 8.709 us = 836.12 us
GLU: 64 x 132.423 us = 8475.08 us
MUL_MAT f32 m=48 n=512 k=5120: 96 x 40.151 us = 3854.56 us (6267.08 GFLOPS/s)
MUL_MAT q4_0 m=1024 n=512 k=5120: 32 x 70.046 us = 2241.48 us (76637.7 GFLOPS/s)
MUL_MAT q4_0 m=10240 n=512 k=5120: 48 x 1069.91 us = 51355.9 us (50173.9 GFLOPS/s)
MUL_MAT q4_0 m=12288 n=512 k=5120: 16 x 1169.57 us = 18713.1 us (55078.5 GFLOPS/s)
MUL_MAT q4_0 m=17408 n=512 k=5120: 128 x 1558.97 us = 199549 us (58537.9 GFLOPS/s)
MUL_MAT q4_0 m=5120 n=512 k=17408: 56 x 1769.93 us = 99116.2 us (51564.4 GFLOPS/s)
MUL_MAT q4_0 m=5120 n=512 k=6144: 16 x 664.067 us = 10625.1 us (48503.6 GFLOPS/s)
MUL_MAT q4_0 m=6144 n=512 k=5120: 48 x 567.618 us = 27245.7 us (56744.3 GFLOPS/s)
MUL_MAT q4_1 m=5120 n=512 k=17408: 8 x 1928.28 us = 15426.2 us (47330.1 GFLOPS/s)
MUL_MAT q5_K m=5120 n=512 k=6144: 48 x 736.215 us = 35338.3 us (43750.3 GFLOPS/s)
RMS_NORM(128,16,512,1): 96 x 29.413 us = 2823.72 us
RMS_NORM_MUL RMS_NORM(128,48,512,1): 48 x 98.936 us = 4748.96 us
RMS_NORM_MUL RMS_NORM(256,24,512,1): 16 x 57.485 us = 919.76 us
RMS_NORM_MUL RMS_NORM(256,4,512,1): 16 x 13.285 us = 212.56 us
RMS_NORM_MUL RMS_NORM(5120,512,1,1): 129 x 24.987 us = 3223.4 us
ROPE: 16 x 40.967 us = 655.48 us
ROPE_VIEW_SET_ROWS ROPE: 16 x 10.527 us = 168.44 us
SCALE: 96 x 11.767 us = 1129.68 us
SET_ROWS: 16 x 9.685 us = 154.96 us
SIGMOID: 48 x 4.32 us = 207.4 us
SIGMOID_MUL SIGMOID: 16 x 38.332 us = 613.32 us
SILU_MUL SILU: 48 x 36.303 us = 1742.56 us
SOFTPLUS_MUL SOFTPLUS: 48 x 4.569 us = 219.32 us
SSM_CONV_SILU SSM_CONV: 48 x 37.79 us = 1813.96 us
Total time: 728623 us.
----------------
Vulkan Timings:
ADD: 176 x 13.435 us = 2364.64 us
CONCAT: 48 x 131.883 us = 6330.4 us
CONT: 16 x 37.402 us = 598.44 us
CPY: 96 x 3.936 us = 377.92 us
FLASH_ATTN_EXT dst(256,24,512,1),  q(256,512,24,1),  k(256,29696,4,1),  v(256,29696,4,1),  m(29696,512,1,1): 16 x 13448.8 us = 215181 us (27784 GFLOPS/s)
GATED_DELTA_NET: 48 x 237.652 us = 11407.3 us
GET_ROWS: 96 x 7.212 us = 692.36 us
GLU: 64 x 94.076 us = 6020.88 us
MUL_MAT f32 m=48 n=512 k=5120: 96 x 35.289 us = 3387.8 us (7130.54 GFLOPS/s)
MUL_MAT q4_0 m=1024 n=512 k=5120: 32 x 66.537 us = 2129.2 us (80679.1 GFLOPS/s)
MUL_MAT q4_0 m=10240 n=512 k=5120: 48 x 1068.32 us = 51279.2 us (50249 GFLOPS/s)
MUL_MAT q4_0 m=12288 n=512 k=5120: 16 x 1158.68 us = 18539 us (55596 GFLOPS/s)
MUL_MAT q4_0 m=17408 n=512 k=5120: 128 x 1551.23 us = 198558 us (58830 GFLOPS/s)
MUL_MAT q4_0 m=5120 n=512 k=17408: 56 x 1760.11 us = 98565.9 us (51852.2 GFLOPS/s)
MUL_MAT q4_0 m=5120 n=512 k=6144: 16 x 656.22 us = 10499.5 us (49083.6 GFLOPS/s)
MUL_MAT q4_0 m=6144 n=512 k=5120: 48 x 558 us = 26784 us (57722.3 GFLOPS/s)
MUL_MAT q4_1 m=5120 n=512 k=17408: 8 x 1870.97 us = 14967.8 us (48779.6 GFLOPS/s)
MUL_MAT q5_K m=5120 n=512 k=6144: 48 x 729.6 us = 35020.8 us (44146.9 GFLOPS/s)
RMS_NORM(128,16,512,1): 96 x 27.531 us = 2643.04 us
RMS_NORM_MUL RMS_NORM(128,48,512,1): 48 x 96.177 us = 4616.52 us
RMS_NORM_MUL RMS_NORM(256,24,512,1): 16 x 53.262 us = 852.2 us
RMS_NORM_MUL RMS_NORM(256,4,512,1): 16 x 12.252 us = 196.04 us
RMS_NORM_MUL RMS_NORM(5120,512,1,1): 129 x 17.657 us = 2277.84 us
ROPE: 16 x 33.947 us = 543.16 us
ROPE_VIEW_SET_ROWS ROPE: 16 x 9.447 us = 151.16 us
SCALE: 96 x 9.525 us = 914.48 us
SET_ROWS: 16 x 9.272 us = 148.36 us
SIGMOID: 48 x 4.128 us = 198.16 us
SIGMOID_MUL SIGMOID: 16 x 34.492 us = 551.88 us
SILU_MUL SILU: 48 x 35.069 us = 1683.32 us
SOFTPLUS_MUL SOFTPLUS: 48 x 4.511 us = 216.56 us
SSM_CONV_SILU SSM_CONV: 48 x 29.525 us = 1417.2 us
Total time: 719114 us.
----------------
Vulkan Timings:
ADD: 176 x 18.33 us = 3226.08 us
CONCAT: 48 x 134.319 us = 6447.32 us
CONT: 16 x 51.075 us = 817.2 us
CPY: 96 x 4.266 us = 409.6 us
FLASH_ATTN_EXT dst(256,24,512,1),  q(256,512,24,1),  k(256,30208,4,1),  v(256,30208,4,1),  m(30208,512,1,1): 16 x 13753.5 us = 220056 us (27636.9 GFLOPS/s)
GATED_DELTA_NET: 48 x 240.325 us = 11535.6 us
GET_ROWS: 96 x 7.961 us = 764.32 us
GLU: 64 x 116.64 us = 7465 us
MUL_MAT f32 m=48 n=512 k=5120: 96 x 37.915 us = 3639.84 us (6636.78 GFLOPS/s)
MUL_MAT q4_0 m=1024 n=512 k=5120: 32 x 68.813 us = 2202.04 us (78010.4 GFLOPS/s)
MUL_MAT q4_0 m=10240 n=512 k=5120: 48 x 1070.95 us = 51405.6 us (50125.4 GFLOPS/s)
MUL_MAT q4_0 m=12288 n=512 k=5120: 16 x 1165.93 us = 18654.9 us (55250.4 GFLOPS/s)
MUL_MAT q4_0 m=17408 n=512 k=5120: 128 x 1552.98 us = 198781 us (58764 GFLOPS/s)
MUL_MAT q4_0 m=5120 n=512 k=17408: 56 x 1761.79 us = 98660.2 us (51802.7 GFLOPS/s)
MUL_MAT q4_0 m=5120 n=512 k=6144: 16 x 656.755 us = 10508.1 us (49043.6 GFLOPS/s)
MUL_MAT q4_0 m=6144 n=512 k=5120: 48 x 567.425 us = 27236.4 us (56763.6 GFLOPS/s)
MUL_MAT q4_1 m=5120 n=512 k=17408: 8 x 1868.31 us = 14946.4 us (48849.3 GFLOPS/s)
MUL_MAT q5_K m=5120 n=512 k=6144: 48 x 733.38 us = 35202.2 us (43919.4 GFLOPS/s)
RMS_NORM(128,16,512,1): 96 x 28.474 us = 2733.52 us
RMS_NORM_MUL RMS_NORM(128,48,512,1): 48 x 96.785 us = 4645.72 us
RMS_NORM_MUL RMS_NORM(256,24,512,1): 16 x 56.095 us = 897.52 us
RMS_NORM_MUL RMS_NORM(256,4,512,1): 16 x 12.895 us = 206.32 us
RMS_NORM_MUL RMS_NORM(5120,512,1,1): 129 x 21.068 us = 2717.8 us
ROPE: 16 x 38.625 us = 618 us
ROPE_VIEW_SET_ROWS ROPE: 16 x 10.057 us = 160.92 us
SCALE: 96 x 10.739 us = 1030.96 us
SET_ROWS: 16 x 9.522 us = 152.36 us
SIGMOID: 48 x 4.352 us = 208.92 us
SIGMOID_MUL SIGMOID: 16 x 36.902 us = 590.44 us
SILU_MUL SILU: 48 x 36.599 us = 1756.76 us
SOFTPLUS_MUL SOFTPLUS: 48 x 4.415 us = 211.92 us
SSM_CONV_SILU SSM_CONV: 48 x 33.858 us = 1625.2 us
Total time: 729515 us.
----------------
Vulkan Timings:
ADD: 176 x 13.563 us = 2387.12 us
CONCAT: 48 x 132.054 us = 6338.6 us
CONT: 16 x 37.935 us = 606.96 us
CPY: 96 x 3.922 us = 376.52 us
FLASH_ATTN_EXT dst(256,24,512,1),  q(256,512,24,1),  k(256,30720,4,1),  v(256,30720,4,1),  m(30720,512,1,1): 16 x 13916.9 us = 222671 us (27775.3 GFLOPS/s)
GATED_DELTA_NET: 48 x 237.608 us = 11405.2 us
GET_ROWS: 96 x 7.175 us = 688.84 us
GLU: 64 x 93.203 us = 5965 us
MUL_MAT f32 m=48 n=512 k=5120: 96 x 35.422 us = 3400.52 us (7103.86 GFLOPS/s)
MUL_MAT q4_0 m=1024 n=512 k=5120: 32 x 66.588 us = 2130.84 us (80617 GFLOPS/s)
MUL_MAT q4_0 m=10240 n=512 k=5120: 48 x 1067.9 us = 51259.2 us (50268.6 GFLOPS/s)
MUL_MAT q4_0 m=12288 n=512 k=5120: 16 x 1161.66 us = 18586.6 us (55453.4 GFLOPS/s)
MUL_MAT q4_0 m=17408 n=512 k=5120: 128 x 1547.87 us = 198127 us (58957.9 GFLOPS/s)
MUL_MAT q4_0 m=5120 n=512 k=17408: 56 x 1757.83 us = 98438.5 us (51919.4 GFLOPS/s)
MUL_MAT q4_0 m=5120 n=512 k=6144: 16 x 655.35 us = 10485.6 us (49148.7 GFLOPS/s)
MUL_MAT q4_0 m=6144 n=512 k=5120: 48 x 556.737 us = 26723.4 us (57853.3 GFLOPS/s)
MUL_MAT q4_1 m=5120 n=512 k=17408: 8 x 1859.63 us = 14877.1 us (49077.1 GFLOPS/s)
MUL_MAT q5_K m=5120 n=512 k=6144: 48 x 728.149 us = 34951.2 us (44234.9 GFLOPS/s)
RMS_NORM(128,16,512,1): 96 x 27.529 us = 2642.8 us
RMS_NORM_MUL RMS_NORM(128,48,512,1): 48 x 95.612 us = 4589.4 us
RMS_NORM_MUL RMS_NORM(256,24,512,1): 16 x 53.78 us = 860.48 us
RMS_NORM_MUL RMS_NORM(256,4,512,1): 16 x 12.25 us = 196 us
RMS_NORM_MUL RMS_NORM(5120,512,1,1): 129 x 17.575 us = 2267.28 us
ROPE: 16 x 33.96 us = 543.36 us
ROPE_VIEW_SET_ROWS ROPE: 16 x 9.425 us = 150.8 us
SCALE: 96 x 9.546 us = 916.48 us
SET_ROWS: 16 x 9.292 us = 148.68 us
SIGMOID: 48 x 4.087 us = 196.2 us
SIGMOID_MUL SIGMOID: 16 x 34.482 us = 551.72 us
SILU_MUL SILU: 48 x 35.002 us = 1680.12 us
SOFTPLUS_MUL SOFTPLUS: 48 x 4.49 us = 215.52 us
SSM_CONV_SILU SSM_CONV: 48 x 29.755 us = 1428.24 us
Total time: 725806 us.
2.03.546.635 I slot print_timing: id  0 | task 20 | prompt processing, n_tokens =  30720, progress = 0.96, t =  37.91 s / 810.29 tokens per second
----------------
Vulkan Timings:
ADD: 176 x 17.813 us = 3135.24 us
CONCAT: 48 x 140.411 us = 6739.76 us
CONT: 16 x 49.067 us = 785.08 us
CPY: 96 x 4.308 us = 413.64 us
FLASH_ATTN_EXT dst(256,24,512,1),  q(256,512,24,1),  k(256,31232,4,1),  v(256,31232,4,1),  m(31232,512,1,1): 16 x 14267.4 us = 228279 us (27544.6 GFLOPS/s)
GATED_DELTA_NET: 48 x 241.505 us = 11592.3 us
GET_ROWS: 96 x 7.981 us = 766.2 us
GLU: 64 x 115.906 us = 7418 us
MUL_MAT f32 m=48 n=512 k=5120: 96 x 38.327 us = 3679.48 us (6565.28 GFLOPS/s)
MUL_MAT q4_0 m=1024 n=512 k=5120: 32 x 72.601 us = 2323.24 us (73940.7 GFLOPS/s)
MUL_MAT q4_0 m=10240 n=512 k=5120: 48 x 1074.31 us = 51566.9 us (49968.6 GFLOPS/s)
MUL_MAT q4_0 m=12288 n=512 k=5120: 16 x 1179.33 us = 18869.3 us (54622.6 GFLOPS/s)
MUL_MAT q4_0 m=17408 n=512 k=5120: 128 x 1555.62 us = 199119 us (58664.2 GFLOPS/s)
MUL_MAT q4_0 m=5120 n=512 k=17408: 56 x 1770.58 us = 99152.5 us (51545.5 GFLOPS/s)
MUL_MAT q4_0 m=5120 n=512 k=6144: 16 x 659.522 us = 10552.4 us (48837.8 GFLOPS/s)
MUL_MAT q4_0 m=6144 n=512 k=5120: 48 x 563.915 us = 27067.9 us (57117 GFLOPS/s)
MUL_MAT q4_1 m=5120 n=512 k=17408: 8 x 1897.03 us = 15176.2 us (48109.6 GFLOPS/s)
MUL_MAT q5_K m=5120 n=512 k=6144: 48 x 734.215 us = 35242.4 us (43869.4 GFLOPS/s)
RMS_NORM(128,16,512,1): 96 x 28.544 us = 2740.28 us
RMS_NORM_MUL RMS_NORM(128,48,512,1): 48 x 96.782 us = 4645.56 us
RMS_NORM_MUL RMS_NORM(256,24,512,1): 16 x 55.855 us = 893.68 us
RMS_NORM_MUL RMS_NORM(256,4,512,1): 16 x 12.885 us = 206.16 us
RMS_NORM_MUL RMS_NORM(5120,512,1,1): 129 x 21.212 us = 2736.4 us
ROPE: 16 x 39.352 us = 629.64 us
ROPE_VIEW_SET_ROWS ROPE: 16 x 10.075 us = 161.2 us
SCALE: 96 x 10.857 us = 1042.32 us
SET_ROWS: 16 x 9.547 us = 152.76 us
SIGMOID: 48 x 4.205 us = 201.84 us
SIGMOID_MUL SIGMOID: 16 x 36.997 us = 591.96 us
SILU_MUL SILU: 48 x 35.878 us = 1722.16 us
SOFTPLUS_MUL SOFTPLUS: 48 x 4.638 us = 222.64 us
SSM_CONV_SILU SSM_CONV: 48 x 34.052 us = 1634.52 us
Total time: 739460 us.
----------------
Vulkan Timings:
ADD: 176 x 4.843 us = 852.48 us
CONCAT: 48 x 40.724 us = 1954.76 us
CONT: 16 x 16.767 us = 268.28 us
CPY: 96 x 4.121 us = 395.68 us
FLASH_ATTN_EXT dst(256,24,286,1),  q(256,286,24,1),  k(256,31744,4,1),  v(256,31744,4,1),  m(31744,286,1,1): 16 x 8658.76 us = 138540 us (25768.1 GFLOPS/s)
GATED_DELTA_NET: 48 x 128.385 us = 6162.52 us
GET_ROWS: 96 x 7.024 us = 674.36 us
GLU: 64 x 45.856 us = 2934.8 us
MUL_MAT f32 m=48 n=286 k=5120: 96 x 28.044 us = 2692.28 us (5012.05 GFLOPS/s)
MUL_MAT q4_0 m=1024 n=286 k=5120: 32 x 48.251 us = 1544.04 us (62146.3 GFLOPS/s)
MUL_MAT q4_0 m=10240 n=286 k=5120: 48 x 780.186 us = 37449 us (38434.8 GFLOPS/s)
MUL_MAT q4_0 m=12288 n=286 k=5120: 16 x 847.69 us = 13563 us (42449 GFLOPS/s)
MUL_MAT q4_0 m=17408 n=286 k=5120: 128 x 1259.72 us = 161245 us (40466.7 GFLOPS/s)
MUL_MAT q4_0 m=5120 n=286 k=17408: 56 x 1692.18 us = 94761.9 us (30127 GFLOPS/s)
MUL_MAT q4_0 m=5120 n=286 k=6144: 16 x 630.64 us = 10090.2 us (28529.9 GFLOPS/s)
MUL_MAT q4_0 m=6144 n=286 k=5120: 48 x 507.339 us = 24352.3 us (35463.1 GFLOPS/s)
MUL_MAT q4_1 m=5120 n=286 k=17408: 8 x 1694.14 us = 13553.2 us (30092.1 GFLOPS/s)
MUL_MAT q5_K m=5120 n=286 k=6144: 48 x 693.019 us = 33264.9 us (25961.9 GFLOPS/s)
RMS_NORM(128,16,286,1): 96 x 16.758 us = 1608.8 us
RMS_NORM_MUL RMS_NORM(128,48,286,1): 48 x 51.742 us = 2483.64 us
RMS_NORM_MUL RMS_NORM(256,24,286,1): 16 x 33.375 us = 534 us
RMS_NORM_MUL RMS_NORM(256,4,286,1): 16 x 7.982 us = 127.72 us
RMS_NORM_MUL RMS_NORM(5120,286,1,1): 129 x 10.554 us = 1361.52 us
ROPE: 16 x 19.152 us = 306.44 us
ROPE_VIEW_SET_ROWS ROPE: 16 x 7.357 us = 117.72 us
SCALE: 96 x 5.487 us = 526.84 us
SET_ROWS: 16 x 7.68 us = 122.88 us
SIGMOID: 48 x 4.518 us = 216.88 us
SIGMOID_MUL SIGMOID: 16 x 21.11 us = 337.76 us
SILU_MUL SILU: 48 x 20.22 us = 970.6 us
SOFTPLUS_MUL SOFTPLUS: 48 x 4.147 us = 199.08 us
SSM_CONV_SILU SSM_CONV: 48 x 17.969 us = 862.52 us
Total time: 554075 us.
2.04.881.728 I slot print_timing: id  0 | task 20 | prompt processing, n_tokens =  31518, progress = 0.98, t =  39.25 s / 803.06 tokens per second
----------------
Vulkan Timings:
ADD: 176 x 14.186 us = 2496.88 us
CONCAT: 48 x 136.245 us = 6539.8 us
CONT: 16 x 36.77 us = 588.32 us
CPY: 96 x 4.055 us = 389.32 us
FLASH_ATTN_EXT dst(256,24,512,1),  q(256,512,24,1),  k(256,32256,4,1),  v(256,32256,4,1),  m(32256,512,1,1): 16 x 14957.8 us = 239325 us (27134.7 GFLOPS/s)
GATED_DELTA_NET: 48 x 243.893 us = 11706.9 us
GET_ROWS: 96 x 7.318 us = 702.6 us
GLU: 64 x 95.341 us = 6101.84 us
MUL_MAT f32 m=48 n=512 k=5120: 96 x 35.97 us = 3453.2 us (6995.49 GFLOPS/s)
MUL_MAT q4_0 m=1024 n=512 k=5120: 32 x 68.045 us = 2177.44 us (78891.7 GFLOPS/s)
MUL_MAT q4_0 m=10240 n=512 k=5120: 48 x 1114.7 us = 53505.7 us (48158 GFLOPS/s)
MUL_MAT q4_0 m=12288 n=512 k=5120: 16 x 1188.49 us = 19015.8 us (54201.7 GFLOPS/s)
MUL_MAT q4_0 m=17408 n=512 k=5120: 128 x 1629.16 us = 208533 us (56016 GFLOPS/s)
MUL_MAT q4_0 m=5120 n=512 k=17408: 56 x 1807.35 us = 101211 us (50497 GFLOPS/s)
MUL_MAT q4_0 m=5120 n=512 k=6144: 16 x 676.782 us = 10828.5 us (47592.3 GFLOPS/s)
MUL_MAT q4_0 m=6144 n=512 k=5120: 48 x 576.365 us = 27665.6 us (55883.1 GFLOPS/s)
MUL_MAT q4_1 m=5120 n=512 k=17408: 8 x 2064.53 us = 16516.3 us (44206.3 GFLOPS/s)
MUL_MAT q5_K m=5120 n=512 k=6144: 48 x 763.154 us = 36631.4 us (42205.9 GFLOPS/s)
RMS_NORM(128,16,512,1): 96 x 28.362 us = 2722.84 us
RMS_NORM_MUL RMS_NORM(128,48,512,1): 48 x 111.621 us = 5357.84 us
RMS_NORM_MUL RMS_NORM(256,24,512,1): 16 x 54.325 us = 869.2 us
RMS_NORM_MUL RMS_NORM(256,4,512,1): 16 x 12.755 us = 204.08 us
RMS_NORM_MUL RMS_NORM(5120,512,1,1): 129 x 17.749 us = 2289.64 us
ROPE: 16 x 35.642 us = 570.28 us
ROPE_VIEW_SET_ROWS ROPE: 16 x 9.695 us = 155.12 us
SCALE: 96 x 9.696 us = 930.84 us
SET_ROWS: 16 x 9.845 us = 157.52 us
SIGMOID: 48 x 4.332 us = 207.96 us
SIGMOID_MUL SIGMOID: 16 x 35.33 us = 565.28 us
SILU_MUL SILU: 48 x 36.219 us = 1738.52 us
SOFTPLUS_MUL SOFTPLUS: 48 x 4.569 us = 219.32 us
SSM_CONV_SILU SSM_CONV: 48 x 30.345 us = 1456.56 us
Total time: 764833 us.
2.05.745.907 I slot print_timing: id  0 | task 20 | prompt processing, n_tokens =  32030, progress = 1.00, t =  40.11 s / 798.52 tokens per second
----------------
Vulkan Timings:
ADD: 176 x 3.098 us = 545.4 us
CONCAT: 48 x 2.7 us = 129.64 us
CONT: 16 x 6.242 us = 99.88 us
CPY: 96 x 7.525 us = 722.4 us
FLASH_ATTN_EXT dst(256,24,4,1),  q(256,4,24,1),  k(256,32256,4,1),  v(256,32256,4,1),  m(32256,4,1,1): 16 x 590.055 us = 9440.88 us (5373.9 GFLOPS/s)
GATED_DELTA_NET: 48 x 10.094 us = 484.52 us
GET_ROWS: 97 x 9.246 us = 896.88 us
GLU: 64 x 2.542 us = 162.72 us
MUL_MAT_VEC f32 m=48 n=4 k=5120: 96 x 12.869 us = 1235.44 us (152.76 GFLOPS/s)
MUL_MAT_VEC q4_0 m=1024 n=4 k=5120: 32 x 12.225 us = 391.2 us (3430.59 GFLOPS/s)
MUL_MAT_VEC q4_0 m=10240 n=4 k=5120: 48 x 84.022 us = 4033.08 us (4991.39 GFLOPS/s)
MUL_MAT_VEC q4_0 m=12288 n=4 k=5120: 16 x 92.615 us = 1481.84 us (5433.97 GFLOPS/s)
MUL_MAT_VEC q4_0 m=17408 n=4 k=5120: 128 x 130.117 us = 16655.1 us (5479.36 GFLOPS/s)
MUL_MAT_VEC q4_0 m=5120 n=4 k=17408: 56 x 131.074 us = 7340.16 us (5439.75 GFLOPS/s)
MUL_MAT_VEC q4_0 m=5120 n=4 k=6144: 16 x 56.477 us = 903.64 us (4455.54 GFLOPS/s)
MUL_MAT_VEC q4_0 m=6144 n=4 k=5120: 48 x 48.044 us = 2306.12 us (5237.55 GFLOPS/s)
MUL_MAT_VEC q4_1 m=5120 n=4 k=17408: 8 x 174.07 us = 1392.56 us (4096.12 GFLOPS/s)
MUL_MAT_VEC q5_K m=5120 n=4 k=6144: 48 x 47.983 us = 2303.2 us (5244.27 GFLOPS/s)
MUL_MAT_VEC q6_K m=248320 n=1 k=5120: 1 x 1200.96 us = 1200.96 us (2117.1 GFLOPS/s)
RMS_NORM(128,16,4,1): 96 x 4.688 us = 450.12 us
RMS_NORM_MUL RMS_NORM(128,48,4,1): 48 x 8.2 us = 393.64 us
RMS_NORM_MUL RMS_NORM(256,24,4,1): 16 x 3.642 us = 58.28 us
RMS_NORM_MUL RMS_NORM(256,4,4,1): 16 x 7.772 us = 124.36 us
RMS_NORM_MUL RMS_NORM(5120,4,1,1): 129 x 13.213 us = 1704.48 us
ROPE: 16 x 6.492 us = 103.88 us
ROPE_VIEW_SET_ROWS ROPE: 16 x 6.537 us = 104.6 us
SCALE: 96 x 4.457 us = 427.88 us
SET_ROWS: 16 x 6.492 us = 103.88 us
SIGMOID: 48 x 6.448 us = 309.52 us
SIGMOID_MUL SIGMOID: 16 x 6.527 us = 104.44 us
SILU_MUL SILU: 48 x 6.123 us = 293.92 us
SOFTPLUS_MUL SOFTPLUS: 48 x 4.276 us = 205.28 us
SSM_CONV_SILU SSM_CONV: 48 x 7.284 us = 349.64 us
Total time: 56459.5 us.
----------------
Vulkan Timings:
ADD: 96 x 3.041 us = 292 us
CONCAT: 48 x 2.682 us = 128.76 us
CONT: 16 x 3.887 us = 62.2 us
CPY: 96 x 7.325 us = 703.28 us
FLASH_ATTN_EXT dst(256,24,1,1),  q(256,1,24,1),  k(256,32256,4,1),  v(256,32256,4,1),  m(32256,1,1,1): 16 x 217.667 us = 3482.68 us (3641.9 GFLOPS/s)
GATED_DELTA_NET: 48 x 8.253 us = 396.16 us
GET_ROWS: 97 x 8.735 us = 847.36 us
GLU: 64 x 2.74 us = 175.4 us
MUL_MAT_ADD MUL_MAT_VEC q4_0 m=5120 n=1 k=17408: 56 x 74.84 us = 4191.04 us (2381.79 GFLOPS/s)
MUL_MAT_ADD MUL_MAT_VEC q4_0 m=5120 n=1 k=6144: 16 x 33.39 us = 534.24 us (1884.08 GFLOPS/s)
MUL_MAT_ADD MUL_MAT_VEC q4_1 m=5120 n=1 k=17408: 8 x 84.1 us = 672.8 us (2119.53 GFLOPS/s)
MUL_MAT_VEC f32 m=48 n=1 k=5120: 96 x 6.824 us = 655.16 us (72.0149 GFLOPS/s)
MUL_MAT_VEC q4_0 m=1024 n=1 k=5120: 32 x 6.491 us = 207.72 us (1615.21 GFLOPS/s)
MUL_MAT_VEC q4_0 m=10240 n=1 k=5120: 48 x 43.168 us = 2072.08 us (2428.8 GFLOPS/s)
MUL_MAT_VEC q4_0 m=12288 n=1 k=5120: 16 x 45.96 us = 735.36 us (2737.53 GFLOPS/s)
MUL_MAT_VEC q4_0 m=17408 n=1 k=5120: 128 x 67.704 us = 8666.12 us (2632.64 GFLOPS/s)
MUL_MAT_VEC q4_0 m=6144 n=1 k=5120: 48 x 23.9 us = 1147.2 us (2632.15 GFLOPS/s)
MUL_MAT_VEC q5_K m=5120 n=1 k=6144: 48 x 37.806 us = 1814.72 us (1663.98 GFLOPS/s)
MUL_MAT_VEC q6_K m=248320 n=1 k=5120: 1 x 1194.04 us = 1194.04 us (2129.37 GFLOPS/s)
RMS_NORM(128,16,1,1): 96 x 6.801 us = 652.92 us
RMS_NORM_MUL RMS_NORM(128,48,1,1): 48 x 7.266 us = 348.8 us
RMS_NORM_MUL RMS_NORM(256,24,1,1): 16 x 4.087 us = 65.4 us
RMS_NORM_MUL RMS_NORM(256,4,1,1): 16 x 7.682 us = 122.92 us
RMS_NORM_MUL RMS_NORM(5120,1,1,1): 129 x 10.319 us = 1331.16 us
ROPE: 16 x 7.352 us = 117.64 us
ROPE_VIEW_SET_ROWS ROPE: 16 x 7.482 us = 119.72 us
SCALE: 96 x 6.172 us = 592.56 us
SET_ROWS: 16 x 7.187 us = 115 us
SIGMOID: 48 x 6.535 us = 313.68 us
SIGMOID_MUL SIGMOID: 16 x 7.445 us = 119.12 us
SILU_MUL SILU: 48 x 6.633 us = 318.4 us
SOFTPLUS_MUL SOFTPLUS: 48 x 3.809 us = 182.84 us
SSM_CONV_SILU SSM_CONV: 48 x 6.796 us = 326.24 us
Total time: 32704.7 us.
2.05.917.957 I slot print_timing: id  0 | task 20 | prompt eval time =   40241.70 ms / 32034 tokens (    1.26 ms per token,   796.04 tokens per second)
2.05.917.959 I slot print_timing: id  0 | task 20 |        eval time =      41.87 ms /     2 tokens (   41.87 ms per token,    23.88 tokens per second)
2.05.917.960 I slot print_timing: id  0 | task 20 |       total time =   40283.57 ms / 32036 tokens
2.05.917.960 I slot print_timing: id  0 | task 20 |    graphs reused =          1
2.05.918.475 I slot      release: id  0 | task 20 | stop processing: n_tokens = 32035, truncated = 0
2.05.933.432 I srv    operator(): operator(): cleaning up before exit...
