0.00.022.695 I cmn  common_param: common_params_print_info: verbosity = 3 (adjust with the `-lv N` CLI arg)
0.00.022.747 I srv          init: The UI is disabled
0.00.022.748 I srv          init: Use --ui/--no-ui (or deprecated --webui/--no-webui) to enable/disable
0.00.022.788 W srv  llama_server: -----------------
0.00.022.790 W srv  llama_server: CORS is set to allow all origins ('*') and no API key is set
0.00.022.790 W srv  llama_server: this can be a security risk (cross-origin attacks)
0.00.022.790 W srv  llama_server: more info: https://github.com/ggml-org/llama.cpp/pull/25655
0.00.022.790 W srv  llama_server: -----------------
0.00.023.925 I srv    load_model: loading model 'models/qwen3.8-27b/Qwen3.8-27B-Q4_0.gguf'
0.00.901.019 W model has unused tensor blk.64.attn_norm.weight (size = 20480 bytes) -- ignoring
0.00.901.025 W model has unused tensor blk.64.post_attention_norm.weight (size = 20480 bytes) -- ignoring
0.00.901.038 W model has unused tensor blk.64.attn_q.weight (size = 35389440 bytes) -- ignoring
0.00.901.041 W model has unused tensor blk.64.attn_k.weight (size = 2949120 bytes) -- ignoring
0.00.901.044 W model has unused tensor blk.64.attn_v.weight (size = 2949120 bytes) -- ignoring
0.00.901.056 W model has unused tensor blk.64.attn_output.weight (size = 17694720 bytes) -- ignoring
0.00.901.059 W model has unused tensor blk.64.attn_q_norm.weight (size = 1024 bytes) -- ignoring
0.00.901.063 W model has unused tensor blk.64.attn_k_norm.weight (size = 1024 bytes) -- ignoring
0.00.901.066 W model has unused tensor blk.64.ffn_gate.weight (size = 50135040 bytes) -- ignoring
0.00.901.069 W model has unused tensor blk.64.ffn_down.weight (size = 50135040 bytes) -- ignoring
0.00.901.073 W model has unused tensor blk.64.ffn_up.weight (size = 50135040 bytes) -- ignoring
0.00.901.078 W model has unused tensor blk.64.nextn.eh_proj.weight (size = 55705600 bytes) -- ignoring
0.00.901.081 W model has unused tensor blk.64.nextn.enorm.weight (size = 20480 bytes) -- ignoring
0.00.901.085 W model has unused tensor blk.64.nextn.hnorm.weight (size = 20480 bytes) -- ignoring
0.00.901.095 W model has unused tensor blk.64.nextn.shared_head_norm.weight (size = 20480 bytes) -- ignoring
0.05.212.904 I cmn          init: llama threadpool init, n_threads = 12
----------------
Vulkan Timings:
ADD: 176 x 3.82 us = 672.48 us
CONCAT: 48 x 7.487 us = 359.4 us
CONT: 16 x 7.045 us = 112.72 us
CPY: 96 x 7.842 us = 752.88 us
FLASH_ATTN_EXT dst(256,24,2,1),  q(256,2,24,1),  k(256,256,4,1),  v(256,256,4,1),  m(256,2,1,1): 16 x 64.29 us = 1028.65 us (195.719 GFLOPS/s)
GATED_DELTA_NET: 48 x 9.58 us = 459.84 us
GET_ROWS: 97 x 9.647 us = 935.76 us
GLU: 64 x 2.799 us = 179.16 us
MUL_MAT_VEC f32 m=48 n=2 k=5120: 96 x 11.887 us = 1141.24 us (82.6843 GFLOPS/s)
MUL_MAT_VEC q4_0 m=1024 n=2 k=5120: 32 x 8.393 us = 268.6 us (2498.22 GFLOPS/s)
MUL_MAT_VEC q4_0 m=10240 n=2 k=5120: 48 x 105.055 us = 5042.68 us (1996.03 GFLOPS/s)
MUL_MAT_VEC q4_0 m=12288 n=2 k=5120: 16 x 60.267 us = 964.28 us (4175.28 GFLOPS/s)
MUL_MAT_VEC q4_0 m=17408 n=2 k=5120: 128 x 83.753 us = 10720.5 us (4256.3 GFLOPS/s)
MUL_MAT_VEC q4_0 m=5120 n=2 k=17408: 56 x 87.834 us = 4918.72 us (4058.84 GFLOPS/s)
MUL_MAT_VEC q4_0 m=5120 n=2 k=6144: 16 x 39.712 us = 635.4 us (3168.24 GFLOPS/s)
MUL_MAT_VEC q4_0 m=6144 n=2 k=5120: 48 x 31.597 us = 1516.68 us (3981.86 GFLOPS/s)
MUL_MAT_VEC q4_1 m=5120 n=2 k=17408: 8 x 222.25 us = 1778 us (1604.07 GFLOPS/s)
MUL_MAT_VEC q5_K m=5120 n=2 k=6144: 48 x 59.507 us = 2856.36 us (2114.34 GFLOPS/s)
MUL_MAT_VEC q6_K m=248320 n=1 k=5120: 1 x 1202.64 us = 1202.64 us (2114.14 GFLOPS/s)
RMS_NORM(128,16,2,1): 96 x 5.833 us = 560 us
RMS_NORM_MUL RMS_NORM(128,48,2,1): 48 x 8.74 us = 419.52 us
RMS_NORM_MUL RMS_NORM(256,24,2,1): 16 x 4.27 us = 68.32 us
RMS_NORM_MUL RMS_NORM(256,4,2,1): 16 x 7.965 us = 127.44 us
RMS_NORM_MUL RMS_NORM(5120,2,1,1): 129 x 13.716 us = 1769.44 us
ROPE: 16 x 6.947 us = 111.16 us
ROPE_VIEW_SET_ROWS ROPE: 16 x 7.225 us = 115.6 us
SCALE: 192 x 6.696 us = 1285.76 us
SET_ROWS: 16 x 6.885 us = 110.16 us
SIGMOID: 48 x 7.026 us = 337.28 us
SIGMOID_MUL SIGMOID: 16 x 7.11 us = 113.76 us
SILU_MUL SILU: 48 x 6.811 us = 326.96 us
SOFTPLUS_MUL SOFTPLUS: 48 x 4.69 us = 225.12 us
SSM_CONV_SILU SSM_CONV: 48 x 7.306 us = 350.72 us
Total time: 41467.2 us.
----------------
Vulkan Timings:
ADD: 176 x 2.614 us = 460.2 us
CONCAT: 48 x 4.857 us = 233.16 us
CONT: 16 x 4.532 us = 72.52 us
CPY: 96 x 5.765 us = 553.44 us
FLASH_ATTN_EXT dst(256,24,2,1),  q(256,2,24,1),  k(256,256,4,1),  v(256,256,4,1),  m(256,2,1,1): 16 x 15.542 us = 248.68 us (809.581 GFLOPS/s)
GATED_DELTA_NET: 48 x 7.215 us = 346.36 us
GET_ROWS: 97 x 6.831 us = 662.64 us
GLU: 64 x 2.312 us = 148 us
MUL_MAT_VEC f32 m=48 n=2 k=5120: 96 x 8.903 us = 854.72 us (110.402 GFLOPS/s)
MUL_MAT_VEC q4_0 m=1024 n=2 k=5120: 32 x 6.846 us = 219.08 us (3062.91 GFLOPS/s)
MUL_MAT_VEC q4_0 m=10240 n=2 k=5120: 48 x 38.941 us = 1869.2 us (5384.84 GFLOPS/s)
MUL_MAT_VEC q4_0 m=12288 n=2 k=5120: 16 x 43.912 us = 702.6 us (5730.34 GFLOPS/s)
MUL_MAT_VEC q4_0 m=17408 n=2 k=5120: 128 x 66.184 us = 8471.64 us (5386.16 GFLOPS/s)
MUL_MAT_VEC q4_0 m=5120 n=2 k=17408: 56 x 71.389 us = 3997.8 us (4993.83 GFLOPS/s)
MUL_MAT_VEC q4_0 m=5120 n=2 k=6144: 16 x 28.99 us = 463.84 us (4340.08 GFLOPS/s)
MUL_MAT_VEC q4_0 m=6144 n=2 k=5120: 48 x 23.95 us = 1149.6 us (5253.31 GFLOPS/s)
MUL_MAT_VEC q4_1 m=5120 n=2 k=17408: 8 x 81.305 us = 650.44 us (4384.79 GFLOPS/s)
MUL_MAT_VEC q5_K m=5120 n=2 k=6144: 48 x 35.778 us = 1717.36 us (3516.62 GFLOPS/s)
MUL_MAT_VEC q6_K m=248320 n=1 k=5120: 1 x 1196 us = 1196 us (2125.88 GFLOPS/s)
RMS_NORM(128,16,2,1): 96 x 3.878 us = 372.36 us
RMS_NORM_MUL RMS_NORM(128,48,2,1): 48 x 5.731 us = 275.12 us
RMS_NORM_MUL RMS_NORM(256,24,2,1): 16 x 2.365 us = 37.84 us
RMS_NORM_MUL RMS_NORM(256,4,2,1): 16 x 4.93 us = 78.88 us
RMS_NORM_MUL RMS_NORM(5120,2,1,1): 129 x 10.587 us = 1365.8 us
ROPE: 16 x 4.525 us = 72.4 us
ROPE_VIEW_SET_ROWS ROPE: 16 x 4.552 us = 72.84 us
SCALE: 192 x 5.19 us = 996.48 us
SET_ROWS: 16 x 4.71 us = 75.36 us
SIGMOID: 48 x 4.824 us = 231.56 us
SIGMOID_MUL SIGMOID: 16 x 4.665 us = 74.64 us
SILU_MUL SILU: 48 x 4.6 us = 220.84 us
SOFTPLUS_MUL SOFTPLUS: 48 x 2.372 us = 113.88 us
SSM_CONV_SILU SSM_CONV: 48 x 4.693 us = 225.28 us
Total time: 28230.6 us.
0.05.316.338 I srv    load_model: initializing, n_slots = 1, n_ctx_slot = 94208, kv_unified = 'false'
0.05.316.395 W srv          init: --cache-idle-slots requires --cache-ram, disabling
0.05.321.091 W srv          init: chat template supports preserving reasoning, it is enabled by default (may use more tokens, disable via --no-reasoning-preserve)
0.05.321.103 I srv  llama_server: model loaded
0.05.321.105 I srv  llama_server: listening on http://127.0.0.1:18095
0.45.684.714 I slot get_availabl: id  0 | task -1 | selected slot by LRU, t_last = -1
0.45.684.814 I slot launch_slot_: id  0 | task 0 | processing task, is_child = 0
----------------
Vulkan Timings:
ADD: 176 x 22.265 us = 3918.8 us
CONCAT: 48 x 143.699 us = 6897.56 us
CONT: 16 x 37.412 us = 598.6 us
CPY: 96 x 4.862 us = 466.8 us
FLASH_ATTN_EXT dst(256,24,512,1),  q(256,512,24,1),  k(256,512,4,1),  v(256,512,4,1),  m(512,512,1,1): 16 x 193.965 us = 3103.44 us (33214.5 GFLOPS/s)
GATED_DELTA_NET: 48 x 243.525 us = 11689.2 us
GET_ROWS: 96 x 7.76 us = 745 us
GLU: 64 x 127.153 us = 8137.84 us
MUL_MAT f32 m=48 n=512 k=5120: 96 x 45.915 us = 4407.9 us (5480.35 GFLOPS/s)
MUL_MAT q4_0 m=1024 n=512 k=5120: 32 x 132.003 us = 4224.12 us (40666.9 GFLOPS/s)
MUL_MAT q4_0 m=10240 n=512 k=5120: 48 x 1139.44 us = 54693.1 us (47112.5 GFLOPS/s)
MUL_MAT q4_0 m=12288 n=512 k=5120: 16 x 1080.55 us = 17288.8 us (59616.3 GFLOPS/s)
MUL_MAT q4_0 m=17408 n=512 k=5120: 128 x 1589.15 us = 203412 us (57426.3 GFLOPS/s)
MUL_MAT q4_0 m=5120 n=512 k=17408: 56 x 1795.07 us = 100524 us (50842.4 GFLOPS/s)
MUL_MAT q4_0 m=5120 n=512 k=6144: 16 x 672.02 us = 10752.3 us (47929.6 GFLOPS/s)
MUL_MAT q4_0 m=6144 n=512 k=5120: 48 x 592.203 us = 28425.8 us (54388.6 GFLOPS/s)
MUL_MAT q4_1 m=5120 n=512 k=17408: 8 x 2151.78 us = 17214.2 us (42413.9 GFLOPS/s)
MUL_MAT q5_K m=5120 n=512 k=6144: 48 x 771.76 us = 37044.5 us (41735.3 GFLOPS/s)
RMS_NORM(128,16,512,1): 96 x 29.784 us = 2859.32 us
RMS_NORM_MUL RMS_NORM(128,48,512,1): 48 x 102.386 us = 4914.56 us
RMS_NORM_MUL RMS_NORM(256,24,512,1): 16 x 60.49 us = 967.84 us
RMS_NORM_MUL RMS_NORM(256,4,512,1): 16 x 13.392 us = 214.28 us
RMS_NORM_MUL RMS_NORM(5120,512,1,1): 129 x 25.111 us = 3239.44 us
ROPE: 16 x 43.792 us = 700.68 us
ROPE_VIEW_SET_ROWS ROPE: 16 x 10.77 us = 172.32 us
SCALE: 192 x 7.879 us = 1512.92 us
SET_ROWS: 16 x 9.767 us = 156.28 us
SIGMOID: 48 x 4.01 us = 192.48 us
SIGMOID_MUL SIGMOID: 16 x 35.965 us = 575.44 us
SILU_MUL SILU: 48 x 36.959 us = 1774.04 us
SOFTPLUS_MUL SOFTPLUS: 48 x 4.943 us = 237.28 us
SSM_CONV_SILU SSM_CONV: 48 x 37.156 us = 1783.52 us
Total time: 532844 us.
----------------
Vulkan Timings:
ADD: 176 x 12.52 us = 2203.68 us
CONCAT: 48 x 122.768 us = 5892.88 us
CONT: 16 x 28.122 us = 449.96 us
CPY: 96 x 3.781 us = 363.04 us
FLASH_ATTN_EXT dst(256,24,512,1),  q(256,512,24,1),  k(256,1024,4,1),  v(256,1024,4,1),  m(1024,512,1,1): 16 x 406.582 us = 6505.32 us (31690.7 GFLOPS/s)
GATED_DELTA_NET: 48 x 220.27 us = 10573 us
GET_ROWS: 96 x 6.922 us = 664.52 us
GLU: 64 x 93.93 us = 6011.52 us
MUL_MAT f32 m=48 n=512 k=5120: 96 x 33.976 us = 3261.72 us (7406.16 GFLOPS/s)
MUL_MAT q4_0 m=1024 n=512 k=5120: 32 x 65.263 us = 2088.44 us (82253.7 GFLOPS/s)
MUL_MAT q4_0 m=10240 n=512 k=5120: 48 x 984.445 us = 47253.4 us (54530.1 GFLOPS/s)
MUL_MAT q4_0 m=12288 n=512 k=5120: 16 x 1096.3 us = 17540.8 us (58759.7 GFLOPS/s)
MUL_MAT q4_0 m=17408 n=512 k=5120: 128 x 1449.02 us = 185475 us (62979.9 GFLOPS/s)
MUL_MAT q4_0 m=5120 n=512 k=17408: 56 x 1675.09 us = 93805.2 us (54483.8 GFLOPS/s)
MUL_MAT q4_0 m=5120 n=512 k=6144: 16 x 616.872 us = 9869.96 us (52214.4 GFLOPS/s)
MUL_MAT q4_0 m=6144 n=512 k=5120: 48 x 514.055 us = 24674.6 us (62656.9 GFLOPS/s)
MUL_MAT q4_1 m=5120 n=512 k=17408: 8 x 1624.61 us = 12996.8 us (56177 GFLOPS/s)
MUL_MAT q5_K m=5120 n=512 k=6144: 48 x 676.322 us = 32463.5 us (47624.7 GFLOPS/s)
RMS_NORM(128,16,512,1): 96 x 25.821 us = 2478.84 us
RMS_NORM_MUL RMS_NORM(128,48,512,1): 48 x 88.522 us = 4249.08 us
RMS_NORM_MUL RMS_NORM(256,24,512,1): 16 x 50.912 us = 814.6 us
RMS_NORM_MUL RMS_NORM(256,4,512,1): 16 x 11.642 us = 186.28 us
RMS_NORM_MUL RMS_NORM(5120,512,1,1): 129 x 17 us = 2193.04 us
ROPE: 16 x 33.847 us = 541.56 us
ROPE_VIEW_SET_ROWS ROPE: 16 x 9.142 us = 146.28 us
SCALE: 96 x 9.261 us = 889.08 us
SET_ROWS: 16 x 8.88 us = 142.08 us
SIGMOID: 48 x 3.909 us = 187.64 us
SIGMOID_MUL SIGMOID: 16 x 32.237 us = 515.8 us
SILU_MUL SILU: 48 x 32.863 us = 1577.44 us
SOFTPLUS_MUL SOFTPLUS: 48 x 4.362 us = 209.4 us
SSM_CONV_SILU SSM_CONV: 48 x 27.985 us = 1343.32 us
Total time: 477567 us.
----------------
Vulkan Timings:
ADD: 176 x 12.403 us = 2183 us
CONCAT: 48 x 122.791 us = 5894 us
CONT: 16 x 28.065 us = 449.04 us
CPY: 96 x 3.728 us = 357.96 us
FLASH_ATTN_EXT dst(256,24,512,1),  q(256,512,24,1),  k(256,1536,4,1),  v(256,1536,4,1),  m(1536,512,1,1): 16 x 632.377 us = 10118 us (30563 GFLOPS/s)
GATED_DELTA_NET: 48 x 218.745 us = 10499.8 us
GET_ROWS: 96 x 6.898 us = 662.24 us
GLU: 64 x 93.95 us = 6012.84 us
MUL_MAT f32 m=48 n=512 k=5120: 96 x 34.305 us = 3293.28 us (7335.19 GFLOPS/s)
MUL_MAT q4_0 m=1024 n=512 k=5120: 32 x 64.202 us = 2054.48 us (83613.3 GFLOPS/s)
MUL_MAT q4_0 m=10240 n=512 k=5120: 48 x 990.133 us = 47526.4 us (54216.8 GFLOPS/s)
MUL_MAT q4_0 m=12288 n=512 k=5120: 16 x 1099.76 us = 17596.2 us (58574.7 GFLOPS/s)
MUL_MAT q4_0 m=17408 n=512 k=5120: 128 x 1454.74 us = 186207 us (62732.2 GFLOPS/s)
MUL_MAT q4_0 m=5120 n=512 k=17408: 56 x 1681.79 us = 94180.5 us (54266.7 GFLOPS/s)
MUL_MAT q4_0 m=5120 n=512 k=6144: 16 x 619.177 us = 9906.84 us (52020 GFLOPS/s)
MUL_MAT q4_0 m=6144 n=512 k=5120: 48 x 518.45 us = 24885.6 us (62125.8 GFLOPS/s)
MUL_MAT q4_1 m=5120 n=512 k=17408: 8 x 1653.79 us = 13230.3 us (55185.6 GFLOPS/s)
MUL_MAT q5_K m=5120 n=512 k=6144: 48 x 680.316 us = 32655.2 us (47345.1 GFLOPS/s)
RMS_NORM(128,16,512,1): 96 x 25.927 us = 2489.08 us
RMS_NORM_MUL RMS_NORM(128,48,512,1): 48 x 89.113 us = 4277.44 us
RMS_NORM_MUL RMS_NORM(256,24,512,1): 16 x 50.872 us = 813.96 us
RMS_NORM_MUL RMS_NORM(256,4,512,1): 16 x 11.67 us = 186.72 us
RMS_NORM_MUL RMS_NORM(5120,512,1,1): 129 x 16.94 us = 2185.36 us
ROPE: 16 x 33.832 us = 541.32 us
ROPE_VIEW_SET_ROWS ROPE: 16 x 9.117 us = 145.88 us
SCALE: 96 x 9.292 us = 892.12 us
SET_ROWS: 16 x 8.882 us = 142.12 us
SIGMOID: 48 x 3.995 us = 191.76 us
SIGMOID_MUL SIGMOID: 16 x 32.327 us = 517.24 us
SILU_MUL SILU: 48 x 32.815 us = 1575.12 us
SOFTPLUS_MUL SOFTPLUS: 48 x 4.483 us = 215.2 us
SSM_CONV_SILU SSM_CONV: 48 x 27.64 us = 1326.76 us
Total time: 483213 us.
----------------
Vulkan Timings:
ADD: 176 x 12.544 us = 2207.88 us
CONCAT: 48 x 123.49 us = 5927.52 us
CONT: 16 x 27.842 us = 445.48 us
CPY: 96 x 3.747 us = 359.72 us
FLASH_ATTN_EXT dst(256,24,512,1),  q(256,512,24,1),  k(256,2048,4,1),  v(256,2048,4,1),  m(2048,512,1,1): 16 x 844.132 us = 13506.1 us (30528.2 GFLOPS/s)
GATED_DELTA_NET: 48 x 221.573 us = 10635.5 us
GET_ROWS: 96 x 6.956 us = 667.84 us
GLU: 64 x 93.545 us = 5986.92 us
MUL_MAT f32 m=48 n=512 k=5120: 96 x 34.308 us = 3293.64 us (7334.39 GFLOPS/s)
MUL_MAT q4_0 m=1024 n=512 k=5120: 32 x 64.441 us = 2062.12 us (83303.5 GFLOPS/s)
MUL_MAT q4_0 m=10240 n=512 k=5120: 48 x 989.909 us = 47515.6 us (54229.1 GFLOPS/s)
MUL_MAT q4_0 m=12288 n=512 k=5120: 16 x 1091.11 us = 17457.8 us (59039 GFLOPS/s)
MUL_MAT q4_0 m=17408 n=512 k=5120: 128 x 1453.52 us = 186050 us (62785.1 GFLOPS/s)
MUL_MAT q4_0 m=5120 n=512 k=17408: 56 x 1679.77 us = 94067.4 us (54332 GFLOPS/s)
MUL_MAT q4_0 m=5120 n=512 k=6144: 16 x 614.507 us = 9832.12 us (52415.4 GFLOPS/s)
MUL_MAT q4_0 m=6144 n=512 k=5120: 48 x 516.803 us = 24806.6 us (62323.7 GFLOPS/s)
MUL_MAT q4_1 m=5120 n=512 k=17408: 8 x 1636.3 us = 13090.4 us (55775.7 GFLOPS/s)
MUL_MAT q5_K m=5120 n=512 k=6144: 48 x 679.825 us = 32631.6 us (47379.3 GFLOPS/s)
RMS_NORM(128,16,512,1): 96 x 25.945 us = 2490.72 us
RMS_NORM_MUL RMS_NORM(128,48,512,1): 48 x 89.54 us = 4297.96 us
RMS_NORM_MUL RMS_NORM(256,24,512,1): 16 x 50.877 us = 814.04 us
RMS_NORM_MUL RMS_NORM(256,4,512,1): 16 x 11.657 us = 186.52 us
RMS_NORM_MUL RMS_NORM(5120,512,1,1): 129 x 16.901 us = 2180.32 us
ROPE: 16 x 33.74 us = 539.84 us
ROPE_VIEW_SET_ROWS ROPE: 16 x 9.345 us = 149.52 us
SCALE: 96 x 9.545 us = 916.32 us
SET_ROWS: 16 x 8.802 us = 140.84 us
SIGMOID: 48 x 3.775 us = 181.2 us
SIGMOID_MUL SIGMOID: 16 x 32.132 us = 514.12 us
SILU_MUL SILU: 48 x 32.868 us = 1577.68 us
SOFTPLUS_MUL SOFTPLUS: 48 x 4.641 us = 222.8 us
SSM_CONV_SILU SSM_CONV: 48 x 27.955 us = 1341.84 us
Total time: 486098 us.
----------------
Vulkan Timings:
ADD: 176 x 18.764 us = 3302.52 us
CONCAT: 48 x 127.611 us = 6125.36 us
CONT: 16 x 37.187 us = 595 us
CPY: 96 x 4.347 us = 417.36 us
FLASH_ATTN_EXT dst(256,24,512,1),  q(256,512,24,1),  k(256,2560,4,1),  v(256,2560,4,1),  m(2560,512,1,1): 16 x 1070.2 us = 17123.2 us (30099.4 GFLOPS/s)
GATED_DELTA_NET: 48 x 224.583 us = 10780 us
GET_ROWS: 96 x 8.119 us = 779.48 us
GLU: 64 x 123.415 us = 7898.56 us
MUL_MAT f32 m=48 n=512 k=5120: 96 x 37.479 us = 3598.04 us (6713.89 GFLOPS/s)
MUL_MAT q4_0 m=1024 n=512 k=5120: 32 x 72.401 us = 2316.84 us (74144.9 GFLOPS/s)
MUL_MAT q4_0 m=10240 n=512 k=5120: 48 x 996.218 us = 47818.5 us (53885.6 GFLOPS/s)
MUL_MAT q4_0 m=12288 n=512 k=5120: 16 x 1097.44 us = 17559.1 us (58698.4 GFLOPS/s)
MUL_MAT q4_0 m=17408 n=512 k=5120: 128 x 1456.73 us = 186462 us (62646.5 GFLOPS/s)
MUL_MAT q4_0 m=5120 n=512 k=17408: 56 x 1689.63 us = 94619.6 us (54014.9 GFLOPS/s)
MUL_MAT q4_0 m=5120 n=512 k=6144: 16 x 623.302 us = 9972.84 us (51675.8 GFLOPS/s)
MUL_MAT q4_0 m=6144 n=512 k=5120: 48 x 527.898 us = 25339.1 us (61013.8 GFLOPS/s)
MUL_MAT q4_1 m=5120 n=512 k=17408: 8 x 1727.28 us = 13818.2 us (52837.8 GFLOPS/s)
MUL_MAT q5_K m=5120 n=512 k=6144: 48 x 686.258 us = 32940.4 us (46935.1 GFLOPS/s)
RMS_NORM(128,16,512,1): 96 x 27.271 us = 2618.08 us
RMS_NORM_MUL RMS_NORM(128,48,512,1): 48 x 91.447 us = 4389.48 us
RMS_NORM_MUL RMS_NORM(256,24,512,1): 16 x 55.065 us = 881.04 us
RMS_NORM_MUL RMS_NORM(256,4,512,1): 16 x 12.692 us = 203.08 us
RMS_NORM_MUL RMS_NORM(5120,512,1,1): 129 x 21.478 us = 2770.72 us
ROPE: 16 x 40.022 us = 640.36 us
ROPE_VIEW_SET_ROWS ROPE: 16 x 10.18 us = 162.88 us
SCALE: 96 x 10.909 us = 1047.32 us
SET_ROWS: 16 x 9.39 us = 150.24 us
SIGMOID: 48 x 4.215 us = 202.32 us
SIGMOID_MUL SIGMOID: 16 x 33.2 us = 531.2 us
SILU_MUL SILU: 48 x 33.776 us = 1621.28 us
SOFTPLUS_MUL SOFTPLUS: 48 x 4.392 us = 210.84 us
SSM_CONV_SILU SSM_CONV: 48 x 33.863 us = 1625.44 us
Total time: 498520 us.
----------------
Vulkan Timings:
ADD: 176 x 12.842 us = 2260.24 us
CONCAT: 48 x 123.334 us = 5920.04 us
CONT: 16 x 30.477 us = 487.64 us
CPY: 96 x 3.736 us = 358.72 us
FLASH_ATTN_EXT dst(256,24,512,1),  q(256,512,24,1),  k(256,3072,4,1),  v(256,3072,4,1),  m(3072,512,1,1): 16 x 1288.07 us = 20609.2 us (30009.7 GFLOPS/s)
GATED_DELTA_NET: 48 x 220.278 us = 10573.4 us
GET_ROWS: 96 x 7.068 us = 678.6 us
GLU: 64 x 94.163 us = 6026.44 us
MUL_MAT f32 m=48 n=512 k=5120: 96 x 33.772 us = 3242.16 us (7450.85 GFLOPS/s)
MUL_MAT q4_0 m=1024 n=512 k=5120: 32 x 64.462 us = 2062.8 us (83276.1 GFLOPS/s)
MUL_MAT q4_0 m=10240 n=512 k=5120: 48 x 988.516 us = 47448.8 us (54305.5 GFLOPS/s)
MUL_MAT q4_0 m=12288 n=512 k=5120: 16 x 1094.17 us = 17506.7 us (58874.2 GFLOPS/s)
MUL_MAT q4_0 m=17408 n=512 k=5120: 128 x 1454.43 us = 186167 us (62745.7 GFLOPS/s)
MUL_MAT q4_0 m=5120 n=512 k=17408: 56 x 1678.88 us = 94017.6 us (54360.7 GFLOPS/s)
MUL_MAT q4_0 m=5120 n=512 k=6144: 16 x 615.717 us = 9851.48 us (52312.4 GFLOPS/s)
MUL_MAT q4_0 m=6144 n=512 k=5120: 48 x 516.884 us = 24810.4 us (62314 GFLOPS/s)
MUL_MAT q4_1 m=5120 n=512 k=17408: 8 x 1650.03 us = 13200.2 us (55311.4 GFLOPS/s)
MUL_MAT q5_K m=5120 n=512 k=6144: 48 x 680.048 us = 32642.3 us (47363.7 GFLOPS/s)
RMS_NORM(128,16,512,1): 96 x 25.83 us = 2479.72 us
RMS_NORM_MUL RMS_NORM(128,48,512,1): 48 x 90.404 us = 4339.4 us
RMS_NORM_MUL RMS_NORM(256,24,512,1): 16 x 50.482 us = 807.72 us
RMS_NORM_MUL RMS_NORM(256,4,512,1): 16 x 11.842 us = 189.48 us
RMS_NORM_MUL RMS_NORM(5120,512,1,1): 129 x 16.851 us = 2173.88 us
ROPE: 16 x 34.652 us = 554.44 us
ROPE_VIEW_SET_ROWS ROPE: 16 x 9.067 us = 145.08 us
SCALE: 96 x 9.167 us = 880.04 us
SET_ROWS: 16 x 8.992 us = 143.88 us
SIGMOID: 48 x 4.04 us = 193.96 us
SIGMOID_MUL SIGMOID: 16 x 32.805 us = 524.88 us
SILU_MUL SILU: 48 x 32.859 us = 1577.24 us
SOFTPLUS_MUL SOFTPLUS: 48 x 4.3 us = 206.44 us
SSM_CONV_SILU SSM_CONV: 48 x 27.735 us = 1331.28 us
Total time: 493411 us.
----------------
Vulkan Timings:
ADD: 176 x 12.743 us = 2242.88 us
CONCAT: 48 x 123.579 us = 5931.8 us
CONT: 16 x 31.022 us = 496.36 us
CPY: 96 x 3.911 us = 375.52 us
FLASH_ATTN_EXT dst(256,24,512,1),  q(256,512,24,1),  k(256,3584,4,1),  v(256,3584,4,1),  m(3584,512,1,1): 16 x 1491.6 us = 23865.6 us (30234.1 GFLOPS/s)
GATED_DELTA_NET: 48 x 220.563 us = 10587 us
GET_ROWS: 96 x 6.998 us = 671.88 us
GLU: 64 x 94.769 us = 6065.24 us
MUL_MAT f32 m=48 n=512 k=5120: 96 x 34.054 us = 3269.2 us (7389.22 GFLOPS/s)
MUL_MAT q4_0 m=1024 n=512 k=5120: 32 x 67.283 us = 2153.08 us (79784.3 GFLOPS/s)
MUL_MAT q4_0 m=10240 n=512 k=5120: 48 x 994.809 us = 47750.8 us (53962 GFLOPS/s)
MUL_MAT q4_0 m=12288 n=512 k=5120: 16 x 1084.61 us = 17353.7 us (59393.3 GFLOPS/s)
MUL_MAT q4_0 m=17408 n=512 k=5120: 128 x 1461.82 us = 187113 us (62428.6 GFLOPS/s)
MUL_MAT q4_0 m=5120 n=512 k=17408: 56 x 1682.42 us = 94215.5 us (54246.5 GFLOPS/s)
MUL_MAT q4_0 m=5120 n=512 k=6144: 16 x 618.62 us = 9897.92 us (52066.9 GFLOPS/s)
MUL_MAT q4_0 m=6144 n=512 k=5120: 48 x 520.965 us = 25006.3 us (61825.9 GFLOPS/s)
MUL_MAT q4_1 m=5120 n=512 k=17408: 8 x 1652.56 us = 13220.5 us (55226.7 GFLOPS/s)
MUL_MAT q5_K m=5120 n=512 k=6144: 48 x 685.326 us = 32895.7 us (46998.9 GFLOPS/s)
RMS_NORM(128,16,512,1): 96 x 25.837 us = 2480.4 us
RMS_NORM_MUL RMS_NORM(128,48,512,1): 48 x 89.38 us = 4290.28 us
RMS_NORM_MUL RMS_NORM(256,24,512,1): 16 x 51.017 us = 816.28 us
RMS_NORM_MUL RMS_NORM(256,4,512,1): 16 x 11.775 us = 188.4 us
RMS_NORM_MUL RMS_NORM(5120,512,1,1): 129 x 17.101 us = 2206.08 us
ROPE: 16 x 34.55 us = 552.8 us
ROPE_VIEW_SET_ROWS ROPE: 16 x 9.095 us = 145.52 us
SCALE: 96 x 9.489 us = 910.96 us
SET_ROWS: 16 x 8.965 us = 143.44 us
SIGMOID: 48 x 3.828 us = 183.76 us
SIGMOID_MUL SIGMOID: 16 x 32.18 us = 514.88 us
SILU_MUL SILU: 48 x 32.86 us = 1577.28 us
SOFTPLUS_MUL SOFTPLUS: 48 x 4.249 us = 203.96 us
SSM_CONV_SILU SSM_CONV: 48 x 27.705 us = 1329.84 us
Total time: 498655 us.
----------------
Vulkan Timings:
ADD: 176 x 12.762 us = 2246.12 us
CONCAT: 48 x 123.357 us = 5921.16 us
CONT: 16 x 33.295 us = 532.72 us
CPY: 96 x 3.95 us = 379.2 us
FLASH_ATTN_EXT dst(256,24,512,1),  q(256,512,24,1),  k(256,4096,4,1),  v(256,4096,4,1),  m(4096,512,1,1): 16 x 1720.31 us = 27524.9 us (29959.6 GFLOPS/s)
GATED_DELTA_NET: 48 x 219.683 us = 10544.8 us
GET_ROWS: 96 x 7.017 us = 673.72 us
GLU: 64 x 95.528 us = 6113.8 us
MUL_MAT f32 m=48 n=512 k=5120: 96 x 33.917 us = 3256.04 us (7419.08 GFLOPS/s)
MUL_MAT q4_0 m=1024 n=512 k=5120: 32 x 67.201 us = 2150.44 us (79882.2 GFLOPS/s)
MUL_MAT q4_0 m=10240 n=512 k=5120: 48 x 989.503 us = 47496.2 us (54251.3 GFLOPS/s)
MUL_MAT q4_0 m=12288 n=512 k=5120: 16 x 1081.24 us = 17299.9 us (59578 GFLOPS/s)
MUL_MAT q4_0 m=17408 n=512 k=5120: 128 x 1454.75 us = 186208 us (62732 GFLOPS/s)
MUL_MAT q4_0 m=5120 n=512 k=17408: 56 x 1679.88 us = 94073.3 us (54328.5 GFLOPS/s)
MUL_MAT q4_0 m=5120 n=512 k=6144: 16 x 619.665 us = 9914.64 us (51979.1 GFLOPS/s)
MUL_MAT q4_0 m=6144 n=512 k=5120: 48 x 515.723 us = 24754.7 us (62454.2 GFLOPS/s)
MUL_MAT q4_1 m=5120 n=512 k=17408: 8 x 1662.69 us = 13301.6 us (54890.1 GFLOPS/s)
MUL_MAT q5_K m=5120 n=512 k=6144: 48 x 676.634 us = 32478.4 us (47602.7 GFLOPS/s)
RMS_NORM(128,16,512,1): 96 x 25.707 us = 2467.88 us
RMS_NORM_MUL RMS_NORM(128,48,512,1): 48 x 89.227 us = 4282.92 us
RMS_NORM_MUL RMS_NORM(256,24,512,1): 16 x 50.252 us = 804.04 us
RMS_NORM_MUL RMS_NORM(256,4,512,1): 16 x 11.762 us = 188.2 us
RMS_NORM_MUL RMS_NORM(5120,512,1,1): 129 x 17.053 us = 2199.92 us
ROPE: 16 x 34.222 us = 547.56 us
ROPE_VIEW_SET_ROWS ROPE: 16 x 9.002 us = 144.04 us
SCALE: 96 x 9.423 us = 904.68 us
SET_ROWS: 16 x 8.97 us = 143.52 us
SIGMOID: 48 x 3.862 us = 185.4 us
SIGMOID_MUL SIGMOID: 16 x 32.275 us = 516.4 us
SILU_MUL SILU: 48 x 32.53 us = 1561.48 us
SOFTPLUS_MUL SOFTPLUS: 48 x 4.295 us = 206.16 us
SSM_CONV_SILU SSM_CONV: 48 x 27.515 us = 1320.76 us
Total time: 500342 us.
0.49.752.664 I slot print_timing: id  0 | task 0 | prompt processing, n_tokens =   4096, progress = 0.05, t =   4.07 s / 1006.92 tokens per second
----------------
Vulkan Timings:
ADD: 176 x 13.434 us = 2364.52 us
CONCAT: 48 x 123.492 us = 5927.64 us
CONT: 16 x 28.915 us = 462.64 us
CPY: 96 x 3.969 us = 381.08 us
FLASH_ATTN_EXT dst(256,24,512,1),  q(256,512,24,1),  k(256,4608,4,1),  v(256,4608,4,1),  m(4608,512,1,1): 16 x 1942.17 us = 31074.7 us (29854.3 GFLOPS/s)
GATED_DELTA_NET: 48 x 220.522 us = 10585.1 us
GET_ROWS: 96 x 7.037 us = 675.64 us
GLU: 64 x 95.391 us = 6105.08 us
MUL_MAT f32 m=48 n=512 k=5120: 96 x 34.013 us = 3265.32 us (7398 GFLOPS/s)
MUL_MAT q4_0 m=1024 n=512 k=5120: 32 x 67.671 us = 2165.48 us (79327.4 GFLOPS/s)
MUL_MAT q4_0 m=10240 n=512 k=5120: 48 x 997.651 us = 47887.3 us (53808.2 GFLOPS/s)
MUL_MAT q4_0 m=12288 n=512 k=5120: 16 x 1093.24 us = 17491.9 us (58924 GFLOPS/s)
MUL_MAT q4_0 m=17408 n=512 k=5120: 128 x 1467.47 us = 187837 us (62188 GFLOPS/s)
MUL_MAT q4_0 m=5120 n=512 k=17408: 56 x 1690.39 us = 94661.8 us (53990.8 GFLOPS/s)
MUL_MAT q4_0 m=5120 n=512 k=6144: 16 x 622.082 us = 9953.32 us (51777.1 GFLOPS/s)
MUL_MAT q4_0 m=6144 n=512 k=5120: 48 x 521.757 us = 25044.4 us (61732 GFLOPS/s)
MUL_MAT q4_1 m=5120 n=512 k=17408: 8 x 1667.67 us = 13341.4 us (54726.2 GFLOPS/s)
MUL_MAT q5_K m=5120 n=512 k=6144: 48 x 686.579 us = 32955.8 us (46913.2 GFLOPS/s)
RMS_NORM(128,16,512,1): 96 x 25.807 us = 2477.48 us
RMS_NORM_MUL RMS_NORM(128,48,512,1): 48 x 90.598 us = 4348.72 us
RMS_NORM_MUL RMS_NORM(256,24,512,1): 16 x 50.86 us = 813.76 us
RMS_NORM_MUL RMS_NORM(256,4,512,1): 16 x 11.83 us = 189.28 us
RMS_NORM_MUL RMS_NORM(5120,512,1,1): 129 x 17.18 us = 2216.32 us
ROPE: 16 x 34.605 us = 553.68 us
ROPE_VIEW_SET_ROWS ROPE: 16 x 9.34 us = 149.44 us
SCALE: 96 x 9.633 us = 924.84 us
SET_ROWS: 16 x 8.967 us = 143.48 us
SIGMOID: 48 x 3.955 us = 189.84 us
SIGMOID_MUL SIGMOID: 16 x 32.662 us = 522.6 us
SILU_MUL SILU: 48 x 32.88 us = 1578.24 us
SOFTPLUS_MUL SOFTPLUS: 48 x 4.308 us = 206.8 us
SSM_CONV_SILU SSM_CONV: 48 x 28.11 us = 1349.32 us
Total time: 507843 us.
----------------
Vulkan Timings:
ADD: 176 x 12.56 us = 2210.64 us
CONCAT: 48 x 122.899 us = 5899.16 us
CONT: 16 x 31.71 us = 507.36 us
CPY: 96 x 3.881 us = 372.64 us
FLASH_ATTN_EXT dst(256,24,512,1),  q(256,512,24,1),  k(256,5120,4,1),  v(256,5120,4,1),  m(5120,512,1,1): 16 x 2162.68 us = 34602.9 us (29789.2 GFLOPS/s)
GATED_DELTA_NET: 48 x 220.265 us = 10572.8 us
GET_ROWS: 96 x 7.108 us = 682.4 us
GLU: 64 x 96.537 us = 6178.4 us
MUL_MAT f32 m=48 n=512 k=5120: 96 x 33.868 us = 3251.4 us (7429.67 GFLOPS/s)
MUL_MAT q4_0 m=1024 n=512 k=5120: 32 x 64.43 us = 2061.76 us (83318.1 GFLOPS/s)
MUL_MAT q4_0 m=10240 n=512 k=5120: 48 x 987.382 us = 47394.4 us (54367.8 GFLOPS/s)
MUL_MAT q4_0 m=12288 n=512 k=5120: 16 x 1118.26 us = 17892.1 us (57605.9 GFLOPS/s)
MUL_MAT q4_0 m=17408 n=512 k=5120: 128 x 1457.85 us = 186604 us (62598.7 GFLOPS/s)
MUL_MAT q4_0 m=5120 n=512 k=17408: 56 x 1684.68 us = 94342.2 us (54173.7 GFLOPS/s)
MUL_MAT q4_0 m=5120 n=512 k=6144: 16 x 617.667 us = 9882.68 us (52147.2 GFLOPS/s)
MUL_MAT q4_0 m=6144 n=512 k=5120: 48 x 517.45 us = 24837.6 us (62245.8 GFLOPS/s)
MUL_MAT q4_1 m=5120 n=512 k=17408: 8 x 1636.38 us = 13091 us (55772.9 GFLOPS/s)
MUL_MAT q5_K m=5120 n=512 k=6144: 48 x 679.653 us = 32623.4 us (47391.3 GFLOPS/s)
RMS_NORM(128,16,512,1): 96 x 25.649 us = 2462.36 us
RMS_NORM_MUL RMS_NORM(128,48,512,1): 48 x 89.825 us = 4311.6 us
RMS_NORM_MUL RMS_NORM(256,24,512,1): 16 x 51.995 us = 831.92 us
RMS_NORM_MUL RMS_NORM(256,4,512,1): 16 x 11.797 us = 188.76 us
RMS_NORM_MUL RMS_NORM(5120,512,1,1): 129 x 17.132 us = 2210.08 us
ROPE: 16 x 34.572 us = 553.16 us
ROPE_VIEW_SET_ROWS ROPE: 16 x 9.215 us = 147.44 us
SCALE: 96 x 9.475 us = 909.68 us
SET_ROWS: 16 x 8.907 us = 142.52 us
SIGMOID: 48 x 3.72 us = 178.6 us
SIGMOID_MUL SIGMOID: 16 x 32.432 us = 518.92 us
SILU_MUL SILU: 48 x 32.69 us = 1569.16 us
SOFTPLUS_MUL SOFTPLUS: 48 x 4.38 us = 210.24 us
SSM_CONV_SILU SSM_CONV: 48 x 27.968 us = 1342.48 us
Total time: 508584 us.
----------------
Vulkan Timings:
ADD: 176 x 12.81 us = 2254.68 us
CONCAT: 48 x 124.725 us = 5986.8 us
CONT: 16 x 33.317 us = 533.08 us
CPY: 96 x 4.012 us = 385.16 us
FLASH_ATTN_EXT dst(256,24,512,1),  q(256,512,24,1),  k(256,5632,4,1),  v(256,5632,4,1),  m(5632,512,1,1): 16 x 2391.57 us = 38265.1 us (29632 GFLOPS/s)
GATED_DELTA_NET: 48 x 221.207 us = 10618 us
GET_ROWS: 96 x 7.043 us = 676.16 us
GLU: 64 x 96.988 us = 6207.28 us
MUL_MAT f32 m=48 n=512 k=5120: 96 x 34.436 us = 3305.88 us (7307.23 GFLOPS/s)
MUL_MAT q4_0 m=1024 n=512 k=5120: 32 x 64.618 us = 2067.8 us (83074.7 GFLOPS/s)
MUL_MAT q4_0 m=10240 n=512 k=5120: 48 x 1001.07 us = 48051.4 us (53624.4 GFLOPS/s)
MUL_MAT q4_0 m=12288 n=512 k=5120: 16 x 1108.78 us = 17740.5 us (58098.3 GFLOPS/s)
MUL_MAT q4_0 m=17408 n=512 k=5120: 128 x 1467.41 us = 187829 us (62190.4 GFLOPS/s)
MUL_MAT q4_0 m=5120 n=512 k=17408: 56 x 1688.15 us = 94536.7 us (54062.2 GFLOPS/s)
MUL_MAT q4_0 m=5120 n=512 k=6144: 16 x 622.715 us = 9963.44 us (51724.5 GFLOPS/s)
MUL_MAT q4_0 m=6144 n=512 k=5120: 48 x 524.526 us = 25177.3 us (61406 GFLOPS/s)
MUL_MAT q4_1 m=5120 n=512 k=17408: 8 x 1673.96 us = 13391.7 us (54520.7 GFLOPS/s)
MUL_MAT q5_K m=5120 n=512 k=6144: 48 x 688.802 us = 33062.5 us (46761.8 GFLOPS/s)
RMS_NORM(128,16,512,1): 96 x 26.109 us = 2506.52 us
RMS_NORM_MUL RMS_NORM(128,48,512,1): 48 x 92.031 us = 4417.52 us
RMS_NORM_MUL RMS_NORM(256,24,512,1): 16 x 51.597 us = 825.56 us
RMS_NORM_MUL RMS_NORM(256,4,512,1): 16 x 11.755 us = 188.08 us
RMS_NORM_MUL RMS_NORM(5120,512,1,1): 129 x 17.285 us = 2229.84 us
ROPE: 16 x 34.24 us = 547.84 us
ROPE_VIEW_SET_ROWS ROPE: 16 x 9.115 us = 145.84 us
SCALE: 96 x 9.551 us = 916.92 us
SET_ROWS: 16 x 8.95 us = 143.2 us
SIGMOID: 48 x 3.962 us = 190.2 us
SIGMOID_MUL SIGMOID: 16 x 33.54 us = 536.64 us
SILU_MUL SILU: 48 x 33.076 us = 1587.68 us
SOFTPLUS_MUL SOFTPLUS: 48 x 4.315 us = 207.16 us
SSM_CONV_SILU SSM_CONV: 48 x 27.852 us = 1336.92 us
Total time: 515832 us.
----------------
Vulkan Timings:
ADD: 176 x 13.252 us = 2332.48 us
CONCAT: 48 x 125.871 us = 6041.84 us
CONT: 16 x 34.6 us = 553.6 us
CPY: 96 x 4.407 us = 423.08 us
FLASH_ATTN_EXT dst(256,24,512,1),  q(256,512,24,1),  k(256,6144,4,1),  v(256,6144,4,1),  m(6144,512,1,1): 16 x 2623.26 us = 41972.1 us (29470.8 GFLOPS/s)
GATED_DELTA_NET: 48 x 226.858 us = 10889.2 us
GET_ROWS: 96 x 7.106 us = 682.2 us
GLU: 64 x 97.313 us = 6228.08 us
MUL_MAT f32 m=48 n=512 k=5120: 96 x 34.577 us = 3319.4 us (7277.47 GFLOPS/s)
MUL_MAT q4_0 m=1024 n=512 k=5120: 32 x 64.885 us = 2076.32 us (82733.8 GFLOPS/s)
MUL_MAT q4_0 m=10240 n=512 k=5120: 48 x 1009.74 us = 48467.7 us (53163.9 GFLOPS/s)
MUL_MAT q4_0 m=12288 n=512 k=5120: 16 x 1112.27 us = 17796.4 us (57915.9 GFLOPS/s)
MUL_MAT q4_0 m=17408 n=512 k=5120: 128 x 1475.81 us = 188904 us (61836.7 GFLOPS/s)
MUL_MAT q4_0 m=5120 n=512 k=17408: 56 x 1696.73 us = 95016.8 us (53789.1 GFLOPS/s)
MUL_MAT q4_0 m=5120 n=512 k=6144: 16 x 622.73 us = 9963.68 us (51723.3 GFLOPS/s)
MUL_MAT q4_0 m=6144 n=512 k=5120: 48 x 529.971 us = 25438.6 us (60775.2 GFLOPS/s)
MUL_MAT q4_1 m=5120 n=512 k=17408: 8 x 1697.88 us = 13583 us (53752.7 GFLOPS/s)
MUL_MAT q5_K m=5120 n=512 k=6144: 48 x 692.95 us = 33261.6 us (46481.8 GFLOPS/s)
RMS_NORM(128,16,512,1): 96 x 26.192 us = 2514.48 us
RMS_NORM_MUL RMS_NORM(128,48,512,1): 48 x 97.605 us = 4685.08 us
RMS_NORM_MUL RMS_NORM(256,24,512,1): 16 x 51.807 us = 828.92 us
RMS_NORM_MUL RMS_NORM(256,4,512,1): 16 x 12.382 us = 198.12 us
RMS_NORM_MUL RMS_NORM(5120,512,1,1): 129 x 17.46 us = 2252.36 us
ROPE: 16 x 34.83 us = 557.28 us
ROPE_VIEW_SET_ROWS ROPE: 16 x 9.285 us = 148.56 us
SCALE: 96 x 9.407 us = 903.16 us
SET_ROWS: 16 x 9.287 us = 148.6 us
SIGMOID: 48 x 3.74 us = 179.56 us
SIGMOID_MUL SIGMOID: 16 x 32.515 us = 520.24 us
SILU_MUL SILU: 48 x 33.511 us = 1608.56 us
SOFTPLUS_MUL SOFTPLUS: 48 x 4.43 us = 212.64 us
SSM_CONV_SILU SSM_CONV: 48 x 28.102 us = 1348.92 us
Total time: 523056 us.
0.51.863.319 I slot print_timing: id  0 | task 0 | prompt processing, n_tokens =   6144, progress = 0.07, t =   6.18 s / 994.42 tokens per second
----------------
Vulkan Timings:
ADD: 176 x 12.889 us = 2268.52 us
CONCAT: 48 x 126.16 us = 6055.68 us
CONT: 16 x 34.17 us = 546.72 us
CPY: 96 x 3.825 us = 367.2 us
FLASH_ATTN_EXT dst(256,24,512,1),  q(256,512,24,1),  k(256,6656,4,1),  v(256,6656,4,1),  m(6656,512,1,1): 16 x 2818.91 us = 45102.5 us (29710.8 GFLOPS/s)
GATED_DELTA_NET: 48 x 225.923 us = 10844.3 us
GET_ROWS: 96 x 7.062 us = 678.04 us
GLU: 64 x 93.752 us = 6000.16 us
MUL_MAT f32 m=48 n=512 k=5120: 96 x 34.317 us = 3294.44 us (7332.61 GFLOPS/s)
MUL_MAT q4_0 m=1024 n=512 k=5120: 32 x 64.137 us = 2052.4 us (83698.1 GFLOPS/s)
MUL_MAT q4_0 m=10240 n=512 k=5120: 48 x 1016.34 us = 48784.3 us (52818.8 GFLOPS/s)
MUL_MAT q4_0 m=12288 n=512 k=5120: 16 x 1107.57 us = 17721.1 us (58161.8 GFLOPS/s)
MUL_MAT q4_0 m=17408 n=512 k=5120: 128 x 1487.74 us = 190431 us (61340.7 GFLOPS/s)
MUL_MAT q4_0 m=5120 n=512 k=17408: 56 x 1697.73 us = 95073 us (53757.3 GFLOPS/s)
MUL_MAT q4_0 m=5120 n=512 k=6144: 16 x 621.535 us = 9944.56 us (51822.7 GFLOPS/s)
MUL_MAT q4_0 m=6144 n=512 k=5120: 48 x 532.413 us = 25555.8 us (60496.4 GFLOPS/s)
MUL_MAT q4_1 m=5120 n=512 k=17408: 8 x 1723.36 us = 13786.9 us (52957.8 GFLOPS/s)
MUL_MAT q5_K m=5120 n=512 k=6144: 48 x 701.157 us = 33655.6 us (45937.8 GFLOPS/s)
RMS_NORM(128,16,512,1): 96 x 26.371 us = 2531.68 us
RMS_NORM_MUL RMS_NORM(128,48,512,1): 48 x 92.087 us = 4420.2 us
RMS_NORM_MUL RMS_NORM(256,24,512,1): 16 x 50.512 us = 808.2 us
RMS_NORM_MUL RMS_NORM(256,4,512,1): 16 x 11.767 us = 188.28 us
RMS_NORM_MUL RMS_NORM(5120,512,1,1): 129 x 17.448 us = 2250.88 us
ROPE: 16 x 33.72 us = 539.52 us
ROPE_VIEW_SET_ROWS ROPE: 16 x 9.61 us = 153.76 us
SCALE: 96 x 9.273 us = 890.24 us
SET_ROWS: 16 x 8.912 us = 142.6 us
SIGMOID: 48 x 4.027 us = 193.32 us
SIGMOID_MUL SIGMOID: 16 x 32.542 us = 520.68 us
SILU_MUL SILU: 48 x 33.523 us = 1609.12 us
SOFTPLUS_MUL SOFTPLUS: 48 x 4.36 us = 209.28 us
SSM_CONV_SILU SSM_CONV: 48 x 28.255 us = 1356.24 us
Total time: 527976 us.
----------------
Vulkan Timings:
ADD: 176 x 13.124 us = 2309.84 us
CONCAT: 48 x 123.975 us = 5950.8 us
CONT: 16 x 32.887 us = 526.2 us
CPY: 96 x 3.813 us = 366.08 us
FLASH_ATTN_EXT dst(256,24,512,1),  q(256,512,24,1),  k(256,7168,4,1),  v(256,7168,4,1),  m(7168,512,1,1): 16 x 3035.93 us = 48575 us (29708.9 GFLOPS/s)
GATED_DELTA_NET: 48 x 223.558 us = 10730.8 us
GET_ROWS: 96 x 7 us = 672.04 us
GLU: 64 x 95.345 us = 6102.12 us
MUL_MAT f32 m=48 n=512 k=5120: 96 x 34.105 us = 3274.08 us (7378.2 GFLOPS/s)
MUL_MAT q4_0 m=1024 n=512 k=5120: 32 x 67.588 us = 2162.84 us (79424.2 GFLOPS/s)
MUL_MAT q4_0 m=10240 n=512 k=5120: 48 x 1002.58 us = 48124 us (53543.6 GFLOPS/s)
MUL_MAT q4_0 m=12288 n=512 k=5120: 16 x 1100.97 us = 17615.6 us (58510.3 GFLOPS/s)
MUL_MAT q4_0 m=17408 n=512 k=5120: 128 x 1465.62 us = 187599 us (62266.6 GFLOPS/s)
MUL_MAT q4_0 m=5120 n=512 k=17408: 56 x 1693.84 us = 94854.8 us (53880.9 GFLOPS/s)
MUL_MAT q4_0 m=5120 n=512 k=6144: 16 x 616.625 us = 9866 us (52235.4 GFLOPS/s)
MUL_MAT q4_0 m=6144 n=512 k=5120: 48 x 523.703 us = 25137.8 us (61502.6 GFLOPS/s)
MUL_MAT q4_1 m=5120 n=512 k=17408: 8 x 1660.48 us = 13283.9 us (54963.1 GFLOPS/s)
MUL_MAT q5_K m=5120 n=512 k=6144: 48 x 684.22 us = 32842.6 us (47074.9 GFLOPS/s)
RMS_NORM(128,16,512,1): 96 x 25.953 us = 2491.56 us
RMS_NORM_MUL RMS_NORM(128,48,512,1): 48 x 89.92 us = 4316.2 us
RMS_NORM_MUL RMS_NORM(256,24,512,1): 16 x 50.985 us = 815.76 us
RMS_NORM_MUL RMS_NORM(256,4,512,1): 16 x 11.77 us = 188.32 us
RMS_NORM_MUL RMS_NORM(5120,512,1,1): 129 x 17.319 us = 2234.16 us
ROPE: 16 x 33.92 us = 542.72 us
ROPE_VIEW_SET_ROWS ROPE: 16 x 9.407 us = 150.52 us
SCALE: 96 x 9.171 us = 880.44 us
SET_ROWS: 16 x 8.912 us = 142.6 us
SIGMOID: 48 x 3.943 us = 189.28 us
SIGMOID_MUL SIGMOID: 16 x 32.315 us = 517.04 us
SILU_MUL SILU: 48 x 33.18 us = 1592.64 us
SOFTPLUS_MUL SOFTPLUS: 48 x 4.164 us = 199.88 us
SSM_CONV_SILU SSM_CONV: 48 x 27.806 us = 1334.72 us
Total time: 525590 us.
----------------
Vulkan Timings:
ADD: 176 x 12.977 us = 2284.12 us
CONCAT: 48 x 125.245 us = 6011.8 us
CONT: 16 x 38.722 us = 619.56 us
CPY: 96 x 3.812 us = 366.04 us
FLASH_ATTN_EXT dst(256,24,512,1),  q(256,512,24,1),  k(256,7680,4,1),  v(256,7680,4,1),  m(7680,512,1,1): 16 x 3229.15 us = 51666.4 us (29926.4 GFLOPS/s)
GATED_DELTA_NET: 48 x 222.974 us = 10702.8 us
GET_ROWS: 96 x 7.06 us = 677.8 us
GLU: 64 x 95.554 us = 6115.48 us
MUL_MAT f32 m=48 n=512 k=5120: 96 x 34.109 us = 3274.52 us (7377.21 GFLOPS/s)
MUL_MAT q4_0 m=1024 n=512 k=5120: 32 x 67.686 us = 2165.96 us (79309.8 GFLOPS/s)
MUL_MAT q4_0 m=10240 n=512 k=5120: 48 x 1002.72 us = 48130.6 us (53536.2 GFLOPS/s)
MUL_MAT q4_0 m=12288 n=512 k=5120: 16 x 1096.98 us = 17551.6 us (58723.4 GFLOPS/s)
MUL_MAT q4_0 m=17408 n=512 k=5120: 128 x 1474.1 us = 188685 us (61908.3 GFLOPS/s)
MUL_MAT q4_0 m=5120 n=512 k=17408: 56 x 1695.42 us = 94943.8 us (53830.4 GFLOPS/s)
MUL_MAT q4_0 m=5120 n=512 k=6144: 16 x 619.057 us = 9904.92 us (52030.1 GFLOPS/s)
MUL_MAT q4_0 m=6144 n=512 k=5120: 48 x 525.35 us = 25216.8 us (61309.7 GFLOPS/s)
MUL_MAT q4_1 m=5120 n=512 k=17408: 8 x 1675.61 us = 13404.9 us (54467 GFLOPS/s)
MUL_MAT q5_K m=5120 n=512 k=6144: 48 x 689.363 us = 33089.4 us (46723.7 GFLOPS/s)
RMS_NORM(128,16,512,1): 96 x 26.24 us = 2519.12 us
RMS_NORM_MUL RMS_NORM(128,48,512,1): 48 x 91.484 us = 4391.24 us
RMS_NORM_MUL RMS_NORM(256,24,512,1): 16 x 51.327 us = 821.24 us
RMS_NORM_MUL RMS_NORM(256,4,512,1): 16 x 12.04 us = 192.64 us
RMS_NORM_MUL RMS_NORM(5120,512,1,1): 129 x 17.164 us = 2214.16 us
ROPE: 16 x 34.307 us = 548.92 us
ROPE_VIEW_SET_ROWS ROPE: 16 x 9.387 us = 150.2 us
SCALE: 96 x 9.129 us = 876.44 us
SET_ROWS: 16 x 9.505 us = 152.08 us
SIGMOID: 48 x 4.174 us = 200.36 us
SIGMOID_MUL SIGMOID: 16 x 32.49 us = 519.84 us
SILU_MUL SILU: 48 x 33.139 us = 1590.68 us
SOFTPLUS_MUL SOFTPLUS: 48 x 4.548 us = 218.32 us
SSM_CONV_SILU SSM_CONV: 48 x 28.13 us = 1350.24 us
Total time: 530557 us.
----------------
Vulkan Timings:
ADD: 176 x 14.095 us = 2480.72 us
CONCAT: 48 x 125.314 us = 6015.08 us
CONT: 16 x 40.9 us = 654.4 us
CPY: 96 x 3.987 us = 382.76 us
FLASH_ATTN_EXT dst(256,24,512,1),  q(256,512,24,1),  k(256,8192,4,1),  v(256,8192,4,1),  m(8192,512,1,1): 16 x 3485.3 us = 55764.7 us (29575.5 GFLOPS/s)
GATED_DELTA_NET: 48 x 224.68 us = 10784.7 us
GET_ROWS: 96 x 7.159 us = 687.32 us
GLU: 64 x 98.88 us = 6328.32 us
MUL_MAT f32 m=48 n=512 k=5120: 96 x 35.057 us = 3365.52 us (7177.74 GFLOPS/s)
MUL_MAT q4_0 m=1024 n=512 k=5120: 32 x 64.696 us = 2070.28 us (82975.2 GFLOPS/s)
MUL_MAT q4_0 m=10240 n=512 k=5120: 48 x 1003.9 us = 48187.3 us (53473.2 GFLOPS/s)
MUL_MAT q4_0 m=12288 n=512 k=5120: 16 x 1112.12 us = 17794 us (57923.5 GFLOPS/s)
MUL_MAT q4_0 m=17408 n=512 k=5120: 128 x 1471.95 us = 188409 us (61998.9 GFLOPS/s)
MUL_MAT q4_0 m=5120 n=512 k=17408: 56 x 1693.66 us = 94845.1 us (53886.4 GFLOPS/s)
MUL_MAT q4_0 m=5120 n=512 k=6144: 16 x 621.91 us = 9950.56 us (51791.5 GFLOPS/s)
MUL_MAT q4_0 m=6144 n=512 k=5120: 48 x 525.64 us = 25230.8 us (61275.9 GFLOPS/s)
MUL_MAT q4_1 m=5120 n=512 k=17408: 8 x 1681.88 us = 13455 us (54264.1 GFLOPS/s)
MUL_MAT q5_K m=5120 n=512 k=6144: 48 x 687.719 us = 33010.5 us (46835.4 GFLOPS/s)
RMS_NORM(128,16,512,1): 96 x 26.327 us = 2527.48 us
RMS_NORM_MUL RMS_NORM(128,48,512,1): 48 x 92.02 us = 4417 us
RMS_NORM_MUL RMS_NORM(256,24,512,1): 16 x 51.977 us = 831.64 us
RMS_NORM_MUL RMS_NORM(256,4,512,1): 16 x 12.095 us = 193.52 us
RMS_NORM_MUL RMS_NORM(5120,512,1,1): 129 x 17.92 us = 2311.8 us
ROPE: 16 x 34.63 us = 554.08 us
ROPE_VIEW_SET_ROWS ROPE: 16 x 9.315 us = 149.04 us
SCALE: 96 x 9.39 us = 901.44 us
SET_ROWS: 16 x 9.55 us = 152.8 us
SIGMOID: 48 x 4.279 us = 205.4 us
SIGMOID_MUL SIGMOID: 16 x 32.675 us = 522.8 us
SILU_MUL SILU: 48 x 33.294 us = 1598.12 us
SOFTPLUS_MUL SOFTPLUS: 48 x 4.267 us = 204.84 us
SSM_CONV_SILU SSM_CONV: 48 x 29.449 us = 1413.56 us
Total time: 535400 us.
0.54.041.248 I slot print_timing: id  0 | task 0 | prompt processing, n_tokens =   8192, progress = 0.09, t =   8.36 s / 980.32 tokens per second
----------------
Vulkan Timings:
ADD: 176 x 24.264 us = 4270.56 us
CONCAT: 48 x 131.696 us = 6321.44 us
CONT: 16 x 67.35 us = 1077.6 us
CPY: 96 x 4.812 us = 462.04 us
FLASH_ATTN_EXT dst(256,24,512,1),  q(256,512,24,1),  k(256,8704,4,1),  v(256,8704,4,1),  m(8704,512,1,1): 16 x 3747.71 us = 59963.4 us (29223.6 GFLOPS/s)
GATED_DELTA_NET: 48 x 230.743 us = 11075.7 us
GET_ROWS: 96 x 8.984 us = 862.48 us
GLU: 64 x 146.09 us = 9349.76 us
MUL_MAT f32 m=48 n=512 k=5120: 96 x 40.514 us = 3889.36 us (6211 GFLOPS/s)
MUL_MAT q4_0 m=1024 n=512 k=5120: 32 x 72.623 us = 2323.96 us (73917.8 GFLOPS/s)
MUL_MAT q4_0 m=10240 n=512 k=5120: 48 x 1010.84 us = 48520.2 us (53106.3 GFLOPS/s)
MUL_MAT q4_0 m=12288 n=512 k=5120: 16 x 1113.32 us = 17813.1 us (57861.5 GFLOPS/s)
MUL_MAT q4_0 m=17408 n=512 k=5120: 128 x 1477.27 us = 189090 us (61775.6 GFLOPS/s)
MUL_MAT q4_0 m=5120 n=512 k=17408: 56 x 1709.95 us = 95757.2 us (53373.2 GFLOPS/s)
MUL_MAT q4_0 m=5120 n=512 k=6144: 16 x 624.562 us = 9993 us (51571.5 GFLOPS/s)
MUL_MAT q4_0 m=6144 n=512 k=5120: 48 x 537.083 us = 25780 us (59970.4 GFLOPS/s)
MUL_MAT q4_1 m=5120 n=512 k=17408: 8 x 1726.21 us = 13809.7 us (52870.3 GFLOPS/s)
MUL_MAT q5_K m=5120 n=512 k=6144: 48 x 693.126 us = 33270.1 us (46470.1 GFLOPS/s)
RMS_NORM(128,16,512,1): 96 x 28.592 us = 2744.84 us
RMS_NORM_MUL RMS_NORM(128,48,512,1): 48 x 93.336 us = 4480.16 us
RMS_NORM_MUL RMS_NORM(256,24,512,1): 16 x 57.292 us = 916.68 us
RMS_NORM_MUL RMS_NORM(256,4,512,1): 16 x 13.165 us = 210.64 us
RMS_NORM_MUL RMS_NORM(5120,512,1,1): 129 x 26.026 us = 3357.48 us
ROPE: 16 x 43.382 us = 694.12 us
ROPE_VIEW_SET_ROWS ROPE: 16 x 10.682 us = 170.92 us
SCALE: 96 x 12.3 us = 1180.88 us
SET_ROWS: 16 x 9.377 us = 150.04 us
SIGMOID: 48 x 4.318 us = 207.28 us
SIGMOID_MUL SIGMOID: 16 x 34.067 us = 545.08 us
SILU_MUL SILU: 48 x 34.998 us = 1679.92 us
SOFTPLUS_MUL SOFTPLUS: 48 x 4.266 us = 204.8 us
SSM_CONV_SILU SSM_CONV: 48 x 39.272 us = 1885.08 us
Total time: 552058 us.
----------------
Vulkan Timings:
ADD: 176 x 15.32 us = 2696.44 us
CONCAT: 48 x 125.6 us = 6028.8 us
CONT: 16 x 45.94 us = 735.04 us
CPY: 96 x 3.96 us = 380.16 us
FLASH_ATTN_EXT dst(256,24,512,1),  q(256,512,24,1),  k(256,9216,4,1),  v(256,9216,4,1),  m(9216,512,1,1): 16 x 3899.11 us = 62385.8 us (29741.2 GFLOPS/s)
GATED_DELTA_NET: 48 x 224.895 us = 10795 us
GET_ROWS: 96 x 7.569 us = 726.64 us
GLU: 64 x 103.356 us = 6614.8 us
MUL_MAT f32 m=48 n=512 k=5120: 96 x 35.002 us = 3360.28 us (7188.93 GFLOPS/s)
MUL_MAT q4_0 m=1024 n=512 k=5120: 32 x 64.381 us = 2060.2 us (83381.2 GFLOPS/s)
MUL_MAT q4_0 m=10240 n=512 k=5120: 48 x 1004.97 us = 48238.6 us (53416.4 GFLOPS/s)
MUL_MAT q4_0 m=12288 n=512 k=5120: 16 x 1095.24 us = 17523.8 us (58816.7 GFLOPS/s)
MUL_MAT q4_0 m=17408 n=512 k=5120: 128 x 1477.41 us = 189109 us (61769.5 GFLOPS/s)
MUL_MAT q4_0 m=5120 n=512 k=17408: 56 x 1697.4 us = 95054.2 us (53767.9 GFLOPS/s)
MUL_MAT q4_0 m=5120 n=512 k=6144: 16 x 619.212 us = 9907.4 us (52017.1 GFLOPS/s)
MUL_MAT q4_0 m=6144 n=512 k=5120: 48 x 525.978 us = 25247 us (61236.6 GFLOPS/s)
MUL_MAT q4_1 m=5120 n=512 k=17408: 8 x 1734.57 us = 13876.6 us (52615.6 GFLOPS/s)
MUL_MAT q5_K m=5120 n=512 k=6144: 48 x 687.941 us = 33021.2 us (46820.3 GFLOPS/s)
RMS_NORM(128,16,512,1): 96 x 26.46 us = 2540.2 us
RMS_NORM_MUL RMS_NORM(128,48,512,1): 48 x 91.221 us = 4378.64 us
RMS_NORM_MUL RMS_NORM(256,24,512,1): 16 x 51.112 us = 817.8 us
RMS_NORM_MUL RMS_NORM(256,4,512,1): 16 x 11.777 us = 188.44 us
RMS_NORM_MUL RMS_NORM(5120,512,1,1): 129 x 18.688 us = 2410.76 us
ROPE: 16 x 34.832 us = 557.32 us
ROPE_VIEW_SET_ROWS ROPE: 16 x 9.15 us = 146.4 us
SCALE: 96 x 9.62 us = 923.52 us
SET_ROWS: 16 x 8.86 us = 141.76 us
SIGMOID: 48 x 3.714 us = 178.28 us
SIGMOID_MUL SIGMOID: 16 x 32.807 us = 524.92 us
SILU_MUL SILU: 48 x 33.359 us = 1601.24 us
SOFTPLUS_MUL SOFTPLUS: 48 x 4.524 us = 217.16 us
SSM_CONV_SILU SSM_CONV: 48 x 29.207 us = 1401.96 us
Total time: 543789 us.
----------------
Vulkan Timings:
ADD: 176 x 13.553 us = 2385.36 us
CONCAT: 48 x 125.702 us = 6033.72 us
CONT: 16 x 39.87 us = 637.92 us
CPY: 96 x 3.834 us = 368.08 us
FLASH_ATTN_EXT dst(256,24,512,1),  q(256,512,24,1),  k(256,9728,4,1),  v(256,9728,4,1),  m(9728,512,1,1): 16 x 4153.29 us = 66452.7 us (29472.2 GFLOPS/s)
GATED_DELTA_NET: 48 x 224.784 us = 10789.6 us
GET_ROWS: 96 x 7.092 us = 680.88 us
GLU: 64 x 93.761 us = 6000.72 us
MUL_MAT f32 m=48 n=512 k=5120: 96 x 34.117 us = 3275.24 us (7375.59 GFLOPS/s)
MUL_MAT q4_0 m=1024 n=512 k=5120: 32 x 64.516 us = 2064.52 us (83206.7 GFLOPS/s)
MUL_MAT q4_0 m=10240 n=512 k=5120: 48 x 1009.97 us = 48478.7 us (53151.7 GFLOPS/s)
MUL_MAT q4_0 m=12288 n=512 k=5120: 16 x 1106.43 us = 17703 us (58221.4 GFLOPS/s)
MUL_MAT q4_0 m=17408 n=512 k=5120: 128 x 1477.74 us = 189151 us (61755.7 GFLOPS/s)
MUL_MAT q4_0 m=5120 n=512 k=17408: 56 x 1699.87 us = 95192.6 us (53689.7 GFLOPS/s)
MUL_MAT q4_0 m=5120 n=512 k=6144: 16 x 626.15 us = 10018.4 us (51440.8 GFLOPS/s)
MUL_MAT q4_0 m=6144 n=512 k=5120: 48 x 527.192 us = 25305.2 us (61095.5 GFLOPS/s)
MUL_MAT q4_1 m=5120 n=512 k=17408: 8 x 1699.41 us = 13595.3 us (53704 GFLOPS/s)
MUL_MAT q5_K m=5120 n=512 k=6144: 48 x 693.085 us = 33268.1 us (46472.8 GFLOPS/s)
RMS_NORM(128,16,512,1): 96 x 26.19 us = 2514.28 us
RMS_NORM_MUL RMS_NORM(128,48,512,1): 48 x 92.365 us = 4433.52 us
RMS_NORM_MUL RMS_NORM(256,24,512,1): 16 x 51.25 us = 820 us
RMS_NORM_MUL RMS_NORM(256,4,512,1): 16 x 11.837 us = 189.4 us
RMS_NORM_MUL RMS_NORM(5120,512,1,1): 129 x 17.465 us = 2253.04 us
ROPE: 16 x 34.257 us = 548.12 us
ROPE_VIEW_SET_ROWS ROPE: 16 x 9.145 us = 146.32 us
SCALE: 96 x 9.205 us = 883.72 us
SET_ROWS: 16 x 8.945 us = 143.12 us
SIGMOID: 48 x 3.776 us = 181.28 us
SIGMOID_MUL SIGMOID: 16 x 32.68 us = 522.88 us
SILU_MUL SILU: 48 x 33.75 us = 1620.04 us
SOFTPLUS_MUL SOFTPLUS: 48 x 4.324 us = 207.56 us
SSM_CONV_SILU SSM_CONV: 48 x 28.827 us = 1383.72 us
Total time: 547248 us.
----------------
Vulkan Timings:
ADD: 176 x 14.16 us = 2492.16 us
CONCAT: 48 x 127.336 us = 6112.16 us
CONT: 16 x 41.352 us = 661.64 us
CPY: 96 x 3.835 us = 368.24 us
FLASH_ATTN_EXT dst(256,24,512,1),  q(256,512,24,1),  k(256,10240,4,1),  v(256,10240,4,1),  m(10240,512,1,1): 16 x 4397.38 us = 70358.1 us (29301.3 GFLOPS/s)
GATED_DELTA_NET: 48 x 229.866 us = 11033.6 us
GET_ROWS: 96 x 7.13 us = 684.56 us
GLU: 64 x 97.906 us = 6266.04 us
MUL_MAT f32 m=48 n=512 k=5120: 96 x 34.58 us = 3319.76 us (7276.68 GFLOPS/s)
MUL_MAT q4_0 m=1024 n=512 k=5120: 32 x 64.678 us = 2069.72 us (82997.7 GFLOPS/s)
MUL_MAT q4_0 m=10240 n=512 k=5120: 48 x 1014.96 us = 48718.1 us (52890.6 GFLOPS/s)
MUL_MAT q4_0 m=12288 n=512 k=5120: 16 x 1115.99 us = 17855.8 us (57722.9 GFLOPS/s)
MUL_MAT q4_0 m=17408 n=512 k=5120: 128 x 1486.11 us = 190221 us (61408.3 GFLOPS/s)
MUL_MAT q4_0 m=5120 n=512 k=17408: 56 x 1711.17 us = 95825.8 us (53334.9 GFLOPS/s)
MUL_MAT q4_0 m=5120 n=512 k=6144: 16 x 624.31 us = 9988.96 us (51592.4 GFLOPS/s)
MUL_MAT q4_0 m=6144 n=512 k=5120: 48 x 531.47 us = 25510.6 us (60603.8 GFLOPS/s)
MUL_MAT q4_1 m=5120 n=512 k=17408: 8 x 1706.03 us = 13648.2 us (53495.8 GFLOPS/s)
MUL_MAT q5_K m=5120 n=512 k=6144: 48 x 695.527 us = 33385.3 us (46309.6 GFLOPS/s)
RMS_NORM(128,16,512,1): 96 x 26.489 us = 2543 us
RMS_NORM_MUL RMS_NORM(128,48,512,1): 48 x 93.63 us = 4494.24 us
RMS_NORM_MUL RMS_NORM(256,24,512,1): 16 x 52.205 us = 835.28 us
RMS_NORM_MUL RMS_NORM(256,4,512,1): 16 x 11.83 us = 189.28 us
RMS_NORM_MUL RMS_NORM(5120,512,1,1): 129 x 17.444 us = 2250.28 us
ROPE: 16 x 34.632 us = 554.12 us
ROPE_VIEW_SET_ROWS ROPE: 16 x 9.472 us = 151.56 us
SCALE: 96 x 9.289 us = 891.76 us
SET_ROWS: 16 x 9.022 us = 144.36 us
SIGMOID: 48 x 3.96 us = 190.12 us
SIGMOID_MUL SIGMOID: 16 x 32.682 us = 522.92 us
SILU_MUL SILU: 48 x 34.03 us = 1633.44 us
SOFTPLUS_MUL SOFTPLUS: 48 x 4.56 us = 218.92 us
SSM_CONV_SILU SSM_CONV: 48 x 28.944 us = 1389.32 us
Total time: 554529 us.
0.56.299.134 I slot print_timing: id  0 | task 0 | prompt processing, n_tokens =  10240, progress = 0.12, t =  10.61 s / 964.74 tokens per second
----------------
Vulkan Timings:
ADD: 176 x 14.727 us = 2592.04 us
CONCAT: 48 x 127.36 us = 6113.28 us
CONT: 16 x 41.015 us = 656.24 us
CPY: 96 x 4.05 us = 388.84 us
FLASH_ATTN_EXT dst(256,24,512,1),  q(256,512,24,1),  k(256,10752,4,1),  v(256,10752,4,1),  m(10752,512,1,1): 16 x 4641.98 us = 74271.8 us (29145.2 GFLOPS/s)
GATED_DELTA_NET: 48 x 228.383 us = 10962.4 us
GET_ROWS: 96 x 7.161 us = 687.48 us
GLU: 64 x 95.986 us = 6143.16 us
MUL_MAT f32 m=48 n=512 k=5120: 96 x 34.549 us = 3316.76 us (7283.26 GFLOPS/s)
MUL_MAT q4_0 m=1024 n=512 k=5120: 32 x 73.67 us = 2357.44 us (72868 GFLOPS/s)
MUL_MAT q4_0 m=10240 n=512 k=5120: 48 x 1022.41 us = 49075.9 us (52505 GFLOPS/s)
MUL_MAT q4_0 m=12288 n=512 k=5120: 16 x 1115.1 us = 17841.6 us (57769 GFLOPS/s)
MUL_MAT q4_0 m=17408 n=512 k=5120: 128 x 1499.36 us = 191918 us (60865.5 GFLOPS/s)
MUL_MAT q4_0 m=5120 n=512 k=17408: 56 x 1718.74 us = 96249.5 us (53100.2 GFLOPS/s)
MUL_MAT q4_0 m=5120 n=512 k=6144: 16 x 626.787 us = 10028.6 us (51388.4 GFLOPS/s)
MUL_MAT q4_0 m=6144 n=512 k=5120: 48 x 535.733 us = 25715.2 us (60121.5 GFLOPS/s)
MUL_MAT q4_1 m=5120 n=512 k=17408: 8 x 1741.67 us = 13933.4 us (52401 GFLOPS/s)
MUL_MAT q5_K m=5120 n=512 k=6144: 48 x 702.046 us = 33698.2 us (45879.6 GFLOPS/s)
RMS_NORM(128,16,512,1): 96 x 26.653 us = 2558.76 us
RMS_NORM_MUL RMS_NORM(128,48,512,1): 48 x 94.495 us = 4535.76 us
RMS_NORM_MUL RMS_NORM(256,24,512,1): 16 x 53.49 us = 855.84 us
RMS_NORM_MUL RMS_NORM(256,4,512,1): 16 x 11.987 us = 191.8 us
RMS_NORM_MUL RMS_NORM(5120,512,1,1): 129 x 17.815 us = 2298.16 us
ROPE: 16 x 34.542 us = 552.68 us
ROPE_VIEW_SET_ROWS ROPE: 16 x 9.29 us = 148.64 us
SCALE: 96 x 9.287 us = 891.56 us
SET_ROWS: 16 x 9.07 us = 145.12 us
SIGMOID: 48 x 4.079 us = 195.8 us
SIGMOID_MUL SIGMOID: 16 x 32.847 us = 525.56 us
SILU_MUL SILU: 48 x 34.145 us = 1638.96 us
SOFTPLUS_MUL SOFTPLUS: 48 x 4.139 us = 198.68 us
SSM_CONV_SILU SSM_CONV: 48 x 29.13 us = 1398.28 us
Total time: 562085 us.
----------------
Vulkan Timings:
ADD: 176 x 14.39 us = 2532.64 us
CONCAT: 48 x 127.525 us = 6121.2 us
CONT: 16 x 40.695 us = 651.12 us
CPY: 96 x 3.844 us = 369.08 us
FLASH_ATTN_EXT dst(256,24,512,1),  q(256,512,24,1),  k(256,11264,4,1),  v(256,11264,4,1),  m(11264,512,1,1): 16 x 4848.02 us = 77568.3 us (29235.4 GFLOPS/s)
GATED_DELTA_NET: 48 x 231.246 us = 11099.8 us
GET_ROWS: 96 x 7.378 us = 708.32 us
GLU: 64 x 98.53 us = 6305.96 us
MUL_MAT f32 m=48 n=512 k=5120: 96 x 34.9 us = 3350.44 us (7210.05 GFLOPS/s)
MUL_MAT q4_0 m=1024 n=512 k=5120: 32 x 68.18 us = 2181.76 us (78735.5 GFLOPS/s)
MUL_MAT q4_0 m=10240 n=512 k=5120: 48 x 1024.65 us = 49183.2 us (52390.4 GFLOPS/s)
MUL_MAT q4_0 m=12288 n=512 k=5120: 16 x 1108.55 us = 17736.8 us (58110.2 GFLOPS/s)
MUL_MAT q4_0 m=17408 n=512 k=5120: 128 x 1497.82 us = 191720 us (60928.2 GFLOPS/s)
MUL_MAT q4_0 m=5120 n=512 k=17408: 56 x 1725.02 us = 96601.2 us (52906.8 GFLOPS/s)
MUL_MAT q4_0 m=5120 n=512 k=6144: 16 x 628.035 us = 10048.6 us (51286.4 GFLOPS/s)
MUL_MAT q4_0 m=6144 n=512 k=5120: 48 x 534.698 us = 25665.5 us (60237.9 GFLOPS/s)
MUL_MAT q4_1 m=5120 n=512 k=17408: 8 x 1742.88 us = 13943 us (52364.7 GFLOPS/s)
MUL_MAT q5_K m=5120 n=512 k=6144: 48 x 699.738 us = 33587.4 us (46031 GFLOPS/s)
RMS_NORM(128,16,512,1): 96 x 26.787 us = 2571.6 us
RMS_NORM_MUL RMS_NORM(128,48,512,1): 48 x 93.808 us = 4502.8 us
RMS_NORM_MUL RMS_NORM(256,24,512,1): 16 x 53.905 us = 862.48 us
RMS_NORM_MUL RMS_NORM(256,4,512,1): 16 x 11.94 us = 191.04 us
RMS_NORM_MUL RMS_NORM(5120,512,1,1): 129 x 17.847 us = 2302.32 us
ROPE: 16 x 34.37 us = 549.92 us
ROPE_VIEW_SET_ROWS ROPE: 16 x 9.38 us = 150.08 us
SCALE: 96 x 9.313 us = 894.08 us
SET_ROWS: 16 x 9.065 us = 145.04 us
SIGMOID: 48 x 3.892 us = 186.84 us
SIGMOID_MUL SIGMOID: 16 x 33.1 us = 529.6 us
SILU_MUL SILU: 48 x 34.535 us = 1657.68 us
SOFTPLUS_MUL SOFTPLUS: 48 x 4.45 us = 213.6 us
SSM_CONV_SILU SSM_CONV: 48 x 29.437 us = 1413 us
Total time: 565545 us.
----------------
Vulkan Timings:
ADD: 176 x 12.827 us = 2257.56 us
CONCAT: 48 x 126.155 us = 6055.48 us
CONT: 16 x 40.222 us = 643.56 us
CPY: 96 x 3.762 us = 361.2 us
FLASH_ATTN_EXT dst(256,24,512,1),  q(256,512,24,1),  k(256,11776,4,1),  v(256,11776,4,1),  m(11776,512,1,1): 16 x 5044.96 us = 80719.3 us (29371.2 GFLOPS/s)
GATED_DELTA_NET: 48 x 225.691 us = 10833.2 us
GET_ROWS: 96 x 7.059 us = 677.72 us
GLU: 64 x 93.686 us = 5995.92 us
MUL_MAT f32 m=48 n=512 k=5120: 96 x 34.221 us = 3285.24 us (7353.14 GFLOPS/s)
MUL_MAT q4_0 m=1024 n=512 k=5120: 32 x 71.678 us = 2293.72 us (74892.3 GFLOPS/s)
MUL_MAT q4_0 m=10240 n=512 k=5120: 48 x 1017.68 us = 48848.8 us (52749.1 GFLOPS/s)
MUL_MAT q4_0 m=12288 n=512 k=5120: 16 x 1108.3 us = 17732.8 us (58123.3 GFLOPS/s)
MUL_MAT q4_0 m=17408 n=512 k=5120: 128 x 1484.18 us = 189975 us (61488 GFLOPS/s)
MUL_MAT q4_0 m=5120 n=512 k=17408: 56 x 1703.51 us = 95396.7 us (53574.9 GFLOPS/s)
MUL_MAT q4_0 m=5120 n=512 k=6144: 16 x 625.047 us = 10000.8 us (51531.5 GFLOPS/s)
MUL_MAT q4_0 m=6144 n=512 k=5120: 48 x 530.704 us = 25473.8 us (60691.3 GFLOPS/s)
MUL_MAT q4_1 m=5120 n=512 k=17408: 8 x 1714.35 us = 13714.8 us (53236.2 GFLOPS/s)
MUL_MAT q5_K m=5120 n=512 k=6144: 48 x 696.113 us = 33413.4 us (46270.7 GFLOPS/s)
RMS_NORM(128,16,512,1): 96 x 26.42 us = 2536.32 us
RMS_NORM_MUL RMS_NORM(128,48,512,1): 48 x 91.876 us = 4410.08 us
RMS_NORM_MUL RMS_NORM(256,24,512,1): 16 x 53.087 us = 849.4 us
RMS_NORM_MUL RMS_NORM(256,4,512,1): 16 x 11.905 us = 190.48 us
RMS_NORM_MUL RMS_NORM(5120,512,1,1): 129 x 17.204 us = 2219.32 us
ROPE: 16 x 34.832 us = 557.32 us
ROPE_VIEW_SET_ROWS ROPE: 16 x 9.492 us = 151.88 us
SCALE: 96 x 9.289 us = 891.76 us
SET_ROWS: 16 x 9.025 us = 144.4 us
SIGMOID: 48 x 4.051 us = 194.48 us
SIGMOID_MUL SIGMOID: 16 x 32.78 us = 524.48 us
SILU_MUL SILU: 48 x 33.755 us = 1620.28 us
SOFTPLUS_MUL SOFTPLUS: 48 x 4.202 us = 201.72 us
SSM_CONV_SILU SSM_CONV: 48 x 28.305 us = 1358.64 us
Total time: 563529 us.
----------------
Vulkan Timings:
ADD: 176 x 13.152 us = 2314.84 us
CONCAT: 48 x 125.967 us = 6046.44 us
CONT: 16 x 39.425 us = 630.8 us
CPY: 96 x 3.837 us = 368.44 us
FLASH_ATTN_EXT dst(256,24,512,1),  q(256,512,24,1),  k(256,12288,4,1),  v(256,12288,4,1),  m(12288,512,1,1): 16 x 5306.52 us = 84904.3 us (29137.5 GFLOPS/s)
GATED_DELTA_NET: 48 x 225.605 us = 10829.1 us
GET_ROWS: 96 x 7.082 us = 679.96 us
GLU: 64 x 95.07 us = 6084.52 us
MUL_MAT f32 m=48 n=512 k=5120: 96 x 34.367 us = 3299.24 us (7321.94 GFLOPS/s)
MUL_MAT q4_0 m=1024 n=512 k=5120: 32 x 71.147 us = 2276.72 us (75451.5 GFLOPS/s)
MUL_MAT q4_0 m=10240 n=512 k=5120: 48 x 1016.03 us = 48769.3 us (52835 GFLOPS/s)
MUL_MAT q4_0 m=12288 n=512 k=5120: 16 x 1102.4 us = 17638.4 us (58434.7 GFLOPS/s)
MUL_MAT q4_0 m=17408 n=512 k=5120: 128 x 1491 us = 190848 us (61206.8 GFLOPS/s)
MUL_MAT q4_0 m=5120 n=512 k=17408: 56 x 1710.45 us = 95785.4 us (53357.4 GFLOPS/s)
MUL_MAT q4_0 m=5120 n=512 k=6144: 16 x 629.317 us = 10069.1 us (51181.8 GFLOPS/s)
MUL_MAT q4_0 m=6144 n=512 k=5120: 48 x 531.787 us = 25525.8 us (60567.6 GFLOPS/s)
MUL_MAT q4_1 m=5120 n=512 k=17408: 8 x 1719.29 us = 13754.3 us (53083.2 GFLOPS/s)
MUL_MAT q5_K m=5120 n=512 k=6144: 48 x 698.844 us = 33544.5 us (46089.9 GFLOPS/s)
RMS_NORM(128,16,512,1): 96 x 26.306 us = 2525.4 us
RMS_NORM_MUL RMS_NORM(128,48,512,1): 48 x 92.193 us = 4425.28 us
RMS_NORM_MUL RMS_NORM(256,24,512,1): 16 x 53.192 us = 851.08 us
RMS_NORM_MUL RMS_NORM(256,4,512,1): 16 x 11.892 us = 190.28 us
RMS_NORM_MUL RMS_NORM(5120,512,1,1): 129 x 17.51 us = 2258.8 us
ROPE: 16 x 34.062 us = 545 us
ROPE_VIEW_SET_ROWS ROPE: 16 x 9.222 us = 147.56 us
SCALE: 96 x 9.225 us = 885.68 us
SET_ROWS: 16 x 8.982 us = 143.72 us
SIGMOID: 48 x 3.878 us = 186.16 us
SIGMOID_MUL SIGMOID: 16 x 34.167 us = 546.68 us
SILU_MUL SILU: 48 x 33.88 us = 1626.28 us
SOFTPLUS_MUL SOFTPLUS: 48 x 4.252 us = 204.12 us
SSM_CONV_SILU SSM_CONV: 48 x 28.207 us = 1353.96 us
Total time: 569259 us.
0.58.626.708 I slot print_timing: id  0 | task 0 | prompt processing, n_tokens =  12288, progress = 0.14, t =  12.94 s / 949.48 tokens per second
----------------
Vulkan Timings:
ADD: 176 x 14.547 us = 2560.44 us
CONCAT: 48 x 127.318 us = 6111.28 us
CONT: 16 x 40.465 us = 647.44 us
CPY: 96 x 3.891 us = 373.6 us
FLASH_ATTN_EXT dst(256,24,512,1),  q(256,512,24,1),  k(256,12800,4,1),  v(256,12800,4,1),  m(12800,512,1,1): 16 x 5496.93 us = 87950.9 us (29300.2 GFLOPS/s)
GATED_DELTA_NET: 48 x 228.1 us = 10948.8 us
GET_ROWS: 96 x 7.141 us = 685.6 us
GLU: 64 x 96.39 us = 6168.96 us
MUL_MAT f32 m=48 n=512 k=5120: 96 x 34.737 us = 3334.84 us (7243.78 GFLOPS/s)
MUL_MAT q4_0 m=1024 n=512 k=5120: 32 x 68.561 us = 2193.96 us (78297.7 GFLOPS/s)
MUL_MAT q4_0 m=10240 n=512 k=5120: 48 x 1021.89 us = 49050.9 us (52531.7 GFLOPS/s)
MUL_MAT q4_0 m=12288 n=512 k=5120: 16 x 1115.27 us = 17844.3 us (57760.3 GFLOPS/s)
MUL_MAT q4_0 m=17408 n=512 k=5120: 128 x 1494.37 us = 191280 us (61068.6 GFLOPS/s)
MUL_MAT q4_0 m=5120 n=512 k=17408: 56 x 1722.22 us = 96444.5 us (52992.8 GFLOPS/s)
MUL_MAT q4_0 m=5120 n=512 k=6144: 16 x 630.757 us = 10092.1 us (51065 GFLOPS/s)
MUL_MAT q4_0 m=6144 n=512 k=5120: 48 x 536.024 us = 25729.2 us (60088.9 GFLOPS/s)
MUL_MAT q4_1 m=5120 n=512 k=17408: 8 x 1744.33 us = 13954.6 us (52321.2 GFLOPS/s)
MUL_MAT q5_K m=5120 n=512 k=6144: 48 x 700.215 us = 33610.3 us (45999.6 GFLOPS/s)
RMS_NORM(128,16,512,1): 96 x 26.777 us = 2570.64 us
RMS_NORM_MUL RMS_NORM(128,48,512,1): 48 x 94.632 us = 4542.36 us
RMS_NORM_MUL RMS_NORM(256,24,512,1): 16 x 52.965 us = 847.44 us
RMS_NORM_MUL RMS_NORM(256,4,512,1): 16 x 12.162 us = 194.6 us
RMS_NORM_MUL RMS_NORM(5120,512,1,1): 129 x 17.511 us = 2259 us
ROPE: 16 x 34.665 us = 554.64 us
ROPE_VIEW_SET_ROWS ROPE: 16 x 9.332 us = 149.32 us
SCALE: 96 x 9.274 us = 890.36 us
SET_ROWS: 16 x 9.587 us = 153.4 us
SIGMOID: 48 x 3.775 us = 181.24 us
SIGMOID_MUL SIGMOID: 16 x 33.142 us = 530.28 us
SILU_MUL SILU: 48 x 34.329 us = 1647.8 us
SOFTPLUS_MUL SOFTPLUS: 48 x 4.389 us = 210.68 us
SSM_CONV_SILU SSM_CONV: 48 x 29.195 us = 1401.36 us
Total time: 575114 us.
----------------
Vulkan Timings:
ADD: 176 x 13.198 us = 2323 us
CONCAT: 48 x 127.373 us = 6113.92 us
CONT: 16 x 39.172 us = 626.76 us
CPY: 96 x 3.864 us = 371 us
FLASH_ATTN_EXT dst(256,24,512,1),  q(256,512,24,1),  k(256,13312,4,1),  v(256,13312,4,1),  m(13312,512,1,1): 16 x 5737.78 us = 91804.5 us (29193.1 GFLOPS/s)
GATED_DELTA_NET: 48 x 228.767 us = 10980.8 us
GET_ROWS: 96 x 7.127 us = 684.24 us
GLU: 64 x 95.221 us = 6094.2 us
MUL_MAT f32 m=48 n=512 k=5120: 96 x 34.7 us = 3331.2 us (7251.69 GFLOPS/s)
MUL_MAT q4_0 m=1024 n=512 k=5120: 32 x 68.675 us = 2197.6 us (78168 GFLOPS/s)
MUL_MAT q4_0 m=10240 n=512 k=5120: 48 x 1022.92 us = 49100.2 us (52479 GFLOPS/s)
MUL_MAT q4_0 m=12288 n=512 k=5120: 16 x 1117.34 us = 17877.4 us (57653.3 GFLOPS/s)
MUL_MAT q4_0 m=17408 n=512 k=5120: 128 x 1495.81 us = 191464 us (61009.9 GFLOPS/s)
MUL_MAT q4_0 m=5120 n=512 k=17408: 56 x 1716.97 us = 96150.5 us (53154.8 GFLOPS/s)
MUL_MAT q4_0 m=5120 n=512 k=6144: 16 x 630.707 us = 10091.3 us (51069.1 GFLOPS/s)
MUL_MAT q4_0 m=6144 n=512 k=5120: 48 x 536.167 us = 25736 us (60072.8 GFLOPS/s)
MUL_MAT q4_1 m=5120 n=512 k=17408: 8 x 1731.45 us = 13851.6 us (52710.3 GFLOPS/s)
MUL_MAT q5_K m=5120 n=512 k=6144: 48 x 702.546 us = 33722.2 us (45847 GFLOPS/s)
RMS_NORM(128,16,512,1): 96 x 26.546 us = 2548.48 us
RMS_NORM_MUL RMS_NORM(128,48,512,1): 48 x 93.217 us = 4474.44 us
RMS_NORM_MUL RMS_NORM(256,24,512,1): 16 x 53.58 us = 857.28 us
RMS_NORM_MUL RMS_NORM(256,4,512,1): 16 x 12.107 us = 193.72 us
RMS_NORM_MUL RMS_NORM(5120,512,1,1): 129 x 17.275 us = 2228.52 us
ROPE: 16 x 34.855 us = 557.68 us
ROPE_VIEW_SET_ROWS ROPE: 16 x 9.34 us = 149.44 us
SCALE: 96 x 9.266 us = 889.56 us
SET_ROWS: 16 x 9.6 us = 153.6 us
SIGMOID: 48 x 3.95 us = 189.6 us
SIGMOID_MUL SIGMOID: 16 x 33.042 us = 528.68 us
SILU_MUL SILU: 48 x 34.2 us = 1641.64 us
SOFTPLUS_MUL SOFTPLUS: 48 x 4.437 us = 213 us
SSM_CONV_SILU SSM_CONV: 48 x 29.194 us = 1401.32 us
Total time: 578547 us.
----------------
Vulkan Timings:
ADD: 176 x 13.281 us = 2337.52 us
CONCAT: 48 x 126.945 us = 6093.36 us
CONT: 16 x 38.862 us = 621.8 us
CPY: 96 x 3.863 us = 370.92 us
FLASH_ATTN_EXT dst(256,24,512,1),  q(256,512,24,1),  k(256,13824,4,1),  v(256,13824,4,1),  m(13824,512,1,1): 16 x 5958.22 us = 95331.5 us (29194.3 GFLOPS/s)
GATED_DELTA_NET: 48 x 226.518 us = 10872.9 us
GET_ROWS: 96 x 7.109 us = 682.52 us
GLU: 64 x 94.046 us = 6019 us
MUL_MAT f32 m=48 n=512 k=5120: 96 x 34.326 us = 3295.32 us (7330.65 GFLOPS/s)
MUL_MAT q4_0 m=1024 n=512 k=5120: 32 x 68.568 us = 2194.2 us (78289.1 GFLOPS/s)
MUL_MAT q4_0 m=10240 n=512 k=5120: 48 x 1025 us = 49200 us (52372.5 GFLOPS/s)
MUL_MAT q4_0 m=12288 n=512 k=5120: 16 x 1111.81 us = 17789 us (57939.8 GFLOPS/s)
MUL_MAT q4_0 m=17408 n=512 k=5120: 128 x 1501.11 us = 192142 us (60794.4 GFLOPS/s)
MUL_MAT q4_0 m=5120 n=512 k=17408: 56 x 1722.08 us = 96436.4 us (52997.3 GFLOPS/s)
MUL_MAT q4_0 m=5120 n=512 k=6144: 16 x 630.51 us = 10088.2 us (51085 GFLOPS/s)
MUL_MAT q4_0 m=6144 n=512 k=5120: 48 x 535.719 us = 25714.5 us (60123.1 GFLOPS/s)
MUL_MAT q4_1 m=5120 n=512 k=17408: 8 x 1742.36 us = 13938.8 us (52380.5 GFLOPS/s)
MUL_MAT q5_K m=5120 n=512 k=6144: 48 x 704.262 us = 33804.6 us (45735.3 GFLOPS/s)
RMS_NORM(128,16,512,1): 96 x 26.553 us = 2549.12 us
RMS_NORM_MUL RMS_NORM(128,48,512,1): 48 x 93.684 us = 4496.84 us
RMS_NORM_MUL RMS_NORM(256,24,512,1): 16 x 51.412 us = 822.6 us
RMS_NORM_MUL RMS_NORM(256,4,512,1): 16 x 12.265 us = 196.24 us
RMS_NORM_MUL RMS_NORM(5120,512,1,1): 129 x 17.282 us = 2229.48 us
ROPE: 16 x 34.872 us = 557.96 us
ROPE_VIEW_SET_ROWS ROPE: 16 x 9.427 us = 150.84 us
SCALE: 96 x 9.3 us = 892.8 us
SET_ROWS: 16 x 9.632 us = 154.12 us
SIGMOID: 48 x 3.838 us = 184.24 us
SIGMOID_MUL SIGMOID: 16 x 33.03 us = 528.48 us
SILU_MUL SILU: 48 x 34.315 us = 1647.16 us
SOFTPLUS_MUL SOFTPLUS: 48 x 4.619 us = 221.72 us
SSM_CONV_SILU SSM_CONV: 48 x 28.495 us = 1367.76 us
Total time: 582932 us.
----------------
Vulkan Timings:
ADD: 176 x 13.127 us = 2310.36 us
CONCAT: 48 x 127.94 us = 6141.16 us
CONT: 16 x 39.625 us = 634 us
CPY: 96 x 3.787 us = 363.64 us
FLASH_ATTN_EXT dst(256,24,512,1),  q(256,512,24,1),  k(256,14336,4,1),  v(256,14336,4,1),  m(14336,512,1,1): 16 x 6221.79 us = 99548.6 us (28993.1 GFLOPS/s)
GATED_DELTA_NET: 48 x 226.906 us = 10891.5 us
GET_ROWS: 96 x 7.209 us = 692.12 us
GLU: 64 x 94.596 us = 6054.2 us
MUL_MAT f32 m=48 n=512 k=5120: 96 x 34.536 us = 3315.48 us (7286.07 GFLOPS/s)
MUL_MAT q4_0 m=1024 n=512 k=5120: 32 x 65.246 us = 2087.88 us (82275.8 GFLOPS/s)
MUL_MAT q4_0 m=10240 n=512 k=5120: 48 x 1022.09 us = 49060.2 us (52521.8 GFLOPS/s)
MUL_MAT q4_0 m=12288 n=512 k=5120: 16 x 1124.85 us = 17997.5 us (57268.5 GFLOPS/s)
MUL_MAT q4_0 m=17408 n=512 k=5120: 128 x 1500.29 us = 192037 us (60827.8 GFLOPS/s)
MUL_MAT q4_0 m=5120 n=512 k=17408: 56 x 1721.19 us = 96387 us (53024.4 GFLOPS/s)
MUL_MAT q4_0 m=5120 n=512 k=6144: 16 x 633.145 us = 10130.3 us (50872.4 GFLOPS/s)
MUL_MAT q4_0 m=6144 n=512 k=5120: 48 x 537.009 us = 25776.4 us (59978.7 GFLOPS/s)
MUL_MAT q4_1 m=5120 n=512 k=17408: 8 x 1744.85 us = 13958.8 us (52305.8 GFLOPS/s)
MUL_MAT q5_K m=5120 n=512 k=6144: 48 x 703.315 us = 33759.2 us (45796.8 GFLOPS/s)
RMS_NORM(128,16,512,1): 96 x 26.579 us = 2551.6 us
RMS_NORM_MUL RMS_NORM(128,48,512,1): 48 x 93.51 us = 4488.48 us
RMS_NORM_MUL RMS_NORM(256,24,512,1): 16 x 52.277 us = 836.44 us
RMS_NORM_MUL RMS_NORM(256,4,512,1): 16 x 12.18 us = 194.88 us
RMS_NORM_MUL RMS_NORM(5120,512,1,1): 129 x 17.377 us = 2241.64 us
ROPE: 16 x 34.545 us = 552.72 us
ROPE_VIEW_SET_ROWS ROPE: 16 x 9.255 us = 148.08 us
SCALE: 96 x 9.356 us = 898.2 us
SET_ROWS: 16 x 9.617 us = 153.88 us
SIGMOID: 48 x 4.026 us = 193.28 us
SIGMOID_MUL SIGMOID: 16 x 33.185 us = 530.96 us
SILU_MUL SILU: 48 x 34.044 us = 1634.12 us
SOFTPLUS_MUL SOFTPLUS: 48 x 4.33 us = 207.84 us
SSM_CONV_SILU SSM_CONV: 48 x 28.699 us = 1377.56 us
Total time: 587155 us.
1.01.017.717 I slot print_timing: id  0 | task 0 | prompt processing, n_tokens =  14336, progress = 0.16, t =  15.33 s / 934.98 tokens per second
----------------
Vulkan Timings:
ADD: 176 x 14.073 us = 2476.92 us
CONCAT: 48 x 129.275 us = 6205.24 us
CONT: 16 x 39.61 us = 633.76 us
CPY: 96 x 3.868 us = 371.4 us
FLASH_ATTN_EXT dst(256,24,512,1),  q(256,512,24,1),  k(256,14848,4,1),  v(256,14848,4,1),  m(14848,512,1,1): 16 x 6481.06 us = 103697 us (28827.3 GFLOPS/s)
GATED_DELTA_NET: 48 x 231.165 us = 11095.9 us
GET_ROWS: 96 x 7.107 us = 682.36 us
GLU: 64 x 94.651 us = 6057.72 us
MUL_MAT f32 m=48 n=512 k=5120: 96 x 34.877 us = 3348.24 us (7214.79 GFLOPS/s)
MUL_MAT q4_0 m=1024 n=512 k=5120: 32 x 65.698 us = 2102.36 us (81709.1 GFLOPS/s)
MUL_MAT q4_0 m=10240 n=512 k=5120: 48 x 1038.53 us = 49849.3 us (51690.3 GFLOPS/s)
MUL_MAT q4_0 m=12288 n=512 k=5120: 16 x 1129.85 us = 18077.6 us (57015 GFLOPS/s)
MUL_MAT q4_0 m=17408 n=512 k=5120: 128 x 1510.42 us = 193334 us (60419.6 GFLOPS/s)
MUL_MAT q4_0 m=5120 n=512 k=17408: 56 x 1733.46 us = 97073.8 us (52649.3 GFLOPS/s)
MUL_MAT q4_0 m=5120 n=512 k=6144: 16 x 637.522 us = 10200.4 us (50523.1 GFLOPS/s)
MUL_MAT q4_0 m=6144 n=512 k=5120: 48 x 541.164 us = 25975.9 us (59518.2 GFLOPS/s)
MUL_MAT q4_1 m=5120 n=512 k=17408: 8 x 1769.29 us = 14154.3 us (51583.2 GFLOPS/s)
MUL_MAT q5_K m=5120 n=512 k=6144: 48 x 708.392 us = 34002.8 us (45468.6 GFLOPS/s)
RMS_NORM(128,16,512,1): 96 x 26.925 us = 2584.88 us
RMS_NORM_MUL RMS_NORM(128,48,512,1): 48 x 94.235 us = 4523.28 us
RMS_NORM_MUL RMS_NORM(256,24,512,1): 16 x 53.155 us = 850.48 us
RMS_NORM_MUL RMS_NORM(256,4,512,1): 16 x 12.15 us = 194.4 us
RMS_NORM_MUL RMS_NORM(5120,512,1,1): 129 x 17.528 us = 2261.12 us
ROPE: 16 x 34.76 us = 556.16 us
ROPE_VIEW_SET_ROWS ROPE: 16 x 10.26 us = 164.16 us
SCALE: 96 x 9.39 us = 901.52 us
SET_ROWS: 16 x 9.725 us = 155.6 us
SIGMOID: 48 x 4.18 us = 200.64 us
SIGMOID_MUL SIGMOID: 16 x 33.597 us = 537.56 us
SILU_MUL SILU: 48 x 34.704 us = 1665.8 us
SOFTPLUS_MUL SOFTPLUS: 48 x 4.179 us = 200.6 us
SSM_CONV_SILU SSM_CONV: 48 x 29.294 us = 1406.12 us
Total time: 595541 us.
----------------
Vulkan Timings:
ADD: 176 x 13.931 us = 2451.88 us
CONCAT: 48 x 128.79 us = 6181.96 us
CONT: 16 x 38.975 us = 623.6 us
CPY: 96 x 3.945 us = 378.72 us
FLASH_ATTN_EXT dst(256,24,512,1),  q(256,512,24,1),  k(256,15360,4,1),  v(256,15360,4,1),  m(15360,512,1,1): 16 x 6692.01 us = 107072 us (28881.3 GFLOPS/s)
GATED_DELTA_NET: 48 x 228.536 us = 10969.8 us
GET_ROWS: 96 x 7.21 us = 692.2 us
GLU: 64 x 94.192 us = 6028.32 us
MUL_MAT f32 m=48 n=512 k=5120: 96 x 34.641 us = 3325.6 us (7263.9 GFLOPS/s)
MUL_MAT q4_0 m=1024 n=512 k=5120: 32 x 72.393 us = 2316.6 us (74152.6 GFLOPS/s)
MUL_MAT q4_0 m=10240 n=512 k=5120: 48 x 1030.21 us = 49449.9 us (52107.8 GFLOPS/s)
MUL_MAT q4_0 m=12288 n=512 k=5120: 16 x 1115.09 us = 17841.4 us (57769.7 GFLOPS/s)
MUL_MAT q4_0 m=17408 n=512 k=5120: 128 x 1503 us = 192384 us (60718.1 GFLOPS/s)
MUL_MAT q4_0 m=5120 n=512 k=17408: 56 x 1725.92 us = 96651.5 us (52879.3 GFLOPS/s)
MUL_MAT q4_0 m=5120 n=512 k=6144: 16 x 636.212 us = 10179.4 us (50627.2 GFLOPS/s)
MUL_MAT q4_0 m=6144 n=512 k=5120: 48 x 538.065 us = 25827.1 us (59861 GFLOPS/s)
MUL_MAT q4_1 m=5120 n=512 k=17408: 8 x 1748.36 us = 13986.8 us (52200.7 GFLOPS/s)
MUL_MAT q5_K m=5120 n=512 k=6144: 48 x 703.745 us = 33779.8 us (45768.8 GFLOPS/s)
RMS_NORM(128,16,512,1): 96 x 26.671 us = 2560.48 us
RMS_NORM_MUL RMS_NORM(128,48,512,1): 48 x 94.667 us = 4544.04 us
RMS_NORM_MUL RMS_NORM(256,24,512,1): 16 x 53.627 us = 858.04 us
RMS_NORM_MUL RMS_NORM(256,4,512,1): 16 x 12.367 us = 197.88 us
RMS_NORM_MUL RMS_NORM(5120,512,1,1): 129 x 17.42 us = 2247.24 us
ROPE: 16 x 35.17 us = 562.72 us
ROPE_VIEW_SET_ROWS ROPE: 16 x 9.39 us = 150.24 us
SCALE: 96 x 9.297 us = 892.52 us
SET_ROWS: 16 x 9.805 us = 156.88 us
SIGMOID: 48 x 3.94 us = 189.16 us
SIGMOID_MUL SIGMOID: 16 x 33.497 us = 535.96 us
SILU_MUL SILU: 48 x 34.346 us = 1648.64 us
SOFTPLUS_MUL SOFTPLUS: 48 x 4.36 us = 209.32 us
SSM_CONV_SILU SSM_CONV: 48 x 28.934 us = 1388.84 us
Total time: 596282 us.
----------------
Vulkan Timings:
ADD: 176 x 13.804 us = 2429.6 us
CONCAT: 48 x 127.548 us = 6122.32 us
CONT: 16 x 38.852 us = 621.64 us
CPY: 96 x 3.876 us = 372.12 us
FLASH_ATTN_EXT dst(256,24,512,1),  q(256,512,24,1),  k(256,15872,4,1),  v(256,15872,4,1),  m(15872,512,1,1): 16 x 6861.55 us = 109785 us (29106.6 GFLOPS/s)
GATED_DELTA_NET: 48 x 228.806 us = 10982.7 us
GET_ROWS: 96 x 7.115 us = 683.12 us
GLU: 64 x 95.041 us = 6082.64 us
MUL_MAT f32 m=48 n=512 k=5120: 96 x 34.89 us = 3349.44 us (7212.2 GFLOPS/s)
MUL_MAT q4_0 m=1024 n=512 k=5120: 32 x 70.103 us = 2243.32 us (76574.9 GFLOPS/s)
MUL_MAT q4_0 m=10240 n=512 k=5120: 48 x 1023.05 us = 49106.3 us (52472.5 GFLOPS/s)
MUL_MAT q4_0 m=12288 n=512 k=5120: 16 x 1108.98 us = 17743.7 us (58087.7 GFLOPS/s)
MUL_MAT q4_0 m=17408 n=512 k=5120: 128 x 1502.86 us = 192366 us (60723.7 GFLOPS/s)
MUL_MAT q4_0 m=5120 n=512 k=17408: 56 x 1724.86 us = 96592 us (52911.9 GFLOPS/s)
MUL_MAT q4_0 m=5120 n=512 k=6144: 16 x 635.605 us = 10169.7 us (50675.6 GFLOPS/s)
MUL_MAT q4_0 m=6144 n=512 k=5120: 48 x 534.625 us = 25662 us (60246.2 GFLOPS/s)
MUL_MAT q4_1 m=5120 n=512 k=17408: 8 x 1724.61 us = 13796.8 us (52919.6 GFLOPS/s)
MUL_MAT q5_K m=5120 n=512 k=6144: 48 x 704.301 us = 33806.5 us (45732.7 GFLOPS/s)
RMS_NORM(128,16,512,1): 96 x 26.595 us = 2553.12 us
RMS_NORM_MUL RMS_NORM(128,48,512,1): 48 x 94.569 us = 4539.32 us
RMS_NORM_MUL RMS_NORM(256,24,512,1): 16 x 51.802 us = 828.84 us
RMS_NORM_MUL RMS_NORM(256,4,512,1): 16 x 12.072 us = 193.16 us
RMS_NORM_MUL RMS_NORM(5120,512,1,1): 129 x 17.293 us = 2230.88 us
ROPE: 16 x 34.235 us = 547.76 us
ROPE_VIEW_SET_ROWS ROPE: 16 x 9.467 us = 151.48 us
SCALE: 96 x 9.245 us = 887.52 us
SET_ROWS: 16 x 9.665 us = 154.64 us
SIGMOID: 48 x 3.763 us = 180.64 us
SIGMOID_MUL SIGMOID: 16 x 33.457 us = 535.32 us
SILU_MUL SILU: 48 x 34.147 us = 1639.08 us
SOFTPLUS_MUL SOFTPLUS: 48 x 4.43 us = 212.68 us
SSM_CONV_SILU SSM_CONV: 48 x 29.084 us = 1396.04 us
Total time: 597965 us.
----------------
Vulkan Timings:
ADD: 176 x 13.474 us = 2371.48 us
CONCAT: 48 x 129.43 us = 6212.64 us
CONT: 16 x 40.572 us = 649.16 us
CPY: 96 x 3.894 us = 373.84 us
FLASH_ATTN_EXT dst(256,24,512,1),  q(256,512,24,1),  k(256,16384,4,1),  v(256,16384,4,1),  m(16384,512,1,1): 16 x 7165.36 us = 114646 us (28771.5 GFLOPS/s)
GATED_DELTA_NET: 48 x 231.558 us = 11114.8 us
GET_ROWS: 96 x 7.13 us = 684.52 us
GLU: 64 x 94.322 us = 6036.64 us
MUL_MAT f32 m=48 n=512 k=5120: 96 x 34.787 us = 3339.64 us (7233.36 GFLOPS/s)
MUL_MAT q4_0 m=1024 n=512 k=5120: 32 x 70.103 us = 2243.32 us (76574.9 GFLOPS/s)
MUL_MAT q4_0 m=10240 n=512 k=5120: 48 x 1042.77 us = 50052.9 us (51480.1 GFLOPS/s)
MUL_MAT q4_0 m=12288 n=512 k=5120: 16 x 1127.87 us = 18045.9 us (57114.9 GFLOPS/s)
MUL_MAT q4_0 m=17408 n=512 k=5120: 128 x 1514.19 us = 193817 us (60269.1 GFLOPS/s)
MUL_MAT q4_0 m=5120 n=512 k=17408: 56 x 1735.89 us = 97209.8 us (52575.6 GFLOPS/s)
MUL_MAT q4_0 m=5120 n=512 k=6144: 16 x 640.472 us = 10247.6 us (50290.4 GFLOPS/s)
MUL_MAT q4_0 m=6144 n=512 k=5120: 48 x 542.857 us = 26057.2 us (59332.5 GFLOPS/s)
MUL_MAT q4_1 m=5120 n=512 k=17408: 8 x 1767.16 us = 14137.3 us (51645.3 GFLOPS/s)
MUL_MAT q5_K m=5120 n=512 k=6144: 48 x 711.94 us = 34173.2 us (45242 GFLOPS/s)
RMS_NORM(128,16,512,1): 96 x 26.94 us = 2586.28 us
RMS_NORM_MUL RMS_NORM(128,48,512,1): 48 x 94.915 us = 4555.96 us
RMS_NORM_MUL RMS_NORM(256,24,512,1): 16 x 53.787 us = 860.6 us
RMS_NORM_MUL RMS_NORM(256,4,512,1): 16 x 12.162 us = 194.6 us
RMS_NORM_MUL RMS_NORM(5120,512,1,1): 129 x 17.432 us = 2248.8 us
ROPE: 16 x 34.632 us = 554.12 us
ROPE_VIEW_SET_ROWS ROPE: 16 x 9.38 us = 150.08 us
SCALE: 96 x 9.34 us = 896.72 us
SET_ROWS: 16 x 9.78 us = 156.48 us
SIGMOID: 48 x 4.221 us = 202.64 us
SIGMOID_MUL SIGMOID: 16 x 33.622 us = 537.96 us
SILU_MUL SILU: 48 x 34.605 us = 1661.08 us
SOFTPLUS_MUL SOFTPLUS: 48 x 4.35 us = 208.8 us
SSM_CONV_SILU SSM_CONV: 48 x 29.316 us = 1407.2 us
Total time: 607634 us.
1.03.486.294 I slot print_timing: id  0 | task 0 | prompt processing, n_tokens =  16384, progress = 0.19, t =  17.80 s / 920.37 tokens per second
----------------
Vulkan Timings:
ADD: 176 x 13.263 us = 2334.4 us
CONCAT: 48 x 129.711 us = 6226.16 us
CONT: 16 x 38.907 us = 622.52 us
CPY: 96 x 3.865 us = 371.12 us
FLASH_ATTN_EXT dst(256,24,512,1),  q(256,512,24,1),  k(256,16896,4,1),  v(256,16896,4,1),  m(16896,512,1,1): 16 x 7357.58 us = 117721 us (28895.5 GFLOPS/s)
GATED_DELTA_NET: 48 x 231.161 us = 11095.8 us
GET_ROWS: 96 x 7.215 us = 692.68 us
GLU: 64 x 94.188 us = 6028.04 us
MUL_MAT f32 m=48 n=512 k=5120: 96 x 34.749 us = 3335.92 us (7241.43 GFLOPS/s)
MUL_MAT q4_0 m=1024 n=512 k=5120: 32 x 66.615 us = 2131.68 us (80585.2 GFLOPS/s)
MUL_MAT q4_0 m=10240 n=512 k=5120: 48 x 1039.24 us = 49883.8 us (51654.6 GFLOPS/s)
MUL_MAT q4_0 m=12288 n=512 k=5120: 16 x 1140.53 us = 18248.5 us (56481 GFLOPS/s)
MUL_MAT q4_0 m=17408 n=512 k=5120: 128 x 1515.15 us = 193940 us (60231 GFLOPS/s)
MUL_MAT q4_0 m=5120 n=512 k=17408: 56 x 1737.84 us = 97318.8 us (52516.7 GFLOPS/s)
MUL_MAT q4_0 m=5120 n=512 k=6144: 16 x 640.47 us = 10247.5 us (50290.6 GFLOPS/s)
MUL_MAT q4_0 m=6144 n=512 k=5120: 48 x 542.027 us = 26017.3 us (59423.4 GFLOPS/s)
MUL_MAT q4_1 m=5120 n=512 k=17408: 8 x 1779.18 us = 14233.5 us (51296.2 GFLOPS/s)
MUL_MAT q5_K m=5120 n=512 k=6144: 48 x 710.932 us = 34124.8 us (45306.2 GFLOPS/s)
RMS_NORM(128,16,512,1): 96 x 26.901 us = 2582.52 us
RMS_NORM_MUL RMS_NORM(128,48,512,1): 48 x 94.295 us = 4526.2 us
RMS_NORM_MUL RMS_NORM(256,24,512,1): 16 x 52.202 us = 835.24 us
RMS_NORM_MUL RMS_NORM(256,4,512,1): 16 x 12.39 us = 198.24 us
RMS_NORM_MUL RMS_NORM(5120,512,1,1): 129 x 17.76 us = 2291.04 us
ROPE: 16 x 35.047 us = 560.76 us
ROPE_VIEW_SET_ROWS ROPE: 16 x 9.39 us = 150.24 us
SCALE: 96 x 9.362 us = 898.8 us
SET_ROWS: 16 x 9.705 us = 155.28 us
SIGMOID: 48 x 3.934 us = 188.84 us
SIGMOID_MUL SIGMOID: 16 x 33.59 us = 537.44 us
SILU_MUL SILU: 48 x 34.087 us = 1636.2 us
SOFTPLUS_MUL SOFTPLUS: 48 x 4.45 us = 213.64 us
SSM_CONV_SILU SSM_CONV: 48 x 29.17 us = 1400.2 us
Total time: 610748 us.
----------------
Vulkan Timings:
ADD: 176 x 13.604 us = 2394.4 us
CONCAT: 48 x 129.384 us = 6210.44 us
CONT: 16 x 39.682 us = 634.92 us
CPY: 96 x 3.902 us = 374.6 us
FLASH_ATTN_EXT dst(256,24,512,1),  q(256,512,24,1),  k(256,17408,4,1),  v(256,17408,4,1),  m(17408,512,1,1): 16 x 7657.84 us = 122525 us (28603.8 GFLOPS/s)
GATED_DELTA_NET: 48 x 231.509 us = 11112.4 us
GET_ROWS: 96 x 7.151 us = 686.52 us
GLU: 64 x 93.807 us = 6003.68 us
MUL_MAT f32 m=48 n=512 k=5120: 96 x 35.082 us = 3367.96 us (7172.54 GFLOPS/s)
MUL_MAT q4_0 m=1024 n=512 k=5120: 32 x 66.063 us = 2114.04 us (81257.6 GFLOPS/s)
MUL_MAT q4_0 m=10240 n=512 k=5120: 48 x 1046.29 us = 50221.8 us (51307 GFLOPS/s)
MUL_MAT q4_0 m=12288 n=512 k=5120: 16 x 1134.07 us = 18145.1 us (56802.7 GFLOPS/s)
MUL_MAT q4_0 m=17408 n=512 k=5120: 128 x 1523.08 us = 194954 us (59917.6 GFLOPS/s)
MUL_MAT q4_0 m=5120 n=512 k=17408: 56 x 1740.39 us = 97462 us (52439.6 GFLOPS/s)
MUL_MAT q4_0 m=5120 n=512 k=6144: 16 x 644.117 us = 10305.9 us (50005.8 GFLOPS/s)
MUL_MAT q4_0 m=6144 n=512 k=5120: 48 x 545.134 us = 26166.4 us (59084.7 GFLOPS/s)
MUL_MAT q4_1 m=5120 n=512 k=17408: 8 x 1789.01 us = 14312.1 us (51014.5 GFLOPS/s)
MUL_MAT q5_K m=5120 n=512 k=6144: 48 x 715.153 us = 34327.4 us (45038.8 GFLOPS/s)
RMS_NORM(128,16,512,1): 96 x 27.116 us = 2603.2 us
RMS_NORM_MUL RMS_NORM(128,48,512,1): 48 x 95.457 us = 4581.96 us
RMS_NORM_MUL RMS_NORM(256,24,512,1): 16 x 53.002 us = 848.04 us
RMS_NORM_MUL RMS_NORM(256,4,512,1): 16 x 12.345 us = 197.52 us
RMS_NORM_MUL RMS_NORM(5120,512,1,1): 129 x 17.473 us = 2254.08 us
ROPE: 16 x 34.975 us = 559.6 us
ROPE_VIEW_SET_ROWS ROPE: 16 x 9.362 us = 149.8 us
SCALE: 96 x 9.393 us = 901.76 us
SET_ROWS: 16 x 9.657 us = 154.52 us
SIGMOID: 48 x 4.098 us = 196.72 us
SIGMOID_MUL SIGMOID: 16 x 33.747 us = 539.96 us
SILU_MUL SILU: 48 x 34.353 us = 1648.96 us
SOFTPLUS_MUL SOFTPLUS: 48 x 4.499 us = 215.96 us
SSM_CONV_SILU SSM_CONV: 48 x 29.246 us = 1403.84 us
Total time: 617575 us.
----------------
Vulkan Timings:
ADD: 176 x 18.764 us = 3302.52 us
CONCAT: 48 x 132.305 us = 6350.68 us
CONT: 16 x 52.832 us = 845.32 us
CPY: 96 x 4.283 us = 411.2 us
FLASH_ATTN_EXT dst(256,24,512,1),  q(256,512,24,1),  k(256,17920,4,1),  v(256,17920,4,1),  m(17920,512,1,1): 16 x 7884.4 us = 126150 us (28599 GFLOPS/s)
GATED_DELTA_NET: 48 x 234.415 us = 11251.9 us
GET_ROWS: 96 x 8.132 us = 780.68 us
GLU: 64 x 120.529 us = 7713.88 us
MUL_MAT f32 m=48 n=512 k=5120: 96 x 37.744 us = 3623.48 us (6666.75 GFLOPS/s)
MUL_MAT q4_0 m=1024 n=512 k=5120: 32 x 71.743 us = 2295.8 us (74824.4 GFLOPS/s)
MUL_MAT q4_0 m=10240 n=512 k=5120: 48 x 1046.54 us = 50234 us (51294.5 GFLOPS/s)
MUL_MAT q4_0 m=12288 n=512 k=5120: 16 x 1121.48 us = 17943.6 us (57440.5 GFLOPS/s)
MUL_MAT q4_0 m=17408 n=512 k=5120: 128 x 1522.74 us = 194911 us (59930.7 GFLOPS/s)
MUL_MAT q4_0 m=5120 n=512 k=17408: 56 x 1738.07 us = 97331.7 us (52509.7 GFLOPS/s)
MUL_MAT q4_0 m=5120 n=512 k=6144: 16 x 642.11 us = 10273.8 us (50162.2 GFLOPS/s)
MUL_MAT q4_0 m=6144 n=512 k=5120: 48 x 547.756 us = 26292.3 us (58801.9 GFLOPS/s)
MUL_MAT q4_1 m=5120 n=512 k=17408: 8 x 1778.21 us = 14225.7 us (51324.2 GFLOPS/s)
MUL_MAT q5_K m=5120 n=512 k=6144: 48 x 715.385 us = 34338.5 us (45024.2 GFLOPS/s)
RMS_NORM(128,16,512,1): 96 x 28.165 us = 2703.92 us
RMS_NORM_MUL RMS_NORM(128,48,512,1): 48 x 94.594 us = 4540.52 us
RMS_NORM_MUL RMS_NORM(256,24,512,1): 16 x 55.267 us = 884.28 us
RMS_NORM_MUL RMS_NORM(256,4,512,1): 16 x 12.647 us = 202.36 us
RMS_NORM_MUL RMS_NORM(5120,512,1,1): 129 x 21.657 us = 2793.84 us
ROPE: 16 x 39.167 us = 626.68 us
ROPE_VIEW_SET_ROWS ROPE: 16 x 10.017 us = 160.28 us
SCALE: 96 x 10.915 us = 1047.84 us
SET_ROWS: 16 x 9.3 us = 148.8 us
SIGMOID: 48 x 4.197 us = 201.48 us
SIGMOID_MUL SIGMOID: 16 x 35.397 us = 566.36 us
SILU_MUL SILU: 48 x 35.198 us = 1689.52 us
SOFTPLUS_MUL SOFTPLUS: 48 x 4.392 us = 210.84 us
SSM_CONV_SILU SSM_CONV: 48 x 34.375 us = 1650 us
Total time: 625704 us.
----------------
Vulkan Timings:
ADD: 176 x 13.359 us = 2351.2 us
CONCAT: 48 x 128.531 us = 6169.52 us
CONT: 16 x 39.44 us = 631.04 us
CPY: 96 x 3.884 us = 372.88 us
FLASH_ATTN_EXT dst(256,24,512,1),  q(256,512,24,1),  k(256,18432,4,1),  v(256,18432,4,1),  m(18432,512,1,1): 16 x 8070.75 us = 129132 us (28736.9 GFLOPS/s)
GATED_DELTA_NET: 48 x 230.261 us = 11052.6 us
GET_ROWS: 96 x 7.152 us = 686.6 us
GLU: 64 x 93.294 us = 5970.84 us
MUL_MAT f32 m=48 n=512 k=5120: 96 x 34.428 us = 3305.16 us (7308.82 GFLOPS/s)
MUL_MAT q4_0 m=1024 n=512 k=5120: 32 x 65.458 us = 2094.68 us (82008.7 GFLOPS/s)
MUL_MAT q4_0 m=10240 n=512 k=5120: 48 x 1036.89 us = 49770.8 us (51771.9 GFLOPS/s)
MUL_MAT q4_0 m=12288 n=512 k=5120: 16 x 1129.34 us = 18069.4 us (57040.8 GFLOPS/s)
MUL_MAT q4_0 m=17408 n=512 k=5120: 128 x 1510.6 us = 193356 us (60412.7 GFLOPS/s)
MUL_MAT q4_0 m=5120 n=512 k=17408: 56 x 1731.07 us = 96939.8 us (52722.1 GFLOPS/s)
MUL_MAT q4_0 m=5120 n=512 k=6144: 16 x 641.232 us = 10259.7 us (50230.8 GFLOPS/s)
MUL_MAT q4_0 m=6144 n=512 k=5120: 48 x 539.629 us = 25902.2 us (59687.5 GFLOPS/s)
MUL_MAT q4_1 m=5120 n=512 k=17408: 8 x 1746.06 us = 13968.5 us (52269.4 GFLOPS/s)
MUL_MAT q5_K m=5120 n=512 k=6144: 48 x 706.45 us = 33909.6 us (45593.6 GFLOPS/s)
RMS_NORM(128,16,512,1): 96 x 26.787 us = 2571.56 us
RMS_NORM_MUL RMS_NORM(128,48,512,1): 48 x 93.745 us = 4499.76 us
RMS_NORM_MUL RMS_NORM(256,24,512,1): 16 x 52.155 us = 834.48 us
RMS_NORM_MUL RMS_NORM(256,4,512,1): 16 x 11.982 us = 191.72 us
RMS_NORM_MUL RMS_NORM(5120,512,1,1): 129 x 17.461 us = 2252.48 us
ROPE: 16 x 34.232 us = 547.72 us
ROPE_VIEW_SET_ROWS ROPE: 16 x 9.28 us = 148.48 us
SCALE: 96 x 9.306 us = 893.44 us
SET_ROWS: 16 x 9.06 us = 144.96 us
SIGMOID: 48 x 3.965 us = 190.36 us
SIGMOID_MUL SIGMOID: 16 x 33.757 us = 540.12 us
SILU_MUL SILU: 48 x 34.002 us = 1632.12 us
SOFTPLUS_MUL SOFTPLUS: 48 x 4.441 us = 213.2 us
SSM_CONV_SILU SSM_CONV: 48 x 28.749 us = 1379.96 us
Total time: 619983 us.
1.06.035.995 I slot print_timing: id  0 | task 0 | prompt processing, n_tokens =  18432, progress = 0.21, t =  20.35 s / 905.70 tokens per second
----------------
Vulkan Timings:
ADD: 176 x 13.612 us = 2395.88 us
CONCAT: 48 x 129.291 us = 6206 us
CONT: 16 x 39.535 us = 632.56 us
CPY: 96 x 3.895 us = 374 us
FLASH_ATTN_EXT dst(256,24,512,1),  q(256,512,24,1),  k(256,18944,4,1),  v(256,18944,4,1),  m(18944,512,1,1): 16 x 8312.47 us = 133000 us (28676.3 GFLOPS/s)
GATED_DELTA_NET: 48 x 231.275 us = 11101.2 us
GET_ROWS: 96 x 7.195 us = 690.76 us
GLU: 64 x 94.591 us = 6053.84 us
MUL_MAT f32 m=48 n=512 k=5120: 96 x 35.112 us = 3370.84 us (7166.41 GFLOPS/s)
MUL_MAT q4_0 m=1024 n=512 k=5120: 32 x 65.965 us = 2110.88 us (81379.3 GFLOPS/s)
MUL_MAT q4_0 m=10240 n=512 k=5120: 48 x 1047.88 us = 50298.4 us (51228.8 GFLOPS/s)
MUL_MAT q4_0 m=12288 n=512 k=5120: 16 x 1134.22 us = 18147.5 us (56795.3 GFLOPS/s)
MUL_MAT q4_0 m=17408 n=512 k=5120: 128 x 1519.95 us = 194553 us (60041 GFLOPS/s)
MUL_MAT q4_0 m=5120 n=512 k=17408: 56 x 1739.06 us = 97387.5 us (52479.7 GFLOPS/s)
MUL_MAT q4_0 m=5120 n=512 k=6144: 16 x 643.927 us = 10302.8 us (50020.6 GFLOPS/s)
MUL_MAT q4_0 m=6144 n=512 k=5120: 48 x 546.085 us = 26212.1 us (58981.8 GFLOPS/s)
MUL_MAT q4_1 m=5120 n=512 k=17408: 8 x 1787.86 us = 14302.8 us (51047.4 GFLOPS/s)
MUL_MAT q5_K m=5120 n=512 k=6144: 48 x 714.022 us = 34273.1 us (45110.1 GFLOPS/s)
RMS_NORM(128,16,512,1): 96 x 27.052 us = 2597 us
RMS_NORM_MUL RMS_NORM(128,48,512,1): 48 x 94.895 us = 4554.96 us
RMS_NORM_MUL RMS_NORM(256,24,512,1): 16 x 53.11 us = 849.76 us
RMS_NORM_MUL RMS_NORM(256,4,512,1): 16 x 12.012 us = 192.2 us
RMS_NORM_MUL RMS_NORM(5120,512,1,1): 129 x 17.533 us = 2261.76 us
ROPE: 16 x 34.955 us = 559.28 us
ROPE_VIEW_SET_ROWS ROPE: 16 x 9.307 us = 148.92 us
SCALE: 96 x 9.374 us = 899.96 us
SET_ROWS: 16 x 9.112 us = 145.8 us
SIGMOID: 48 x 4.178 us = 200.56 us
SIGMOID_MUL SIGMOID: 16 x 34.457 us = 551.32 us
SILU_MUL SILU: 48 x 34.216 us = 1642.4 us
SOFTPLUS_MUL SOFTPLUS: 48 x 4.409 us = 211.64 us
SSM_CONV_SILU SSM_CONV: 48 x 28.943 us = 1389.28 us
Total time: 627618 us.
----------------
Vulkan Timings:
ADD: 176 x 14.474 us = 2547.44 us
CONCAT: 48 x 129.4 us = 6211.24 us
CONT: 16 x 39.605 us = 633.68 us
CPY: 96 x 3.876 us = 372.12 us
FLASH_ATTN_EXT dst(256,24,512,1),  q(256,512,24,1),  k(256,19456,4,1),  v(256,19456,4,1),  m(19456,512,1,1): 16 x 8588.51 us = 137416 us (28504.7 GFLOPS/s)
GATED_DELTA_NET: 48 x 236.285 us = 11341.7 us
GET_ROWS: 96 x 7.211 us = 692.28 us
GLU: 64 x 94.955 us = 6077.16 us
MUL_MAT f32 m=48 n=512 k=5120: 96 x 34.978 us = 3357.92 us (7193.99 GFLOPS/s)
MUL_MAT q4_0 m=1024 n=512 k=5120: 32 x 76.722 us = 2455.12 us (69968.8 GFLOPS/s)
MUL_MAT q4_0 m=10240 n=512 k=5120: 48 x 1040.78 us = 49957.3 us (51578.6 GFLOPS/s)
MUL_MAT q4_0 m=12288 n=512 k=5120: 16 x 1121.16 us = 17938.6 us (57456.8 GFLOPS/s)
MUL_MAT q4_0 m=17408 n=512 k=5120: 128 x 1522.51 us = 194881 us (59939.9 GFLOPS/s)
MUL_MAT q4_0 m=5120 n=512 k=17408: 56 x 1740.66 us = 97476.8 us (52431.6 GFLOPS/s)
MUL_MAT q4_0 m=5120 n=512 k=6144: 16 x 645.912 us = 10334.6 us (49866.9 GFLOPS/s)
MUL_MAT q4_0 m=6144 n=512 k=5120: 48 x 543.504 us = 26088.2 us (59261.9 GFLOPS/s)
MUL_MAT q4_1 m=5120 n=512 k=17408: 8 x 1764.41 us = 14115.3 us (51725.6 GFLOPS/s)
MUL_MAT q5_K m=5120 n=512 k=6144: 48 x 712.232 us = 34187.2 us (45223.5 GFLOPS/s)
RMS_NORM(128,16,512,1): 96 x 27.112 us = 2602.8 us
RMS_NORM_MUL RMS_NORM(128,48,512,1): 48 x 95.591 us = 4588.4 us
RMS_NORM_MUL RMS_NORM(256,24,512,1): 16 x 53.767 us = 860.28 us
RMS_NORM_MUL RMS_NORM(256,4,512,1): 16 x 12.06 us = 192.96 us
RMS_NORM_MUL RMS_NORM(5120,512,1,1): 129 x 17.799 us = 2296.12 us
ROPE: 16 x 34.955 us = 559.28 us
ROPE_VIEW_SET_ROWS ROPE: 16 x 9.6 us = 153.6 us
SCALE: 96 x 9.464 us = 908.56 us
SET_ROWS: 16 x 9.122 us = 145.96 us
SIGMOID: 48 x 3.93 us = 188.68 us
SIGMOID_MUL SIGMOID: 16 x 33.962 us = 543.4 us
SILU_MUL SILU: 48 x 34.617 us = 1661.64 us
SOFTPLUS_MUL SOFTPLUS: 48 x 4.473 us = 214.72 us
SSM_CONV_SILU SSM_CONV: 48 x 28.933 us = 1388.8 us
Total time: 632389 us.
----------------
Vulkan Timings:
ADD: 176 x 14.319 us = 2520.24 us
CONCAT: 48 x 129.25 us = 6204 us
CONT: 16 x 39.842 us = 637.48 us
CPY: 96 x 3.905 us = 374.88 us
FLASH_ATTN_EXT dst(256,24,512,1),  q(256,512,24,1),  k(256,19968,4,1),  v(256,19968,4,1),  m(19968,512,1,1): 16 x 8790.56 us = 140649 us (28582.4 GFLOPS/s)
GATED_DELTA_NET: 48 x 233.111 us = 11189.4 us
GET_ROWS: 96 x 7.175 us = 688.88 us
GLU: 64 x 96.248 us = 6159.92 us
MUL_MAT f32 m=48 n=512 k=5120: 96 x 34.804 us = 3341.2 us (7229.99 GFLOPS/s)
MUL_MAT q4_0 m=1024 n=512 k=5120: 32 x 77.062 us = 2466 us (69660.1 GFLOPS/s)
MUL_MAT q4_0 m=10240 n=512 k=5120: 48 x 1041.04 us = 49969.7 us (51565.8 GFLOPS/s)
MUL_MAT q4_0 m=12288 n=512 k=5120: 16 x 1121.8 us = 17948.8 us (57423.8 GFLOPS/s)
MUL_MAT q4_0 m=17408 n=512 k=5120: 128 x 1523.13 us = 194961 us (59915.4 GFLOPS/s)
MUL_MAT q4_0 m=5120 n=512 k=17408: 56 x 1740.38 us = 97461.4 us (52439.9 GFLOPS/s)
MUL_MAT q4_0 m=5120 n=512 k=6144: 16 x 643.562 us = 10297 us (50049 GFLOPS/s)
MUL_MAT q4_0 m=6144 n=512 k=5120: 48 x 544.229 us = 26123 us (59183 GFLOPS/s)
MUL_MAT q4_1 m=5120 n=512 k=17408: 8 x 1789.29 us = 14314.3 us (51006.6 GFLOPS/s)
MUL_MAT q5_K m=5120 n=512 k=6144: 48 x 712.884 us = 34218.4 us (45182.1 GFLOPS/s)
RMS_NORM(128,16,512,1): 96 x 26.906 us = 2583.04 us
RMS_NORM_MUL RMS_NORM(128,48,512,1): 48 x 94.983 us = 4559.2 us
RMS_NORM_MUL RMS_NORM(256,24,512,1): 16 x 54.857 us = 877.72 us
RMS_NORM_MUL RMS_NORM(256,4,512,1): 16 x 12.105 us = 193.68 us
RMS_NORM_MUL RMS_NORM(5120,512,1,1): 129 x 17.679 us = 2280.68 us
ROPE: 16 x 35.09 us = 561.44 us
ROPE_VIEW_SET_ROWS ROPE: 16 x 9.517 us = 152.28 us
SCALE: 96 x 9.356 us = 898.24 us
SET_ROWS: 16 x 9.172 us = 146.76 us
SIGMOID: 48 x 3.914 us = 187.88 us
SIGMOID_MUL SIGMOID: 16 x 33.825 us = 541.2 us
SILU_MUL SILU: 48 x 34.285 us = 1645.72 us
SOFTPLUS_MUL SOFTPLUS: 48 x 4.455 us = 213.88 us
SSM_CONV_SILU SSM_CONV: 48 x 29.015 us = 1392.76 us
Total time: 635759 us.
----------------
Vulkan Timings:
ADD: 176 x 14.789 us = 2602.88 us
CONCAT: 48 x 130.419 us = 6260.12 us
CONT: 16 x 38.465 us = 615.44 us
CPY: 96 x 3.921 us = 376.48 us
FLASH_ATTN_EXT dst(256,24,512,1),  q(256,512,24,1),  k(256,20480,4,1),  v(256,20480,4,1),  m(20480,512,1,1): 16 x 9061.09 us = 144977 us (28440.1 GFLOPS/s)
GATED_DELTA_NET: 48 x 234.039 us = 11233.9 us
GET_ROWS: 96 x 7.167 us = 688.08 us
GLU: 64 x 96.025 us = 6145.6 us
MUL_MAT f32 m=48 n=512 k=5120: 96 x 35.041 us = 3363.96 us (7181.07 GFLOPS/s)
MUL_MAT q4_0 m=1024 n=512 k=5120: 32 x 69.985 us = 2239.52 us (76704.8 GFLOPS/s)
MUL_MAT q4_0 m=10240 n=512 k=5120: 48 x 1045.7 us = 50193.9 us (51335.5 GFLOPS/s)
MUL_MAT q4_0 m=12288 n=512 k=5120: 16 x 1133.86 us = 18141.8 us (56813.1 GFLOPS/s)
MUL_MAT q4_0 m=17408 n=512 k=5120: 128 x 1527.8 us = 195558 us (59732.5 GFLOPS/s)
MUL_MAT q4_0 m=5120 n=512 k=17408: 56 x 1744.02 us = 97665.4 us (52330.4 GFLOPS/s)
MUL_MAT q4_0 m=5120 n=512 k=6144: 16 x 644.645 us = 10314.3 us (49964.9 GFLOPS/s)
MUL_MAT q4_0 m=6144 n=512 k=5120: 48 x 547.361 us = 26273.4 us (58844.3 GFLOPS/s)
MUL_MAT q4_1 m=5120 n=512 k=17408: 8 x 1785.78 us = 14286.2 us (51106.8 GFLOPS/s)
MUL_MAT q5_K m=5120 n=512 k=6144: 48 x 716.356 us = 34385.1 us (44963.1 GFLOPS/s)
RMS_NORM(128,16,512,1): 96 x 27 us = 2592.08 us
RMS_NORM_MUL RMS_NORM(128,48,512,1): 48 x 95.955 us = 4605.88 us
RMS_NORM_MUL RMS_NORM(256,24,512,1): 16 x 53 us = 848 us
RMS_NORM_MUL RMS_NORM(256,4,512,1): 16 x 12.105 us = 193.68 us
RMS_NORM_MUL RMS_NORM(5120,512,1,1): 129 x 17.625 us = 2273.68 us
ROPE: 16 x 35.145 us = 562.32 us
ROPE_VIEW_SET_ROWS ROPE: 16 x 9.335 us = 149.36 us
SCALE: 96 x 9.389 us = 901.4 us
SET_ROWS: 16 x 9.162 us = 146.6 us
SIGMOID: 48 x 4.102 us = 196.92 us
SIGMOID_MUL SIGMOID: 16 x 33.942 us = 543.08 us
SILU_MUL SILU: 48 x 34.516 us = 1656.8 us
SOFTPLUS_MUL SOFTPLUS: 48 x 4.405 us = 211.44 us
SSM_CONV_SILU SSM_CONV: 48 x 29.183 us = 1400.8 us
Total time: 641603 us.
1.08.651.363 I slot print_timing: id  0 | task 0 | prompt processing, n_tokens =  20480, progress = 0.23, t =  22.97 s / 891.73 tokens per second
----------------
Vulkan Timings:
ADD: 176 x 13.706 us = 2412.32 us
CONCAT: 48 x 129.765 us = 6228.76 us
CONT: 16 x 39.865 us = 637.84 us
CPY: 96 x 3.935 us = 377.84 us
FLASH_ATTN_EXT dst(256,24,512,1),  q(256,512,24,1),  k(256,20992,4,1),  v(256,20992,4,1),  m(20992,512,1,1): 16 x 9247.38 us = 147958 us (28563.8 GFLOPS/s)
GATED_DELTA_NET: 48 x 233.889 us = 11226.7 us
GET_ROWS: 96 x 7.17 us = 688.4 us
GLU: 64 x 93.14 us = 5961 us
MUL_MAT f32 m=48 n=512 k=5120: 96 x 35.017 us = 3361.64 us (7186.03 GFLOPS/s)
MUL_MAT q4_0 m=1024 n=512 k=5120: 32 x 70.253 us = 2248.12 us (76411.4 GFLOPS/s)
MUL_MAT q4_0 m=10240 n=512 k=5120: 48 x 1046.17 us = 50216.2 us (51312.7 GFLOPS/s)
MUL_MAT q4_0 m=12288 n=512 k=5120: 16 x 1140.22 us = 18243.5 us (56496.4 GFLOPS/s)
MUL_MAT q4_0 m=17408 n=512 k=5120: 128 x 1530.36 us = 195885 us (59632.7 GFLOPS/s)
MUL_MAT q4_0 m=5120 n=512 k=17408: 56 x 1747.3 us = 97848.7 us (52232.3 GFLOPS/s)
MUL_MAT q4_0 m=5120 n=512 k=6144: 16 x 647.995 us = 10367.9 us (49706.6 GFLOPS/s)
MUL_MAT q4_0 m=6144 n=512 k=5120: 48 x 547.864 us = 26297.5 us (58790.3 GFLOPS/s)
MUL_MAT q4_1 m=5120 n=512 k=17408: 8 x 1785.41 us = 14283.3 us (51117.2 GFLOPS/s)
MUL_MAT q5_K m=5120 n=512 k=6144: 48 x 715.754 us = 34356.2 us (45001 GFLOPS/s)
RMS_NORM(128,16,512,1): 96 x 27.256 us = 2616.6 us
RMS_NORM_MUL RMS_NORM(128,48,512,1): 48 x 95.394 us = 4578.92 us
RMS_NORM_MUL RMS_NORM(256,24,512,1): 16 x 55.18 us = 882.88 us
RMS_NORM_MUL RMS_NORM(256,4,512,1): 16 x 12.14 us = 194.24 us
RMS_NORM_MUL RMS_NORM(5120,512,1,1): 129 x 17.487 us = 2255.88 us
ROPE: 16 x 35.42 us = 566.72 us
ROPE_VIEW_SET_ROWS ROPE: 16 x 9.357 us = 149.72 us
SCALE: 96 x 9.445 us = 906.76 us
SET_ROWS: 16 x 9.187 us = 147 us
SIGMOID: 48 x 4.148 us = 199.12 us
SIGMOID_MUL SIGMOID: 16 x 34.032 us = 544.52 us
SILU_MUL SILU: 48 x 34.37 us = 1649.76 us
SOFTPLUS_MUL SOFTPLUS: 48 x 4.293 us = 206.08 us
SSM_CONV_SILU SSM_CONV: 48 x 28.962 us = 1390.2 us
Total time: 644888 us.
----------------
Vulkan Timings:
ADD: 176 x 16.034 us = 2822.08 us
CONCAT: 48 x 130.8 us = 6278.44 us
CONT: 16 x 45.975 us = 735.6 us
CPY: 96 x 4.211 us = 404.28 us
FLASH_ATTN_EXT dst(256,24,512,1),  q(256,512,24,1),  k(256,21504,4,1),  v(256,21504,4,1),  m(21504,512,1,1): 16 x 9545.07 us = 152721 us (28347.9 GFLOPS/s)
GATED_DELTA_NET: 48 x 232.675 us = 11168.4 us
GET_ROWS: 96 x 7.555 us = 725.32 us
GLU: 64 x 107.418 us = 6874.8 us
MUL_MAT f32 m=48 n=512 k=5120: 96 x 36.066 us = 3462.4 us (6976.9 GFLOPS/s)
MUL_MAT q4_0 m=1024 n=512 k=5120: 32 x 67.588 us = 2162.84 us (79424.2 GFLOPS/s)
MUL_MAT q4_0 m=10240 n=512 k=5120: 48 x 1042.83 us = 50056 us (51477 GFLOPS/s)
MUL_MAT q4_0 m=12288 n=512 k=5120: 16 x 1152.44 us = 18439.1 us (55897 GFLOPS/s)
MUL_MAT q4_0 m=17408 n=512 k=5120: 128 x 1521.59 us = 194764 us (59976.1 GFLOPS/s)
MUL_MAT q4_0 m=5120 n=512 k=17408: 56 x 1749.06 us = 97947.4 us (52179.7 GFLOPS/s)
MUL_MAT q4_0 m=5120 n=512 k=6144: 16 x 647.015 us = 10352.2 us (49781.9 GFLOPS/s)
MUL_MAT q4_0 m=6144 n=512 k=5120: 48 x 547.194 us = 26265.3 us (58862.3 GFLOPS/s)
MUL_MAT q4_1 m=5120 n=512 k=17408: 8 x 1779.65 us = 14237.2 us (51282.8 GFLOPS/s)
MUL_MAT q5_K m=5120 n=512 k=6144: 48 x 712.709 us = 34210 us (45193.2 GFLOPS/s)
RMS_NORM(128,16,512,1): 96 x 27.494 us = 2639.44 us
RMS_NORM_MUL RMS_NORM(128,48,512,1): 48 x 94.798 us = 4550.32 us
RMS_NORM_MUL RMS_NORM(256,24,512,1): 16 x 54.21 us = 867.36 us
RMS_NORM_MUL RMS_NORM(256,4,512,1): 16 x 12.447 us = 199.16 us
RMS_NORM_MUL RMS_NORM(5120,512,1,1): 129 x 19.509 us = 2516.68 us
ROPE: 16 x 37.142 us = 594.28 us
ROPE_VIEW_SET_ROWS ROPE: 16 x 9.71 us = 155.36 us
SCALE: 96 x 10.15 us = 974.44 us
SET_ROWS: 16 x 9.287 us = 148.6 us
SIGMOID: 48 x 4.121 us = 197.84 us
SIGMOID_MUL SIGMOID: 16 x 35.227 us = 563.64 us
SILU_MUL SILU: 48 x 34.642 us = 1662.84 us
SOFTPLUS_MUL SOFTPLUS: 48 x 4.28 us = 205.44 us
SSM_CONV_SILU SSM_CONV: 48 x 31.74 us = 1523.56 us
Total time: 650425 us.
----------------
Vulkan Timings:
ADD: 176 x 14.156 us = 2491.56 us
CONCAT: 48 x 132.035 us = 6337.72 us
CONT: 16 x 40.345 us = 645.52 us
CPY: 96 x 3.96 us = 380.16 us
FLASH_ATTN_EXT dst(256,24,512,1),  q(256,512,24,1),  k(256,22016,4,1),  v(256,22016,4,1),  m(22016,512,1,1): 16 x 9847.31 us = 157557 us (28132.1 GFLOPS/s)
GATED_DELTA_NET: 48 x 238.433 us = 11444.8 us
GET_ROWS: 96 x 7.229 us = 694.04 us
GLU: 64 x 94.335 us = 6037.44 us
MUL_MAT f32 m=48 n=512 k=5120: 96 x 35.338 us = 3392.48 us (7120.7 GFLOPS/s)
MUL_MAT q4_0 m=1024 n=512 k=5120: 32 x 71.091 us = 2274.92 us (75511.2 GFLOPS/s)
MUL_MAT q4_0 m=10240 n=512 k=5120: 48 x 1066.48 us = 51191.1 us (50335.5 GFLOPS/s)
MUL_MAT q4_0 m=12288 n=512 k=5120: 16 x 1158.43 us = 18535 us (55608 GFLOPS/s)
MUL_MAT q4_0 m=17408 n=512 k=5120: 128 x 1553.6 us = 198860 us (58740.6 GFLOPS/s)
MUL_MAT q4_0 m=5120 n=512 k=17408: 56 x 1763.2 us = 98739.2 us (51761.3 GFLOPS/s)
MUL_MAT q4_0 m=5120 n=512 k=6144: 16 x 654.735 us = 10475.8 us (49194.9 GFLOPS/s)
MUL_MAT q4_0 m=6144 n=512 k=5120: 48 x 559.694 us = 26865.3 us (57547.7 GFLOPS/s)
MUL_MAT q4_1 m=5120 n=512 k=17408: 8 x 1882.86 us = 15062.8 us (48471.8 GFLOPS/s)
MUL_MAT q5_K m=5120 n=512 k=6144: 48 x 732.364 us = 35153.5 us (43980.4 GFLOPS/s)
RMS_NORM(128,16,512,1): 96 x 27.642 us = 2653.72 us
RMS_NORM_MUL RMS_NORM(128,48,512,1): 48 x 97.166 us = 4664 us
RMS_NORM_MUL RMS_NORM(256,24,512,1): 16 x 55.112 us = 881.8 us
RMS_NORM_MUL RMS_NORM(256,4,512,1): 16 x 12.395 us = 198.32 us
RMS_NORM_MUL RMS_NORM(5120,512,1,1): 129 x 17.643 us = 2275.96 us
ROPE: 16 x 35.85 us = 573.6 us
ROPE_VIEW_SET_ROWS ROPE: 16 x 9.39 us = 150.24 us
SCALE: 96 x 9.565 us = 918.24 us
SET_ROWS: 16 x 9.307 us = 148.92 us
SIGMOID: 48 x 4.093 us = 196.48 us
SIGMOID_MUL SIGMOID: 16 x 34.567 us = 553.08 us
SILU_MUL SILU: 48 x 35.584 us = 1708.04 us
SOFTPLUS_MUL SOFTPLUS: 48 x 4.41 us = 211.72 us
SSM_CONV_SILU SSM_CONV: 48 x 29.63 us = 1422.24 us
Total time: 662695 us.
----------------
Vulkan Timings:
ADD: 176 x 17.157 us = 3019.68 us
CONCAT: 48 x 132.816 us = 6375.2 us
CONT: 16 x 50.485 us = 807.76 us
CPY: 96 x 4.241 us = 407.2 us
FLASH_ATTN_EXT dst(256,24,512,1),  q(256,512,24,1),  k(256,22528,4,1),  v(256,22528,4,1),  m(22528,512,1,1): 16 x 10066.5 us = 161063 us (28159.6 GFLOPS/s)
GATED_DELTA_NET: 48 x 236.61 us = 11357.3 us
GET_ROWS: 96 x 7.77 us = 746 us
GLU: 64 x 111.755 us = 7152.36 us
MUL_MAT f32 m=48 n=512 k=5120: 96 x 37.005 us = 3552.48 us (6799.99 GFLOPS/s)
MUL_MAT q4_0 m=1024 n=512 k=5120: 32 x 68.2 us = 2182.4 us (78712.4 GFLOPS/s)
MUL_MAT q4_0 m=10240 n=512 k=5120: 48 x 1061.08 us = 50932 us (50591.6 GFLOPS/s)
MUL_MAT q4_0 m=12288 n=512 k=5120: 16 x 1153.72 us = 18459.6 us (55835.1 GFLOPS/s)
MUL_MAT q4_0 m=17408 n=512 k=5120: 128 x 1536.25 us = 196641 us (59403.7 GFLOPS/s)
MUL_MAT q4_0 m=5120 n=512 k=17408: 56 x 1760.38 us = 98581.4 us (51844.1 GFLOPS/s)
MUL_MAT q4_0 m=5120 n=512 k=6144: 16 x 652.172 us = 10434.8 us (49388.2 GFLOPS/s)
MUL_MAT q4_0 m=6144 n=512 k=5120: 48 x 554.716 us = 26626.4 us (58064.1 GFLOPS/s)
MUL_MAT q4_1 m=5120 n=512 k=17408: 8 x 1821.76 us = 14574.1 us (50097.4 GFLOPS/s)
MUL_MAT q5_K m=5120 n=512 k=6144: 48 x 721.553 us = 34634.6 us (44639.3 GFLOPS/s)
RMS_NORM(128,16,512,1): 96 x 28.046 us = 2692.44 us
RMS_NORM_MUL RMS_NORM(128,48,512,1): 48 x 96.225 us = 4618.8 us
RMS_NORM_MUL RMS_NORM(256,24,512,1): 16 x 55.18 us = 882.88 us
RMS_NORM_MUL RMS_NORM(256,4,512,1): 16 x 12.622 us = 201.96 us
RMS_NORM_MUL RMS_NORM(5120,512,1,1): 129 x 20.447 us = 2637.72 us
ROPE: 16 x 37.777 us = 604.44 us
ROPE_VIEW_SET_ROWS ROPE: 16 x 9.797 us = 156.76 us
SCALE: 96 x 10.403 us = 998.76 us
SET_ROWS: 16 x 9.407 us = 150.52 us
SIGMOID: 48 x 3.927 us = 188.52 us
SIGMOID_MUL SIGMOID: 16 x 36.08 us = 577.28 us
SILU_MUL SILU: 48 x 35.236 us = 1691.36 us
SOFTPLUS_MUL SOFTPLUS: 48 x 4.658 us = 223.6 us
SSM_CONV_SILU SSM_CONV: 48 x 32.846 us = 1576.64 us
Total time: 664749 us.
1.11.361.013 I slot print_timing: id  0 | task 0 | prompt processing, n_tokens =  22528, progress = 0.26, t =  25.68 s / 877.39 tokens per second
----------------
Vulkan Timings:
ADD: 176 x 15.627 us = 2750.52 us
CONCAT: 48 x 132.457 us = 6357.96 us
CONT: 16 x 40.51 us = 648.16 us
CPY: 96 x 4.049 us = 388.76 us
FLASH_ATTN_EXT dst(256,24,512,1),  q(256,512,24,1),  k(256,23040,4,1),  v(256,23040,4,1),  m(23040,512,1,1): 16 x 10625.4 us = 170006 us (27284.7 GFLOPS/s)
GATED_DELTA_NET: 48 x 241.184 us = 11576.8 us
GET_ROWS: 96 x 7.538 us = 723.68 us
GLU: 64 x 100.006 us = 6400.44 us
MUL_MAT f32 m=48 n=512 k=5120: 96 x 36.895 us = 3542 us (6820.11 GFLOPS/s)
MUL_MAT q4_0 m=1024 n=512 k=5120: 32 x 67.12 us = 2147.84 us (79978.9 GFLOPS/s)
MUL_MAT q4_0 m=10240 n=512 k=5120: 48 x 1061.56 us = 50954.7 us (50569 GFLOPS/s)
MUL_MAT q4_0 m=12288 n=512 k=5120: 16 x 1148.56 us = 18377 us (56085.9 GFLOPS/s)
MUL_MAT q4_0 m=17408 n=512 k=5120: 128 x 1545.52 us = 197826 us (59047.6 GFLOPS/s)
MUL_MAT q4_0 m=5120 n=512 k=17408: 56 x 1756.72 us = 98376.2 us (51952.3 GFLOPS/s)
MUL_MAT q4_0 m=5120 n=512 k=6144: 16 x 653.105 us = 10449.7 us (49317.7 GFLOPS/s)
MUL_MAT q4_0 m=6144 n=512 k=5120: 48 x 556.195 us = 26697.4 us (57909.7 GFLOPS/s)
MUL_MAT q4_1 m=5120 n=512 k=17408: 8 x 1888.59 us = 15108.7 us (48324.6 GFLOPS/s)
MUL_MAT q5_K m=5120 n=512 k=6144: 48 x 727.31 us = 34910.9 us (44286 GFLOPS/s)
RMS_NORM(128,16,512,1): 96 x 27.864 us = 2675 us
RMS_NORM_MUL RMS_NORM(128,48,512,1): 48 x 98.28 us = 4717.48 us
RMS_NORM_MUL RMS_NORM(256,24,512,1): 16 x 54.392 us = 870.28 us
RMS_NORM_MUL RMS_NORM(256,4,512,1): 16 x 12.835 us = 205.36 us
RMS_NORM_MUL RMS_NORM(5120,512,1,1): 129 x 18.631 us = 2403.48 us
ROPE: 16 x 35.672 us = 570.76 us
ROPE_VIEW_SET_ROWS ROPE: 16 x 9.44 us = 151.04 us
SCALE: 96 x 9.866 us = 947.2 us
SET_ROWS: 16 x 9.282 us = 148.52 us
SIGMOID: 48 x 4.2 us = 201.6 us
SIGMOID_MUL SIGMOID: 16 x 35.167 us = 562.68 us
SILU_MUL SILU: 48 x 35.072 us = 1683.48 us
SOFTPLUS_MUL SOFTPLUS: 48 x 4.489 us = 215.48 us
SSM_CONV_SILU SSM_CONV: 48 x 30.713 us = 1474.24 us
Total time: 674070 us.
----------------
Vulkan Timings:
ADD: 176 x 14.923 us = 2626.48 us
CONCAT: 48 x 132.546 us = 6362.24 us
CONT: 16 x 38.01 us = 608.16 us
CPY: 96 x 4.055 us = 389.28 us
FLASH_ATTN_EXT dst(256,24,512,1),  q(256,512,24,1),  k(256,23552,4,1),  v(256,23552,4,1),  m(23552,512,1,1): 16 x 10630 us = 170080 us (27878.9 GFLOPS/s)
GATED_DELTA_NET: 48 x 241.18 us = 11576.7 us
GET_ROWS: 96 x 7.449 us = 715.12 us
GLU: 64 x 96.395 us = 6169.32 us
MUL_MAT f32 m=48 n=512 k=5120: 96 x 35.817 us = 3438.52 us (7025.36 GFLOPS/s)
MUL_MAT q4_0 m=1024 n=512 k=5120: 32 x 80.8 us = 2585.6 us (66437.9 GFLOPS/s)
MUL_MAT q4_0 m=10240 n=512 k=5120: 48 x 1063.62 us = 51053.7 us (50470.9 GFLOPS/s)
MUL_MAT q4_0 m=12288 n=512 k=5120: 16 x 1134.4 us = 18150.5 us (56785.9 GFLOPS/s)
MUL_MAT q4_0 m=17408 n=512 k=5120: 128 x 1549.42 us = 198326 us (58898.8 GFLOPS/s)
MUL_MAT q4_0 m=5120 n=512 k=17408: 56 x 1764.27 us = 98799.1 us (51729.9 GFLOPS/s)
MUL_MAT q4_0 m=5120 n=512 k=6144: 16 x 653.37 us = 10453.9 us (49297.7 GFLOPS/s)
MUL_MAT q4_0 m=6144 n=512 k=5120: 48 x 556.799 us = 26726.4 us (57846.9 GFLOPS/s)
MUL_MAT q4_1 m=5120 n=512 k=17408: 8 x 1859.52 us = 14876.2 us (49080.1 GFLOPS/s)
MUL_MAT q5_K m=5120 n=512 k=6144: 48 x 726.085 us = 34852.1 us (44360.6 GFLOPS/s)
RMS_NORM(128,16,512,1): 96 x 27.673 us = 2656.68 us
RMS_NORM_MUL RMS_NORM(128,48,512,1): 48 x 98.061 us = 4706.96 us
RMS_NORM_MUL RMS_NORM(256,24,512,1): 16 x 54.387 us = 870.2 us
RMS_NORM_MUL RMS_NORM(256,4,512,1): 16 x 12.165 us = 194.64 us
RMS_NORM_MUL RMS_NORM(5120,512,1,1): 129 x 17.892 us = 2308.08 us
ROPE: 16 x 35.005 us = 560.08 us
ROPE_VIEW_SET_ROWS ROPE: 16 x 9.612 us = 153.8 us
SCALE: 96 x 9.515 us = 913.44 us
SET_ROWS: 16 x 9.272 us = 148.36 us
SIGMOID: 48 x 4.184 us = 200.84 us
SIGMOID_MUL SIGMOID: 16 x 34.422 us = 550.76 us
SILU_MUL SILU: 48 x 35.015 us = 1680.76 us
SOFTPLUS_MUL SOFTPLUS: 48 x 4.317 us = 207.24 us
SSM_CONV_SILU SSM_CONV: 48 x 30.473 us = 1462.72 us
Total time: 674404 us.
----------------
Vulkan Timings:
ADD: 176 x 14.251 us = 2508.32 us
CONCAT: 48 x 129.569 us = 6219.32 us
CONT: 16 x 39.252 us = 628.04 us
CPY: 96 x 3.997 us = 383.76 us
FLASH_ATTN_EXT dst(256,24,512,1),  q(256,512,24,1),  k(256,24064,4,1),  v(256,24064,4,1),  m(24064,512,1,1): 16 x 10687.1 us = 170994 us (28332.7 GFLOPS/s)
GATED_DELTA_NET: 48 x 236.91 us = 11371.7 us
GET_ROWS: 96 x 7.218 us = 692.96 us
GLU: 64 x 96.071 us = 6148.6 us
MUL_MAT f32 m=48 n=512 k=5120: 96 x 34.994 us = 3359.48 us (7190.65 GFLOPS/s)
MUL_MAT q4_0 m=1024 n=512 k=5120: 32 x 69.485 us = 2223.52 us (77256.7 GFLOPS/s)
MUL_MAT q4_0 m=10240 n=512 k=5120: 48 x 1053.19 us = 50553 us (50970.8 GFLOPS/s)
MUL_MAT q4_0 m=12288 n=512 k=5120: 16 x 1136.53 us = 18184.4 us (56679.9 GFLOPS/s)
MUL_MAT q4_0 m=17408 n=512 k=5120: 128 x 1534.34 us = 196396 us (59477.8 GFLOPS/s)
MUL_MAT q4_0 m=5120 n=512 k=17408: 56 x 1753.92 us = 98219.8 us (52034.9 GFLOPS/s)
MUL_MAT q4_0 m=5120 n=512 k=6144: 16 x 650.79 us = 10412.6 us (49493.1 GFLOPS/s)
MUL_MAT q4_0 m=6144 n=512 k=5120: 48 x 548.348 us = 26320.7 us (58738.4 GFLOPS/s)
MUL_MAT q4_1 m=5120 n=512 k=17408: 8 x 1809.04 us = 14472.3 us (50449.6 GFLOPS/s)
MUL_MAT q5_K m=5120 n=512 k=6144: 48 x 719.16 us = 34519.7 us (44787.9 GFLOPS/s)
RMS_NORM(128,16,512,1): 96 x 27.291 us = 2619.96 us
RMS_NORM_MUL RMS_NORM(128,48,512,1): 48 x 96.898 us = 4651.12 us
RMS_NORM_MUL RMS_NORM(256,24,512,1): 16 x 53.305 us = 852.88 us
RMS_NORM_MUL RMS_NORM(256,4,512,1): 16 x 12.085 us = 193.36 us
RMS_NORM_MUL RMS_NORM(5120,512,1,1): 129 x 17.704 us = 2283.92 us
ROPE: 16 x 35.255 us = 564.08 us
ROPE_VIEW_SET_ROWS ROPE: 16 x 9.422 us = 150.76 us
SCALE: 96 x 9.478 us = 909.92 us
SET_ROWS: 16 x 9.117 us = 145.88 us
SIGMOID: 48 x 4.064 us = 195.08 us
SIGMOID_MUL SIGMOID: 16 x 34.2 us = 547.2 us
SILU_MUL SILU: 48 x 34.8 us = 1670.4 us
SOFTPLUS_MUL SOFTPLUS: 48 x 4.318 us = 207.28 us
SSM_CONV_SILU SSM_CONV: 48 x 29.086 us = 1396.16 us
Total time: 669996 us.
----------------
Vulkan Timings:
ADD: 176 x 13.578 us = 2389.88 us
CONCAT: 48 x 129.895 us = 6234.96 us
CONT: 16 x 37.73 us = 603.68 us
CPY: 96 x 3.963 us = 380.52 us
FLASH_ATTN_EXT dst(256,24,512,1),  q(256,512,24,1),  k(256,24576,4,1),  v(256,24576,4,1),  m(24576,512,1,1): 16 x 10981.9 us = 175711 us (28158.8 GFLOPS/s)
GATED_DELTA_NET: 48 x 236.064 us = 11331.1 us
GET_ROWS: 96 x 7.149 us = 686.32 us
GLU: 64 x 95.556 us = 6115.6 us
MUL_MAT f32 m=48 n=512 k=5120: 96 x 34.875 us = 3348.08 us (7215.13 GFLOPS/s)
MUL_MAT q4_0 m=1024 n=512 k=5120: 32 x 66.523 us = 2128.76 us (80695.8 GFLOPS/s)
MUL_MAT q4_0 m=10240 n=512 k=5120: 48 x 1053.42 us = 50564.1 us (50959.7 GFLOPS/s)
MUL_MAT q4_0 m=12288 n=512 k=5120: 16 x 1145.93 us = 18334.9 us (56214.8 GFLOPS/s)
MUL_MAT q4_0 m=17408 n=512 k=5120: 128 x 1530.51 us = 195906 us (59626.5 GFLOPS/s)
MUL_MAT q4_0 m=5120 n=512 k=17408: 56 x 1749.77 us = 97987.1 us (52158.5 GFLOPS/s)
MUL_MAT q4_0 m=5120 n=512 k=6144: 16 x 651.93 us = 10430.9 us (49406.6 GFLOPS/s)
MUL_MAT q4_0 m=6144 n=512 k=5120: 48 x 547.461 us = 26278.2 us (58833.5 GFLOPS/s)
MUL_MAT q4_1 m=5120 n=512 k=17408: 8 x 1812.05 us = 14496.4 us (50365.8 GFLOPS/s)
MUL_MAT q5_K m=5120 n=512 k=6144: 48 x 717.86 us = 34457.3 us (44869 GFLOPS/s)
RMS_NORM(128,16,512,1): 96 x 27.16 us = 2607.36 us
RMS_NORM_MUL RMS_NORM(128,48,512,1): 48 x 96.292 us = 4622.04 us
RMS_NORM_MUL RMS_NORM(256,24,512,1): 16 x 52.872 us = 845.96 us
RMS_NORM_MUL RMS_NORM(256,4,512,1): 16 x 12.15 us = 194.4 us
RMS_NORM_MUL RMS_NORM(5120,512,1,1): 129 x 17.648 us = 2276.68 us
ROPE: 16 x 35.01 us = 560.16 us
ROPE_VIEW_SET_ROWS ROPE: 16 x 9.367 us = 149.88 us
SCALE: 96 x 9.431 us = 905.4 us
SET_ROWS: 16 x 9.192 us = 147.08 us
SIGMOID: 48 x 4.215 us = 202.32 us
SIGMOID_MUL SIGMOID: 16 x 34.222 us = 547.56 us
SILU_MUL SILU: 48 x 34.684 us = 1664.84 us
SOFTPLUS_MUL SOFTPLUS: 48 x 4.17 us = 200.2 us
SSM_CONV_SILU SSM_CONV: 48 x 29.203 us = 1401.76 us
Total time: 673710 us.
1.14.140.872 I slot print_timing: id  0 | task 0 | prompt processing, n_tokens =  24576, progress = 0.28, t =  28.46 s / 863.65 tokens per second
----------------
Vulkan Timings:
ADD: 176 x 18.234 us = 3209.28 us
CONCAT: 48 x 134.087 us = 6436.2 us
CONT: 16 x 50.205 us = 803.28 us
CPY: 96 x 4.274 us = 410.32 us
FLASH_ATTN_EXT dst(256,24,512,1),  q(256,512,24,1),  k(256,25088,4,1),  v(256,25088,4,1),  m(25088,512,1,1): 16 x 11257.3 us = 180117 us (28042.3 GFLOPS/s)
GATED_DELTA_NET: 48 x 238.716 us = 11458.4 us
GET_ROWS: 96 x 8.063 us = 774.08 us
GLU: 64 x 116.947 us = 7484.64 us
MUL_MAT f32 m=48 n=512 k=5120: 96 x 37.741 us = 3623.16 us (6667.34 GFLOPS/s)
MUL_MAT q4_0 m=1024 n=512 k=5120: 32 x 75.492 us = 2415.76 us (71108.8 GFLOPS/s)
MUL_MAT q4_0 m=10240 n=512 k=5120: 48 x 1063.65 us = 51055.4 us (50469.3 GFLOPS/s)
MUL_MAT q4_0 m=12288 n=512 k=5120: 16 x 1135.64 us = 18170.3 us (56724 GFLOPS/s)
MUL_MAT q4_0 m=17408 n=512 k=5120: 128 x 1536.2 us = 196634 us (59405.7 GFLOPS/s)
MUL_MAT q4_0 m=5120 n=512 k=17408: 56 x 1751.48 us = 98083.1 us (52107.5 GFLOPS/s)
MUL_MAT q4_0 m=5120 n=512 k=6144: 16 x 656.885 us = 10510.2 us (49033.9 GFLOPS/s)
MUL_MAT q4_0 m=6144 n=512 k=5120: 48 x 557.45 us = 26757.6 us (57779.4 GFLOPS/s)
MUL_MAT q4_1 m=5120 n=512 k=17408: 8 x 1829.61 us = 14636.9 us (49882.5 GFLOPS/s)
MUL_MAT q5_K m=5120 n=512 k=6144: 48 x 729.942 us = 35037.2 us (44126.3 GFLOPS/s)
RMS_NORM(128,16,512,1): 96 x 28.42 us = 2728.32 us
RMS_NORM_MUL RMS_NORM(128,48,512,1): 48 x 96.454 us = 4629.8 us
RMS_NORM_MUL RMS_NORM(256,24,512,1): 16 x 56.247 us = 899.96 us
RMS_NORM_MUL RMS_NORM(256,4,512,1): 16 x 13.067 us = 209.08 us
RMS_NORM_MUL RMS_NORM(5120,512,1,1): 129 x 21.14 us = 2727.12 us
ROPE: 16 x 40.365 us = 645.84 us
ROPE_VIEW_SET_ROWS ROPE: 16 x 10.065 us = 161.04 us
SCALE: 96 x 10.825 us = 1039.28 us
SET_ROWS: 16 x 9.792 us = 156.68 us
SIGMOID: 48 x 4.23 us = 203.08 us
SIGMOID_MUL SIGMOID: 16 x 36.375 us = 582 us
SILU_MUL SILU: 48 x 35.317 us = 1695.24 us
SOFTPLUS_MUL SOFTPLUS: 48 x 4.447 us = 213.48 us
SSM_CONV_SILU SSM_CONV: 48 x 34.058 us = 1634.8 us
Total time: 685142 us.
----------------
Vulkan Timings:
ADD: 176 x 13.627 us = 2398.36 us
CONCAT: 48 x 130.14 us = 6246.72 us
CONT: 16 x 38.05 us = 608.8 us
CPY: 96 x 3.903 us = 374.72 us
FLASH_ATTN_EXT dst(256,24,512,1),  q(256,512,24,1),  k(256,25600,4,1),  v(256,25600,4,1),  m(25600,512,1,1): 16 x 11431.8 us = 182909 us (28177.8 GFLOPS/s)
GATED_DELTA_NET: 48 x 234.587 us = 11260.2 us
GET_ROWS: 96 x 7.196 us = 690.84 us
GLU: 64 x 93.177 us = 5963.36 us
MUL_MAT f32 m=48 n=512 k=5120: 96 x 35.399 us = 3398.36 us (7108.38 GFLOPS/s)
MUL_MAT q4_0 m=1024 n=512 k=5120: 32 x 66.206 us = 2118.6 us (81082.8 GFLOPS/s)
MUL_MAT q4_0 m=10240 n=512 k=5120: 48 x 1056.03 us = 50689.3 us (50833.8 GFLOPS/s)
MUL_MAT q4_0 m=12288 n=512 k=5120: 16 x 1143.35 us = 18293.5 us (56341.9 GFLOPS/s)
MUL_MAT q4_0 m=17408 n=512 k=5120: 128 x 1534.56 us = 196424 us (59469.2 GFLOPS/s)
MUL_MAT q4_0 m=5120 n=512 k=17408: 56 x 1749.32 us = 97961.9 us (52172 GFLOPS/s)
MUL_MAT q4_0 m=5120 n=512 k=6144: 16 x 653.215 us = 10451.4 us (49309.4 GFLOPS/s)
MUL_MAT q4_0 m=6144 n=512 k=5120: 48 x 549.955 us = 26397.8 us (58566.8 GFLOPS/s)
MUL_MAT q4_1 m=5120 n=512 k=17408: 8 x 1809.09 us = 14472.7 us (50448.4 GFLOPS/s)
MUL_MAT q5_K m=5120 n=512 k=6144: 48 x 720.245 us = 34571.8 us (44720.4 GFLOPS/s)
RMS_NORM(128,16,512,1): 96 x 27.227 us = 2613.8 us
RMS_NORM_MUL RMS_NORM(128,48,512,1): 48 x 95.507 us = 4584.36 us
RMS_NORM_MUL RMS_NORM(256,24,512,1): 16 x 52.985 us = 847.76 us
RMS_NORM_MUL RMS_NORM(256,4,512,1): 16 x 12.452 us = 199.24 us
RMS_NORM_MUL RMS_NORM(5120,512,1,1): 129 x 17.592 us = 2269.44 us
ROPE: 16 x 36.042 us = 576.68 us
ROPE_VIEW_SET_ROWS ROPE: 16 x 9.412 us = 150.6 us
SCALE: 96 x 9.417 us = 904.04 us
SET_ROWS: 16 x 9.427 us = 150.84 us
SIGMOID: 48 x 4.019 us = 192.92 us
SIGMOID_MUL SIGMOID: 16 x 34.21 us = 547.36 us
SILU_MUL SILU: 48 x 34.596 us = 1660.64 us
SOFTPLUS_MUL SOFTPLUS: 48 x 4.425 us = 212.44 us
SSM_CONV_SILU SSM_CONV: 48 x 29.698 us = 1425.52 us
Total time: 681567 us.
----------------
Vulkan Timings:
ADD: 176 x 14.337 us = 2523.48 us
CONCAT: 48 x 131.699 us = 6321.56 us
CONT: 16 x 38.767 us = 620.28 us
CPY: 96 x 4.072 us = 390.96 us
FLASH_ATTN_EXT dst(256,24,512,1),  q(256,512,24,1),  k(256,26112,4,1),  v(256,26112,4,1),  m(26112,512,1,1): 16 x 11613.6 us = 185817 us (28291.5 GFLOPS/s)
GATED_DELTA_NET: 48 x 236.745 us = 11363.8 us
GET_ROWS: 96 x 7.243 us = 695.4 us
GLU: 64 x 96.696 us = 6188.6 us
MUL_MAT f32 m=48 n=512 k=5120: 96 x 35.435 us = 3401.76 us (7101.27 GFLOPS/s)
MUL_MAT q4_0 m=1024 n=512 k=5120: 32 x 70.826 us = 2266.44 us (75793.7 GFLOPS/s)
MUL_MAT q4_0 m=10240 n=512 k=5120: 48 x 1065.56 us = 51147 us (50378.8 GFLOPS/s)
MUL_MAT q4_0 m=12288 n=512 k=5120: 16 x 1157.3 us = 18516.8 us (55662.5 GFLOPS/s)
MUL_MAT q4_0 m=17408 n=512 k=5120: 128 x 1537.71 us = 196827 us (59347.4 GFLOPS/s)
MUL_MAT q4_0 m=5120 n=512 k=17408: 56 x 1754.1 us = 98229.7 us (52029.7 GFLOPS/s)
MUL_MAT q4_0 m=5120 n=512 k=6144: 16 x 668.972 us = 10703.6 us (48147.9 GFLOPS/s)
MUL_MAT q4_0 m=6144 n=512 k=5120: 48 x 552.155 us = 26503.5 us (58333.4 GFLOPS/s)
MUL_MAT q4_1 m=5120 n=512 k=17408: 8 x 1830.41 us = 14643.3 us (49860.7 GFLOPS/s)
MUL_MAT q5_K m=5120 n=512 k=6144: 48 x 723.123 us = 34709.9 us (44542.4 GFLOPS/s)
RMS_NORM(128,16,512,1): 96 x 27.575 us = 2647.2 us
RMS_NORM_MUL RMS_NORM(128,48,512,1): 48 x 96.646 us = 4639.04 us
RMS_NORM_MUL RMS_NORM(256,24,512,1): 16 x 55.25 us = 884 us
RMS_NORM_MUL RMS_NORM(256,4,512,1): 16 x 12.537 us = 200.6 us
RMS_NORM_MUL RMS_NORM(5120,512,1,1): 129 x 17.925 us = 2312.4 us
ROPE: 16 x 36.89 us = 590.24 us
ROPE_VIEW_SET_ROWS ROPE: 16 x 9.497 us = 151.96 us
SCALE: 96 x 9.571 us = 918.88 us
SET_ROWS: 16 x 9.602 us = 153.64 us
SIGMOID: 48 x 4.103 us = 196.96 us
SIGMOID_MUL SIGMOID: 16 x 34.177 us = 546.84 us
SILU_MUL SILU: 48 x 34.807 us = 1670.76 us
SOFTPLUS_MUL SOFTPLUS: 48 x 4.469 us = 214.52 us
SSM_CONV_SILU SSM_CONV: 48 x 30.755 us = 1476.28 us
Total time: 687473 us.
----------------
Vulkan Timings:
ADD: 176 x 13.624 us = 2397.96 us
CONCAT: 48 x 130.735 us = 6275.28 us
CONT: 16 x 36.56 us = 584.96 us
CPY: 96 x 3.962 us = 380.4 us
FLASH_ATTN_EXT dst(256,24,512,1),  q(256,512,24,1),  k(256,26624,4,1),  v(256,26624,4,1),  m(26624,512,1,1): 16 x 11903.7 us = 190460 us (28143.1 GFLOPS/s)
GATED_DELTA_NET: 48 x 236.227 us = 11338.9 us
GET_ROWS: 96 x 7.276 us = 698.52 us
GLU: 64 x 95.266 us = 6097.08 us
MUL_MAT f32 m=48 n=512 k=5120: 96 x 35.41 us = 3399.44 us (7106.12 GFLOPS/s)
MUL_MAT q4_0 m=1024 n=512 k=5120: 32 x 69.86 us = 2235.52 us (76842 GFLOPS/s)
MUL_MAT q4_0 m=10240 n=512 k=5120: 48 x 1060.14 us = 50886.9 us (50636.4 GFLOPS/s)
MUL_MAT q4_0 m=12288 n=512 k=5120: 16 x 1136.22 us = 18179.6 us (56695.1 GFLOPS/s)
MUL_MAT q4_0 m=17408 n=512 k=5120: 128 x 1540.74 us = 197215 us (59230.6 GFLOPS/s)
MUL_MAT q4_0 m=5120 n=512 k=17408: 56 x 1750.3 us = 98017 us (52142.6 GFLOPS/s)
MUL_MAT q4_0 m=5120 n=512 k=6144: 16 x 655.605 us = 10489.7 us (49129.6 GFLOPS/s)
MUL_MAT q4_0 m=6144 n=512 k=5120: 48 x 554.075 us = 26595.6 us (58131.3 GFLOPS/s)
MUL_MAT q4_1 m=5120 n=512 k=17408: 8 x 1825.15 us = 14601.2 us (50004.2 GFLOPS/s)
MUL_MAT q5_K m=5120 n=512 k=6144: 48 x 726.79 us = 34885.9 us (44317.7 GFLOPS/s)
RMS_NORM(128,16,512,1): 96 x 27.307 us = 2621.48 us
RMS_NORM_MUL RMS_NORM(128,48,512,1): 48 x 96.815 us = 4647.16 us
RMS_NORM_MUL RMS_NORM(256,24,512,1): 16 x 55.295 us = 884.72 us
RMS_NORM_MUL RMS_NORM(256,4,512,1): 16 x 12.402 us = 198.44 us
RMS_NORM_MUL RMS_NORM(5120,512,1,1): 129 x 17.538 us = 2262.48 us
ROPE: 16 x 36.28 us = 580.48 us
ROPE_VIEW_SET_ROWS ROPE: 16 x 9.55 us = 152.8 us
SCALE: 96 x 9.478 us = 909.92 us
SET_ROWS: 16 x 9.452 us = 151.24 us
SIGMOID: 48 x 4.239 us = 203.48 us
SIGMOID_MUL SIGMOID: 16 x 34.267 us = 548.28 us
SILU_MUL SILU: 48 x 34.845 us = 1672.6 us
SOFTPLUS_MUL SOFTPLUS: 48 x 4.197 us = 201.48 us
SSM_CONV_SILU SSM_CONV: 48 x 29.55 us = 1418.44 us
Total time: 691192 us.
1.16.973.119 I slot print_timing: id  0 | task 0 | prompt processing, n_tokens =  26624, progress = 0.30, t =  31.29 s / 850.93 tokens per second
----------------
Vulkan Timings:
ADD: 176 x 16.634 us = 2927.6 us
CONCAT: 48 x 134.045 us = 6434.16 us
CONT: 16 x 43.237 us = 691.8 us
CPY: 96 x 4.265 us = 409.52 us
FLASH_ATTN_EXT dst(256,24,512,1),  q(256,512,24,1),  k(256,27136,4,1),  v(256,27136,4,1),  m(27136,512,1,1): 16 x 12346.7 us = 197547 us (27655.2 GFLOPS/s)
GATED_DELTA_NET: 48 x 242.879 us = 11658.2 us
GET_ROWS: 96 x 7.786 us = 747.52 us
GLU: 64 x 109.717 us = 7021.92 us
MUL_MAT f32 m=48 n=512 k=5120: 96 x 37.263 us = 3577.32 us (6752.77 GFLOPS/s)
MUL_MAT q4_0 m=1024 n=512 k=5120: 32 x 79.426 us = 2541.64 us (67587 GFLOPS/s)
MUL_MAT q4_0 m=10240 n=512 k=5120: 48 x 1076.43 us = 51668.7 us (49870.2 GFLOPS/s)
MUL_MAT q4_0 m=12288 n=512 k=5120: 16 x 1164.14 us = 18626.2 us (55335.5 GFLOPS/s)
MUL_MAT q4_0 m=17408 n=512 k=5120: 128 x 1567.29 us = 200614 us (58227.2 GFLOPS/s)
MUL_MAT q4_0 m=5120 n=512 k=17408: 56 x 1771.37 us = 99196.9 us (51522.4 GFLOPS/s)
MUL_MAT q4_0 m=5120 n=512 k=6144: 16 x 661.87 us = 10589.9 us (48664.6 GFLOPS/s)
MUL_MAT q4_0 m=6144 n=512 k=5120: 48 x 566.61 us = 27197.3 us (56845.3 GFLOPS/s)
MUL_MAT q4_1 m=5120 n=512 k=17408: 8 x 1923.83 us = 15390.6 us (47439.4 GFLOPS/s)
MUL_MAT q5_K m=5120 n=512 k=6144: 48 x 737.936 us = 35421 us (43648.2 GFLOPS/s)
RMS_NORM(128,16,512,1): 96 x 28.323 us = 2719.08 us
RMS_NORM_MUL RMS_NORM(128,48,512,1): 48 x 99.163 us = 4759.84 us
RMS_NORM_MUL RMS_NORM(256,24,512,1): 16 x 55.9 us = 894.4 us
RMS_NORM_MUL RMS_NORM(256,4,512,1): 16 x 13 us = 208 us
RMS_NORM_MUL RMS_NORM(5120,512,1,1): 129 x 19.656 us = 2535.72 us
ROPE: 16 x 38.862 us = 621.8 us
ROPE_VIEW_SET_ROWS ROPE: 16 x 9.815 us = 157.04 us
SCALE: 96 x 10.209 us = 980.12 us
SET_ROWS: 16 x 9.755 us = 156.08 us
SIGMOID: 48 x 4.135 us = 198.48 us
SIGMOID_MUL SIGMOID: 16 x 35.49 us = 567.84 us
SILU_MUL SILU: 48 x 35.687 us = 1713 us
SOFTPLUS_MUL SOFTPLUS: 48 x 4.556 us = 218.72 us
SSM_CONV_SILU SSM_CONV: 48 x 32.252 us = 1548.12 us
Total time: 709539 us.
----------------
Vulkan Timings:
ADD: 176 x 14.282 us = 2513.72 us
CONCAT: 48 x 132.318 us = 6351.28 us
CONT: 16 x 37.932 us = 606.92 us
CPY: 96 x 4.033 us = 387.24 us
FLASH_ATTN_EXT dst(256,24,512,1),  q(256,512,24,1),  k(256,27648,4,1),  v(256,27648,4,1),  m(27648,512,1,1): 16 x 12497.6 us = 199961 us (27836.8 GFLOPS/s)
GATED_DELTA_NET: 48 x 237.675 us = 11408.4 us
GET_ROWS: 96 x 7.221 us = 693.28 us
GLU: 64 x 95.505 us = 6112.32 us
MUL_MAT f32 m=48 n=512 k=5120: 96 x 35.736 us = 3430.68 us (7041.41 GFLOPS/s)
MUL_MAT q4_0 m=1024 n=512 k=5120: 32 x 74.196 us = 2374.28 us (72351.2 GFLOPS/s)
MUL_MAT q4_0 m=10240 n=512 k=5120: 48 x 1067.3 us = 51230.5 us (50296.8 GFLOPS/s)
MUL_MAT q4_0 m=12288 n=512 k=5120: 16 x 1146.36 us = 18341.7 us (56194 GFLOPS/s)
MUL_MAT q4_0 m=17408 n=512 k=5120: 128 x 1545.88 us = 197873 us (59033.7 GFLOPS/s)
MUL_MAT q4_0 m=5120 n=512 k=17408: 56 x 1761.83 us = 98662.4 us (51801.5 GFLOPS/s)
MUL_MAT q4_0 m=5120 n=512 k=6144: 16 x 653.117 us = 10449.9 us (49316.8 GFLOPS/s)
MUL_MAT q4_0 m=6144 n=512 k=5120: 48 x 555.358 us = 26657.2 us (57997 GFLOPS/s)
MUL_MAT q4_1 m=5120 n=512 k=17408: 8 x 1854.23 us = 14833.9 us (49220 GFLOPS/s)
MUL_MAT q5_K m=5120 n=512 k=6144: 48 x 724.8 us = 34790.4 us (44439.3 GFLOPS/s)
RMS_NORM(128,16,512,1): 96 x 27.747 us = 2663.72 us
RMS_NORM_MUL RMS_NORM(128,48,512,1): 48 x 97.646 us = 4687.04 us
RMS_NORM_MUL RMS_NORM(256,24,512,1): 16 x 53.78 us = 860.48 us
RMS_NORM_MUL RMS_NORM(256,4,512,1): 16 x 12.26 us = 196.16 us
RMS_NORM_MUL RMS_NORM(5120,512,1,1): 129 x 17.943 us = 2314.72 us
ROPE: 16 x 35.545 us = 568.72 us
ROPE_VIEW_SET_ROWS ROPE: 16 x 9.447 us = 151.16 us
SCALE: 96 x 9.578 us = 919.56 us
SET_ROWS: 16 x 9.295 us = 148.72 us
SIGMOID: 48 x 4.168 us = 200.08 us
SIGMOID_MUL SIGMOID: 16 x 34.425 us = 550.8 us
SILU_MUL SILU: 48 x 34.875 us = 1674 us
SOFTPLUS_MUL SOFTPLUS: 48 x 4.362 us = 209.4 us
SSM_CONV_SILU SSM_CONV: 48 x 29.653 us = 1423.36 us
Total time: 703246 us.
----------------
Vulkan Timings:
ADD: 176 x 23.167 us = 4077.48 us
CONCAT: 48 x 136.802 us = 6566.52 us
CONT: 16 x 61.302 us = 980.84 us
CPY: 96 x 4.745 us = 455.52 us
FLASH_ATTN_EXT dst(256,24,512,1),  q(256,512,24,1),  k(256,28160,4,1),  v(256,28160,4,1),  m(28160,512,1,1): 16 x 12827.8 us = 205245 us (27622.4 GFLOPS/s)
GATED_DELTA_NET: 48 x 247.499 us = 11880 us
GET_ROWS: 96 x 8.745 us = 839.52 us
GLU: 64 x 139.286 us = 8914.36 us
MUL_MAT f32 m=48 n=512 k=5120: 96 x 40.388 us = 3877.32 us (6230.29 GFLOPS/s)
MUL_MAT q4_0 m=1024 n=512 k=5120: 32 x 71.466 us = 2286.92 us (75115 GFLOPS/s)
MUL_MAT q4_0 m=10240 n=512 k=5120: 48 x 1060.34 us = 50896.4 us (50626.9 GFLOPS/s)
MUL_MAT q4_0 m=12288 n=512 k=5120: 16 x 1164.64 us = 18634.2 us (55311.7 GFLOPS/s)
MUL_MAT q4_0 m=17408 n=512 k=5120: 128 x 1544.34 us = 197676 us (59092.5 GFLOPS/s)
MUL_MAT q4_0 m=5120 n=512 k=17408: 56 x 1765.43 us = 98864.2 us (51695.8 GFLOPS/s)
MUL_MAT q4_0 m=5120 n=512 k=6144: 16 x 657.802 us = 10524.8 us (48965.5 GFLOPS/s)
MUL_MAT q4_0 m=6144 n=512 k=5120: 48 x 561.673 us = 26960.3 us (57344.9 GFLOPS/s)
MUL_MAT q4_1 m=5120 n=512 k=17408: 8 x 1849.89 us = 14799.2 us (49335.5 GFLOPS/s)
MUL_MAT q5_K m=5120 n=512 k=6144: 48 x 735.619 us = 35309.7 us (43785.7 GFLOPS/s)
RMS_NORM(128,16,512,1): 96 x 29.382 us = 2820.76 us
RMS_NORM_MUL RMS_NORM(128,48,512,1): 48 x 100.475 us = 4822.8 us
RMS_NORM_MUL RMS_NORM(256,24,512,1): 16 x 58.425 us = 934.8 us
RMS_NORM_MUL RMS_NORM(256,4,512,1): 16 x 13.462 us = 215.4 us
RMS_NORM_MUL RMS_NORM(5120,512,1,1): 129 x 24.834 us = 3203.6 us
ROPE: 16 x 42.652 us = 682.44 us
ROPE_VIEW_SET_ROWS ROPE: 16 x 10.755 us = 172.08 us
SCALE: 96 x 12.038 us = 1155.68 us
SET_ROWS: 16 x 9.74 us = 155.84 us
SIGMOID: 48 x 4.151 us = 199.28 us
SIGMOID_MUL SIGMOID: 16 x 39.142 us = 626.28 us
SILU_MUL SILU: 48 x 36.401 us = 1747.28 us
SOFTPLUS_MUL SOFTPLUS: 48 x 4.687 us = 225 us
SSM_CONV_SILU SSM_CONV: 48 x 38.532 us = 1849.56 us
Total time: 717599 us.
----------------
Vulkan Timings:
ADD: 176 x 15.422 us = 2714.36 us
CONCAT: 48 x 132.51 us = 6360.48 us
CONT: 16 x 38.652 us = 618.44 us
CPY: 96 x 4.015 us = 385.52 us
FLASH_ATTN_EXT dst(256,24,512,1),  q(256,512,24,1),  k(256,28672,4,1),  v(256,28672,4,1),  m(28672,512,1,1): 16 x 12944.1 us = 207106 us (27871.9 GFLOPS/s)
GATED_DELTA_NET: 48 x 237.449 us = 11397.6 us
GET_ROWS: 96 x 7.311 us = 701.88 us
GLU: 64 x 97.7 us = 6252.84 us
MUL_MAT f32 m=48 n=512 k=5120: 96 x 35.943 us = 3450.56 us (7000.84 GFLOPS/s)
MUL_MAT q4_0 m=1024 n=512 k=5120: 32 x 66.725 us = 2135.2 us (80452.4 GFLOPS/s)
MUL_MAT q4_0 m=10240 n=512 k=5120: 48 x 1068 us = 51264 us (50263.9 GFLOPS/s)
MUL_MAT q4_0 m=12288 n=512 k=5120: 16 x 1148.82 us = 18381 us (56073.6 GFLOPS/s)
MUL_MAT q4_0 m=17408 n=512 k=5120: 128 x 1548.44 us = 198201 us (58936 GFLOPS/s)
MUL_MAT q4_0 m=5120 n=512 k=17408: 56 x 1759.83 us = 98550.6 us (51860.3 GFLOPS/s)
MUL_MAT q4_0 m=5120 n=512 k=6144: 16 x 654.697 us = 10475.2 us (49197.7 GFLOPS/s)
MUL_MAT q4_0 m=6144 n=512 k=5120: 48 x 557.771 us = 26773 us (57746 GFLOPS/s)
MUL_MAT q4_1 m=5120 n=512 k=17408: 8 x 1871.47 us = 14971.8 us (48766.6 GFLOPS/s)
MUL_MAT q5_K m=5120 n=512 k=6144: 48 x 730.13 us = 35046.2 us (44114.9 GFLOPS/s)
RMS_NORM(128,16,512,1): 96 x 27.722 us = 2661.32 us
RMS_NORM_MUL RMS_NORM(128,48,512,1): 48 x 96.945 us = 4653.36 us
RMS_NORM_MUL RMS_NORM(256,24,512,1): 16 x 53.717 us = 859.48 us
RMS_NORM_MUL RMS_NORM(256,4,512,1): 16 x 12.202 us = 195.24 us
RMS_NORM_MUL RMS_NORM(5120,512,1,1): 129 x 18.226 us = 2351.28 us
ROPE: 16 x 35.662 us = 570.6 us
ROPE_VIEW_SET_ROWS ROPE: 16 x 9.457 us = 151.32 us
SCALE: 96 x 9.739 us = 934.96 us
SET_ROWS: 16 x 9.212 us = 147.4 us
SIGMOID: 48 x 4.212 us = 202.2 us
SIGMOID_MUL SIGMOID: 16 x 36.2 us = 579.2 us
SILU_MUL SILU: 48 x 35.261 us = 1692.56 us
SOFTPLUS_MUL SOFTPLUS: 48 x 4.27 us = 205 us
SSM_CONV_SILU SSM_CONV: 48 x 30.137 us = 1446.6 us
Total time: 711436 us.
1.19.908.369 I slot print_timing: id  0 | task 0 | prompt processing, n_tokens =  28672, progress = 0.33, t =  34.22 s / 837.79 tokens per second
----------------
Vulkan Timings:
ADD: 176 x 15.885 us = 2795.8 us
CONCAT: 48 x 133.02 us = 6384.96 us
CONT: 16 x 41.955 us = 671.28 us
CPY: 96 x 4.159 us = 399.28 us
FLASH_ATTN_EXT dst(256,24,512,1),  q(256,512,24,1),  k(256,29184,4,1),  v(256,29184,4,1),  m(29184,512,1,1): 16 x 13166.4 us = 210663 us (27890.6 GFLOPS/s)
GATED_DELTA_NET: 48 x 238.485 us = 11447.3 us
GET_ROWS: 96 x 7.587 us = 728.4 us
GLU: 64 x 104.425 us = 6683.24 us
MUL_MAT f32 m=48 n=512 k=5120: 96 x 36.792 us = 3532.08 us (6839.27 GFLOPS/s)
MUL_MAT q4_0 m=1024 n=512 k=5120: 32 x 71.252 us = 2280.08 us (75340.3 GFLOPS/s)
MUL_MAT q4_0 m=10240 n=512 k=5120: 48 x 1066.84 us = 51208.2 us (50318.7 GFLOPS/s)
MUL_MAT q4_0 m=12288 n=512 k=5120: 16 x 1158.66 us = 18538.6 us (55597.1 GFLOPS/s)
MUL_MAT q4_0 m=17408 n=512 k=5120: 128 x 1557.79 us = 199397 us (58582.4 GFLOPS/s)
MUL_MAT q4_0 m=5120 n=512 k=17408: 56 x 1770.85 us = 99167.8 us (51537.5 GFLOPS/s)
MUL_MAT q4_0 m=5120 n=512 k=6144: 16 x 659.635 us = 10554.2 us (48829.5 GFLOPS/s)
MUL_MAT q4_0 m=6144 n=512 k=5120: 48 x 559.143 us = 26838.9 us (57604.4 GFLOPS/s)
MUL_MAT q4_1 m=5120 n=512 k=17408: 8 x 1878.88 us = 15031 us (48574.5 GFLOPS/s)
MUL_MAT q5_K m=5120 n=512 k=6144: 48 x 731.651 us = 35119.3 us (44023.2 GFLOPS/s)
RMS_NORM(128,16,512,1): 96 x 27.976 us = 2685.72 us
RMS_NORM_MUL RMS_NORM(128,48,512,1): 48 x 96.488 us = 4631.44 us
RMS_NORM_MUL RMS_NORM(256,24,512,1): 16 x 54.882 us = 878.12 us
RMS_NORM_MUL RMS_NORM(256,4,512,1): 16 x 12.522 us = 200.36 us
RMS_NORM_MUL RMS_NORM(5120,512,1,1): 129 x 19.298 us = 2489.56 us
ROPE: 16 x 36.842 us = 589.48 us
ROPE_VIEW_SET_ROWS ROPE: 16 x 9.715 us = 155.44 us
SCALE: 96 x 10.075 us = 967.28 us
SET_ROWS: 16 x 9.387 us = 150.2 us
SIGMOID: 48 x 4.063 us = 195.04 us
SIGMOID_MUL SIGMOID: 16 x 35.77 us = 572.32 us
SILU_MUL SILU: 48 x 35.409 us = 1699.64 us
SOFTPLUS_MUL SOFTPLUS: 48 x 4.559 us = 218.84 us
SSM_CONV_SILU SSM_CONV: 48 x 31.78 us = 1525.48 us
Total time: 718399 us.
----------------
Vulkan Timings:
ADD: 176 x 17.249 us = 3035.96 us
CONCAT: 48 x 133.848 us = 6424.72 us
CONT: 16 x 43.695 us = 699.12 us
CPY: 96 x 4.211 us = 404.28 us
FLASH_ATTN_EXT dst(256,24,512,1),  q(256,512,24,1),  k(256,29696,4,1),  v(256,29696,4,1),  m(29696,512,1,1): 16 x 13517.8 us = 216286 us (27642.1 GFLOPS/s)
GATED_DELTA_NET: 48 x 238.827 us = 11463.7 us
GET_ROWS: 96 x 7.674 us = 736.76 us
GLU: 64 x 106.855 us = 6838.72 us
MUL_MAT f32 m=48 n=512 k=5120: 96 x 36.996 us = 3551.64 us (6801.6 GFLOPS/s)
MUL_MAT q4_0 m=1024 n=512 k=5120: 32 x 68.503 us = 2192.12 us (78363.4 GFLOPS/s)
MUL_MAT q4_0 m=10240 n=512 k=5120: 48 x 1069.55 us = 51338.5 us (50191 GFLOPS/s)
MUL_MAT q4_0 m=12288 n=512 k=5120: 16 x 1158.97 us = 18543.6 us (55582.1 GFLOPS/s)
MUL_MAT q4_0 m=17408 n=512 k=5120: 128 x 1560.19 us = 199704 us (58492.4 GFLOPS/s)
MUL_MAT q4_0 m=5120 n=512 k=17408: 56 x 1765.9 us = 98890.6 us (51682 GFLOPS/s)
MUL_MAT q4_0 m=5120 n=512 k=6144: 16 x 658.12 us = 10529.9 us (48941.9 GFLOPS/s)
MUL_MAT q4_0 m=6144 n=512 k=5120: 48 x 560.742 us = 26915.6 us (57440.1 GFLOPS/s)
MUL_MAT q4_1 m=5120 n=512 k=17408: 8 x 1916.01 us = 15328.1 us (47633.1 GFLOPS/s)
MUL_MAT q5_K m=5120 n=512 k=6144: 48 x 734.016 us = 35232.8 us (43881.3 GFLOPS/s)
RMS_NORM(128,16,512,1): 96 x 28.14 us = 2701.52 us
RMS_NORM_MUL RMS_NORM(128,48,512,1): 48 x 98.571 us = 4731.44 us
RMS_NORM_MUL RMS_NORM(256,24,512,1): 16 x 55.94 us = 895.04 us
RMS_NORM_MUL RMS_NORM(256,4,512,1): 16 x 12.687 us = 203 us
RMS_NORM_MUL RMS_NORM(5120,512,1,1): 129 x 19.698 us = 2541.16 us
ROPE: 16 x 39.102 us = 625.64 us
ROPE_VIEW_SET_ROWS ROPE: 16 x 9.787 us = 156.6 us
SCALE: 96 x 10.255 us = 984.56 us
SET_ROWS: 16 x 9.397 us = 150.36 us
SIGMOID: 48 x 4.382 us = 210.36 us
SIGMOID_MUL SIGMOID: 16 x 35.867 us = 573.88 us
SILU_MUL SILU: 48 x 35.496 us = 1703.84 us
SOFTPLUS_MUL SOFTPLUS: 48 x 4.323 us = 207.52 us
SSM_CONV_SILU SSM_CONV: 48 x 31.794 us = 1526.12 us
Total time: 725327 us.
----------------
Vulkan Timings:
ADD: 176 x 14.133 us = 2487.56 us
CONCAT: 48 x 131.709 us = 6322.04 us
CONT: 16 x 40.327 us = 645.24 us
CPY: 96 x 3.861 us = 370.72 us
FLASH_ATTN_EXT dst(256,24,512,1),  q(256,512,24,1),  k(256,30208,4,1),  v(256,30208,4,1),  m(30208,512,1,1): 16 x 13571 us = 217135 us (28008.7 GFLOPS/s)
GATED_DELTA_NET: 48 x 236.29 us = 11342 us
GET_ROWS: 96 x 7.227 us = 693.8 us
GLU: 64 x 94.02 us = 6017.32 us
MUL_MAT f32 m=48 n=512 k=5120: 96 x 35.317 us = 3390.48 us (7124.9 GFLOPS/s)
MUL_MAT q4_0 m=1024 n=512 k=5120: 32 x 70.77 us = 2264.64 us (75854 GFLOPS/s)
MUL_MAT q4_0 m=10240 n=512 k=5120: 48 x 1067.53 us = 51241.6 us (50285.9 GFLOPS/s)
MUL_MAT q4_0 m=12288 n=512 k=5120: 16 x 1155.38 us = 18486.1 us (55754.9 GFLOPS/s)
MUL_MAT q4_0 m=17408 n=512 k=5120: 128 x 1543.83 us = 197611 us (59112 GFLOPS/s)
MUL_MAT q4_0 m=5120 n=512 k=17408: 56 x 1758.11 us = 98454.1 us (51911.1 GFLOPS/s)
MUL_MAT q4_0 m=5120 n=512 k=6144: 16 x 653.592 us = 10457.5 us (49280.9 GFLOPS/s)
MUL_MAT q4_0 m=6144 n=512 k=5120: 48 x 556.159 us = 26695.6 us (57913.5 GFLOPS/s)
MUL_MAT q4_1 m=5120 n=512 k=17408: 8 x 1848.81 us = 14790.4 us (49364.6 GFLOPS/s)
MUL_MAT q5_K m=5120 n=512 k=6144: 48 x 726.13 us = 34854.2 us (44357.9 GFLOPS/s)
RMS_NORM(128,16,512,1): 96 x 27.487 us = 2638.76 us
RMS_NORM_MUL RMS_NORM(128,48,512,1): 48 x 95.725 us = 4594.8 us
RMS_NORM_MUL RMS_NORM(256,24,512,1): 16 x 53.41 us = 854.56 us
RMS_NORM_MUL RMS_NORM(256,4,512,1): 16 x 12.332 us = 197.32 us
RMS_NORM_MUL RMS_NORM(5120,512,1,1): 129 x 17.824 us = 2299.32 us
ROPE: 16 x 35.265 us = 564.24 us
ROPE_VIEW_SET_ROWS ROPE: 16 x 9.44 us = 151.04 us
SCALE: 96 x 9.526 us = 914.52 us
SET_ROWS: 16 x 9.367 us = 149.88 us
SIGMOID: 48 x 4.094 us = 196.52 us
SIGMOID_MUL SIGMOID: 16 x 35.005 us = 560.08 us
SILU_MUL SILU: 48 x 34.992 us = 1679.64 us
SOFTPLUS_MUL SOFTPLUS: 48 x 4.359 us = 209.24 us
SSM_CONV_SILU SSM_CONV: 48 x 29.593 us = 1420.48 us
Total time: 719690 us.
----------------
Vulkan Timings:
ADD: 176 x 16.305 us = 2869.72 us
CONCAT: 48 x 134.154 us = 6439.4 us
CONT: 16 x 45.092 us = 721.48 us
CPY: 96 x 4.322 us = 414.96 us
FLASH_ATTN_EXT dst(256,24,512,1),  q(256,512,24,1),  k(256,30720,4,1),  v(256,30720,4,1),  m(30720,512,1,1): 16 x 14239.3 us = 227829 us (27146.5 GFLOPS/s)
GATED_DELTA_NET: 48 x 240.674 us = 11552.4 us
GET_ROWS: 96 x 7.717 us = 740.92 us
GLU: 64 x 107.478 us = 6878.64 us
MUL_MAT f32 m=48 n=512 k=5120: 96 x 37.111 us = 3562.68 us (6780.52 GFLOPS/s)
MUL_MAT q4_0 m=1024 n=512 k=5120: 32 x 69.258 us = 2216.28 us (77509.1 GFLOPS/s)
MUL_MAT q4_0 m=10240 n=512 k=5120: 48 x 1079.96 us = 51838.4 us (49707 GFLOPS/s)
MUL_MAT q4_0 m=12288 n=512 k=5120: 16 x 1170.12 us = 18722 us (55052.4 GFLOPS/s)
MUL_MAT q4_0 m=17408 n=512 k=5120: 128 x 1566.65 us = 200532 us (58250.9 GFLOPS/s)
MUL_MAT q4_0 m=5120 n=512 k=17408: 56 x 1769.67 us = 99101.8 us (51571.9 GFLOPS/s)
MUL_MAT q4_0 m=5120 n=512 k=6144: 16 x 660.017 us = 10560.3 us (48801.2 GFLOPS/s)
MUL_MAT q4_0 m=6144 n=512 k=5120: 48 x 561.349 us = 26944.8 us (57378 GFLOPS/s)
MUL_MAT q4_1 m=5120 n=512 k=17408: 8 x 1974.49 us = 15795.9 us (46222.3 GFLOPS/s)
MUL_MAT q5_K m=5120 n=512 k=6144: 48 x 738.87 us = 35465.8 us (43593.1 GFLOPS/s)
RMS_NORM(128,16,512,1): 96 x 28.408 us = 2727.24 us
RMS_NORM_MUL RMS_NORM(128,48,512,1): 48 x 99.769 us = 4788.92 us
RMS_NORM_MUL RMS_NORM(256,24,512,1): 16 x 56.392 us = 902.28 us
RMS_NORM_MUL RMS_NORM(256,4,512,1): 16 x 12.71 us = 203.36 us
RMS_NORM_MUL RMS_NORM(5120,512,1,1): 129 x 19.833 us = 2558.52 us
ROPE: 16 x 37.775 us = 604.4 us
ROPE_VIEW_SET_ROWS ROPE: 16 x 9.815 us = 157.04 us
SCALE: 96 x 10.297 us = 988.6 us
SET_ROWS: 16 x 9.505 us = 152.08 us
SIGMOID: 48 x 4.326 us = 207.68 us
SIGMOID_MUL SIGMOID: 16 x 36.12 us = 577.92 us
SILU_MUL SILU: 48 x 35.752 us = 1716.12 us
SOFTPLUS_MUL SOFTPLUS: 48 x 4.447 us = 213.48 us
SSM_CONV_SILU SSM_CONV: 48 x 31.83 us = 1527.84 us
Total time: 739512 us.
1.22.910.240 I slot print_timing: id  0 | task 0 | prompt processing, n_tokens =  30720, progress = 0.35, t =  37.23 s / 825.24 tokens per second
----------------
Vulkan Timings:
ADD: 176 x 14.218 us = 2502.4 us
CONCAT: 48 x 132.345 us = 6352.6 us
CONT: 16 x 38.962 us = 623.4 us
CPY: 96 x 3.937 us = 377.96 us
FLASH_ATTN_EXT dst(256,24,512,1),  q(256,512,24,1),  k(256,31232,4,1),  v(256,31232,4,1),  m(31232,512,1,1): 16 x 14085.7 us = 225372 us (27899.9 GFLOPS/s)
GATED_DELTA_NET: 48 x 237.404 us = 11395.4 us
GET_ROWS: 96 x 7.254 us = 696.4 us
GLU: 64 x 96.839 us = 6197.72 us
MUL_MAT f32 m=48 n=512 k=5120: 96 x 35.602 us = 3417.84 us (7067.87 GFLOPS/s)
MUL_MAT q4_0 m=1024 n=512 k=5120: 32 x 67.547 us = 2161.52 us (79472.7 GFLOPS/s)
MUL_MAT q4_0 m=10240 n=512 k=5120: 48 x 1066.78 us = 51205.3 us (50321.5 GFLOPS/s)
MUL_MAT q4_0 m=12288 n=512 k=5120: 16 x 1170.32 us = 18725.2 us (55043.1 GFLOPS/s)
MUL_MAT q4_0 m=17408 n=512 k=5120: 128 x 1556.73 us = 199262 us (58622.1 GFLOPS/s)
MUL_MAT q4_0 m=5120 n=512 k=17408: 56 x 1764.97 us = 98838.6 us (51709.2 GFLOPS/s)
MUL_MAT q4_0 m=5120 n=512 k=6144: 16 x 659.192 us = 10547.1 us (48862.3 GFLOPS/s)
MUL_MAT q4_0 m=6144 n=512 k=5120: 48 x 559.007 us = 26832.4 us (57618.4 GFLOPS/s)
MUL_MAT q4_1 m=5120 n=512 k=17408: 8 x 1876.63 us = 15013 us (48632.6 GFLOPS/s)
MUL_MAT q5_K m=5120 n=512 k=6144: 48 x 739.957 us = 35518 us (43529 GFLOPS/s)
RMS_NORM(128,16,512,1): 96 x 27.625 us = 2652.04 us
RMS_NORM_MUL RMS_NORM(128,48,512,1): 48 x 97.477 us = 4678.92 us
RMS_NORM_MUL RMS_NORM(256,24,512,1): 16 x 54.027 us = 864.44 us
RMS_NORM_MUL RMS_NORM(256,4,512,1): 16 x 12.457 us = 199.32 us
RMS_NORM_MUL RMS_NORM(5120,512,1,1): 129 x 18.042 us = 2327.52 us
ROPE: 16 x 35.917 us = 574.68 us
ROPE_VIEW_SET_ROWS ROPE: 16 x 9.54 us = 152.64 us
SCALE: 96 x 9.568 us = 918.6 us
SET_ROWS: 16 x 9.427 us = 150.84 us
SIGMOID: 48 x 4.062 us = 195 us
SIGMOID_MUL SIGMOID: 16 x 35.045 us = 560.72 us
SILU_MUL SILU: 48 x 35.18 us = 1688.64 us
SOFTPLUS_MUL SOFTPLUS: 48 x 4.432 us = 212.76 us
SSM_CONV_SILU SSM_CONV: 48 x 29.971 us = 1438.64 us
Total time: 731653 us.
----------------
Vulkan Timings:
ADD: 176 x 24.16 us = 4252.24 us
CONCAT: 48 x 139.121 us = 6677.84 us
CONT: 16 x 65.062 us = 1041 us
CPY: 96 x 4.834 us = 464.12 us
FLASH_ATTN_EXT dst(256,24,512,1),  q(256,512,24,1),  k(256,31744,4,1),  v(256,31744,4,1),  m(31744,512,1,1): 16 x 14863.8 us = 237821 us (26872.7 GFLOPS/s)
GATED_DELTA_NET: 48 x 244.641 us = 11742.8 us
GET_ROWS: 96 x 9.075 us = 871.2 us
GLU: 64 x 145.328 us = 9301.04 us
MUL_MAT f32 m=48 n=512 k=5120: 96 x 41.719 us = 4005.08 us (6031.55 GFLOPS/s)
MUL_MAT q4_0 m=1024 n=512 k=5120: 32 x 75.677 us = 2421.68 us (70935 GFLOPS/s)
MUL_MAT q4_0 m=10240 n=512 k=5120: 48 x 1067.84 us = 51256.1 us (50271.6 GFLOPS/s)
MUL_MAT q4_0 m=12288 n=512 k=5120: 16 x 1163.41 us = 18614.5 us (55370.3 GFLOPS/s)
MUL_MAT q4_0 m=17408 n=512 k=5120: 128 x 1546.46 us = 197948 us (59011.4 GFLOPS/s)
MUL_MAT q4_0 m=5120 n=512 k=17408: 56 x 1768.49 us = 99035.7 us (51606.3 GFLOPS/s)
MUL_MAT q4_0 m=5120 n=512 k=6144: 16 x 658.322 us = 10533.2 us (48926.8 GFLOPS/s)
MUL_MAT q4_0 m=6144 n=512 k=5120: 48 x 566.599 us = 27196.8 us (56846.4 GFLOPS/s)
MUL_MAT q4_1 m=5120 n=512 k=17408: 8 x 1891.83 us = 15134.6 us (48241.9 GFLOPS/s)
MUL_MAT q5_K m=5120 n=512 k=6144: 48 x 733.12 us = 35189.8 us (43935 GFLOPS/s)
RMS_NORM(128,16,512,1): 96 x 29.965 us = 2876.68 us
RMS_NORM_MUL RMS_NORM(128,48,512,1): 48 x 99.255 us = 4764.24 us
RMS_NORM_MUL RMS_NORM(256,24,512,1): 16 x 59.817 us = 957.08 us
RMS_NORM_MUL RMS_NORM(256,4,512,1): 16 x 13.707 us = 219.32 us
RMS_NORM_MUL RMS_NORM(5120,512,1,1): 129 x 26.028 us = 3357.72 us
ROPE: 16 x 44.395 us = 710.32 us
ROPE_VIEW_SET_ROWS ROPE: 16 x 10.932 us = 174.92 us
SCALE: 96 x 12.565 us = 1206.24 us
SET_ROWS: 16 x 9.827 us = 157.24 us
SIGMOID: 48 x 4.274 us = 205.16 us
SIGMOID_MUL SIGMOID: 16 x 40.062 us = 641 us
SILU_MUL SILU: 48 x 36.941 us = 1773.2 us
SOFTPLUS_MUL SOFTPLUS: 48 x 4.563 us = 219.04 us
SSM_CONV_SILU SSM_CONV: 48 x 39.974 us = 1918.76 us
Total time: 752687 us.
----------------
Vulkan Timings:
ADD: 176 x 23.863 us = 4200.04 us
CONCAT: 48 x 138.504 us = 6648.2 us
CONT: 16 x 64.322 us = 1029.16 us
CPY: 96 x 4.991 us = 479.16 us
FLASH_ATTN_EXT dst(256,24,512,1),  q(256,512,24,1),  k(256,32256,4,1),  v(256,32256,4,1),  m(32256,512,1,1): 16 x 14909.9 us = 238559 us (27221.8 GFLOPS/s)
GATED_DELTA_NET: 48 x 245.14 us = 11766.8 us
GET_ROWS: 96 x 9.146 us = 878.04 us
GLU: 64 x 144.831 us = 9269.2 us
MUL_MAT f32 m=48 n=512 k=5120: 96 x 41.317 us = 3966.44 us (6090.31 GFLOPS/s)
MUL_MAT q4_0 m=1024 n=512 k=5120: 32 x 72.471 us = 2319.08 us (74073.3 GFLOPS/s)
MUL_MAT q4_0 m=10240 n=512 k=5120: 48 x 1069.73 us = 51347.3 us (50182.3 GFLOPS/s)
MUL_MAT q4_0 m=12288 n=512 k=5120: 16 x 1173.26 us = 18772.1 us (54905.6 GFLOPS/s)
MUL_MAT q4_0 m=17408 n=512 k=5120: 128 x 1542.88 us = 197488 us (59148.7 GFLOPS/s)
MUL_MAT q4_0 m=5120 n=512 k=17408: 56 x 1770.33 us = 99138.3 us (51552.9 GFLOPS/s)
MUL_MAT q4_0 m=5120 n=512 k=6144: 16 x 661.175 us = 10578.8 us (48715.7 GFLOPS/s)
MUL_MAT q4_0 m=6144 n=512 k=5120: 48 x 567.749 us = 27252 us (56731.2 GFLOPS/s)
MUL_MAT q4_1 m=5120 n=512 k=17408: 8 x 1882.96 us = 15063.7 us (48469 GFLOPS/s)
MUL_MAT q5_K m=5120 n=512 k=6144: 48 x 734.675 us = 35264.4 us (43842 GFLOPS/s)
RMS_NORM(128,16,512,1): 96 x 30.007 us = 2880.76 us
RMS_NORM_MUL RMS_NORM(128,48,512,1): 48 x 98.549 us = 4730.36 us
RMS_NORM_MUL RMS_NORM(256,24,512,1): 16 x 59.437 us = 951 us
RMS_NORM_MUL RMS_NORM(256,4,512,1): 16 x 13.98 us = 223.68 us
RMS_NORM_MUL RMS_NORM(5120,512,1,1): 129 x 25.814 us = 3330.08 us
ROPE: 16 x 46.567 us = 745.08 us
ROPE_VIEW_SET_ROWS ROPE: 16 x 10.975 us = 175.6 us
SCALE: 96 x 12.555 us = 1205.36 us
SET_ROWS: 16 x 10.355 us = 165.68 us
SIGMOID: 48 x 4.53 us = 217.44 us
SIGMOID_MUL SIGMOID: 16 x 39.93 us = 638.88 us
SILU_MUL SILU: 48 x 37.46 us = 1798.08 us
SOFTPLUS_MUL SOFTPLUS: 48 x 4.475 us = 214.8 us
SSM_CONV_SILU SSM_CONV: 48 x 39.951 us = 1917.68 us
Total time: 753214 us.
----------------
Vulkan Timings:
ADD: 176 x 17.009 us = 2993.6 us
CONCAT: 48 x 133.868 us = 6425.68 us
CONT: 16 x 48.45 us = 775.2 us
CPY: 96 x 4.276 us = 410.56 us
FLASH_ATTN_EXT dst(256,24,512,1),  q(256,512,24,1),  k(256,32768,4,1),  v(256,32768,4,1),  m(32768,512,1,1): 16 x 15036.6 us = 240586 us (27420.9 GFLOPS/s)
GATED_DELTA_NET: 48 x 239.585 us = 11500.1 us
GET_ROWS: 96 x 7.926 us = 760.92 us
GLU: 64 x 112.691 us = 7212.24 us
MUL_MAT f32 m=48 n=512 k=5120: 96 x 37.425 us = 3592.88 us (6723.53 GFLOPS/s)
MUL_MAT q4_0 m=1024 n=512 k=5120: 32 x 69.553 us = 2225.72 us (77180.4 GFLOPS/s)
MUL_MAT q4_0 m=10240 n=512 k=5120: 48 x 1068.94 us = 51309 us (50219.8 GFLOPS/s)
MUL_MAT q4_0 m=12288 n=512 k=5120: 16 x 1164.68 us = 18634.9 us (55309.7 GFLOPS/s)
MUL_MAT q4_0 m=17408 n=512 k=5120: 128 x 1543.35 us = 197549 us (59130.6 GFLOPS/s)
MUL_MAT q4_0 m=5120 n=512 k=17408: 56 x 1761.72 us = 98656.6 us (51804.6 GFLOPS/s)
MUL_MAT q4_0 m=5120 n=512 k=6144: 16 x 660.602 us = 10569.6 us (48758 GFLOPS/s)
MUL_MAT q4_0 m=6144 n=512 k=5120: 48 x 557.509 us = 26760.4 us (57773.2 GFLOPS/s)
MUL_MAT q4_1 m=5120 n=512 k=17408: 8 x 1875.1 us = 15000.8 us (48672.4 GFLOPS/s)
MUL_MAT q5_K m=5120 n=512 k=6144: 48 x 731.723 us = 35122.7 us (44018.9 GFLOPS/s)
RMS_NORM(128,16,512,1): 96 x 28.368 us = 2723.36 us
RMS_NORM_MUL RMS_NORM(128,48,512,1): 48 x 97.717 us = 4690.44 us
RMS_NORM_MUL RMS_NORM(256,24,512,1): 16 x 55.975 us = 895.6 us
RMS_NORM_MUL RMS_NORM(256,4,512,1): 16 x 13.15 us = 210.4 us
RMS_NORM_MUL RMS_NORM(5120,512,1,1): 129 x 20.761 us = 2678.24 us
ROPE: 16 x 40.267 us = 644.28 us
ROPE_VIEW_SET_ROWS ROPE: 16 x 10.877 us = 174.04 us
SCALE: 96 x 10.61 us = 1018.64 us
SET_ROWS: 16 x 9.865 us = 157.84 us
SIGMOID: 48 x 4.109 us = 197.24 us
SIGMOID_MUL SIGMOID: 16 x 36.4 us = 582.4 us
SILU_MUL SILU: 48 x 35.85 us = 1720.84 us
SOFTPLUS_MUL SOFTPLUS: 48 x 4.492 us = 215.64 us
SSM_CONV_SILU SSM_CONV: 48 x 33.067 us = 1587.24 us
Total time: 747582 us.
1.25.990.709 I slot print_timing: id  0 | task 0 | prompt processing, n_tokens =  32768, progress = 0.37, t =  40.31 s / 812.98 tokens per second
----------------
Vulkan Timings:
ADD: 176 x 14.403 us = 2535.04 us
CONCAT: 48 x 132.779 us = 6373.4 us
CONT: 16 x 37.2 us = 595.2 us
CPY: 96 x 3.974 us = 381.52 us
FLASH_ATTN_EXT dst(256,24,512,1),  q(256,512,24,1),  k(256,33280,4,1),  v(256,33280,4,1),  m(33280,512,1,1): 16 x 15102.7 us = 241643 us (27727.5 GFLOPS/s)
GATED_DELTA_NET: 48 x 237.701 us = 11409.7 us
GET_ROWS: 96 x 7.247 us = 695.8 us
GLU: 64 x 93.391 us = 5977.08 us
MUL_MAT f32 m=48 n=512 k=5120: 96 x 35.277 us = 3386.64 us (7132.98 GFLOPS/s)
MUL_MAT q4_0 m=1024 n=512 k=5120: 32 x 67.226 us = 2151.24 us (79852.5 GFLOPS/s)
MUL_MAT q4_0 m=10240 n=512 k=5120: 48 x 1074.09 us = 51556.2 us (49979 GFLOPS/s)
MUL_MAT q4_0 m=12288 n=512 k=5120: 16 x 1160.62 us = 18569.8 us (55503.5 GFLOPS/s)
MUL_MAT q4_0 m=17408 n=512 k=5120: 128 x 1563.23 us = 200094 us (58378.6 GFLOPS/s)
MUL_MAT q4_0 m=5120 n=512 k=17408: 56 x 1767.53 us = 98981.8 us (51634.4 GFLOPS/s)
MUL_MAT q4_0 m=5120 n=512 k=6144: 16 x 660.422 us = 10566.8 us (48771.3 GFLOPS/s)
MUL_MAT q4_0 m=6144 n=512 k=5120: 48 x 562.329 us = 26991.8 us (57278 GFLOPS/s)
MUL_MAT q4_1 m=5120 n=512 k=17408: 8 x 1928.09 us = 15424.7 us (47334.6 GFLOPS/s)
MUL_MAT q5_K m=5120 n=512 k=6144: 48 x 738.435 us = 35444.9 us (43618.7 GFLOPS/s)
RMS_NORM(128,16,512,1): 96 x 27.69 us = 2658.24 us
RMS_NORM_MUL RMS_NORM(128,48,512,1): 48 x 97.531 us = 4681.52 us
RMS_NORM_MUL RMS_NORM(256,24,512,1): 16 x 54.042 us = 864.68 us
RMS_NORM_MUL RMS_NORM(256,4,512,1): 16 x 12.57 us = 201.12 us
RMS_NORM_MUL RMS_NORM(5120,512,1,1): 129 x 17.675 us = 2280.12 us
ROPE: 16 x 36.61 us = 585.76 us
ROPE_VIEW_SET_ROWS ROPE: 16 x 9.457 us = 151.32 us
SCALE: 96 x 9.53 us = 914.96 us
SET_ROWS: 16 x 9.647 us = 154.36 us
SIGMOID: 48 x 4.279 us = 205.4 us
SIGMOID_MUL SIGMOID: 16 x 34.765 us = 556.24 us
SILU_MUL SILU: 48 x 35.398 us = 1699.12 us
SOFTPLUS_MUL SOFTPLUS: 48 x 4.25 us = 204.04 us
SSM_CONV_SILU SSM_CONV: 48 x 29.673 us = 1424.32 us
Total time: 749359 us.
----------------
Vulkan Timings:
ADD: 176 x 17.113 us = 3012.04 us
CONCAT: 48 x 134.479 us = 6455 us
CONT: 16 x 46.022 us = 736.36 us
CPY: 96 x 4.26 us = 409.04 us
FLASH_ATTN_EXT dst(256,24,512,1),  q(256,512,24,1),  k(256,33792,4,1),  v(256,33792,4,1),  m(33792,512,1,1): 16 x 15575.6 us = 249209 us (27299.2 GFLOPS/s)
GATED_DELTA_NET: 48 x 238.396 us = 11443 us
GET_ROWS: 96 x 7.864 us = 755 us
GLU: 64 x 111.864 us = 7159.32 us
MUL_MAT f32 m=48 n=512 k=5120: 96 x 37.414 us = 3591.76 us (6725.63 GFLOPS/s)
MUL_MAT q4_0 m=1024 n=512 k=5120: 32 x 72.417 us = 2317.36 us (74128.3 GFLOPS/s)
MUL_MAT q4_0 m=10240 n=512 k=5120: 48 x 1068.22 us = 51274.7 us (50253.4 GFLOPS/s)
MUL_MAT q4_0 m=12288 n=512 k=5120: 16 x 1176.24 us = 18819.8 us (54766.2 GFLOPS/s)
MUL_MAT q4_0 m=17408 n=512 k=5120: 128 x 1558.26 us = 199457 us (58564.8 GFLOPS/s)
MUL_MAT q4_0 m=5120 n=512 k=17408: 56 x 1769.03 us = 99065.9 us (51590.6 GFLOPS/s)
MUL_MAT q4_0 m=5120 n=512 k=6144: 16 x 658.322 us = 10533.2 us (48926.8 GFLOPS/s)
MUL_MAT q4_0 m=6144 n=512 k=5120: 48 x 564.747 us = 27107.9 us (57032.8 GFLOPS/s)
MUL_MAT q4_1 m=5120 n=512 k=17408: 8 x 1922.88 us = 15383 us (47462.9 GFLOPS/s)
MUL_MAT q5_K m=5120 n=512 k=6144: 48 x 733.38 us = 35202.2 us (43919.4 GFLOPS/s)
RMS_NORM(128,16,512,1): 96 x 28.446 us = 2730.84 us
RMS_NORM_MUL RMS_NORM(128,48,512,1): 48 x 97.878 us = 4698.16 us
RMS_NORM_MUL RMS_NORM(256,24,512,1): 16 x 56.085 us = 897.36 us
RMS_NORM_MUL RMS_NORM(256,4,512,1): 16 x 12.755 us = 204.08 us
RMS_NORM_MUL RMS_NORM(5120,512,1,1): 129 x 20.446 us = 2637.6 us
ROPE: 16 x 39.067 us = 625.08 us
ROPE_VIEW_SET_ROWS ROPE: 16 x 9.86 us = 157.76 us
SCALE: 96 x 10.584 us = 1016.12 us
SET_ROWS: 16 x 9.52 us = 152.32 us
SIGMOID: 48 x 4.269 us = 204.92 us
SIGMOID_MUL SIGMOID: 16 x 36.37 us = 581.92 us
SILU_MUL SILU: 48 x 35.61 us = 1709.28 us
SOFTPLUS_MUL SOFTPLUS: 48 x 4.393 us = 210.88 us
SSM_CONV_SILU SSM_CONV: 48 x 33.06 us = 1586.92 us
Total time: 759346 us.
----------------
Vulkan Timings:
ADD: 176 x 13.814 us = 2431.4 us
CONCAT: 48 x 132.909 us = 6379.64 us
CONT: 16 x 37.4 us = 598.4 us
CPY: 96 x 3.963 us = 380.48 us
FLASH_ATTN_EXT dst(256,24,512,1),  q(256,512,24,1),  k(256,34304,4,1),  v(256,34304,4,1),  m(34304,512,1,1): 16 x 15516.9 us = 248271 us (27817.7 GFLOPS/s)
GATED_DELTA_NET: 48 x 237.985 us = 11423.3 us
GET_ROWS: 96 x 7.204 us = 691.6 us
GLU: 64 x 93.61 us = 5991.04 us
MUL_MAT f32 m=48 n=512 k=5120: 96 x 35.536 us = 3411.48 us (7081.04 GFLOPS/s)
MUL_MAT q4_0 m=1024 n=512 k=5120: 32 x 66.856 us = 2139.4 us (80294.4 GFLOPS/s)
MUL_MAT q4_0 m=10240 n=512 k=5120: 48 x 1071.67 us = 51440.2 us (50091.8 GFLOPS/s)
MUL_MAT q4_0 m=12288 n=512 k=5120: 16 x 1165.21 us = 18643.4 us (55284.4 GFLOPS/s)
MUL_MAT q4_0 m=17408 n=512 k=5120: 128 x 1555.81 us = 199143 us (58657.1 GFLOPS/s)
MUL_MAT q4_0 m=5120 n=512 k=17408: 56 x 1762.4 us = 98694.7 us (51784.6 GFLOPS/s)
MUL_MAT q4_0 m=5120 n=512 k=6144: 16 x 656.547 us = 10504.8 us (49059.1 GFLOPS/s)
MUL_MAT q4_0 m=6144 n=512 k=5120: 48 x 564.425 us = 27092.4 us (57065.3 GFLOPS/s)
MUL_MAT q4_1 m=5120 n=512 k=17408: 8 x 1907.26 us = 15258.1 us (47851.6 GFLOPS/s)
MUL_MAT q5_K m=5120 n=512 k=6144: 48 x 732.821 us = 35175.4 us (43952.9 GFLOPS/s)
RMS_NORM(128,16,512,1): 96 x 27.645 us = 2653.92 us
RMS_NORM_MUL RMS_NORM(128,48,512,1): 48 x 97.417 us = 4676.04 us
RMS_NORM_MUL RMS_NORM(256,24,512,1): 16 x 54.73 us = 875.68 us
RMS_NORM_MUL RMS_NORM(256,4,512,1): 16 x 12.282 us = 196.52 us
RMS_NORM_MUL RMS_NORM(5120,512,1,1): 129 x 17.891 us = 2307.96 us
ROPE: 16 x 35.497 us = 567.96 us
ROPE_VIEW_SET_ROWS ROPE: 16 x 9.437 us = 151 us
SCALE: 96 x 9.723 us = 933.44 us
SET_ROWS: 16 x 9.315 us = 149.04 us
SIGMOID: 48 x 4.23 us = 203.08 us
SIGMOID_MUL SIGMOID: 16 x 34.605 us = 553.68 us
SILU_MUL SILU: 48 x 35.265 us = 1692.76 us
SOFTPLUS_MUL SOFTPLUS: 48 x 4.256 us = 204.32 us
SSM_CONV_SILU SSM_CONV: 48 x 30.509 us = 1464.44 us
Total time: 754300 us.
----------------
Vulkan Timings:
ADD: 176 x 17.704 us = 3116.04 us
CONCAT: 48 x 140.889 us = 6762.68 us
CONT: 16 x 47.767 us = 764.28 us
CPY: 96 x 4.396 us = 422.08 us
FLASH_ATTN_EXT dst(256,24,512,1),  q(256,512,24,1),  k(256,34816,4,1),  v(256,34816,4,1),  m(34816,512,1,1): 16 x 16151.3 us = 258421 us (27123.9 GFLOPS/s)
GATED_DELTA_NET: 48 x 241.215 us = 11578.4 us
GET_ROWS: 96 x 8.029 us = 770.84 us
GLU: 64 x 114.613 us = 7335.28 us
MUL_MAT f32 m=48 n=512 k=5120: 96 x 37.94 us = 3642.32 us (6632.27 GFLOPS/s)
MUL_MAT q4_0 m=1024 n=512 k=5120: 32 x 69.303 us = 2217.72 us (77458.8 GFLOPS/s)
MUL_MAT q4_0 m=10240 n=512 k=5120: 48 x 1077.57 us = 51723.6 us (49817.3 GFLOPS/s)
MUL_MAT q4_0 m=12288 n=512 k=5120: 16 x 1169.09 us = 18705.5 us (55101 GFLOPS/s)
MUL_MAT q4_0 m=17408 n=512 k=5120: 128 x 1570.43 us = 201015 us (58110.8 GFLOPS/s)
MUL_MAT q4_0 m=5120 n=512 k=17408: 56 x 1772.14 us = 99240 us (51500.1 GFLOPS/s)
MUL_MAT q4_0 m=5120 n=512 k=6144: 16 x 660.277 us = 10564.4 us (48782 GFLOPS/s)
MUL_MAT q4_0 m=6144 n=512 k=5120: 48 x 567.522 us = 27241.1 us (56753.9 GFLOPS/s)
MUL_MAT q4_1 m=5120 n=512 k=17408: 8 x 1982.63 us = 15861 us (46032.5 GFLOPS/s)
MUL_MAT q5_K m=5120 n=512 k=6144: 48 x 740.756 us = 35556.3 us (43482.1 GFLOPS/s)
RMS_NORM(128,16,512,1): 96 x 28.65 us = 2750.48 us
RMS_NORM_MUL RMS_NORM(128,48,512,1): 48 x 98.882 us = 4746.36 us
RMS_NORM_MUL RMS_NORM(256,24,512,1): 16 x 56.375 us = 902 us
RMS_NORM_MUL RMS_NORM(256,4,512,1): 16 x 12.982 us = 207.72 us
RMS_NORM_MUL RMS_NORM(5120,512,1,1): 129 x 20.802 us = 2683.48 us
ROPE: 16 x 40.322 us = 645.16 us
ROPE_VIEW_SET_ROWS ROPE: 16 x 10.047 us = 160.76 us
SCALE: 96 x 10.74 us = 1031.04 us
SET_ROWS: 16 x 9.65 us = 154.4 us
SIGMOID: 48 x 4.208 us = 202 us
SIGMOID_MUL SIGMOID: 16 x 37.01 us = 592.16 us
SILU_MUL SILU: 48 x 35.96 us = 1726.08 us
SOFTPLUS_MUL SOFTPLUS: 48 x 4.486 us = 215.36 us
SSM_CONV_SILU SSM_CONV: 48 x 33.386 us = 1602.56 us
Total time: 772557 us.
1.29.128.779 I slot print_timing: id  0 | task 0 | prompt processing, n_tokens =  34816, progress = 0.40, t =  43.44 s / 801.40 tokens per second
----------------
Vulkan Timings:
ADD: 176 x 14.559 us = 2562.52 us
CONCAT: 48 x 133.151 us = 6391.28 us
CONT: 16 x 37.252 us = 596.04 us
CPY: 96 x 4.073 us = 391.08 us
FLASH_ATTN_EXT dst(256,24,512,1),  q(256,512,24,1),  k(256,35328,4,1),  v(256,35328,4,1),  m(35328,512,1,1): 16 x 16109.5 us = 257752 us (27594.3 GFLOPS/s)
GATED_DELTA_NET: 48 x 239.446 us = 11493.4 us
GET_ROWS: 96 x 7.371 us = 707.68 us
GLU: 64 x 93.31 us = 5971.88 us
MUL_MAT f32 m=48 n=512 k=5120: 96 x 35.707 us = 3427.92 us (7047.08 GFLOPS/s)
MUL_MAT q4_0 m=1024 n=512 k=5120: 32 x 72.088 us = 2306.84 us (74466.3 GFLOPS/s)
MUL_MAT q4_0 m=10240 n=512 k=5120: 48 x 1082.01 us = 51936.5 us (49613.1 GFLOPS/s)
MUL_MAT q4_0 m=12288 n=512 k=5120: 16 x 1170.44 us = 18727 us (55037.6 GFLOPS/s)
MUL_MAT q4_0 m=17408 n=512 k=5120: 128 x 1583.86 us = 202734 us (57618.2 GFLOPS/s)
MUL_MAT q4_0 m=5120 n=512 k=17408: 56 x 1769.03 us = 99065.6 us (51590.7 GFLOPS/s)
MUL_MAT q4_0 m=5120 n=512 k=6144: 16 x 664.14 us = 10626.2 us (48498.3 GFLOPS/s)
MUL_MAT q4_0 m=6144 n=512 k=5120: 48 x 567.513 us = 27240.6 us (56754.8 GFLOPS/s)
MUL_MAT q4_1 m=5120 n=512 k=17408: 8 x 2027.07 us = 16216.5 us (45023.4 GFLOPS/s)
MUL_MAT q5_K m=5120 n=512 k=6144: 48 x 745.018 us = 35760.9 us (43233.3 GFLOPS/s)
RMS_NORM(128,16,512,1): 96 x 27.908 us = 2679.2 us
RMS_NORM_MUL RMS_NORM(128,48,512,1): 48 x 105.187 us = 5049 us
RMS_NORM_MUL RMS_NORM(256,24,512,1): 16 x 54.58 us = 873.28 us
RMS_NORM_MUL RMS_NORM(256,4,512,1): 16 x 12.512 us = 200.2 us
RMS_NORM_MUL RMS_NORM(5120,512,1,1): 129 x 17.792 us = 2295.24 us
ROPE: 16 x 35.69 us = 571.04 us
ROPE_VIEW_SET_ROWS ROPE: 16 x 9.517 us = 152.28 us
SCALE: 96 x 9.608 us = 922.44 us
SET_ROWS: 16 x 9.51 us = 152.16 us
SIGMOID: 48 x 4.343 us = 208.48 us
SIGMOID_MUL SIGMOID: 16 x 34.94 us = 559.04 us
SILU_MUL SILU: 48 x 35.758 us = 1716.4 us
SOFTPLUS_MUL SOFTPLUS: 48 x 4.368 us = 209.68 us
SSM_CONV_SILU SSM_CONV: 48 x 30.01 us = 1440.48 us
Total time: 770937 us.
----------------
Vulkan Timings:
ADD: 176 x 24.187 us = 4257.04 us
CONCAT: 48 x 137.772 us = 6613.08 us
CONT: 16 x 64.61 us = 1033.76 us
CPY: 96 x 4.766 us = 457.56 us
FLASH_ATTN_EXT dst(256,24,512,1),  q(256,512,24,1),  k(256,35840,4,1),  v(256,35840,4,1),  m(35840,512,1,1): 16 x 17110.7 us = 273771 us (26356.1 GFLOPS/s)
GATED_DELTA_NET: 48 x 242.489 us = 11639.5 us
GET_ROWS: 96 x 9.255 us = 888.52 us
GLU: 64 x 145.266 us = 9297.08 us
MUL_MAT f32 m=48 n=512 k=5120: 96 x 41.367 us = 3971.24 us (6082.94 GFLOPS/s)
MUL_MAT q4_0 m=1024 n=512 k=5120: 32 x 72.166 us = 2309.32 us (74386.4 GFLOPS/s)
MUL_MAT q4_0 m=10240 n=512 k=5120: 48 x 1063.06 us = 51026.8 us (50497.6 GFLOPS/s)
MUL_MAT q4_0 m=12288 n=512 k=5120: 16 x 1167.81 us = 18685 us (55161.4 GFLOPS/s)
MUL_MAT q4_0 m=17408 n=512 k=5120: 128 x 1542.12 us = 197391 us (59177.8 GFLOPS/s)
MUL_MAT q4_0 m=5120 n=512 k=17408: 56 x 1760.85 us = 98607.8 us (51830.2 GFLOPS/s)
MUL_MAT q4_0 m=5120 n=512 k=6144: 16 x 652.53 us = 10440.5 us (49361.2 GFLOPS/s)
MUL_MAT q4_0 m=6144 n=512 k=5120: 48 x 565.841 us = 27160.4 us (56922.5 GFLOPS/s)
MUL_MAT q4_1 m=5120 n=512 k=17408: 8 x 1878.01 us = 15024.1 us (48596.9 GFLOPS/s)
MUL_MAT q5_K m=5120 n=512 k=6144: 48 x 726.513 us = 34872.6 us (44334.5 GFLOPS/s)
RMS_NORM(128,16,512,1): 96 x 29.785 us = 2859.44 us
RMS_NORM_MUL RMS_NORM(128,48,512,1): 48 x 97.311 us = 4670.96 us
RMS_NORM_MUL RMS_NORM(256,24,512,1): 16 x 59.617 us = 953.88 us
RMS_NORM_MUL RMS_NORM(256,4,512,1): 16 x 13.862 us = 221.8 us
RMS_NORM_MUL RMS_NORM(5120,512,1,1): 129 x 25.853 us = 3335.16 us
ROPE: 16 x 45.632 us = 730.12 us
ROPE_VIEW_SET_ROWS ROPE: 16 x 10.955 us = 175.28 us
SCALE: 96 x 12.585 us = 1208.2 us
SET_ROWS: 16 x 9.995 us = 159.92 us
SIGMOID: 48 x 4.255 us = 204.28 us
SIGMOID_MUL SIGMOID: 16 x 41.572 us = 665.16 us
SILU_MUL SILU: 48 x 36.544 us = 1754.12 us
SOFTPLUS_MUL SOFTPLUS: 48 x 4.591 us = 220.4 us
SSM_CONV_SILU SSM_CONV: 48 x 40.034 us = 1921.64 us
Total time: 786527 us.
----------------
Vulkan Timings:
ADD: 176 x 24.942 us = 4389.92 us
CONCAT: 48 x 138.87 us = 6665.8 us
CONT: 16 x 65.012 us = 1040.2 us
CPY: 96 x 4.945 us = 474.8 us
FLASH_ATTN_EXT dst(256,24,512,1),  q(256,512,24,1),  k(256,36352,4,1),  v(256,36352,4,1),  m(36352,512,1,1): 16 x 17396.3 us = 278341 us (26293.7 GFLOPS/s)
GATED_DELTA_NET: 48 x 245.472 us = 11782.7 us
GET_ROWS: 96 x 9.211 us = 884.32 us
GLU: 64 x 145.323 us = 9300.68 us
MUL_MAT f32 m=48 n=512 k=5120: 96 x 41.479 us = 3982 us (6066.51 GFLOPS/s)
MUL_MAT q4_0 m=1024 n=512 k=5120: 32 x 72.666 us = 2325.32 us (73874.5 GFLOPS/s)
MUL_MAT q4_0 m=10240 n=512 k=5120: 48 x 1073.86 us = 51545.4 us (49989.5 GFLOPS/s)
MUL_MAT q4_0 m=12288 n=512 k=5120: 16 x 1173.66 us = 18778.6 us (54886.5 GFLOPS/s)
MUL_MAT q4_0 m=17408 n=512 k=5120: 128 x 1548.95 us = 198266 us (58916.6 GFLOPS/s)
MUL_MAT q4_0 m=5120 n=512 k=17408: 56 x 1766.42 us = 98919.7 us (51666.8 GFLOPS/s)
MUL_MAT q4_0 m=5120 n=512 k=6144: 16 x 652.98 us = 10447.7 us (49327.1 GFLOPS/s)
MUL_MAT q4_0 m=6144 n=512 k=5120: 48 x 572.164 us = 27463.9 us (56293.5 GFLOPS/s)
MUL_MAT q4_1 m=5120 n=512 k=17408: 8 x 1919.12 us = 15353 us (47555.9 GFLOPS/s)
MUL_MAT q5_K m=5120 n=512 k=6144: 48 x 739.099 us = 35476.8 us (43579.6 GFLOPS/s)
RMS_NORM(128,16,512,1): 96 x 30.158 us = 2895.2 us
RMS_NORM_MUL RMS_NORM(128,48,512,1): 48 x 98.751 us = 4740.08 us
RMS_NORM_MUL RMS_NORM(256,24,512,1): 16 x 59.695 us = 955.12 us
RMS_NORM_MUL RMS_NORM(256,4,512,1): 16 x 13.92 us = 222.72 us
RMS_NORM_MUL RMS_NORM(5120,512,1,1): 129 x 25.99 us = 3352.76 us
ROPE: 16 x 45.025 us = 720.4 us
ROPE_VIEW_SET_ROWS ROPE: 16 x 10.977 us = 175.64 us
SCALE: 96 x 12.573 us = 1207.04 us
SET_ROWS: 16 x 10.045 us = 160.72 us
SIGMOID: 48 x 4.422 us = 212.28 us
SIGMOID_MUL SIGMOID: 16 x 41.292 us = 660.68 us
SILU_MUL SILU: 48 x 36.841 us = 1768.4 us
SOFTPLUS_MUL SOFTPLUS: 48 x 4.617 us = 221.64 us
SSM_CONV_SILU SSM_CONV: 48 x 40.242 us = 1931.64 us
Total time: 794663 us.
----------------
Vulkan Timings:
ADD: 176 x 16.191 us = 2849.76 us
CONCAT: 48 x 133.492 us = 6407.64 us
CONT: 16 x 41.635 us = 666.16 us
CPY: 96 x 4.222 us = 405.32 us
FLASH_ATTN_EXT dst(256,24,512,1),  q(256,512,24,1),  k(256,36864,4,1),  v(256,36864,4,1),  m(36864,512,1,1): 16 x 17253.6 us = 276058 us (26884.6 GFLOPS/s)
GATED_DELTA_NET: 48 x 240.702 us = 11553.7 us
GET_ROWS: 96 x 7.799 us = 748.72 us
GLU: 64 x 105.813 us = 6772.04 us
MUL_MAT f32 m=48 n=512 k=5120: 96 x 37 us = 3552 us (6800.91 GFLOPS/s)
MUL_MAT q4_0 m=1024 n=512 k=5120: 32 x 68.305 us = 2185.76 us (78591.4 GFLOPS/s)
MUL_MAT q4_0 m=10240 n=512 k=5120: 48 x 1076.1 us = 51652.6 us (49885.8 GFLOPS/s)
MUL_MAT q4_0 m=12288 n=512 k=5120: 16 x 1163.49 us = 18615.9 us (55366.1 GFLOPS/s)
MUL_MAT q4_0 m=17408 n=512 k=5120: 128 x 1555.8 us = 199143 us (58657.2 GFLOPS/s)
MUL_MAT q4_0 m=5120 n=512 k=17408: 56 x 1767.96 us = 99005.7 us (51621.9 GFLOPS/s)
MUL_MAT q4_0 m=5120 n=512 k=6144: 16 x 652.825 us = 10445.2 us (49338.8 GFLOPS/s)
MUL_MAT q4_0 m=6144 n=512 k=5120: 48 x 563.723 us = 27058.7 us (57136.4 GFLOPS/s)
MUL_MAT q4_1 m=5120 n=512 k=17408: 8 x 1913.82 us = 15310.5 us (47687.7 GFLOPS/s)
MUL_MAT q5_K m=5120 n=512 k=6144: 48 x 737.017 us = 35376.8 us (43702.7 GFLOPS/s)
RMS_NORM(128,16,512,1): 96 x 28.317 us = 2718.52 us
RMS_NORM_MUL RMS_NORM(128,48,512,1): 48 x 99.06 us = 4754.88 us
RMS_NORM_MUL RMS_NORM(256,24,512,1): 16 x 55.102 us = 881.64 us
RMS_NORM_MUL RMS_NORM(256,4,512,1): 16 x 12.702 us = 203.24 us
RMS_NORM_MUL RMS_NORM(5120,512,1,1): 129 x 19.597 us = 2528.04 us
ROPE: 16 x 37.94 us = 607.04 us
ROPE_VIEW_SET_ROWS ROPE: 16 x 9.797 us = 156.76 us
SCALE: 96 x 10.305 us = 989.36 us
SET_ROWS: 16 x 9.535 us = 152.56 us
SIGMOID: 48 x 4.179 us = 200.6 us
SIGMOID_MUL SIGMOID: 16 x 35.912 us = 574.6 us
SILU_MUL SILU: 48 x 36.255 us = 1740.24 us
SOFTPLUS_MUL SOFTPLUS: 48 x 4.451 us = 213.68 us
SSM_CONV_SILU SSM_CONV: 48 x 32.319 us = 1551.32 us
Total time: 785080 us.
1.32.372.180 I slot print_timing: id  0 | task 0 | prompt processing, n_tokens =  36864, progress = 0.42, t =  46.69 s / 789.59 tokens per second
----------------
Vulkan Timings:
ADD: 176 x 16.128 us = 2838.68 us
CONCAT: 48 x 134.44 us = 6453.16 us
CONT: 16 x 41.805 us = 668.88 us
CPY: 96 x 4.08 us = 391.76 us
FLASH_ATTN_EXT dst(256,24,512,1),  q(256,512,24,1),  k(256,37376,4,1),  v(256,37376,4,1),  m(37376,512,1,1): 16 x 17094.3 us = 273508 us (27512.1 GFLOPS/s)
GATED_DELTA_NET: 48 x 238.941 us = 11469.2 us
GET_ROWS: 96 x 7.68 us = 737.32 us
GLU: 64 x 103.769 us = 6641.24 us
MUL_MAT f32 m=48 n=512 k=5120: 96 x 36.81 us = 3533.84 us (6835.86 GFLOPS/s)
MUL_MAT q4_0 m=1024 n=512 k=5120: 32 x 68.753 us = 2200.12 us (78078.4 GFLOPS/s)
MUL_MAT q4_0 m=10240 n=512 k=5120: 48 x 1076.64 us = 51678.9 us (49860.3 GFLOPS/s)
MUL_MAT q4_0 m=12288 n=512 k=5120: 16 x 1175.01 us = 18800.2 us (54823.5 GFLOPS/s)
MUL_MAT q4_0 m=17408 n=512 k=5120: 128 x 1562.72 us = 200029 us (58397.4 GFLOPS/s)
MUL_MAT q4_0 m=5120 n=512 k=17408: 56 x 1773.66 us = 99324.8 us (51456.1 GFLOPS/s)
MUL_MAT q4_0 m=5120 n=512 k=6144: 16 x 655.82 us = 10493.1 us (49113.5 GFLOPS/s)
MUL_MAT q4_0 m=6144 n=512 k=5120: 48 x 561.475 us = 26950.8 us (57365.2 GFLOPS/s)
MUL_MAT q4_1 m=5120 n=512 k=17408: 8 x 1923.82 us = 15390.6 us (47439.7 GFLOPS/s)
MUL_MAT q5_K m=5120 n=512 k=6144: 48 x 735.11 us = 35285.3 us (43816.1 GFLOPS/s)
RMS_NORM(128,16,512,1): 96 x 28.141 us = 2701.56 us
RMS_NORM_MUL RMS_NORM(128,48,512,1): 48 x 97.258 us = 4668.4 us
RMS_NORM_MUL RMS_NORM(256,24,512,1): 16 x 55.63 us = 890.08 us
RMS_NORM_MUL RMS_NORM(256,4,512,1): 16 x 12.65 us = 202.4 us
RMS_NORM_MUL RMS_NORM(5120,512,1,1): 129 x 19.36 us = 2497.44 us
ROPE: 16 x 37.02 us = 592.32 us
ROPE_VIEW_SET_ROWS ROPE: 16 x 9.785 us = 156.56 us
SCALE: 96 x 10.114 us = 971 us
SET_ROWS: 16 x 9.495 us = 151.92 us
SIGMOID: 48 x 4.3 us = 206.44 us
SIGMOID_MUL SIGMOID: 16 x 36.057 us = 576.92 us
SILU_MUL SILU: 48 x 35.55 us = 1706.44 us
SOFTPLUS_MUL SOFTPLUS: 48 x 4.491 us = 215.6 us
SSM_CONV_SILU SSM_CONV: 48 x 31.958 us = 1534 us
Total time: 783466 us.
----------------
Vulkan Timings:
ADD: 176 x 15.394 us = 2709.4 us
CONCAT: 48 x 133.91 us = 6427.68 us
CONT: 16 x 41.305 us = 660.88 us
CPY: 96 x 4.11 us = 394.6 us
FLASH_ATTN_EXT dst(256,24,512,1),  q(256,512,24,1),  k(256,37888,4,1),  v(256,37888,4,1),  m(37888,512,1,1): 16 x 17494.1 us = 279905 us (27251.6 GFLOPS/s)
GATED_DELTA_NET: 48 x 240.669 us = 11552.1 us
GET_ROWS: 96 x 7.579 us = 727.6 us
GLU: 64 x 100.644 us = 6441.24 us
MUL_MAT f32 m=48 n=512 k=5120: 96 x 36.292 us = 3484.08 us (6933.49 GFLOPS/s)
MUL_MAT q4_0 m=1024 n=512 k=5120: 32 x 68.998 us = 2207.96 us (77801.2 GFLOPS/s)
MUL_MAT q4_0 m=10240 n=512 k=5120: 48 x 1079.26 us = 51804.5 us (49739.5 GFLOPS/s)
MUL_MAT q4_0 m=12288 n=512 k=5120: 16 x 1168.84 us = 18701.5 us (55112.8 GFLOPS/s)
MUL_MAT q4_0 m=17408 n=512 k=5120: 128 x 1575.03 us = 201604 us (57941.1 GFLOPS/s)
MUL_MAT q4_0 m=5120 n=512 k=17408: 56 x 1767.41 us = 98975.2 us (51637.8 GFLOPS/s)
MUL_MAT q4_0 m=5120 n=512 k=6144: 16 x 660.735 us = 10571.8 us (48748.2 GFLOPS/s)
MUL_MAT q4_0 m=6144 n=512 k=5120: 48 x 571.13 us = 27414.2 us (56395.4 GFLOPS/s)
MUL_MAT q4_1 m=5120 n=512 k=17408: 8 x 1998.88 us = 15991.1 us (45658.2 GFLOPS/s)
MUL_MAT q5_K m=5120 n=512 k=6144: 48 x 740.49 us = 35543.6 us (43497.7 GFLOPS/s)
RMS_NORM(128,16,512,1): 96 x 28.15 us = 2702.4 us
RMS_NORM_MUL RMS_NORM(128,48,512,1): 48 x 98.288 us = 4717.84 us
RMS_NORM_MUL RMS_NORM(256,24,512,1): 16 x 53.965 us = 863.44 us
RMS_NORM_MUL RMS_NORM(256,4,512,1): 16 x 12.535 us = 200.56 us
RMS_NORM_MUL RMS_NORM(5120,512,1,1): 129 x 18.866 us = 2433.76 us
ROPE: 16 x 36.657 us = 586.52 us
ROPE_VIEW_SET_ROWS ROPE: 16 x 9.685 us = 154.96 us
SCALE: 96 x 9.992 us = 959.28 us
SET_ROWS: 16 x 9.45 us = 151.2 us
SIGMOID: 48 x 4.289 us = 205.88 us
SIGMOID_MUL SIGMOID: 16 x 35.595 us = 569.52 us
SILU_MUL SILU: 48 x 35.913 us = 1723.84 us
SOFTPLUS_MUL SOFTPLUS: 48 x 4.395 us = 211 us
SSM_CONV_SILU SSM_CONV: 48 x 30.856 us = 1481.12 us
Total time: 792078 us.
----------------
Vulkan Timings:
ADD: 176 x 17.31 us = 3046.56 us
CONCAT: 48 x 133.704 us = 6417.8 us
CONT: 16 x 45.18 us = 722.88 us
CPY: 96 x 4.243 us = 407.36 us
FLASH_ATTN_EXT dst(256,24,512,1),  q(256,512,24,1),  k(256,38400,4,1),  v(256,38400,4,1),  m(38400,512,1,1): 16 x 17778.7 us = 284459 us (27177.7 GFLOPS/s)
GATED_DELTA_NET: 48 x 239.709 us = 11506 us
GET_ROWS: 96 x 7.808 us = 749.64 us
GLU: 64 x 109.321 us = 6996.6 us
MUL_MAT f32 m=48 n=512 k=5120: 96 x 37.158 us = 3567.24 us (6771.85 GFLOPS/s)
MUL_MAT q4_0 m=1024 n=512 k=5120: 32 x 68.833 us = 2202.68 us (77987.7 GFLOPS/s)
MUL_MAT q4_0 m=10240 n=512 k=5120: 48 x 1071.54 us = 51433.7 us (50098.1 GFLOPS/s)
MUL_MAT q4_0 m=12288 n=512 k=5120: 16 x 1172.34 us = 18757.4 us (54948.5 GFLOPS/s)
MUL_MAT q4_0 m=17408 n=512 k=5120: 128 x 1562.01 us = 199937 us (58424.3 GFLOPS/s)
MUL_MAT q4_0 m=5120 n=512 k=17408: 56 x 1765.35 us = 98859.6 us (51698.2 GFLOPS/s)
MUL_MAT q4_0 m=5120 n=512 k=6144: 16 x 655.775 us = 10492.4 us (49116.9 GFLOPS/s)
MUL_MAT q4_0 m=6144 n=512 k=5120: 48 x 562.72 us = 27010.6 us (57238.2 GFLOPS/s)
MUL_MAT q4_1 m=5120 n=512 k=17408: 8 x 1924.97 us = 15399.8 us (47411.2 GFLOPS/s)
MUL_MAT q5_K m=5120 n=512 k=6144: 48 x 735.864 us = 35321.5 us (43771.2 GFLOPS/s)
RMS_NORM(128,16,512,1): 96 x 28.298 us = 2716.68 us
RMS_NORM_MUL RMS_NORM(128,48,512,1): 48 x 97.565 us = 4683.16 us
RMS_NORM_MUL RMS_NORM(256,24,512,1): 16 x 55.72 us = 891.52 us
RMS_NORM_MUL RMS_NORM(256,4,512,1): 16 x 12.755 us = 204.08 us
RMS_NORM_MUL RMS_NORM(5120,512,1,1): 129 x 20.188 us = 2604.32 us
ROPE: 16 x 38.15 us = 610.4 us
ROPE_VIEW_SET_ROWS ROPE: 16 x 9.935 us = 158.96 us
SCALE: 96 x 10.382 us = 996.76 us
SET_ROWS: 16 x 9.51 us = 152.16 us
SIGMOID: 48 x 4.16 us = 199.68 us
SIGMOID_MUL SIGMOID: 16 x 37.112 us = 593.8 us
SILU_MUL SILU: 48 x 36.137 us = 1734.6 us
SOFTPLUS_MUL SOFTPLUS: 48 x 4.436 us = 212.96 us
SSM_CONV_SILU SSM_CONV: 48 x 32.797 us = 1574.28 us
Total time: 794621 us.
----------------
Vulkan Timings:
ADD: 176 x 14.998 us = 2639.68 us
CONCAT: 48 x 133.575 us = 6411.6 us
CONT: 16 x 37.862 us = 605.8 us
CPY: 96 x 4.016 us = 385.56 us
FLASH_ATTN_EXT dst(256,24,512,1),  q(256,512,24,1),  k(256,38912,4,1),  v(256,38912,4,1),  m(38912,512,1,1): 16 x 17825.4 us = 285207 us (27467.8 GFLOPS/s)
GATED_DELTA_NET: 48 x 238.99 us = 11471.6 us
GET_ROWS: 96 x 7.473 us = 717.48 us
GLU: 64 x 97.385 us = 6232.64 us
MUL_MAT f32 m=48 n=512 k=5120: 96 x 36.02 us = 3457.92 us (6985.94 GFLOPS/s)
MUL_MAT q4_0 m=1024 n=512 k=5120: 32 x 67.687 us = 2166 us (79308.4 GFLOPS/s)
MUL_MAT q4_0 m=10240 n=512 k=5120: 48 x 1079.79 us = 51830 us (49715 GFLOPS/s)
MUL_MAT q4_0 m=12288 n=512 k=5120: 16 x 1166.73 us = 18667.8 us (55212.4 GFLOPS/s)
MUL_MAT q4_0 m=17408 n=512 k=5120: 128 x 1561.35 us = 199853 us (58448.9 GFLOPS/s)
MUL_MAT q4_0 m=5120 n=512 k=17408: 56 x 1772.41 us = 99254.8 us (51492.4 GFLOPS/s)
MUL_MAT q4_0 m=5120 n=512 k=6144: 16 x 656.555 us = 10504.9 us (49058.5 GFLOPS/s)
MUL_MAT q4_0 m=6144 n=512 k=5120: 48 x 562.524 us = 27001.2 us (57258.2 GFLOPS/s)
MUL_MAT q4_1 m=5120 n=512 k=17408: 8 x 1938.87 us = 15511 us (47071.5 GFLOPS/s)
MUL_MAT q5_K m=5120 n=512 k=6144: 48 x 736.89 us = 35370.7 us (43710.2 GFLOPS/s)
RMS_NORM(128,16,512,1): 96 x 27.877 us = 2676.24 us
RMS_NORM_MUL RMS_NORM(128,48,512,1): 48 x 96.95 us = 4653.6 us
RMS_NORM_MUL RMS_NORM(256,24,512,1): 16 x 55.53 us = 888.48 us
RMS_NORM_MUL RMS_NORM(256,4,512,1): 16 x 12.375 us = 198 us
RMS_NORM_MUL RMS_NORM(5120,512,1,1): 129 x 18.429 us = 2377.36 us
ROPE: 16 x 36.147 us = 578.36 us
ROPE_VIEW_SET_ROWS ROPE: 16 x 9.695 us = 155.12 us
SCALE: 96 x 9.803 us = 941.16 us
SET_ROWS: 16 x 9.345 us = 149.52 us
SIGMOID: 48 x 4.157 us = 199.56 us
SIGMOID_MUL SIGMOID: 16 x 35.167 us = 562.68 us
SILU_MUL SILU: 48 x 35.425 us = 1700.44 us
SOFTPLUS_MUL SOFTPLUS: 48 x 4.365 us = 209.52 us
SSM_CONV_SILU SSM_CONV: 48 x 30.637 us = 1470.6 us
Total time: 794049 us.
1.35.645.778 I slot print_timing: id  0 | task 0 | prompt processing, n_tokens =  38912, progress = 0.44, t =  49.96 s / 778.85 tokens per second
----------------
Vulkan Timings:
ADD: 176 x 18.157 us = 3195.8 us
CONCAT: 48 x 136.28 us = 6541.44 us
CONT: 16 x 46.245 us = 739.92 us
CPY: 96 x 4.28 us = 410.96 us
FLASH_ATTN_EXT dst(256,24,512,1),  q(256,512,24,1),  k(256,39424,4,1),  v(256,39424,4,1),  m(39424,512,1,1): 16 x 18645.4 us = 298326 us (26605.5 GFLOPS/s)
GATED_DELTA_NET: 48 x 242.935 us = 11660.9 us
GET_ROWS: 96 x 8.088 us = 776.52 us
GLU: 64 x 114.361 us = 7319.16 us
MUL_MAT f32 m=48 n=512 k=5120: 96 x 37.887 us = 3637.24 us (6641.53 GFLOPS/s)
MUL_MAT q4_0 m=1024 n=512 k=5120: 32 x 69.295 us = 2217.44 us (77468.6 GFLOPS/s)
MUL_MAT q4_0 m=10240 n=512 k=5120: 48 x 1088.02 us = 52224.8 us (49339.1 GFLOPS/s)
MUL_MAT q4_0 m=12288 n=512 k=5120: 16 x 1173.95 us = 18783.2 us (54873.2 GFLOPS/s)
MUL_MAT q4_0 m=17408 n=512 k=5120: 128 x 1568.52 us = 200770 us (58181.7 GFLOPS/s)
MUL_MAT q4_0 m=5120 n=512 k=17408: 56 x 1767.09 us = 98957 us (51647.3 GFLOPS/s)
MUL_MAT q4_0 m=5120 n=512 k=6144: 16 x 655.517 us = 10488.3 us (49136.2 GFLOPS/s)
MUL_MAT q4_0 m=6144 n=512 k=5120: 48 x 570.198 us = 27369.5 us (56487.6 GFLOPS/s)
MUL_MAT q4_1 m=5120 n=512 k=17408: 8 x 2000.38 us = 16003.1 us (45623.9 GFLOPS/s)
MUL_MAT q5_K m=5120 n=512 k=6144: 48 x 742.472 us = 35638.7 us (43381.6 GFLOPS/s)
RMS_NORM(128,16,512,1): 96 x 28.748 us = 2759.88 us
RMS_NORM_MUL RMS_NORM(128,48,512,1): 48 x 98.165 us = 4711.96 us
RMS_NORM_MUL RMS_NORM(256,24,512,1): 16 x 56.117 us = 897.88 us
RMS_NORM_MUL RMS_NORM(256,4,512,1): 16 x 12.862 us = 205.8 us
RMS_NORM_MUL RMS_NORM(5120,512,1,1): 129 x 20.86 us = 2690.96 us
ROPE: 16 x 38.72 us = 619.52 us
ROPE_VIEW_SET_ROWS ROPE: 16 x 10.055 us = 160.88 us
SCALE: 96 x 10.768 us = 1033.8 us
SET_ROWS: 16 x 9.555 us = 152.88 us
SIGMOID: 48 x 4.237 us = 203.4 us
SIGMOID_MUL SIGMOID: 16 x 37.415 us = 598.64 us
SILU_MUL SILU: 48 x 36.201 us = 1737.68 us
SOFTPLUS_MUL SOFTPLUS: 48 x 4.553 us = 218.56 us
SSM_CONV_SILU SSM_CONV: 48 x 34.132 us = 1638.36 us
Total time: 812691 us.
----------------
Vulkan Timings:
ADD: 176 x 14.037 us = 2470.64 us
CONCAT: 48 x 132.935 us = 6380.88 us
CONT: 16 x 37.105 us = 593.68 us
CPY: 96 x 3.895 us = 373.96 us
FLASH_ATTN_EXT dst(256,24,512,1),  q(256,512,24,1),  k(256,39936,4,1),  v(256,39936,4,1),  m(39936,512,1,1): 16 x 18346.2 us = 293539 us (27390.5 GFLOPS/s)
GATED_DELTA_NET: 48 x 240.275 us = 11533.2 us
GET_ROWS: 96 x 7.337 us = 704.4 us
GLU: 64 x 93.343 us = 5973.96 us
MUL_MAT f32 m=48 n=512 k=5120: 96 x 35.416 us = 3400 us (7104.95 GFLOPS/s)
MUL_MAT q4_0 m=1024 n=512 k=5120: 32 x 67.346 us = 2155.08 us (79710.2 GFLOPS/s)
MUL_MAT q4_0 m=10240 n=512 k=5120: 48 x 1079.52 us = 51817 us (49727.5 GFLOPS/s)
MUL_MAT q4_0 m=12288 n=512 k=5120: 16 x 1161.41 us = 18582.6 us (55465.5 GFLOPS/s)
MUL_MAT q4_0 m=17408 n=512 k=5120: 128 x 1560.86 us = 199790 us (58467.2 GFLOPS/s)
MUL_MAT q4_0 m=5120 n=512 k=17408: 56 x 1766.58 us = 98928.6 us (51662.2 GFLOPS/s)
MUL_MAT q4_0 m=5120 n=512 k=6144: 16 x 655.532 us = 10488.5 us (49135.1 GFLOPS/s)
MUL_MAT q4_0 m=6144 n=512 k=5120: 48 x 562.823 us = 27015.5 us (57227.7 GFLOPS/s)
MUL_MAT q4_1 m=5120 n=512 k=17408: 8 x 1932.11 us = 15456.8 us (47236.3 GFLOPS/s)
MUL_MAT q5_K m=5120 n=512 k=6144: 48 x 738.577 us = 35451.7 us (43610.4 GFLOPS/s)
RMS_NORM(128,16,512,1): 96 x 27.747 us = 2663.72 us
RMS_NORM_MUL RMS_NORM(128,48,512,1): 48 x 97.449 us = 4677.56 us
RMS_NORM_MUL RMS_NORM(256,24,512,1): 16 x 53.4 us = 854.4 us
RMS_NORM_MUL RMS_NORM(256,4,512,1): 16 x 12.225 us = 195.6 us
RMS_NORM_MUL RMS_NORM(5120,512,1,1): 129 x 17.75 us = 2289.84 us
ROPE: 16 x 35.482 us = 567.72 us
ROPE_VIEW_SET_ROWS ROPE: 16 x 9.457 us = 151.32 us
SCALE: 96 x 9.58 us = 919.76 us
SET_ROWS: 16 x 9.285 us = 148.56 us
SIGMOID: 48 x 4.295 us = 206.16 us
SIGMOID_MUL SIGMOID: 16 x 34.637 us = 554.2 us
SILU_MUL SILU: 48 x 35.357 us = 1697.16 us
SOFTPLUS_MUL SOFTPLUS: 48 x 4.257 us = 204.36 us
SSM_CONV_SILU SSM_CONV: 48 x 29.993 us = 1439.68 us
Total time: 801226 us.
----------------
Vulkan Timings:
ADD: 176 x 19.926 us = 3507.04 us
CONCAT: 48 x 137.084 us = 6580.04 us
CONT: 16 x 52.182 us = 834.92 us
CPY: 96 x 4.387 us = 421.16 us
FLASH_ATTN_EXT dst(256,24,512,1),  q(256,512,24,1),  k(256,40448,4,1),  v(256,40448,4,1),  m(40448,512,1,1): 16 x 19259 us = 308144 us (26426.8 GFLOPS/s)
GATED_DELTA_NET: 48 x 242.372 us = 11633.9 us
GET_ROWS: 96 x 8.267 us = 793.72 us
GLU: 64 x 120.041 us = 7682.68 us
MUL_MAT f32 m=48 n=512 k=5120: 96 x 38.719 us = 3717.04 us (6498.94 GFLOPS/s)
MUL_MAT q4_0 m=1024 n=512 k=5120: 32 x 69.797 us = 2233.52 us (76910.8 GFLOPS/s)
MUL_MAT q4_0 m=10240 n=512 k=5120: 48 x 1079.39 us = 51810.9 us (49733.3 GFLOPS/s)
MUL_MAT q4_0 m=12288 n=512 k=5120: 16 x 1175.49 us = 18807.8 us (54801.3 GFLOPS/s)
MUL_MAT q4_0 m=17408 n=512 k=5120: 128 x 1565.17 us = 200342 us (58306 GFLOPS/s)
MUL_MAT q4_0 m=5120 n=512 k=17408: 56 x 1770.44 us = 99144.4 us (51549.7 GFLOPS/s)
MUL_MAT q4_0 m=5120 n=512 k=6144: 16 x 651.217 us = 10419.5 us (49460.6 GFLOPS/s)
MUL_MAT q4_0 m=6144 n=512 k=5120: 48 x 569.215 us = 27322.3 us (56585.1 GFLOPS/s)
MUL_MAT q4_1 m=5120 n=512 k=17408: 8 x 1981.82 us = 15854.5 us (46051.4 GFLOPS/s)
MUL_MAT q5_K m=5120 n=512 k=6144: 48 x 741.489 us = 35591.5 us (43439.1 GFLOPS/s)
RMS_NORM(128,16,512,1): 96 x 29.011 us = 2785.08 us
RMS_NORM_MUL RMS_NORM(128,48,512,1): 48 x 97.676 us = 4688.48 us
RMS_NORM_MUL RMS_NORM(256,24,512,1): 16 x 56.945 us = 911.12 us
RMS_NORM_MUL RMS_NORM(256,4,512,1): 16 x 13.05 us = 208.8 us
RMS_NORM_MUL RMS_NORM(5120,512,1,1): 129 x 22.282 us = 2874.4 us
ROPE: 16 x 39.97 us = 639.52 us
ROPE_VIEW_SET_ROWS ROPE: 16 x 10.235 us = 163.76 us
SCALE: 96 x 11.109 us = 1066.52 us
SET_ROWS: 16 x 9.622 us = 153.96 us
SIGMOID: 48 x 4.35 us = 208.8 us
SIGMOID_MUL SIGMOID: 16 x 38.445 us = 615.12 us
SILU_MUL SILU: 48 x 36.395 us = 1747 us
SOFTPLUS_MUL SOFTPLUS: 48 x 4.524 us = 217.16 us
SSM_CONV_SILU SSM_CONV: 48 x 35.71 us = 1714.12 us
Total time: 822835 us.
----------------
Vulkan Timings:
ADD: 176 x 23.992 us = 4222.72 us
CONCAT: 48 x 138.224 us = 6634.76 us
CONT: 16 x 63.692 us = 1019.08 us
CPY: 96 x 4.846 us = 465.24 us
FLASH_ATTN_EXT dst(256,24,512,1),  q(256,512,24,1),  k(256,40960,4,1),  v(256,40960,4,1),  m(40960,512,1,1): 16 x 21227.7 us = 339643 us (24279.4 GFLOPS/s)
GATED_DELTA_NET: 48 x 244.832 us = 11752 us
GET_ROWS: 96 x 9.1 us = 873.64 us
GLU: 64 x 145.289 us = 9298.52 us
MUL_MAT f32 m=48 n=512 k=5120: 96 x 41.422 us = 3976.56 us (6074.81 GFLOPS/s)
MUL_MAT q4_0 m=1024 n=512 k=5120: 32 x 72.96 us = 2334.72 us (73577.1 GFLOPS/s)
MUL_MAT q4_0 m=10240 n=512 k=5120: 48 x 1066.05 us = 51170.4 us (50355.8 GFLOPS/s)
MUL_MAT q4_0 m=12288 n=512 k=5120: 16 x 1183.86 us = 18941.8 us (54413.6 GFLOPS/s)
MUL_MAT q4_0 m=17408 n=512 k=5120: 128 x 1541.53 us = 197316 us (59200.4 GFLOPS/s)
MUL_MAT q4_0 m=5120 n=512 k=17408: 56 x 1750.17 us = 98009.6 us (52146.6 GFLOPS/s)
MUL_MAT q4_0 m=5120 n=512 k=6144: 16 x 633.187 us = 10131 us (50869 GFLOPS/s)
MUL_MAT q4_0 m=6144 n=512 k=5120: 48 x 569.51 us = 27336.5 us (56555.7 GFLOPS/s)
MUL_MAT q4_1 m=5120 n=512 k=17408: 8 x 1995.05 us = 15960.4 us (45746.1 GFLOPS/s)
MUL_MAT q5_K m=5120 n=512 k=6144: 48 x 737.611 us = 35405.4 us (43667.5 GFLOPS/s)
RMS_NORM(128,16,512,1): 96 x 29.937 us = 2874.04 us
RMS_NORM_MUL RMS_NORM(128,48,512,1): 48 x 98.095 us = 4708.6 us
RMS_NORM_MUL RMS_NORM(256,24,512,1): 16 x 59.865 us = 957.84 us
RMS_NORM_MUL RMS_NORM(256,4,512,1): 16 x 13.827 us = 221.24 us
RMS_NORM_MUL RMS_NORM(5120,512,1,1): 129 x 25.933 us = 3345.36 us
ROPE: 16 x 44.37 us = 709.92 us
ROPE_VIEW_SET_ROWS ROPE: 16 x 10.992 us = 175.88 us
SCALE: 96 x 12.527 us = 1202.6 us
SET_ROWS: 16 x 9.94 us = 159.04 us
SIGMOID: 48 x 4.28 us = 205.48 us
SIGMOID_MUL SIGMOID: 16 x 41.075 us = 657.2 us
SILU_MUL SILU: 48 x 36.83 us = 1767.84 us
SOFTPLUS_MUL SOFTPLUS: 48 x 4.573 us = 219.52 us
SSM_CONV_SILU SSM_CONV: 48 x 40.065 us = 1923.12 us
Total time: 853619 us.
1.39.047.198 I slot print_timing: id  0 | task 0 | prompt processing, n_tokens =  40960, progress = 0.47, t =  53.36 s / 767.58 tokens per second
----------------
Vulkan Timings:
ADD: 176 x 24.152 us = 4250.8 us
CONCAT: 48 x 137.934 us = 6620.84 us
CONT: 16 x 64.775 us = 1036.4 us
CPY: 96 x 4.908 us = 471.2 us
FLASH_ATTN_EXT dst(256,24,512,1),  q(256,512,24,1),  k(256,41472,4,1),  v(256,41472,4,1),  m(41472,512,1,1): 16 x 21355.9 us = 341694 us (24435.4 GFLOPS/s)
GATED_DELTA_NET: 48 x 245.024 us = 11761.2 us
GET_ROWS: 96 x 9.147 us = 878.16 us
GLU: 64 x 145.098 us = 9286.28 us
MUL_MAT f32 m=48 n=512 k=5120: 96 x 41.59 us = 3992.72 us (6050.22 GFLOPS/s)
MUL_MAT q4_0 m=1024 n=512 k=5120: 32 x 72.326 us = 2314.44 us (74221.8 GFLOPS/s)
MUL_MAT q4_0 m=10240 n=512 k=5120: 48 x 1069.9 us = 51355.5 us (50174.4 GFLOPS/s)
MUL_MAT q4_0 m=12288 n=512 k=5120: 16 x 1183.96 us = 18943.4 us (54408.9 GFLOPS/s)
MUL_MAT q4_0 m=17408 n=512 k=5120: 128 x 1555.03 us = 199044 us (58686.5 GFLOPS/s)
MUL_MAT q4_0 m=5120 n=512 k=17408: 56 x 1761.81 us = 98661.4 us (51802.1 GFLOPS/s)
MUL_MAT q4_0 m=5120 n=512 k=6144: 16 x 634.857 us = 10157.7 us (50735.2 GFLOPS/s)
MUL_MAT q4_0 m=6144 n=512 k=5120: 48 x 569.445 us = 27333.4 us (56562.3 GFLOPS/s)
MUL_MAT q4_1 m=5120 n=512 k=17408: 8 x 2030.12 us = 16241 us (44955.6 GFLOPS/s)
MUL_MAT q5_K m=5120 n=512 k=6144: 48 x 740.421 us = 35540.2 us (43501.7 GFLOPS/s)
RMS_NORM(128,16,512,1): 96 x 30.012 us = 2881.2 us
RMS_NORM_MUL RMS_NORM(128,48,512,1): 48 x 98.33 us = 4719.88 us
RMS_NORM_MUL RMS_NORM(256,24,512,1): 16 x 59.81 us = 956.96 us
RMS_NORM_MUL RMS_NORM(256,4,512,1): 16 x 13.772 us = 220.36 us
RMS_NORM_MUL RMS_NORM(5120,512,1,1): 129 x 25.959 us = 3348.8 us
ROPE: 16 x 44.502 us = 712.04 us
ROPE_VIEW_SET_ROWS ROPE: 16 x 10.94 us = 175.04 us
SCALE: 96 x 12.568 us = 1206.6 us
SET_ROWS: 16 x 9.875 us = 158 us
SIGMOID: 48 x 4.312 us = 207 us
SIGMOID_MUL SIGMOID: 16 x 41.047 us = 656.76 us
SILU_MUL SILU: 48 x 37.03 us = 1777.48 us
SOFTPLUS_MUL SOFTPLUS: 48 x 4.625 us = 222 us
SSM_CONV_SILU SSM_CONV: 48 x 40.266 us = 1932.8 us
Total time: 858757 us.
----------------
Vulkan Timings:
ADD: 176 x 24.111 us = 4243.68 us
CONCAT: 48 x 139.714 us = 6706.28 us
CONT: 16 x 67.855 us = 1085.68 us
CPY: 96 x 4.929 us = 473.24 us
FLASH_ATTN_EXT dst(256,24,512,1),  q(256,512,24,1),  k(256,41984,4,1),  v(256,41984,4,1),  m(41984,512,1,1): 16 x 21087.5 us = 337401 us (25051.8 GFLOPS/s)
GATED_DELTA_NET: 48 x 246.914 us = 11851.9 us
GET_ROWS: 96 x 9.151 us = 878.52 us
GLU: 64 x 144.79 us = 9266.6 us
MUL_MAT f32 m=48 n=512 k=5120: 96 x 41.519 us = 3985.84 us (6060.66 GFLOPS/s)
MUL_MAT q4_0 m=1024 n=512 k=5120: 32 x 72.598 us = 2323.16 us (73943.2 GFLOPS/s)
MUL_MAT q4_0 m=10240 n=512 k=5120: 48 x 1075.05 us = 51602.3 us (49934.4 GFLOPS/s)
MUL_MAT q4_0 m=12288 n=512 k=5120: 16 x 1187.16 us = 18994.6 us (54262.3 GFLOPS/s)
MUL_MAT q4_0 m=17408 n=512 k=5120: 128 x 1554.72 us = 199005 us (58697.9 GFLOPS/s)
MUL_MAT q4_0 m=5120 n=512 k=17408: 56 x 1765.55 us = 98871 us (51692.3 GFLOPS/s)
MUL_MAT q4_0 m=5120 n=512 k=6144: 16 x 644.085 us = 10305.4 us (50008.4 GFLOPS/s)
MUL_MAT q4_0 m=6144 n=512 k=5120: 48 x 575.293 us = 27614.1 us (55987.3 GFLOPS/s)
MUL_MAT q4_1 m=5120 n=512 k=17408: 8 x 1997.03 us = 15976.2 us (45700.6 GFLOPS/s)
MUL_MAT q5_K m=5120 n=512 k=6144: 48 x 743.21 us = 35674.1 us (43338.5 GFLOPS/s)
RMS_NORM(128,16,512,1): 96 x 30.174 us = 2896.76 us
RMS_NORM_MUL RMS_NORM(128,48,512,1): 48 x 99.358 us = 4769.2 us
RMS_NORM_MUL RMS_NORM(256,24,512,1): 16 x 59.897 us = 958.36 us
RMS_NORM_MUL RMS_NORM(256,4,512,1): 16 x 13.807 us = 220.92 us
RMS_NORM_MUL RMS_NORM(5120,512,1,1): 129 x 25.954 us = 3348.16 us
ROPE: 16 x 46.03 us = 736.48 us
ROPE_VIEW_SET_ROWS ROPE: 16 x 10.955 us = 175.28 us
SCALE: 96 x 12.592 us = 1208.84 us
SET_ROWS: 16 x 9.88 us = 158.08 us
SIGMOID: 48 x 4.435 us = 212.92 us
SIGMOID_MUL SIGMOID: 16 x 41.835 us = 669.36 us
SILU_MUL SILU: 48 x 37.13 us = 1782.24 us
SOFTPLUS_MUL SOFTPLUS: 48 x 4.55 us = 218.44 us
SSM_CONV_SILU SSM_CONV: 48 x 40.173 us = 1928.32 us
Total time: 855541 us.
----------------
Vulkan Timings:
ADD: 176 x 17.68 us = 3111.72 us
CONCAT: 48 x 134.786 us = 6469.76 us
CONT: 16 x 45.795 us = 732.72 us
CPY: 96 x 4.346 us = 417.28 us
FLASH_ATTN_EXT dst(256,24,512,1),  q(256,512,24,1),  k(256,42496,4,1),  v(256,42496,4,1),  m(42496,512,1,1): 16 x 20543.1 us = 328689 us (26029.4 GFLOPS/s)
GATED_DELTA_NET: 48 x 240.34 us = 11536.3 us
GET_ROWS: 96 x 7.978 us = 765.96 us
GLU: 64 x 111.545 us = 7138.88 us
MUL_MAT f32 m=48 n=512 k=5120: 96 x 37.748 us = 3623.88 us (6666.01 GFLOPS/s)
MUL_MAT q4_0 m=1024 n=512 k=5120: 32 x 72.826 us = 2330.44 us (73712.2 GFLOPS/s)
MUL_MAT q4_0 m=10240 n=512 k=5120: 48 x 1073.05 us = 51506.3 us (50027.5 GFLOPS/s)
MUL_MAT q4_0 m=12288 n=512 k=5120: 16 x 1167.54 us = 18680.6 us (55174.3 GFLOPS/s)
MUL_MAT q4_0 m=17408 n=512 k=5120: 128 x 1556.3 us = 199206 us (58638.6 GFLOPS/s)
MUL_MAT q4_0 m=5120 n=512 k=17408: 56 x 1767.81 us = 98997.6 us (51626.1 GFLOPS/s)
MUL_MAT q4_0 m=5120 n=512 k=6144: 16 x 649.067 us = 10385.1 us (49624.5 GFLOPS/s)
MUL_MAT q4_0 m=6144 n=512 k=5120: 48 x 563.354 us = 27041 us (57173.8 GFLOPS/s)
MUL_MAT q4_1 m=5120 n=512 k=17408: 8 x 1980.19 us = 15841.5 us (46089.2 GFLOPS/s)
MUL_MAT q5_K m=5120 n=512 k=6144: 48 x 736.53 us = 35353.5 us (43731.5 GFLOPS/s)
RMS_NORM(128,16,512,1): 96 x 28.594 us = 2745.08 us
RMS_NORM_MUL RMS_NORM(128,48,512,1): 48 x 98.447 us = 4725.48 us
RMS_NORM_MUL RMS_NORM(256,24,512,1): 16 x 56.59 us = 905.44 us
RMS_NORM_MUL RMS_NORM(256,4,512,1): 16 x 12.775 us = 204.4 us
RMS_NORM_MUL RMS_NORM(5120,512,1,1): 129 x 20.692 us = 2669.32 us
ROPE: 16 x 39.19 us = 627.04 us
ROPE_VIEW_SET_ROWS ROPE: 16 x 9.885 us = 158.16 us
SCALE: 96 x 10.648 us = 1022.24 us
SET_ROWS: 16 x 9.535 us = 152.56 us
SIGMOID: 48 x 4.273 us = 205.12 us
SIGMOID_MUL SIGMOID: 16 x 36.73 us = 587.68 us
SILU_MUL SILU: 48 x 35.782 us = 1717.56 us
SOFTPLUS_MUL SOFTPLUS: 48 x 4.482 us = 215.16 us
SSM_CONV_SILU SSM_CONV: 48 x 33.148 us = 1591.12 us
Total time: 839354 us.
----------------
Vulkan Timings:
ADD: 176 x 15.909 us = 2800.12 us
CONCAT: 48 x 134.893 us = 6474.88 us
CONT: 16 x 41.895 us = 670.32 us
CPY: 96 x 4.098 us = 393.48 us
FLASH_ATTN_EXT dst(256,24,512,1),  q(256,512,24,1),  k(256,43008,4,1),  v(256,43008,4,1),  m(43008,512,1,1): 16 x 19974.6 us = 319594 us (27092.7 GFLOPS/s)
GATED_DELTA_NET: 48 x 241.399 us = 11587.2 us
GET_ROWS: 96 x 7.512 us = 721.16 us
GLU: 64 x 100.976 us = 6462.48 us
MUL_MAT f32 m=48 n=512 k=5120: 96 x 36.403 us = 3494.72 us (6912.38 GFLOPS/s)
MUL_MAT q4_0 m=1024 n=512 k=5120: 32 x 67.685 us = 2165.92 us (79311.3 GFLOPS/s)
MUL_MAT q4_0 m=10240 n=512 k=5120: 48 x 1082.92 us = 51980.2 us (49571.3 GFLOPS/s)
MUL_MAT q4_0 m=12288 n=512 k=5120: 16 x 1167.71 us = 18683.4 us (55166 GFLOPS/s)
MUL_MAT q4_0 m=17408 n=512 k=5120: 128 x 1571.28 us = 201124 us (58079.4 GFLOPS/s)
MUL_MAT q4_0 m=5120 n=512 k=17408: 56 x 1767.89 us = 99001.6 us (51624 GFLOPS/s)
MUL_MAT q4_0 m=5120 n=512 k=6144: 16 x 659.78 us = 10556.5 us (48818.7 GFLOPS/s)
MUL_MAT q4_0 m=6144 n=512 k=5120: 48 x 565.803 us = 27158.6 us (56926.3 GFLOPS/s)
MUL_MAT q4_1 m=5120 n=512 k=17408: 8 x 1993.87 us = 15951 us (45773 GFLOPS/s)
MUL_MAT q5_K m=5120 n=512 k=6144: 48 x 741.006 us = 35568.3 us (43467.4 GFLOPS/s)
RMS_NORM(128,16,512,1): 96 x 28.179 us = 2705.2 us
RMS_NORM_MUL RMS_NORM(128,48,512,1): 48 x 97.91 us = 4699.72 us
RMS_NORM_MUL RMS_NORM(256,24,512,1): 16 x 54.412 us = 870.6 us
RMS_NORM_MUL RMS_NORM(256,4,512,1): 16 x 12.495 us = 199.92 us
RMS_NORM_MUL RMS_NORM(5120,512,1,1): 129 x 19.011 us = 2452.44 us
ROPE: 16 x 36.195 us = 579.12 us
ROPE_VIEW_SET_ROWS ROPE: 16 x 10.04 us = 160.64 us
SCALE: 96 x 9.965 us = 956.68 us
SET_ROWS: 16 x 9.41 us = 150.56 us
SIGMOID: 48 x 4.389 us = 210.68 us
SIGMOID_MUL SIGMOID: 16 x 36.235 us = 579.76 us
SILU_MUL SILU: 48 x 35.751 us = 1716.08 us
SOFTPLUS_MUL SOFTPLUS: 48 x 4.295 us = 206.16 us
SSM_CONV_SILU SSM_CONV: 48 x 31.323 us = 1503.52 us
Total time: 831379 us.
1.42.548.144 I slot print_timing: id  0 | task 0 | prompt processing, n_tokens =  43008, progress = 0.49, t =  56.86 s / 756.34 tokens per second
----------------
Vulkan Timings:
ADD: 176 x 24.151 us = 4250.72 us
CONCAT: 48 x 138.885 us = 6666.48 us
CONT: 16 x 65.857 us = 1053.72 us
CPY: 96 x 4.931 us = 473.44 us
FLASH_ATTN_EXT dst(256,24,512,1),  q(256,512,24,1),  k(256,43520,4,1),  v(256,43520,4,1),  m(43520,512,1,1): 16 x 22846.5 us = 365543 us (23969.1 GFLOPS/s)
GATED_DELTA_NET: 48 x 245.035 us = 11761.7 us
GET_ROWS: 96 x 9.202 us = 883.4 us
GLU: 64 x 145.202 us = 9292.96 us
MUL_MAT f32 m=48 n=512 k=5120: 96 x 41.31 us = 3965.8 us (6091.29 GFLOPS/s)
MUL_MAT q4_0 m=1024 n=512 k=5120: 32 x 72.715 us = 2326.88 us (73825 GFLOPS/s)
MUL_MAT q4_0 m=10240 n=512 k=5120: 48 x 1071.74 us = 51443.8 us (50088.2 GFLOPS/s)
MUL_MAT q4_0 m=12288 n=512 k=5120: 16 x 1181.3 us = 18900.8 us (54531.5 GFLOPS/s)
MUL_MAT q4_0 m=17408 n=512 k=5120: 128 x 1550.22 us = 198428 us (58868.5 GFLOPS/s)
MUL_MAT q4_0 m=5120 n=512 k=17408: 56 x 1755.25 us = 98294.1 us (51995.6 GFLOPS/s)
MUL_MAT q4_0 m=5120 n=512 k=6144: 16 x 626.967 us = 10031.5 us (51373.7 GFLOPS/s)
MUL_MAT q4_0 m=6144 n=512 k=5120: 48 x 572.335 us = 27472.1 us (56276.7 GFLOPS/s)
MUL_MAT q4_1 m=5120 n=512 k=17408: 8 x 2049.93 us = 16399.4 us (44521.4 GFLOPS/s)
MUL_MAT q5_K m=5120 n=512 k=6144: 48 x 741.715 us = 35602.3 us (43425.9 GFLOPS/s)
RMS_NORM(128,16,512,1): 96 x 30.163 us = 2895.68 us
RMS_NORM_MUL RMS_NORM(128,48,512,1): 48 x 99.45 us = 4773.64 us
RMS_NORM_MUL RMS_NORM(256,24,512,1): 16 x 60.312 us = 965 us
RMS_NORM_MUL RMS_NORM(256,4,512,1): 16 x 13.785 us = 220.56 us
RMS_NORM_MUL RMS_NORM(5120,512,1,1): 129 x 26.041 us = 3359.32 us
ROPE: 16 x 45.417 us = 726.68 us
ROPE_VIEW_SET_ROWS ROPE: 16 x 10.945 us = 175.12 us
SCALE: 96 x 12.567 us = 1206.44 us
SET_ROWS: 16 x 9.91 us = 158.56 us
SIGMOID: 48 x 4.38 us = 210.28 us
SIGMOID_MUL SIGMOID: 16 x 41.92 us = 670.72 us
SILU_MUL SILU: 48 x 37.703 us = 1809.76 us
SOFTPLUS_MUL SOFTPLUS: 48 x 4.605 us = 221.04 us
SSM_CONV_SILU SSM_CONV: 48 x 40.16 us = 1927.68 us
Total time: 882111 us.
----------------
Vulkan Timings:
ADD: 176 x 23.215 us = 4085.96 us
CONCAT: 48 x 137.075 us = 6579.64 us
CONT: 16 x 63.737 us = 1019.8 us
CPY: 96 x 4.769 us = 457.84 us
FLASH_ATTN_EXT dst(256,24,512,1),  q(256,512,24,1),  k(256,44032,4,1),  v(256,44032,4,1),  m(44032,512,1,1): 16 x 22849.5 us = 365591 us (24247.9 GFLOPS/s)
GATED_DELTA_NET: 48 x 243.772 us = 11701.1 us
GET_ROWS: 96 x 8.948 us = 859.08 us
GLU: 64 x 140.153 us = 8969.84 us
MUL_MAT f32 m=48 n=512 k=5120: 96 x 40.549 us = 3892.72 us (6205.64 GFLOPS/s)
MUL_MAT q4_0 m=1024 n=512 k=5120: 32 x 75.001 us = 2400.04 us (71574.6 GFLOPS/s)
MUL_MAT q4_0 m=10240 n=512 k=5120: 48 x 1070.23 us = 51370.9 us (50159.3 GFLOPS/s)
MUL_MAT q4_0 m=12288 n=512 k=5120: 16 x 1166.93 us = 18670.8 us (55203.3 GFLOPS/s)
MUL_MAT q4_0 m=17408 n=512 k=5120: 128 x 1547.03 us = 198020 us (58989.9 GFLOPS/s)
MUL_MAT q4_0 m=5120 n=512 k=17408: 56 x 1757.31 us = 98409.3 us (51934.8 GFLOPS/s)
MUL_MAT q4_0 m=5120 n=512 k=6144: 16 x 628.102 us = 10049.6 us (51280.9 GFLOPS/s)
MUL_MAT q4_0 m=6144 n=512 k=5120: 48 x 567.559 us = 27242.8 us (56750.2 GFLOPS/s)
MUL_MAT q4_1 m=5120 n=512 k=17408: 8 x 2000.04 us = 16000.3 us (45631.8 GFLOPS/s)
MUL_MAT q5_K m=5120 n=512 k=6144: 48 x 737.741 us = 35411.6 us (43659.8 GFLOPS/s)
RMS_NORM(128,16,512,1): 96 x 29.772 us = 2858.2 us
RMS_NORM_MUL RMS_NORM(128,48,512,1): 48 x 98.65 us = 4735.24 us
RMS_NORM_MUL RMS_NORM(256,24,512,1): 16 x 58.752 us = 940.04 us
RMS_NORM_MUL RMS_NORM(256,4,512,1): 16 x 13.83 us = 221.28 us
RMS_NORM_MUL RMS_NORM(5120,512,1,1): 129 x 25.076 us = 3234.92 us
ROPE: 16 x 43.272 us = 692.36 us
ROPE_VIEW_SET_ROWS ROPE: 16 x 10.722 us = 171.56 us
SCALE: 96 x 12.333 us = 1184 us
SET_ROWS: 16 x 10.085 us = 161.36 us
SIGMOID: 48 x 4.632 us = 222.36 us
SIGMOID_MUL SIGMOID: 16 x 40.52 us = 648.32 us
SILU_MUL SILU: 48 x 37.24 us = 1787.52 us
SOFTPLUS_MUL SOFTPLUS: 48 x 4.502 us = 216.12 us
SSM_CONV_SILU SSM_CONV: 48 x 39.21 us = 1882.08 us
Total time: 879688 us.
----------------
Vulkan Timings:
ADD: 176 x 13.815 us = 2431.48 us
CONCAT: 48 x 133.063 us = 6387.04 us
CONT: 16 x 37.13 us = 594.08 us
CPY: 96 x 3.94 us = 378.24 us
FLASH_ATTN_EXT dst(256,24,512,1),  q(256,512,24,1),  k(256,44544,4,1),  v(256,44544,4,1),  m(44544,512,1,1): 16 x 20372.1 us = 325953 us (27512.8 GFLOPS/s)
GATED_DELTA_NET: 48 x 239.424 us = 11492.4 us
GET_ROWS: 96 x 7.277 us = 698.64 us
GLU: 64 x 94.291 us = 6034.68 us
MUL_MAT f32 m=48 n=512 k=5120: 96 x 35.487 us = 3406.8 us (7090.77 GFLOPS/s)
MUL_MAT q4_0 m=1024 n=512 k=5120: 32 x 71.488 us = 2287.64 us (75091.3 GFLOPS/s)
MUL_MAT q4_0 m=10240 n=512 k=5120: 48 x 1077.29 us = 51710 us (49830.3 GFLOPS/s)
MUL_MAT q4_0 m=12288 n=512 k=5120: 16 x 1169.04 us = 18704.6 us (55103.8 GFLOPS/s)
MUL_MAT q4_0 m=17408 n=512 k=5120: 128 x 1571.83 us = 201194 us (58059.3 GFLOPS/s)
MUL_MAT q4_0 m=5120 n=512 k=17408: 56 x 1768.29 us = 99024 us (51612.4 GFLOPS/s)
MUL_MAT q4_0 m=5120 n=512 k=6144: 16 x 658.762 us = 10540.2 us (48894.2 GFLOPS/s)
MUL_MAT q4_0 m=6144 n=512 k=5120: 48 x 563.528 us = 27049.4 us (57156.1 GFLOPS/s)
MUL_MAT q4_1 m=5120 n=512 k=17408: 8 x 1991.96 us = 15935.7 us (45816.9 GFLOPS/s)
MUL_MAT q5_K m=5120 n=512 k=6144: 48 x 741.527 us = 35593.3 us (43436.9 GFLOPS/s)
RMS_NORM(128,16,512,1): 96 x 27.723 us = 2661.48 us
RMS_NORM_MUL RMS_NORM(128,48,512,1): 48 x 97.853 us = 4696.96 us
RMS_NORM_MUL RMS_NORM(256,24,512,1): 16 x 54.227 us = 867.64 us
RMS_NORM_MUL RMS_NORM(256,4,512,1): 16 x 12.415 us = 198.64 us
RMS_NORM_MUL RMS_NORM(5120,512,1,1): 129 x 17.874 us = 2305.8 us
ROPE: 16 x 36.227 us = 579.64 us
ROPE_VIEW_SET_ROWS ROPE: 16 x 9.457 us = 151.32 us
SCALE: 96 x 9.587 us = 920.4 us
SET_ROWS: 16 x 9.43 us = 150.88 us
SIGMOID: 48 x 4.265 us = 204.76 us
SIGMOID_MUL SIGMOID: 16 x 34.705 us = 555.28 us
SILU_MUL SILU: 48 x 36.038 us = 1729.84 us
SOFTPLUS_MUL SOFTPLUS: 48 x 4.404 us = 211.4 us
SSM_CONV_SILU SSM_CONV: 48 x 29.745 us = 1427.76 us
Total time: 836077 us.
----------------
Vulkan Timings:
ADD: 176 x 17.664 us = 3109 us
CONCAT: 48 x 136.017 us = 6528.84 us
CONT: 16 x 45.942 us = 735.08 us
CPY: 96 x 4.367 us = 419.24 us
FLASH_ATTN_EXT dst(256,24,512,1),  q(256,512,24,1),  k(256,45056,4,1),  v(256,45056,4,1),  m(45056,512,1,1): 16 x 21980.5 us = 351688 us (25792.7 GFLOPS/s)
GATED_DELTA_NET: 48 x 242.535 us = 11641.7 us
GET_ROWS: 96 x 7.921 us = 760.48 us
GLU: 64 x 113.096 us = 7238.16 us
MUL_MAT f32 m=48 n=512 k=5120: 96 x 37.489 us = 3598.96 us (6712.17 GFLOPS/s)
MUL_MAT q4_0 m=1024 n=512 k=5120: 32 x 72.928 us = 2333.72 us (73608.6 GFLOPS/s)
MUL_MAT q4_0 m=10240 n=512 k=5120: 48 x 1078.07 us = 51747.4 us (49794.4 GFLOPS/s)
MUL_MAT q4_0 m=12288 n=512 k=5120: 16 x 1162.54 us = 18600.6 us (55411.9 GFLOPS/s)
MUL_MAT q4_0 m=17408 n=512 k=5120: 128 x 1561.56 us = 199879 us (58441.2 GFLOPS/s)
MUL_MAT q4_0 m=5120 n=512 k=17408: 56 x 1753.65 us = 98204.2 us (52043.2 GFLOPS/s)
MUL_MAT q4_0 m=5120 n=512 k=6144: 16 x 642.242 us = 10275.9 us (50151.8 GFLOPS/s)
MUL_MAT q4_0 m=6144 n=512 k=5120: 48 x 564.89 us = 27114.7 us (57018.4 GFLOPS/s)
MUL_MAT q4_1 m=5120 n=512 k=17408: 8 x 2014.38 us = 16115.1 us (45306.8 GFLOPS/s)
MUL_MAT q5_K m=5120 n=512 k=6144: 48 x 741.359 us = 35585.2 us (43446.7 GFLOPS/s)
RMS_NORM(128,16,512,1): 96 x 28.588 us = 2744.52 us
RMS_NORM_MUL RMS_NORM(128,48,512,1): 48 x 98.015 us = 4704.76 us
RMS_NORM_MUL RMS_NORM(256,24,512,1): 16 x 56.715 us = 907.44 us
RMS_NORM_MUL RMS_NORM(256,4,512,1): 16 x 12.755 us = 204.08 us
RMS_NORM_MUL RMS_NORM(5120,512,1,1): 129 x 22.528 us = 2906.16 us
ROPE: 16 x 38.012 us = 608.2 us
ROPE_VIEW_SET_ROWS ROPE: 16 x 9.897 us = 158.36 us
SCALE: 96 x 10.659 us = 1023.28 us
SET_ROWS: 16 x 9.515 us = 152.24 us
SIGMOID: 48 x 4.211 us = 202.16 us
SIGMOID_MUL SIGMOID: 16 x 36.672 us = 586.76 us
SILU_MUL SILU: 48 x 36.033 us = 1729.6 us
SOFTPLUS_MUL SOFTPLUS: 48 x 4.479 us = 215 us
SSM_CONV_SILU SSM_CONV: 48 x 34.215 us = 1642.32 us
Total time: 863360 us.
1.46.126.252 I slot print_timing: id  0 | task 0 | prompt processing, n_tokens =  45056, progress = 0.51, t =  60.44 s / 745.45 tokens per second
----------------
Vulkan Timings:
ADD: 176 x 14.644 us = 2577.48 us
CONCAT: 48 x 132.908 us = 6379.6 us
CONT: 16 x 38.282 us = 612.52 us
CPY: 96 x 4.022 us = 386.2 us
FLASH_ATTN_EXT dst(256,24,512,1),  q(256,512,24,1),  k(256,45568,4,1),  v(256,45568,4,1),  m(45568,512,1,1): 16 x 21017.8 us = 336285 us (27280.6 GFLOPS/s)
GATED_DELTA_NET: 48 x 240.345 us = 11536.6 us
GET_ROWS: 96 x 7.347 us = 705.4 us
GLU: 64 x 95.996 us = 6143.76 us
MUL_MAT f32 m=48 n=512 k=5120: 96 x 35.741 us = 3431.2 us (7040.34 GFLOPS/s)
MUL_MAT q4_0 m=1024 n=512 k=5120: 32 x 67.808 us = 2169.88 us (79166.6 GFLOPS/s)
MUL_MAT q4_0 m=10240 n=512 k=5120: 48 x 1082.23 us = 51946.9 us (49603.1 GFLOPS/s)
MUL_MAT q4_0 m=12288 n=512 k=5120: 16 x 1171.77 us = 18748.3 us (54975.1 GFLOPS/s)
MUL_MAT q4_0 m=17408 n=512 k=5120: 128 x 1577.71 us = 201946 us (57842.9 GFLOPS/s)
MUL_MAT q4_0 m=5120 n=512 k=17408: 56 x 1769.38 us = 99085.5 us (51580.4 GFLOPS/s)
MUL_MAT q4_0 m=5120 n=512 k=6144: 16 x 655.632 us = 10490.1 us (49127.6 GFLOPS/s)
MUL_MAT q4_0 m=6144 n=512 k=5120: 48 x 564.791 us = 27110 us (57028.3 GFLOPS/s)
MUL_MAT q4_1 m=5120 n=512 k=17408: 8 x 2030.46 us = 16243.7 us (44948.2 GFLOPS/s)
MUL_MAT q5_K m=5120 n=512 k=6144: 48 x 742.327 us = 35631.7 us (43390.1 GFLOPS/s)
RMS_NORM(128,16,512,1): 96 x 27.83 us = 2671.76 us
RMS_NORM_MUL RMS_NORM(128,48,512,1): 48 x 98.679 us = 4736.6 us
RMS_NORM_MUL RMS_NORM(256,24,512,1): 16 x 54.117 us = 865.88 us
RMS_NORM_MUL RMS_NORM(256,4,512,1): 16 x 12.312 us = 197 us
RMS_NORM_MUL RMS_NORM(5120,512,1,1): 129 x 17.923 us = 2312.08 us
ROPE: 16 x 35.675 us = 570.8 us
ROPE_VIEW_SET_ROWS ROPE: 16 x 9.467 us = 151.48 us
SCALE: 96 x 9.606 us = 922.24 us
SET_ROWS: 16 x 9.417 us = 150.68 us
SIGMOID: 48 x 4.147 us = 199.08 us
SIGMOID_MUL SIGMOID: 16 x 35.042 us = 560.68 us
SILU_MUL SILU: 48 x 35.789 us = 1717.88 us
SOFTPLUS_MUL SOFTPLUS: 48 x 4.427 us = 212.52 us
SSM_CONV_SILU SSM_CONV: 48 x 30.072 us = 1443.48 us
Total time: 848142 us.
----------------
Vulkan Timings:
ADD: 176 x 24.009 us = 4225.6 us
CONCAT: 48 x 137.612 us = 6605.4 us
CONT: 16 x 62.645 us = 1002.32 us
CPY: 96 x 4.873 us = 467.88 us
FLASH_ATTN_EXT dst(256,24,512,1),  q(256,512,24,1),  k(256,46080,4,1),  v(256,46080,4,1),  m(46080,512,1,1): 16 x 26643.9 us = 426302 us (21761.9 GFLOPS/s)
GATED_DELTA_NET: 48 x 244.029 us = 11713.4 us
GET_ROWS: 96 x 8.949 us = 859.16 us
GLU: 64 x 144.605 us = 9254.76 us
MUL_MAT f32 m=48 n=512 k=5120: 96 x 41.07 us = 3942.72 us (6126.95 GFLOPS/s)
MUL_MAT q4_0 m=1024 n=512 k=5120: 32 x 78.951 us = 2526.44 us (67993.7 GFLOPS/s)
MUL_MAT q4_0 m=10240 n=512 k=5120: 48 x 1059.1 us = 50837 us (50686.1 GFLOPS/s)
MUL_MAT q4_0 m=12288 n=512 k=5120: 16 x 1164.58 us = 18633.2 us (55314.8 GFLOPS/s)
MUL_MAT q4_0 m=17408 n=512 k=5120: 128 x 1532.02 us = 196098 us (59567.9 GFLOPS/s)
MUL_MAT q4_0 m=5120 n=512 k=17408: 56 x 1740.07 us = 97443.7 us (52449.4 GFLOPS/s)
MUL_MAT q4_0 m=5120 n=512 k=6144: 16 x 591.19 us = 9459.04 us (54482.7 GFLOPS/s)
MUL_MAT q4_0 m=6144 n=512 k=5120: 48 x 572.921 us = 27500.2 us (56219 GFLOPS/s)
MUL_MAT q4_1 m=5120 n=512 k=17408: 8 x 1988.73 us = 15909.9 us (45891.2 GFLOPS/s)
MUL_MAT q5_K m=5120 n=512 k=6144: 48 x 743.98 us = 35711.1 us (43293.6 GFLOPS/s)
RMS_NORM(128,16,512,1): 96 x 29.788 us = 2859.68 us
RMS_NORM_MUL RMS_NORM(128,48,512,1): 48 x 107.424 us = 5156.36 us
RMS_NORM_MUL RMS_NORM(256,24,512,1): 16 x 59.487 us = 951.8 us
RMS_NORM_MUL RMS_NORM(256,4,512,1): 16 x 13.577 us = 217.24 us
RMS_NORM_MUL RMS_NORM(5120,512,1,1): 129 x 25.582 us = 3300.16 us
ROPE: 16 x 45.002 us = 720.04 us
ROPE_VIEW_SET_ROWS ROPE: 16 x 10.835 us = 173.36 us
SCALE: 96 x 12.459 us = 1196.12 us
SET_ROWS: 16 x 9.74 us = 155.84 us
SIGMOID: 48 x 4.443 us = 213.28 us
SIGMOID_MUL SIGMOID: 16 x 41.015 us = 656.24 us
SILU_MUL SILU: 48 x 36.6 us = 1756.8 us
SOFTPLUS_MUL SOFTPLUS: 48 x 4.454 us = 213.8 us
SSM_CONV_SILU SSM_CONV: 48 x 39.91 us = 1915.72 us
Total time: 937978 us.
----------------
Vulkan Timings:
ADD: 176 x 24.421 us = 4298.2 us
CONCAT: 48 x 138.693 us = 6657.28 us
CONT: 16 x 65.657 us = 1050.52 us
CPY: 96 x 4.89 us = 469.52 us
FLASH_ATTN_EXT dst(256,24,512,1),  q(256,512,24,1),  k(256,46592,4,1),  v(256,46592,4,1),  m(46592,512,1,1): 16 x 25580.4 us = 409286 us (22918.5 GFLOPS/s)
GATED_DELTA_NET: 48 x 246.523 us = 11833.1 us
GET_ROWS: 96 x 9.145 us = 878 us
GLU: 64 x 145.741 us = 9327.48 us
MUL_MAT f32 m=48 n=512 k=5120: 96 x 41.447 us = 3978.96 us (6071.14 GFLOPS/s)
MUL_MAT q4_0 m=1024 n=512 k=5120: 32 x 72.35 us = 2315.2 us (74197.4 GFLOPS/s)
MUL_MAT q4_0 m=10240 n=512 k=5120: 48 x 1067.58 us = 51243.8 us (50283.7 GFLOPS/s)
MUL_MAT q4_0 m=12288 n=512 k=5120: 16 x 1181.4 us = 18902.4 us (54527 GFLOPS/s)
MUL_MAT q4_0 m=17408 n=512 k=5120: 128 x 1538.36 us = 196909 us (59322.5 GFLOPS/s)
MUL_MAT q4_0 m=5120 n=512 k=17408: 56 x 1750.17 us = 98009.8 us (52146.4 GFLOPS/s)
MUL_MAT q4_0 m=5120 n=512 k=6144: 16 x 607.48 us = 9719.68 us (53021.7 GFLOPS/s)
MUL_MAT q4_0 m=6144 n=512 k=5120: 48 x 572.018 us = 27456.9 us (56307.8 GFLOPS/s)
MUL_MAT q4_1 m=5120 n=512 k=17408: 8 x 1993.83 us = 15950.6 us (45774 GFLOPS/s)
MUL_MAT q5_K m=5120 n=512 k=6144: 48 x 741.575 us = 35595.6 us (43434.1 GFLOPS/s)
RMS_NORM(128,16,512,1): 96 x 30.152 us = 2894.68 us
RMS_NORM_MUL RMS_NORM(128,48,512,1): 48 x 99.161 us = 4759.76 us
RMS_NORM_MUL RMS_NORM(256,24,512,1): 16 x 59.667 us = 954.68 us
RMS_NORM_MUL RMS_NORM(256,4,512,1): 16 x 13.71 us = 219.36 us
RMS_NORM_MUL RMS_NORM(5120,512,1,1): 129 x 25.976 us = 3350.96 us
ROPE: 16 x 45.295 us = 724.72 us
ROPE_VIEW_SET_ROWS ROPE: 16 x 10.97 us = 175.52 us
SCALE: 96 x 12.615 us = 1211.08 us
SET_ROWS: 16 x 10.44 us = 167.04 us
SIGMOID: 48 x 4.267 us = 204.84 us
SIGMOID_MUL SIGMOID: 16 x 41.47 us = 663.52 us
SILU_MUL SILU: 48 x 37.101 us = 1780.88 us
SOFTPLUS_MUL SOFTPLUS: 48 x 4.656 us = 223.52 us
SSM_CONV_SILU SSM_CONV: 48 x 40.273 us = 1933.12 us
Total time: 923146 us.
----------------
Vulkan Timings:
ADD: 176 x 24.49 us = 4310.4 us
CONCAT: 48 x 138.427 us = 6644.52 us
CONT: 16 x 64.097 us = 1025.56 us
CPY: 96 x 4.876 us = 468.12 us
FLASH_ATTN_EXT dst(256,24,512,1),  q(256,512,24,1),  k(256,47104,4,1),  v(256,47104,4,1),  m(47104,512,1,1): 16 x 26360.5 us = 421768 us (22484.6 GFLOPS/s)
GATED_DELTA_NET: 48 x 243.93 us = 11708.7 us
GET_ROWS: 96 x 9.107 us = 874.36 us
GLU: 64 x 145.443 us = 9308.4 us
MUL_MAT f32 m=48 n=512 k=5120: 96 x 41.253 us = 3960.36 us (6099.66 GFLOPS/s)
MUL_MAT q4_0 m=1024 n=512 k=5120: 32 x 76.725 us = 2455.2 us (69966.6 GFLOPS/s)
MUL_MAT q4_0 m=10240 n=512 k=5120: 48 x 1070.79 us = 51397.7 us (50133.1 GFLOPS/s)
MUL_MAT q4_0 m=12288 n=512 k=5120: 16 x 1184.41 us = 18950.6 us (54388.2 GFLOPS/s)
MUL_MAT q4_0 m=17408 n=512 k=5120: 128 x 1526.31 us = 195368 us (59790.7 GFLOPS/s)
MUL_MAT q4_0 m=5120 n=512 k=17408: 56 x 1751.44 us = 98080.6 us (52108.8 GFLOPS/s)
MUL_MAT q4_0 m=5120 n=512 k=6144: 16 x 601.807 us = 9628.92 us (53521.5 GFLOPS/s)
MUL_MAT q4_0 m=6144 n=512 k=5120: 48 x 567.395 us = 27235 us (56766.6 GFLOPS/s)
MUL_MAT q4_1 m=5120 n=512 k=17408: 8 x 2006.97 us = 16055.8 us (45474.2 GFLOPS/s)
MUL_MAT q5_K m=5120 n=512 k=6144: 48 x 737.43 us = 35396.6 us (43678.2 GFLOPS/s)
RMS_NORM(128,16,512,1): 96 x 29.968 us = 2877 us
RMS_NORM_MUL RMS_NORM(128,48,512,1): 48 x 98.376 us = 4722.08 us
RMS_NORM_MUL RMS_NORM(256,24,512,1): 16 x 61.057 us = 976.92 us
RMS_NORM_MUL RMS_NORM(256,4,512,1): 16 x 13.82 us = 221.12 us
RMS_NORM_MUL RMS_NORM(5120,512,1,1): 129 x 26.13 us = 3370.8 us
ROPE: 16 x 45.657 us = 730.52 us
ROPE_VIEW_SET_ROWS ROPE: 16 x 10.997 us = 175.96 us
SCALE: 96 x 12.53 us = 1202.88 us
SET_ROWS: 16 x 9.947 us = 159.16 us
SIGMOID: 48 x 4.31 us = 206.88 us
SIGMOID_MUL SIGMOID: 16 x 41.172 us = 658.76 us
SILU_MUL SILU: 48 x 36.87 us = 1769.76 us
SOFTPLUS_MUL SOFTPLUS: 48 x 4.665 us = 223.92 us
SSM_CONV_SILU SSM_CONV: 48 x 40.118 us = 1925.68 us
Total time: 933858 us.
1.49.892.091 I slot print_timing: id  0 | task 0 | prompt processing, n_tokens =  47104, progress = 0.54, t =  64.21 s / 733.62 tokens per second
----------------
Vulkan Timings:
ADD: 176 x 24.244 us = 4267 us
CONCAT: 48 x 138.117 us = 6629.64 us
CONT: 16 x 63.715 us = 1019.44 us
CPY: 96 x 4.926 us = 472.92 us
FLASH_ATTN_EXT dst(256,24,512,1),  q(256,512,24,1),  k(256,47616,4,1),  v(256,47616,4,1),  m(47616,512,1,1): 16 x 27449.4 us = 439190 us (21827.4 GFLOPS/s)
GATED_DELTA_NET: 48 x 244.53 us = 11737.5 us
GET_ROWS: 96 x 9.104 us = 874.04 us
GLU: 64 x 144.806 us = 9267.6 us
MUL_MAT f32 m=48 n=512 k=5120: 96 x 41.605 us = 3994.16 us (6048.04 GFLOPS/s)
MUL_MAT q4_0 m=1024 n=512 k=5120: 32 x 79.272 us = 2536.72 us (67718.1 GFLOPS/s)
MUL_MAT q4_0 m=10240 n=512 k=5120: 48 x 1069.73 us = 51347.2 us (50182.5 GFLOPS/s)
MUL_MAT q4_0 m=12288 n=512 k=5120: 16 x 1165 us = 18640 us (55294.5 GFLOPS/s)
MUL_MAT q4_0 m=17408 n=512 k=5120: 128 x 1527.27 us = 195490 us (59753.3 GFLOPS/s)
MUL_MAT q4_0 m=5120 n=512 k=17408: 56 x 1742.11 us = 97558.1 us (52387.9 GFLOPS/s)
MUL_MAT q4_0 m=5120 n=512 k=6144: 16 x 593.93 us = 9502.88 us (54231.4 GFLOPS/s)
MUL_MAT q4_0 m=6144 n=512 k=5120: 48 x 568.616 us = 27293.6 us (56644.7 GFLOPS/s)
MUL_MAT q4_1 m=5120 n=512 k=17408: 8 x 2024.02 us = 16192.1 us (45091.3 GFLOPS/s)
MUL_MAT q5_K m=5120 n=512 k=6144: 48 x 737.856 us = 35417.1 us (43653 GFLOPS/s)
RMS_NORM(128,16,512,1): 96 x 30.31 us = 2909.84 us
RMS_NORM_MUL RMS_NORM(128,48,512,1): 48 x 98.723 us = 4738.72 us
RMS_NORM_MUL RMS_NORM(256,24,512,1): 16 x 59.93 us = 958.88 us
RMS_NORM_MUL RMS_NORM(256,4,512,1): 16 x 13.725 us = 219.6 us
RMS_NORM_MUL RMS_NORM(5120,512,1,1): 129 x 25.823 us = 3331.24 us
ROPE: 16 x 44.662 us = 714.6 us
ROPE_VIEW_SET_ROWS ROPE: 16 x 10.97 us = 175.52 us
SCALE: 96 x 12.572 us = 1207 us
SET_ROWS: 16 x 9.912 us = 158.6 us
SIGMOID: 48 x 4.283 us = 205.6 us
SIGMOID_MUL SIGMOID: 16 x 41.62 us = 665.92 us
SILU_MUL SILU: 48 x 36.912 us = 1771.8 us
SOFTPLUS_MUL SOFTPLUS: 48 x 4.585 us = 220.12 us
SSM_CONV_SILU SSM_CONV: 48 x 40.341 us = 1936.4 us
Total time: 950644 us.
----------------
Vulkan Timings:
ADD: 176 x 24.875 us = 4378 us
CONCAT: 48 x 138.755 us = 6660.24 us
CONT: 16 x 65.185 us = 1042.96 us
CPY: 96 x 4.797 us = 460.6 us
FLASH_ATTN_EXT dst(256,24,512,1),  q(256,512,24,1),  k(256,48128,4,1),  v(256,48128,4,1),  m(48128,512,1,1): 16 x 28090.3 us = 449445 us (21558.7 GFLOPS/s)
GATED_DELTA_NET: 48 x 244.824 us = 11751.6 us
GET_ROWS: 96 x 9.123 us = 875.84 us
GLU: 64 x 145.326 us = 9300.88 us
MUL_MAT f32 m=48 n=512 k=5120: 96 x 41.592 us = 3992.84 us (6050.04 GFLOPS/s)
MUL_MAT q4_0 m=1024 n=512 k=5120: 32 x 72.508 us = 2320.28 us (74035 GFLOPS/s)
MUL_MAT q4_0 m=10240 n=512 k=5120: 48 x 1069.27 us = 51325.1 us (50204.1 GFLOPS/s)
MUL_MAT q4_0 m=12288 n=512 k=5120: 16 x 1181.38 us = 18902.1 us (54527.8 GFLOPS/s)
MUL_MAT q4_0 m=17408 n=512 k=5120: 128 x 1525.29 us = 195237 us (59830.8 GFLOPS/s)
MUL_MAT q4_0 m=5120 n=512 k=17408: 56 x 1736.97 us = 97270.4 us (52542.9 GFLOPS/s)
MUL_MAT q4_0 m=5120 n=512 k=6144: 16 x 590.532 us = 9448.52 us (54543.4 GFLOPS/s)
MUL_MAT q4_0 m=6144 n=512 k=5120: 48 x 572.021 us = 27457 us (56307.5 GFLOPS/s)
MUL_MAT q4_1 m=5120 n=512 k=17408: 8 x 2031.68 us = 16253.4 us (44921.2 GFLOPS/s)
MUL_MAT q5_K m=5120 n=512 k=6144: 48 x 739.639 us = 35502.7 us (43547.8 GFLOPS/s)
RMS_NORM(128,16,512,1): 96 x 30.063 us = 2886.08 us
RMS_NORM_MUL RMS_NORM(128,48,512,1): 48 x 98.901 us = 4747.28 us
RMS_NORM_MUL RMS_NORM(256,24,512,1): 16 x 60.147 us = 962.36 us
RMS_NORM_MUL RMS_NORM(256,4,512,1): 16 x 13.747 us = 219.96 us
RMS_NORM_MUL RMS_NORM(5120,512,1,1): 129 x 25.899 us = 3341.08 us
ROPE: 16 x 45.502 us = 728.04 us
ROPE_VIEW_SET_ROWS ROPE: 16 x 10.907 us = 174.52 us
SCALE: 96 x 12.558 us = 1205.64 us
SET_ROWS: 16 x 9.89 us = 158.24 us
SIGMOID: 48 x 4.408 us = 211.6 us
SIGMOID_MUL SIGMOID: 16 x 41.8 us = 668.8 us
SILU_MUL SILU: 48 x 37.068 us = 1779.28 us
SOFTPLUS_MUL SOFTPLUS: 48 x 4.485 us = 215.28 us
SSM_CONV_SILU SSM_CONV: 48 x 40.196 us = 1929.44 us
Total time: 960852 us.
----------------
Vulkan Timings:
ADD: 176 x 15.084 us = 2654.92 us
CONCAT: 48 x 133.496 us = 6407.84 us
CONT: 16 x 41.182 us = 658.92 us
CPY: 96 x 4.056 us = 389.44 us
FLASH_ATTN_EXT dst(256,24,512,1),  q(256,512,24,1),  k(256,48640,4,1),  v(256,48640,4,1),  m(48640,512,1,1): 16 x 23074.4 us = 369190 us (26524.4 GFLOPS/s)
GATED_DELTA_NET: 48 x 239.303 us = 11486.6 us
GET_ROWS: 96 x 7.509 us = 720.92 us
GLU: 64 x 100.085 us = 6405.44 us
MUL_MAT f32 m=48 n=512 k=5120: 96 x 36.107 us = 3466.28 us (6969.09 GFLOPS/s)
MUL_MAT q4_0 m=1024 n=512 k=5120: 32 x 71.785 us = 2297.12 us (74781.4 GFLOPS/s)
MUL_MAT q4_0 m=10240 n=512 k=5120: 48 x 1085.35 us = 52096.8 us (49460.4 GFLOPS/s)
MUL_MAT q4_0 m=12288 n=512 k=5120: 16 x 1166.32 us = 18661.2 us (55231.9 GFLOPS/s)
MUL_MAT q4_0 m=17408 n=512 k=5120: 128 x 1565.95 us = 200442 us (58277.1 GFLOPS/s)
MUL_MAT q4_0 m=5120 n=512 k=17408: 56 x 1766.54 us = 98926 us (51663.5 GFLOPS/s)
MUL_MAT q4_0 m=5120 n=512 k=6144: 16 x 651.855 us = 10429.7 us (49412.3 GFLOPS/s)
MUL_MAT q4_0 m=6144 n=512 k=5120: 48 x 563.256 us = 27036.3 us (57183.7 GFLOPS/s)
MUL_MAT q4_1 m=5120 n=512 k=17408: 8 x 2030.55 us = 16244.4 us (44946.2 GFLOPS/s)
MUL_MAT q5_K m=5120 n=512 k=6144: 48 x 738.235 us = 35435.3 us (43630.5 GFLOPS/s)
RMS_NORM(128,16,512,1): 96 x 28.097 us = 2697.36 us
RMS_NORM_MUL RMS_NORM(128,48,512,1): 48 x 97.67 us = 4688.16 us
RMS_NORM_MUL RMS_NORM(256,24,512,1): 16 x 54.62 us = 873.92 us
RMS_NORM_MUL RMS_NORM(256,4,512,1): 16 x 12.537 us = 200.6 us
RMS_NORM_MUL RMS_NORM(5120,512,1,1): 129 x 18.908 us = 2439.16 us
ROPE: 16 x 36.742 us = 587.88 us
ROPE_VIEW_SET_ROWS ROPE: 16 x 9.602 us = 153.64 us
SCALE: 96 x 9.933 us = 953.64 us
SET_ROWS: 16 x 9.442 us = 151.08 us
SIGMOID: 48 x 4.29 us = 205.96 us
SIGMOID_MUL SIGMOID: 16 x 35.432 us = 566.92 us
SILU_MUL SILU: 48 x 35.668 us = 1712.08 us
SOFTPLUS_MUL SOFTPLUS: 48 x 4.445 us = 213.36 us
SSM_CONV_SILU SSM_CONV: 48 x 30.585 us = 1468.12 us
Total time: 879861 us.
----------------
Vulkan Timings:
ADD: 176 x 17.233 us = 3033.04 us
CONCAT: 48 x 135.003 us = 6480.16 us
CONT: 16 x 45.272 us = 724.36 us
CPY: 96 x 4.251 us = 408.16 us
FLASH_ATTN_EXT dst(256,24,512,1),  q(256,512,24,1),  k(256,49152,4,1),  v(256,49152,4,1),  m(49152,512,1,1): 16 x 24408.2 us = 390531 us (25338.9 GFLOPS/s)
GATED_DELTA_NET: 48 x 241.169 us = 11576.1 us
GET_ROWS: 96 x 7.922 us = 760.52 us
GLU: 64 x 112.373 us = 7191.88 us
MUL_MAT f32 m=48 n=512 k=5120: 96 x 37.632 us = 3612.76 us (6686.53 GFLOPS/s)
MUL_MAT q4_0 m=1024 n=512 k=5120: 32 x 69.445 us = 2222.24 us (77301.2 GFLOPS/s)
MUL_MAT q4_0 m=10240 n=512 k=5120: 48 x 1082.91 us = 51980 us (49571.6 GFLOPS/s)
MUL_MAT q4_0 m=12288 n=512 k=5120: 16 x 1181.95 us = 18911.2 us (54501.5 GFLOPS/s)
MUL_MAT q4_0 m=17408 n=512 k=5120: 128 x 1556.51 us = 199234 us (58630.5 GFLOPS/s)
MUL_MAT q4_0 m=5120 n=512 k=17408: 56 x 1761.3 us = 98632.8 us (51817.1 GFLOPS/s)
MUL_MAT q4_0 m=5120 n=512 k=6144: 16 x 635.775 us = 10172.4 us (50662 GFLOPS/s)
MUL_MAT q4_0 m=6144 n=512 k=5120: 48 x 572.255 us = 27468.2 us (56284.5 GFLOPS/s)
MUL_MAT q4_1 m=5120 n=512 k=17408: 8 x 2029.35 us = 16234.8 us (44972.9 GFLOPS/s)
MUL_MAT q5_K m=5120 n=512 k=6144: 48 x 740.815 us = 35559.2 us (43478.6 GFLOPS/s)
RMS_NORM(128,16,512,1): 96 x 28.607 us = 2746.32 us
RMS_NORM_MUL RMS_NORM(128,48,512,1): 48 x 97.594 us = 4684.52 us
RMS_NORM_MUL RMS_NORM(256,24,512,1): 16 x 56.752 us = 908.04 us
RMS_NORM_MUL RMS_NORM(256,4,512,1): 16 x 12.852 us = 205.64 us
RMS_NORM_MUL RMS_NORM(5120,512,1,1): 129 x 20.514 us = 2646.4 us
ROPE: 16 x 38.235 us = 611.76 us
ROPE_VIEW_SET_ROWS ROPE: 16 x 9.96 us = 159.36 us
SCALE: 96 x 10.607 us = 1018.32 us
SET_ROWS: 16 x 9.57 us = 153.12 us
SIGMOID: 48 x 4.374 us = 209.96 us
SIGMOID_MUL SIGMOID: 16 x 37.05 us = 592.8 us
SILU_MUL SILU: 48 x 36.029 us = 1729.4 us
SOFTPLUS_MUL SOFTPLUS: 48 x 4.358 us = 209.2 us
SSM_CONV_SILU SSM_CONV: 48 x 33.522 us = 1609.08 us
Total time: 902216 us.
1.53.710.582 I slot print_timing: id  0 | task 0 | prompt processing, n_tokens =  49152, progress = 0.56, t =  68.03 s / 722.55 tokens per second
----------------
Vulkan Timings:
ADD: 176 x 13.906 us = 2447.56 us
CONCAT: 48 x 133.64 us = 6414.76 us
CONT: 16 x 37.032 us = 592.52 us
CPY: 96 x 4.075 us = 391.28 us
FLASH_ATTN_EXT dst(256,24,512,1),  q(256,512,24,1),  k(256,49664,4,1),  v(256,49664,4,1),  m(49664,512,1,1): 16 x 22848.3 us = 365572 us (27350.8 GFLOPS/s)
GATED_DELTA_NET: 48 x 240.54 us = 11545.9 us
GET_ROWS: 96 x 7.352 us = 705.8 us
GLU: 64 x 94.02 us = 6017.32 us
MUL_MAT f32 m=48 n=512 k=5120: 96 x 35.664 us = 3423.76 us (7055.64 GFLOPS/s)
MUL_MAT q4_0 m=1024 n=512 k=5120: 32 x 67.902 us = 2172.88 us (79057.2 GFLOPS/s)
MUL_MAT q4_0 m=10240 n=512 k=5120: 48 x 1080.96 us = 51886 us (49661.3 GFLOPS/s)
MUL_MAT q4_0 m=12288 n=512 k=5120: 16 x 1171.13 us = 18738.1 us (55005.2 GFLOPS/s)
MUL_MAT q4_0 m=17408 n=512 k=5120: 128 x 1577.4 us = 201907 us (57854.2 GFLOPS/s)
MUL_MAT q4_0 m=5120 n=512 k=17408: 56 x 1760.58 us = 98592.4 us (51838.3 GFLOPS/s)
MUL_MAT q4_0 m=5120 n=512 k=6144: 16 x 656.455 us = 10503.3 us (49066 GFLOPS/s)
MUL_MAT q4_0 m=6144 n=512 k=5120: 48 x 566.637 us = 27198.6 us (56842.5 GFLOPS/s)
MUL_MAT q4_1 m=5120 n=512 k=17408: 8 x 2034.59 us = 16276.7 us (44857 GFLOPS/s)
MUL_MAT q5_K m=5120 n=512 k=6144: 48 x 744.192 us = 35721.2 us (43281.3 GFLOPS/s)
RMS_NORM(128,16,512,1): 96 x 27.853 us = 2673.92 us
RMS_NORM_MUL RMS_NORM(128,48,512,1): 48 x 98.106 us = 4709.12 us
RMS_NORM_MUL RMS_NORM(256,24,512,1): 16 x 53.842 us = 861.48 us
RMS_NORM_MUL RMS_NORM(256,4,512,1): 16 x 12.402 us = 198.44 us
RMS_NORM_MUL RMS_NORM(5120,512,1,1): 129 x 17.714 us = 2285.2 us
ROPE: 16 x 35.65 us = 570.4 us
ROPE_VIEW_SET_ROWS ROPE: 16 x 9.425 us = 150.8 us
SCALE: 96 x 9.612 us = 922.8 us
SET_ROWS: 16 x 9.365 us = 149.84 us
SIGMOID: 48 x 4.213 us = 202.24 us
SIGMOID_MUL SIGMOID: 16 x 34.58 us = 553.28 us
SILU_MUL SILU: 48 x 36.026 us = 1729.28 us
SOFTPLUS_MUL SOFTPLUS: 48 x 4.42 us = 212.16 us
SSM_CONV_SILU SSM_CONV: 48 x 30.056 us = 1442.72 us
Total time: 876769 us.
----------------
Vulkan Timings:
ADD: 176 x 17.241 us = 3034.48 us
CONCAT: 48 x 134.719 us = 6466.52 us
CONT: 16 x 45.62 us = 729.92 us
CPY: 96 x 4.285 us = 411.36 us
FLASH_ATTN_EXT dst(256,24,512,1),  q(256,512,24,1),  k(256,50176,4,1),  v(256,50176,4,1),  m(50176,512,1,1): 16 x 24836.5 us = 397384 us (25420.7 GFLOPS/s)
GATED_DELTA_NET: 48 x 240.584 us = 11548 us
GET_ROWS: 96 x 7.853 us = 753.96 us
GLU: 64 x 109.495 us = 7007.72 us
MUL_MAT f32 m=48 n=512 k=5120: 96 x 37.132 us = 3564.72 us (6776.64 GFLOPS/s)
MUL_MAT q4_0 m=1024 n=512 k=5120: 32 x 68.587 us = 2194.8 us (78267.7 GFLOPS/s)
MUL_MAT q4_0 m=10240 n=512 k=5120: 48 x 1079.42 us = 51812.1 us (49732.2 GFLOPS/s)
MUL_MAT q4_0 m=12288 n=512 k=5120: 16 x 1170.18 us = 18722.9 us (55049.7 GFLOPS/s)
MUL_MAT q4_0 m=17408 n=512 k=5120: 128 x 1555.38 us = 199089 us (58673.1 GFLOPS/s)
MUL_MAT q4_0 m=5120 n=512 k=17408: 56 x 1756 us = 98335.9 us (51973.5 GFLOPS/s)
MUL_MAT q4_0 m=5120 n=512 k=6144: 16 x 635.18 us = 10162.9 us (50709.5 GFLOPS/s)
MUL_MAT q4_0 m=6144 n=512 k=5120: 48 x 566.347 us = 27184.7 us (56871.6 GFLOPS/s)
MUL_MAT q4_1 m=5120 n=512 k=17408: 8 x 2023.47 us = 16187.8 us (45103.4 GFLOPS/s)
MUL_MAT q5_K m=5120 n=512 k=6144: 48 x 739.197 us = 35481.5 us (43573.8 GFLOPS/s)
RMS_NORM(128,16,512,1): 96 x 28.438 us = 2730.12 us
RMS_NORM_MUL RMS_NORM(128,48,512,1): 48 x 97.703 us = 4689.76 us
RMS_NORM_MUL RMS_NORM(256,24,512,1): 16 x 55.24 us = 883.84 us
RMS_NORM_MUL RMS_NORM(256,4,512,1): 16 x 12.65 us = 202.4 us
RMS_NORM_MUL RMS_NORM(5120,512,1,1): 129 x 20.121 us = 2595.68 us
ROPE: 16 x 37.71 us = 603.36 us
ROPE_VIEW_SET_ROWS ROPE: 16 x 9.765 us = 156.24 us
SCALE: 96 x 10.467 us = 1004.92 us
SET_ROWS: 16 x 9.455 us = 151.28 us
SIGMOID: 48 x 4.298 us = 206.32 us
SIGMOID_MUL SIGMOID: 16 x 36.645 us = 586.32 us
SILU_MUL SILU: 48 x 35.935 us = 1724.92 us
SOFTPLUS_MUL SOFTPLUS: 48 x 4.354 us = 209 us
SSM_CONV_SILU SSM_CONV: 48 x 33.359 us = 1601.24 us
Total time: 907418 us.
----------------
Vulkan Timings:
ADD: 176 x 13.917 us = 2449.56 us
CONCAT: 48 x 133.293 us = 6398.08 us
CONT: 16 x 36.705 us = 587.28 us
CPY: 96 x 3.909 us = 375.32 us
FLASH_ATTN_EXT dst(256,24,512,1),  q(256,512,24,1),  k(256,50688,4,1),  v(256,50688,4,1),  m(50688,512,1,1): 16 x 23358.1 us = 373729 us (27305.4 GFLOPS/s)
GATED_DELTA_NET: 48 x 239.891 us = 11514.8 us
GET_ROWS: 96 x 7.33 us = 703.72 us
GLU: 64 x 93.955 us = 6013.12 us
MUL_MAT f32 m=48 n=512 k=5120: 96 x 35.523 us = 3410.24 us (7083.62 GFLOPS/s)
MUL_MAT q4_0 m=1024 n=512 k=5120: 32 x 67.696 us = 2166.28 us (79298.1 GFLOPS/s)
MUL_MAT q4_0 m=10240 n=512 k=5120: 48 x 1084.5 us = 52055.9 us (49499.3 GFLOPS/s)
MUL_MAT q4_0 m=12288 n=512 k=5120: 16 x 1170.05 us = 18720.8 us (55056 GFLOPS/s)
MUL_MAT q4_0 m=17408 n=512 k=5120: 128 x 1574.55 us = 201542 us (57959 GFLOPS/s)
MUL_MAT q4_0 m=5120 n=512 k=17408: 56 x 1764.39 us = 98805.6 us (51726.4 GFLOPS/s)
MUL_MAT q4_0 m=5120 n=512 k=6144: 16 x 657.862 us = 10525.8 us (48961 GFLOPS/s)
MUL_MAT q4_0 m=6144 n=512 k=5120: 48 x 564.695 us = 27105.4 us (57038 GFLOPS/s)
MUL_MAT q4_1 m=5120 n=512 k=17408: 8 x 2043.34 us = 16346.7 us (44664.9 GFLOPS/s)
MUL_MAT q5_K m=5120 n=512 k=6144: 48 x 739.329 us = 35487.8 us (43566 GFLOPS/s)
RMS_NORM(128,16,512,1): 96 x 27.9 us = 2678.4 us
RMS_NORM_MUL RMS_NORM(128,48,512,1): 48 x 97.612 us = 4685.4 us
RMS_NORM_MUL RMS_NORM(256,24,512,1): 16 x 54.742 us = 875.88 us
RMS_NORM_MUL RMS_NORM(256,4,512,1): 16 x 12.417 us = 198.68 us
RMS_NORM_MUL RMS_NORM(5120,512,1,1): 129 x 17.737 us = 2288.16 us
ROPE: 16 x 35.682 us = 570.92 us
ROPE_VIEW_SET_ROWS ROPE: 16 x 9.465 us = 151.44 us
SCALE: 96 x 9.63 us = 924.48 us
SET_ROWS: 16 x 9.367 us = 149.88 us
SIGMOID: 48 x 4.332 us = 207.96 us
SIGMOID_MUL SIGMOID: 16 x 34.697 us = 555.16 us
SILU_MUL SILU: 48 x 35.617 us = 1709.64 us
SOFTPLUS_MUL SOFTPLUS: 48 x 4.365 us = 209.56 us
SSM_CONV_SILU SSM_CONV: 48 x 30.117 us = 1445.64 us
Total time: 884589 us.
----------------
Vulkan Timings:
ADD: 176 x 16.327 us = 2873.72 us
CONCAT: 48 x 134.965 us = 6478.32 us
CONT: 16 x 44.51 us = 712.16 us
CPY: 96 x 4.272 us = 410.12 us
FLASH_ATTN_EXT dst(256,24,512,1),  q(256,512,24,1),  k(256,51200,4,1),  v(256,51200,4,1),  m(51200,512,1,1): 16 x 25272.1 us = 404354 us (25492.3 GFLOPS/s)
GATED_DELTA_NET: 48 x 240.505 us = 11544.2 us
GET_ROWS: 96 x 7.809 us = 749.72 us
GLU: 64 x 108.965 us = 6973.8 us
MUL_MAT f32 m=48 n=512 k=5120: 96 x 39.611 us = 3802.72 us (6352.51 GFLOPS/s)
MUL_MAT q4_0 m=1024 n=512 k=5120: 32 x 69.113 us = 2211.64 us (77671.7 GFLOPS/s)
MUL_MAT q4_0 m=10240 n=512 k=5120: 48 x 1075.82 us = 51639.2 us (49898.7 GFLOPS/s)
MUL_MAT q4_0 m=12288 n=512 k=5120: 16 x 1170.66 us = 18730.6 us (55027.1 GFLOPS/s)
MUL_MAT q4_0 m=17408 n=512 k=5120: 128 x 1566.91 us = 200565 us (58241.4 GFLOPS/s)
MUL_MAT q4_0 m=5120 n=512 k=17408: 56 x 1758.67 us = 98485.6 us (51894.5 GFLOPS/s)
MUL_MAT q4_0 m=5120 n=512 k=6144: 16 x 641.665 us = 10266.6 us (50197 GFLOPS/s)
MUL_MAT q4_0 m=6144 n=512 k=5120: 48 x 564.33 us = 27087.9 us (57074.9 GFLOPS/s)
MUL_MAT q4_1 m=5120 n=512 k=17408: 8 x 2046.07 us = 16368.5 us (44605.3 GFLOPS/s)
MUL_MAT q5_K m=5120 n=512 k=6144: 48 x 741.017 us = 35568.8 us (43466.8 GFLOPS/s)
RMS_NORM(128,16,512,1): 96 x 28.426 us = 2728.96 us
RMS_NORM_MUL RMS_NORM(128,48,512,1): 48 x 98.623 us = 4733.92 us
RMS_NORM_MUL RMS_NORM(256,24,512,1): 16 x 56.697 us = 907.16 us
RMS_NORM_MUL RMS_NORM(256,4,512,1): 16 x 12.702 us = 203.24 us
RMS_NORM_MUL RMS_NORM(5120,512,1,1): 129 x 21.334 us = 2752.16 us
ROPE: 16 x 38.795 us = 620.72 us
ROPE_VIEW_SET_ROWS ROPE: 16 x 9.8 us = 156.8 us
SCALE: 96 x 10.442 us = 1002.44 us
SET_ROWS: 16 x 9.492 us = 151.88 us
SIGMOID: 48 x 4.407 us = 211.56 us
SIGMOID_MUL SIGMOID: 16 x 36.262 us = 580.2 us
SILU_MUL SILU: 48 x 36.341 us = 1744.4 us
SOFTPLUS_MUL SOFTPLUS: 48 x 4.366 us = 209.6 us
SSM_CONV_SILU SSM_CONV: 48 x 32.559 us = 1562.84 us
Total time: 916389 us.
1.57.423.165 I slot print_timing: id  0 | task 0 | prompt processing, n_tokens =  51200, progress = 0.58, t =  71.74 s / 713.70 tokens per second
----------------
Vulkan Timings:
ADD: 176 x 17.796 us = 3132.24 us
CONCAT: 48 x 134.599 us = 6460.76 us
CONT: 16 x 47.14 us = 754.24 us
CPY: 96 x 4.302 us = 413.08 us
FLASH_ATTN_EXT dst(256,24,512,1),  q(256,512,24,1),  k(256,51712,4,1),  v(256,51712,4,1),  m(51712,512,1,1): 16 x 26011.2 us = 416180 us (25015.6 GFLOPS/s)
GATED_DELTA_NET: 48 x 241.772 us = 11605.1 us
GET_ROWS: 96 x 7.792 us = 748.04 us
GLU: 64 x 112.285 us = 7186.28 us
MUL_MAT f32 m=48 n=512 k=5120: 96 x 37.519 us = 3601.84 us (6706.8 GFLOPS/s)
MUL_MAT q4_0 m=1024 n=512 k=5120: 32 x 72.905 us = 2332.96 us (73632.6 GFLOPS/s)
MUL_MAT q4_0 m=10240 n=512 k=5120: 48 x 1075.44 us = 51621.4 us (49915.9 GFLOPS/s)
MUL_MAT q4_0 m=12288 n=512 k=5120: 16 x 1171.46 us = 18743.3 us (54989.8 GFLOPS/s)
MUL_MAT q4_0 m=17408 n=512 k=5120: 128 x 1562.06 us = 199944 us (58422.2 GFLOPS/s)
MUL_MAT q4_0 m=5120 n=512 k=17408: 56 x 1756.08 us = 98340.6 us (51971.1 GFLOPS/s)
MUL_MAT q4_0 m=5120 n=512 k=6144: 16 x 629.837 us = 10077.4 us (51139.6 GFLOPS/s)
MUL_MAT q4_0 m=6144 n=512 k=5120: 48 x 567.464 us = 27238.3 us (56759.7 GFLOPS/s)
MUL_MAT q4_1 m=5120 n=512 k=17408: 8 x 2044.8 us = 16358.4 us (44632.9 GFLOPS/s)
MUL_MAT q5_K m=5120 n=512 k=6144: 48 x 741.076 us = 35571.7 us (43463.3 GFLOPS/s)
RMS_NORM(128,16,512,1): 96 x 28.501 us = 2736.16 us
RMS_NORM_MUL RMS_NORM(128,48,512,1): 48 x 98.106 us = 4709.12 us
RMS_NORM_MUL RMS_NORM(256,24,512,1): 16 x 56.22 us = 899.52 us
RMS_NORM_MUL RMS_NORM(256,4,512,1): 16 x 12.932 us = 206.92 us
RMS_NORM_MUL RMS_NORM(5120,512,1,1): 129 x 20.504 us = 2645.12 us
ROPE: 16 x 38.57 us = 617.12 us
ROPE_VIEW_SET_ROWS ROPE: 16 x 10.052 us = 160.84 us
SCALE: 96 x 10.545 us = 1012.32 us
SET_ROWS: 16 x 9.585 us = 153.36 us
SIGMOID: 48 x 4.397 us = 211.08 us
SIGMOID_MUL SIGMOID: 16 x 37.392 us = 598.28 us
SILU_MUL SILU: 48 x 36.015 us = 1728.76 us
SOFTPLUS_MUL SOFTPLUS: 48 x 4.318 us = 207.28 us
SSM_CONV_SILU SSM_CONV: 48 x 33.673 us = 1616.32 us
Total time: 927812 us.
----------------
Vulkan Timings:
ADD: 176 x 13.99 us = 2462.28 us
CONCAT: 48 x 133.562 us = 6411 us
CONT: 16 x 36.95 us = 591.2 us
CPY: 96 x 3.927 us = 377.04 us
FLASH_ATTN_EXT dst(256,24,512,1),  q(256,512,24,1),  k(256,52224,4,1),  v(256,52224,4,1),  m(52224,512,1,1): 16 x 24240.1 us = 387841 us (27109.2 GFLOPS/s)
GATED_DELTA_NET: 48 x 239.93 us = 11516.6 us
GET_ROWS: 96 x 7.262 us = 697.24 us
GLU: 64 x 94.106 us = 6022.84 us
MUL_MAT f32 m=48 n=512 k=5120: 96 x 35.557 us = 3413.48 us (7076.89 GFLOPS/s)
MUL_MAT q4_0 m=1024 n=512 k=5120: 32 x 67.708 us = 2166.68 us (79283.5 GFLOPS/s)
MUL_MAT q4_0 m=10240 n=512 k=5120: 48 x 1083.34 us = 52000.3 us (49552.2 GFLOPS/s)
MUL_MAT q4_0 m=12288 n=512 k=5120: 16 x 1169.67 us = 18714.8 us (55073.6 GFLOPS/s)
MUL_MAT q4_0 m=17408 n=512 k=5120: 128 x 1568.76 us = 200801 us (58173 GFLOPS/s)
MUL_MAT q4_0 m=5120 n=512 k=17408: 56 x 1767.49 us = 98979.4 us (51635.7 GFLOPS/s)
MUL_MAT q4_0 m=5120 n=512 k=6144: 16 x 654.032 us = 10464.5 us (49247.8 GFLOPS/s)
MUL_MAT q4_0 m=6144 n=512 k=5120: 48 x 564.4 us = 27091.2 us (57067.9 GFLOPS/s)
MUL_MAT q4_1 m=5120 n=512 k=17408: 8 x 2018.24 us = 16146 us (45220.2 GFLOPS/s)
MUL_MAT q5_K m=5120 n=512 k=6144: 48 x 738.134 us = 35430.4 us (43636.6 GFLOPS/s)
RMS_NORM(128,16,512,1): 96 x 27.838 us = 2672.52 us
RMS_NORM_MUL RMS_NORM(128,48,512,1): 48 x 97.844 us = 4696.52 us
RMS_NORM_MUL RMS_NORM(256,24,512,1): 16 x 54.12 us = 865.92 us
RMS_NORM_MUL RMS_NORM(256,4,512,1): 16 x 12.35 us = 197.6 us
RMS_NORM_MUL RMS_NORM(5120,512,1,1): 129 x 17.849 us = 2302.6 us
ROPE: 16 x 35.58 us = 569.28 us
ROPE_VIEW_SET_ROWS ROPE: 16 x 9.442 us = 151.08 us
SCALE: 96 x 9.603 us = 921.96 us
SET_ROWS: 16 x 9.377 us = 150.04 us
SIGMOID: 48 x 4.094 us = 196.52 us
SIGMOID_MUL SIGMOID: 16 x 34.472 us = 551.56 us
SILU_MUL SILU: 48 x 35.446 us = 1701.44 us
SOFTPLUS_MUL SOFTPLUS: 48 x 4.461 us = 214.16 us
SSM_CONV_SILU SSM_CONV: 48 x 29.929 us = 1436.6 us
Total time: 897755 us.
----------------
Vulkan Timings:
ADD: 176 x 17.261 us = 3038.04 us
CONCAT: 48 x 134.849 us = 6472.76 us
CONT: 16 x 44.295 us = 708.72 us
CPY: 96 x 4.167 us = 400.04 us
FLASH_ATTN_EXT dst(256,24,512,1),  q(256,512,24,1),  k(256,52736,4,1),  v(256,52736,4,1),  m(52736,512,1,1): 16 x 26109.9 us = 417758 us (25414.6 GFLOPS/s)
GATED_DELTA_NET: 48 x 240.53 us = 11545.5 us
GET_ROWS: 96 x 7.754 us = 744.4 us
GLU: 64 x 107.873 us = 6903.92 us
MUL_MAT f32 m=48 n=512 k=5120: 96 x 37.073 us = 3559.08 us (6787.38 GFLOPS/s)
MUL_MAT q4_0 m=1024 n=512 k=5120: 32 x 68.696 us = 2198.28 us (78143.8 GFLOPS/s)
MUL_MAT q4_0 m=10240 n=512 k=5120: 48 x 1079.16 us = 51799.6 us (49744.2 GFLOPS/s)
MUL_MAT q4_0 m=12288 n=512 k=5120: 16 x 1170.33 us = 18725.2 us (55043 GFLOPS/s)
MUL_MAT q4_0 m=17408 n=512 k=5120: 128 x 1556.85 us = 199277 us (58617.8 GFLOPS/s)
MUL_MAT q4_0 m=5120 n=512 k=17408: 56 x 1755.65 us = 98316.5 us (51983.8 GFLOPS/s)
MUL_MAT q4_0 m=5120 n=512 k=6144: 16 x 643.272 us = 10292.4 us (50071.5 GFLOPS/s)
MUL_MAT q4_0 m=6144 n=512 k=5120: 48 x 565.784 us = 27157.6 us (56928.3 GFLOPS/s)
MUL_MAT q4_1 m=5120 n=512 k=17408: 8 x 2033.12 us = 16264.9 us (44889.5 GFLOPS/s)
MUL_MAT q5_K m=5120 n=512 k=6144: 48 x 740.752 us = 35556.1 us (43482.3 GFLOPS/s)
RMS_NORM(128,16,512,1): 96 x 28.42 us = 2728.36 us
RMS_NORM_MUL RMS_NORM(128,48,512,1): 48 x 98.481 us = 4727.12 us
RMS_NORM_MUL RMS_NORM(256,24,512,1): 16 x 55.897 us = 894.36 us
RMS_NORM_MUL RMS_NORM(256,4,512,1): 16 x 12.68 us = 202.88 us
RMS_NORM_MUL RMS_NORM(5120,512,1,1): 129 x 20.014 us = 2581.92 us
ROPE: 16 x 37.555 us = 600.88 us
ROPE_VIEW_SET_ROWS ROPE: 16 x 9.782 us = 156.52 us
SCALE: 96 x 10.415 us = 999.88 us
SET_ROWS: 16 x 9.48 us = 151.68 us
SIGMOID: 48 x 4.264 us = 204.68 us
SIGMOID_MUL SIGMOID: 16 x 35.89 us = 574.24 us
SILU_MUL SILU: 48 x 35.909 us = 1723.64 us
SOFTPLUS_MUL SOFTPLUS: 48 x 4.503 us = 216.16 us
SSM_CONV_SILU SSM_CONV: 48 x 32.896 us = 1579.04 us
Total time: 928060 us.
----------------
Vulkan Timings:
ADD: 176 x 14.532 us = 2557.76 us
CONCAT: 48 x 133.905 us = 6427.44 us
CONT: 16 x 38.512 us = 616.2 us
CPY: 96 x 3.938 us = 378.08 us
FLASH_ATTN_EXT dst(256,24,512,1),  q(256,512,24,1),  k(256,53248,4,1),  v(256,53248,4,1),  m(53248,512,1,1): 16 x 25078.6 us = 401258 us (26716.6 GFLOPS/s)
GATED_DELTA_NET: 48 x 239.569 us = 11499.3 us
GET_ROWS: 96 x 7.33 us = 703.68 us
GLU: 64 x 96.356 us = 6166.8 us
MUL_MAT f32 m=48 n=512 k=5120: 96 x 35.796 us = 3436.48 us (7029.53 GFLOPS/s)
MUL_MAT q4_0 m=1024 n=512 k=5120: 32 x 68.113 us = 2179.64 us (78812.1 GFLOPS/s)
MUL_MAT q4_0 m=10240 n=512 k=5120: 48 x 1079.04 us = 51793.9 us (49749.7 GFLOPS/s)
MUL_MAT q4_0 m=12288 n=512 k=5120: 16 x 1178.23 us = 18851.7 us (54673.7 GFLOPS/s)
MUL_MAT q4_0 m=17408 n=512 k=5120: 128 x 1568.22 us = 200732 us (58192.9 GFLOPS/s)
MUL_MAT q4_0 m=5120 n=512 k=17408: 56 x 1765.89 us = 98889.8 us (51682.4 GFLOPS/s)
MUL_MAT q4_0 m=5120 n=512 k=6144: 16 x 651.81 us = 10429 us (49415.7 GFLOPS/s)
MUL_MAT q4_0 m=6144 n=512 k=5120: 48 x 565.295 us = 27134.2 us (56977.5 GFLOPS/s)
MUL_MAT q4_1 m=5120 n=512 k=17408: 8 x 2029.93 us = 16239.4 us (44959.9 GFLOPS/s)
MUL_MAT q5_K m=5120 n=512 k=6144: 48 x 740.098 us = 35524.7 us (43520.7 GFLOPS/s)
RMS_NORM(128,16,512,1): 96 x 27.964 us = 2684.56 us
RMS_NORM_MUL RMS_NORM(128,48,512,1): 48 x 97.451 us = 4677.68 us
RMS_NORM_MUL RMS_NORM(256,24,512,1): 16 x 54.835 us = 877.36 us
RMS_NORM_MUL RMS_NORM(256,4,512,1): 16 x 12.475 us = 199.6 us
RMS_NORM_MUL RMS_NORM(5120,512,1,1): 129 x 18.302 us = 2360.96 us
ROPE: 16 x 36.045 us = 576.72 us
ROPE_VIEW_SET_ROWS ROPE: 16 x 9.562 us = 153 us
SCALE: 96 x 9.744 us = 935.44 us
SET_ROWS: 16 x 9.437 us = 151 us
SIGMOID: 48 x 4.204 us = 201.8 us
SIGMOID_MUL SIGMOID: 16 x 35.332 us = 565.32 us
SILU_MUL SILU: 48 x 35.582 us = 1707.96 us
SOFTPLUS_MUL SOFTPLUS: 48 x 4.361 us = 209.36 us
SSM_CONV_SILU SSM_CONV: 48 x 30.45 us = 1461.6 us
Total time: 911580 us.
2.01.220.417 I slot print_timing: id  0 | task 0 | prompt processing, n_tokens =  53248, progress = 0.60, t =  75.54 s / 704.94 tokens per second
----------------
Vulkan Timings:
ADD: 176 x 24.17 us = 4254.04 us
CONCAT: 48 x 138.41 us = 6643.68 us
CONT: 16 x 63.652 us = 1018.44 us
CPY: 96 x 4.85 us = 465.6 us
FLASH_ATTN_EXT dst(256,24,512,1),  q(256,512,24,1),  k(256,53760,4,1),  v(256,53760,4,1),  m(53760,512,1,1): 16 x 31694.7 us = 507116 us (21342.9 GFLOPS/s)
GATED_DELTA_NET: 48 x 244.544 us = 11738.1 us
GET_ROWS: 96 x 9.095 us = 873.2 us
GLU: 64 x 144.671 us = 9258.96 us
MUL_MAT f32 m=48 n=512 k=5120: 96 x 41.749 us = 4007.96 us (6027.21 GFLOPS/s)
MUL_MAT q4_0 m=1024 n=512 k=5120: 32 x 79.143 us = 2532.6 us (67828.3 GFLOPS/s)
MUL_MAT q4_0 m=10240 n=512 k=5120: 48 x 1067.34 us = 51232.4 us (50294.9 GFLOPS/s)
MUL_MAT q4_0 m=12288 n=512 k=5120: 16 x 1163.71 us = 18619.3 us (55356 GFLOPS/s)
MUL_MAT q4_0 m=17408 n=512 k=5120: 128 x 1518.96 us = 194426 us (60080.2 GFLOPS/s)
MUL_MAT q4_0 m=5120 n=512 k=17408: 56 x 1738.97 us = 97382.2 us (52482.6 GFLOPS/s)
MUL_MAT q4_0 m=5120 n=512 k=6144: 16 x 575.987 us = 9215.8 us (55920.7 GFLOPS/s)
MUL_MAT q4_0 m=6144 n=512 k=5120: 48 x 565.805 us = 27158.6 us (56926.2 GFLOPS/s)
MUL_MAT q4_1 m=5120 n=512 k=17408: 8 x 2011.34 us = 16090.7 us (45375.6 GFLOPS/s)
MUL_MAT q5_K m=5120 n=512 k=6144: 48 x 735.177 us = 35288.5 us (43812 GFLOPS/s)
RMS_NORM(128,16,512,1): 96 x 30.035 us = 2883.36 us
RMS_NORM_MUL RMS_NORM(128,48,512,1): 48 x 97.895 us = 4699 us
RMS_NORM_MUL RMS_NORM(256,24,512,1): 16 x 61.11 us = 977.76 us
RMS_NORM_MUL RMS_NORM(256,4,512,1): 16 x 13.732 us = 219.72 us
RMS_NORM_MUL RMS_NORM(5120,512,1,1): 129 x 26.055 us = 3361.2 us
ROPE: 16 x 44.865 us = 717.84 us
ROPE_VIEW_SET_ROWS ROPE: 16 x 10.9 us = 174.4 us
SCALE: 96 x 12.49 us = 1199.08 us
SET_ROWS: 16 x 9.867 us = 157.88 us
SIGMOID: 48 x 4.504 us = 216.2 us
SIGMOID_MUL SIGMOID: 16 x 41.512 us = 664.2 us
SILU_MUL SILU: 48 x 36.951 us = 1773.68 us
SOFTPLUS_MUL SOFTPLUS: 48 x 4.423 us = 212.32 us
SSM_CONV_SILU SSM_CONV: 48 x 40.275 us = 1933.24 us
Total time: 1.01651e+06 us.
----------------
Vulkan Timings:
ADD: 176 x 21.504 us = 3784.76 us
CONCAT: 48 x 136.246 us = 6539.84 us
CONT: 16 x 56.627 us = 906.04 us
CPY: 96 x 4.614 us = 443 us
FLASH_ATTN_EXT dst(256,24,512,1),  q(256,512,24,1),  k(256,54272,4,1),  v(256,54272,4,1),  m(54272,512,1,1): 16 x 30097.3 us = 481556 us (22689.8 GFLOPS/s)
GATED_DELTA_NET: 48 x 241.55 us = 11594.4 us
GET_ROWS: 96 x 8.58 us = 823.76 us
GLU: 64 x 130.394 us = 8345.24 us
MUL_MAT f32 m=48 n=512 k=5120: 96 x 39.748 us = 3815.88 us (6330.61 GFLOPS/s)
MUL_MAT q4_0 m=1024 n=512 k=5120: 32 x 70.915 us = 2269.28 us (75698.9 GFLOPS/s)
MUL_MAT q4_0 m=10240 n=512 k=5120: 48 x 1064.63 us = 51102.1 us (50423.2 GFLOPS/s)
MUL_MAT q4_0 m=12288 n=512 k=5120: 16 x 1168.42 us = 18694.7 us (55132.9 GFLOPS/s)
MUL_MAT q4_0 m=17408 n=512 k=5120: 128 x 1527.1 us = 195469 us (59759.9 GFLOPS/s)
MUL_MAT q4_0 m=5120 n=512 k=17408: 56 x 1734.78 us = 97147.6 us (52609.3 GFLOPS/s)
MUL_MAT q4_0 m=5120 n=512 k=6144: 16 x 599.467 us = 9591.48 us (53730.4 GFLOPS/s)
MUL_MAT q4_0 m=6144 n=512 k=5120: 48 x 566.212 us = 27178.2 us (56885.2 GFLOPS/s)
MUL_MAT q4_1 m=5120 n=512 k=17408: 8 x 2014.17 us = 16113.4 us (45311.6 GFLOPS/s)
MUL_MAT q5_K m=5120 n=512 k=6144: 48 x 734.84 us = 35272.3 us (43832.2 GFLOPS/s)
RMS_NORM(128,16,512,1): 96 x 29.222 us = 2805.4 us
RMS_NORM_MUL RMS_NORM(128,48,512,1): 48 x 98.749 us = 4739.96 us
RMS_NORM_MUL RMS_NORM(256,24,512,1): 16 x 57.787 us = 924.6 us
RMS_NORM_MUL RMS_NORM(256,4,512,1): 16 x 13.27 us = 212.32 us
RMS_NORM_MUL RMS_NORM(5120,512,1,1): 129 x 23.595 us = 3043.8 us
ROPE: 16 x 42.715 us = 683.44 us
ROPE_VIEW_SET_ROWS ROPE: 16 x 10.447 us = 167.16 us
SCALE: 96 x 11.721 us = 1125.28 us
SET_ROWS: 16 x 9.69 us = 155.04 us
SIGMOID: 48 x 4.262 us = 204.6 us
SIGMOID_MUL SIGMOID: 16 x 39.507 us = 632.12 us
SILU_MUL SILU: 48 x 36.395 us = 1746.96 us
SOFTPLUS_MUL SOFTPLUS: 48 x 4.458 us = 214 us
SSM_CONV_SILU SSM_CONV: 48 x 37.093 us = 1780.48 us
Total time: 989082 us.
----------------
Vulkan Timings:
ADD: 176 x 13.928 us = 2451.44 us
CONCAT: 48 x 133.5 us = 6408.04 us
CONT: 16 x 37.967 us = 607.48 us
CPY: 96 x 3.933 us = 377.6 us
FLASH_ATTN_EXT dst(256,24,512,1),  q(256,512,24,1),  k(256,54784,4,1),  v(256,54784,4,1),  m(54784,512,1,1): 16 x 25332.2 us = 405316 us (27212.1 GFLOPS/s)
GATED_DELTA_NET: 48 x 239.782 us = 11509.6 us
GET_ROWS: 96 x 7.245 us = 695.52 us
GLU: 64 x 94.275 us = 6033.6 us
MUL_MAT f32 m=48 n=512 k=5120: 96 x 35.68 us = 3425.36 us (7052.35 GFLOPS/s)
MUL_MAT q4_0 m=1024 n=512 k=5120: 32 x 67.993 us = 2175.8 us (78951.2 GFLOPS/s)
MUL_MAT q4_0 m=10240 n=512 k=5120: 48 x 1082.06 us = 51938.9 us (49610.7 GFLOPS/s)
MUL_MAT q4_0 m=12288 n=512 k=5120: 16 x 1172.07 us = 18753.1 us (54961.1 GFLOPS/s)
MUL_MAT q4_0 m=17408 n=512 k=5120: 128 x 1568.47 us = 200764 us (58183.7 GFLOPS/s)
MUL_MAT q4_0 m=5120 n=512 k=17408: 56 x 1765.22 us = 98852.4 us (51702 GFLOPS/s)
MUL_MAT q4_0 m=5120 n=512 k=6144: 16 x 652.84 us = 10445.4 us (49337.7 GFLOPS/s)
MUL_MAT q4_0 m=6144 n=512 k=5120: 48 x 564.415 us = 27091.9 us (57066.4 GFLOPS/s)
MUL_MAT q4_1 m=5120 n=512 k=17408: 8 x 2018.53 us = 16148.2 us (45213.8 GFLOPS/s)
MUL_MAT q5_K m=5120 n=512 k=6144: 48 x 741.09 us = 35572.3 us (43462.5 GFLOPS/s)
RMS_NORM(128,16,512,1): 96 x 27.837 us = 2672.36 us
RMS_NORM_MUL RMS_NORM(128,48,512,1): 48 x 98.108 us = 4709.2 us
RMS_NORM_MUL RMS_NORM(256,24,512,1): 16 x 53.752 us = 860.04 us
RMS_NORM_MUL RMS_NORM(256,4,512,1): 16 x 12.365 us = 197.84 us
RMS_NORM_MUL RMS_NORM(5120,512,1,1): 129 x 17.802 us = 2296.48 us
ROPE: 16 x 35.592 us = 569.48 us
ROPE_VIEW_SET_ROWS ROPE: 16 x 9.45 us = 151.2 us
SCALE: 96 x 9.592 us = 920.92 us
SET_ROWS: 16 x 9.38 us = 150.08 us
SIGMOID: 48 x 4.27 us = 205 us
SIGMOID_MUL SIGMOID: 16 x 34.415 us = 550.64 us
SILU_MUL SILU: 48 x 35.588 us = 1708.24 us
SOFTPLUS_MUL SOFTPLUS: 48 x 4.31 us = 206.92 us
SSM_CONV_SILU SSM_CONV: 48 x 29.964 us = 1438.28 us
Total time: 915203 us.
----------------
Vulkan Timings:
ADD: 176 x 16.648 us = 2930.08 us
CONCAT: 48 x 133.938 us = 6429.04 us
CONT: 16 x 44.612 us = 713.8 us
CPY: 96 x 4.233 us = 406.44 us
FLASH_ATTN_EXT dst(256,24,512,1),  q(256,512,24,1),  k(256,55296,4,1),  v(256,55296,4,1),  m(55296,512,1,1): 16 x 28170.1 us = 450722 us (24699.4 GFLOPS/s)
GATED_DELTA_NET: 48 x 240.28 us = 11533.4 us
GET_ROWS: 96 x 7.797 us = 748.52 us
GLU: 64 x 111.815 us = 7156.2 us
MUL_MAT f32 m=48 n=512 k=5120: 96 x 37.295 us = 3580.4 us (6746.96 GFLOPS/s)
MUL_MAT q4_0 m=1024 n=512 k=5120: 32 x 72.687 us = 2326 us (73852.9 GFLOPS/s)
MUL_MAT q4_0 m=10240 n=512 k=5120: 48 x 1076.85 us = 51688.6 us (49851 GFLOPS/s)
MUL_MAT q4_0 m=12288 n=512 k=5120: 16 x 1170.61 us = 18729.8 us (55029.6 GFLOPS/s)
MUL_MAT q4_0 m=17408 n=512 k=5120: 128 x 1553.94 us = 198904 us (58727.7 GFLOPS/s)
MUL_MAT q4_0 m=5120 n=512 k=17408: 56 x 1754.53 us = 98253.6 us (52017.1 GFLOPS/s)
MUL_MAT q4_0 m=5120 n=512 k=6144: 16 x 627.572 us = 10041.2 us (51324.2 GFLOPS/s)
MUL_MAT q4_0 m=6144 n=512 k=5120: 48 x 565.726 us = 27154.9 us (56934 GFLOPS/s)
MUL_MAT q4_1 m=5120 n=512 k=17408: 8 x 2045.9 us = 16367.2 us (44608.8 GFLOPS/s)
MUL_MAT q5_K m=5120 n=512 k=6144: 48 x 739.505 us = 35496.2 us (43555.7 GFLOPS/s)
RMS_NORM(128,16,512,1): 96 x 28.327 us = 2719.48 us
RMS_NORM_MUL RMS_NORM(128,48,512,1): 48 x 98.142 us = 4710.84 us
RMS_NORM_MUL RMS_NORM(256,24,512,1): 16 x 56.562 us = 905 us
RMS_NORM_MUL RMS_NORM(256,4,512,1): 16 x 12.79 us = 204.64 us
RMS_NORM_MUL RMS_NORM(5120,512,1,1): 129 x 20.122 us = 2595.8 us
ROPE: 16 x 38.815 us = 621.04 us
ROPE_VIEW_SET_ROWS ROPE: 16 x 9.915 us = 158.64 us
SCALE: 96 x 10.448 us = 1003.04 us
SET_ROWS: 16 x 9.515 us = 152.24 us
SIGMOID: 48 x 4.187 us = 201 us
SIGMOID_MUL SIGMOID: 16 x 36.357 us = 581.72 us
SILU_MUL SILU: 48 x 35.903 us = 1723.36 us
SOFTPLUS_MUL SOFTPLUS: 48 x 4.506 us = 216.32 us
SSM_CONV_SILU SSM_CONV: 48 x 32.721 us = 1570.64 us
Total time: 960545 us.
2.05.233.653 I slot print_timing: id  0 | task 0 | prompt processing, n_tokens =  55296, progress = 0.63, t =  79.55 s / 695.12 tokens per second
----------------
Vulkan Timings:
ADD: 176 x 17.266 us = 3038.96 us
CONCAT: 48 x 135.496 us = 6503.84 us
CONT: 16 x 46.242 us = 739.88 us
CPY: 96 x 4.157 us = 399.08 us
FLASH_ATTN_EXT dst(256,24,512,1),  q(256,512,24,1),  k(256,55808,4,1),  v(256,55808,4,1),  m(55808,512,1,1): 16 x 28377.9 us = 454046 us (24745.6 GFLOPS/s)
GATED_DELTA_NET: 48 x 242.017 us = 11616.8 us
GET_ROWS: 96 x 7.85 us = 753.68 us
GLU: 64 x 111.195 us = 7116.52 us
MUL_MAT f32 m=48 n=512 k=5120: 96 x 37.536 us = 3603.52 us (6703.68 GFLOPS/s)
MUL_MAT q4_0 m=1024 n=512 k=5120: 32 x 69.006 us = 2208.2 us (77792.7 GFLOPS/s)
MUL_MAT q4_0 m=10240 n=512 k=5120: 48 x 1078.09 us = 51748.1 us (49793.7 GFLOPS/s)
MUL_MAT q4_0 m=12288 n=512 k=5120: 16 x 1175.21 us = 18803.4 us (54814.1 GFLOPS/s)
MUL_MAT q4_0 m=17408 n=512 k=5120: 128 x 1555.86 us = 199150 us (58655.1 GFLOPS/s)
MUL_MAT q4_0 m=5120 n=512 k=17408: 56 x 1757.86 us = 98440.4 us (51918.4 GFLOPS/s)
MUL_MAT q4_0 m=5120 n=512 k=6144: 16 x 622.175 us = 9954.8 us (51769.4 GFLOPS/s)
MUL_MAT q4_0 m=6144 n=512 k=5120: 48 x 566.933 us = 27212.8 us (56812.9 GFLOPS/s)
MUL_MAT q4_1 m=5120 n=512 k=17408: 8 x 2029.43 us = 16235.4 us (44971 GFLOPS/s)
MUL_MAT q5_K m=5120 n=512 k=6144: 48 x 742.375 us = 35634 us (43387.3 GFLOPS/s)
RMS_NORM(128,16,512,1): 96 x 28.582 us = 2743.88 us
RMS_NORM_MUL RMS_NORM(128,48,512,1): 48 x 97.609 us = 4685.24 us
RMS_NORM_MUL RMS_NORM(256,24,512,1): 16 x 57.187 us = 915 us
RMS_NORM_MUL RMS_NORM(256,4,512,1): 16 x 12.812 us = 205 us
RMS_NORM_MUL RMS_NORM(5120,512,1,1): 129 x 20.491 us = 2643.36 us
ROPE: 16 x 37.965 us = 607.44 us
ROPE_VIEW_SET_ROWS ROPE: 16 x 9.91 us = 158.56 us
SCALE: 96 x 10.526 us = 1010.56 us
SET_ROWS: 16 x 9.545 us = 152.72 us
SIGMOID: 48 x 4.266 us = 204.8 us
SIGMOID_MUL SIGMOID: 16 x 37.545 us = 600.72 us
SILU_MUL SILU: 48 x 36.074 us = 1731.56 us
SOFTPLUS_MUL SOFTPLUS: 48 x 4.43 us = 212.64 us
SSM_CONV_SILU SSM_CONV: 48 x 33.4 us = 1603.2 us
Total time: 964680 us.
----------------
Vulkan Timings:
ADD: 176 x 24.792 us = 4363.52 us
CONCAT: 48 x 138.004 us = 6624.2 us
CONT: 16 x 62.99 us = 1007.84 us
CPY: 96 x 4.802 us = 461 us
FLASH_ATTN_EXT dst(256,24,512,1),  q(256,512,24,1),  k(256,56320,4,1),  v(256,56320,4,1),  m(56320,512,1,1): 16 x 34167.5 us = 546680 us (20741 GFLOPS/s)
GATED_DELTA_NET: 48 x 243.829 us = 11703.8 us
GET_ROWS: 96 x 9.047 us = 868.56 us
GLU: 64 x 145.424 us = 9307.16 us
MUL_MAT f32 m=48 n=512 k=5120: 96 x 41.095 us = 3945.16 us (6123.16 GFLOPS/s)
MUL_MAT q4_0 m=1024 n=512 k=5120: 32 x 77.071 us = 2466.28 us (69652.2 GFLOPS/s)
MUL_MAT q4_0 m=10240 n=512 k=5120: 48 x 1065.15 us = 51127.4 us (50398.2 GFLOPS/s)
MUL_MAT q4_0 m=12288 n=512 k=5120: 16 x 1173.67 us = 18778.7 us (54886.1 GFLOPS/s)
MUL_MAT q4_0 m=17408 n=512 k=5120: 128 x 1515.72 us = 194013 us (60208.3 GFLOPS/s)
MUL_MAT q4_0 m=5120 n=512 k=17408: 56 x 1731.3 us = 96952.8 us (52715 GFLOPS/s)
MUL_MAT q4_0 m=5120 n=512 k=6144: 16 x 571.6 us = 9145.6 us (56350 GFLOPS/s)
MUL_MAT q4_0 m=6144 n=512 k=5120: 48 x 567.285 us = 27229.7 us (56777.6 GFLOPS/s)
MUL_MAT q4_1 m=5120 n=512 k=17408: 8 x 2011.95 us = 16095.6 us (45361.6 GFLOPS/s)
MUL_MAT q5_K m=5120 n=512 k=6144: 48 x 736.17 us = 35336.2 us (43753 GFLOPS/s)
RMS_NORM(128,16,512,1): 96 x 29.889 us = 2869.36 us
RMS_NORM_MUL RMS_NORM(128,48,512,1): 48 x 98.187 us = 4713 us
RMS_NORM_MUL RMS_NORM(256,24,512,1): 16 x 60.525 us = 968.4 us
RMS_NORM_MUL RMS_NORM(256,4,512,1): 16 x 13.985 us = 223.76 us
RMS_NORM_MUL RMS_NORM(5120,512,1,1): 129 x 25.92 us = 3343.72 us
ROPE: 16 x 46.647 us = 746.36 us
ROPE_VIEW_SET_ROWS ROPE: 16 x 10.97 us = 175.52 us
SCALE: 96 x 12.589 us = 1208.56 us
SET_ROWS: 16 x 10.055 us = 160.88 us
SIGMOID: 48 x 4.365 us = 209.56 us
SIGMOID_MUL SIGMOID: 16 x 41.932 us = 670.92 us
SILU_MUL SILU: 48 x 36.852 us = 1768.92 us
SOFTPLUS_MUL SOFTPLUS: 48 x 4.405 us = 211.44 us
SSM_CONV_SILU SSM_CONV: 48 x 40.165 us = 1927.92 us
Total time: 1.0553e+06 us.
----------------
Vulkan Timings:
ADD: 176 x 16.953 us = 2983.84 us
CONCAT: 48 x 135.403 us = 6499.36 us
CONT: 16 x 44.737 us = 715.8 us
CPY: 96 x 4.381 us = 420.6 us
FLASH_ATTN_EXT dst(256,24,512,1),  q(256,512,24,1),  k(256,56832,4,1),  v(256,56832,4,1),  m(56832,512,1,1): 16 x 28973.8 us = 463581 us (24681.3 GFLOPS/s)
GATED_DELTA_NET: 48 x 239.047 us = 11474.3 us
GET_ROWS: 96 x 7.95 us = 763.24 us
GLU: 64 x 110.435 us = 7067.84 us
MUL_MAT f32 m=48 n=512 k=5120: 96 x 38.006 us = 3648.64 us (6620.78 GFLOPS/s)
MUL_MAT q4_0 m=1024 n=512 k=5120: 32 x 72.908 us = 2333.08 us (73628.8 GFLOPS/s)
MUL_MAT q4_0 m=10240 n=512 k=5120: 48 x 1067.64 us = 51246.8 us (50280.8 GFLOPS/s)
MUL_MAT q4_0 m=12288 n=512 k=5120: 16 x 1168.73 us = 18699.6 us (55118.3 GFLOPS/s)
MUL_MAT q4_0 m=17408 n=512 k=5120: 128 x 1552.35 us = 198701 us (58787.8 GFLOPS/s)
MUL_MAT q4_0 m=5120 n=512 k=17408: 56 x 1752.17 us = 98121.8 us (52086.9 GFLOPS/s)
MUL_MAT q4_0 m=5120 n=512 k=6144: 16 x 625.12 us = 10001.9 us (51525.5 GFLOPS/s)
MUL_MAT q4_0 m=6144 n=512 k=5120: 48 x 561.975 us = 26974.8 us (57314.1 GFLOPS/s)
MUL_MAT q4_1 m=5120 n=512 k=17408: 8 x 2000.85 us = 16006.8 us (45613.3 GFLOPS/s)
MUL_MAT q5_K m=5120 n=512 k=6144: 48 x 737.346 us = 35392.6 us (43683.2 GFLOPS/s)
RMS_NORM(128,16,512,1): 96 x 28.411 us = 2727.48 us
RMS_NORM_MUL RMS_NORM(128,48,512,1): 48 x 97.508 us = 4680.4 us
RMS_NORM_MUL RMS_NORM(256,24,512,1): 16 x 55.975 us = 895.6 us
RMS_NORM_MUL RMS_NORM(256,4,512,1): 16 x 12.962 us = 207.4 us
RMS_NORM_MUL RMS_NORM(5120,512,1,1): 129 x 20.467 us = 2640.32 us
ROPE: 16 x 39.825 us = 637.2 us
ROPE_VIEW_SET_ROWS ROPE: 16 x 9.942 us = 159.08 us
SCALE: 96 x 10.625 us = 1020 us
SET_ROWS: 16 x 9.71 us = 155.36 us
SIGMOID: 48 x 4.323 us = 207.52 us
SIGMOID_MUL SIGMOID: 16 x 36.112 us = 577.8 us
SILU_MUL SILU: 48 x 35.937 us = 1725 us
SOFTPLUS_MUL SOFTPLUS: 48 x 4.305 us = 206.68 us
SSM_CONV_SILU SSM_CONV: 48 x 33.383 us = 1602.4 us
Total time: 972075 us.
----------------
Vulkan Timings:
ADD: 176 x 17.026 us = 2996.68 us
CONCAT: 48 x 135.063 us = 6483.04 us
CONT: 16 x 45.935 us = 734.96 us
CPY: 96 x 4.207 us = 403.88 us
FLASH_ATTN_EXT dst(256,24,512,1),  q(256,512,24,1),  k(256,57344,4,1),  v(256,57344,4,1),  m(57344,512,1,1): 16 x 29310.3 us = 468965 us (24617.8 GFLOPS/s)
GATED_DELTA_NET: 48 x 240.966 us = 11566.4 us
GET_ROWS: 96 x 7.668 us = 736.16 us
GLU: 64 x 107.821 us = 6900.6 us
MUL_MAT f32 m=48 n=512 k=5120: 96 x 37.018 us = 3553.8 us (6797.47 GFLOPS/s)
MUL_MAT q4_0 m=1024 n=512 k=5120: 32 x 69.562 us = 2226 us (77170.7 GFLOPS/s)
MUL_MAT q4_0 m=10240 n=512 k=5120: 48 x 1082.96 us = 51982 us (49569.6 GFLOPS/s)
MUL_MAT q4_0 m=12288 n=512 k=5120: 16 x 1175.83 us = 18813.3 us (54785.3 GFLOPS/s)
MUL_MAT q4_0 m=17408 n=512 k=5120: 128 x 1552.22 us = 198685 us (58792.4 GFLOPS/s)
MUL_MAT q4_0 m=5120 n=512 k=17408: 56 x 1762.15 us = 98680.3 us (51792.1 GFLOPS/s)
MUL_MAT q4_0 m=5120 n=512 k=6144: 16 x 627.147 us = 10034.4 us (51358.9 GFLOPS/s)
MUL_MAT q4_0 m=6144 n=512 k=5120: 48 x 566.184 us = 27176.8 us (56888 GFLOPS/s)
MUL_MAT q4_1 m=5120 n=512 k=17408: 8 x 2018.71 us = 16149.7 us (45209.8 GFLOPS/s)
MUL_MAT q5_K m=5120 n=512 k=6144: 48 x 737.915 us = 35420 us (43649.5 GFLOPS/s)
RMS_NORM(128,16,512,1): 96 x 28.367 us = 2723.24 us
RMS_NORM_MUL RMS_NORM(128,48,512,1): 48 x 97.925 us = 4700.4 us
RMS_NORM_MUL RMS_NORM(256,24,512,1): 16 x 56.387 us = 902.2 us
RMS_NORM_MUL RMS_NORM(256,4,512,1): 16 x 13.02 us = 208.32 us
RMS_NORM_MUL RMS_NORM(5120,512,1,1): 129 x 19.921 us = 2569.92 us
ROPE: 16 x 39.06 us = 624.96 us
ROPE_VIEW_SET_ROWS ROPE: 16 x 9.99 us = 159.84 us
SCALE: 96 x 10.317 us = 990.44 us
SET_ROWS: 16 x 9.712 us = 155.4 us
SIGMOID: 48 x 4.35 us = 208.8 us
SIGMOID_MUL SIGMOID: 16 x 38.1 us = 609.6 us
SILU_MUL SILU: 48 x 35.855 us = 1721.04 us
SOFTPLUS_MUL SOFTPLUS: 48 x 4.345 us = 208.6 us
SSM_CONV_SILU SSM_CONV: 48 x 32.746 us = 1571.84 us
Total time: 978863 us.
2.09.339.659 I slot print_timing: id  0 | task 0 | prompt processing, n_tokens =  57344, progress = 0.65, t =  83.65 s / 685.48 tokens per second
----------------
Vulkan Timings:
ADD: 176 x 14.178 us = 2495.4 us
CONCAT: 48 x 132.85 us = 6376.84 us
CONT: 16 x 37.665 us = 602.64 us
CPY: 96 x 3.961 us = 380.28 us
FLASH_ATTN_EXT dst(256,24,512,1),  q(256,512,24,1),  k(256,57856,4,1),  v(256,57856,4,1),  m(57856,512,1,1): 16 x 27204.2 us = 435267 us (26760.5 GFLOPS/s)
GATED_DELTA_NET: 48 x 238.787 us = 11461.8 us
GET_ROWS: 96 x 7.287 us = 699.56 us
GLU: 64 x 93.493 us = 5983.56 us
MUL_MAT f32 m=48 n=512 k=5120: 96 x 35.485 us = 3406.6 us (7091.19 GFLOPS/s)
MUL_MAT q4_0 m=1024 n=512 k=5120: 32 x 68.018 us = 2176.6 us (78922.1 GFLOPS/s)
MUL_MAT q4_0 m=10240 n=512 k=5120: 48 x 1075.52 us = 51624.8 us (49912.6 GFLOPS/s)
MUL_MAT q4_0 m=12288 n=512 k=5120: 16 x 1170.9 us = 18734.4 us (55016.1 GFLOPS/s)
MUL_MAT q4_0 m=17408 n=512 k=5120: 128 x 1570.62 us = 201040 us (58103.7 GFLOPS/s)
MUL_MAT q4_0 m=5120 n=512 k=17408: 56 x 1755.71 us = 98320 us (51982 GFLOPS/s)
MUL_MAT q4_0 m=5120 n=512 k=6144: 16 x 645.09 us = 10321.4 us (49930.4 GFLOPS/s)
MUL_MAT q4_0 m=6144 n=512 k=5120: 48 x 564.565 us = 27099.1 us (57051.2 GFLOPS/s)
MUL_MAT q4_1 m=5120 n=512 k=17408: 8 x 2030.67 us = 16245.4 us (44943.4 GFLOPS/s)
MUL_MAT q5_K m=5120 n=512 k=6144: 48 x 742.77 us = 35653 us (43364.2 GFLOPS/s)
RMS_NORM(128,16,512,1): 96 x 27.809 us = 2669.72 us
RMS_NORM_MUL RMS_NORM(128,48,512,1): 48 x 98.169 us = 4712.12 us
RMS_NORM_MUL RMS_NORM(256,24,512,1): 16 x 53.58 us = 857.28 us
RMS_NORM_MUL RMS_NORM(256,4,512,1): 16 x 12.522 us = 200.36 us
RMS_NORM_MUL RMS_NORM(5120,512,1,1): 129 x 17.843 us = 2301.76 us
ROPE: 16 x 36.397 us = 582.36 us
ROPE_VIEW_SET_ROWS ROPE: 16 x 9.455 us = 151.28 us
SCALE: 96 x 9.609 us = 922.48 us
SET_ROWS: 16 x 9.51 us = 152.16 us
SIGMOID: 48 x 4.159 us = 199.64 us
SIGMOID_MUL SIGMOID: 16 x 34.202 us = 547.24 us
SILU_MUL SILU: 48 x 35.581 us = 1707.92 us
SOFTPLUS_MUL SOFTPLUS: 48 x 4.457 us = 213.96 us
SSM_CONV_SILU SSM_CONV: 48 x 29.881 us = 1434.32 us
Total time: 944541 us.
----------------
Vulkan Timings:
ADD: 176 x 23.094 us = 4064.64 us
CONCAT: 48 x 137.051 us = 6578.48 us
CONT: 16 x 62.032 us = 992.52 us
CPY: 96 x 4.655 us = 446.96 us
FLASH_ATTN_EXT dst(256,24,512,1),  q(256,512,24,1),  k(256,58368,4,1),  v(256,58368,4,1),  m(58368,512,1,1): 16 x 34949.4 us = 559191 us (21014.4 GFLOPS/s)
GATED_DELTA_NET: 48 x 242.24 us = 11627.5 us
GET_ROWS: 96 x 8.76 us = 841.04 us
GLU: 64 x 136.861 us = 8759.16 us
MUL_MAT f32 m=48 n=512 k=5120: 96 x 40.253 us = 3864.36 us (6251.19 GFLOPS/s)
MUL_MAT q4_0 m=1024 n=512 k=5120: 32 x 71.288 us = 2281.24 us (75302 GFLOPS/s)
MUL_MAT q4_0 m=10240 n=512 k=5120: 48 x 1066.98 us = 51215 us (50312 GFLOPS/s)
MUL_MAT q4_0 m=12288 n=512 k=5120: 16 x 1170.48 us = 18727.6 us (55035.8 GFLOPS/s)
MUL_MAT q4_0 m=17408 n=512 k=5120: 128 x 1524 us = 195072 us (59881.4 GFLOPS/s)
MUL_MAT q4_0 m=5120 n=512 k=17408: 56 x 1732.16 us = 97001.1 us (52688.7 GFLOPS/s)
MUL_MAT q4_0 m=5120 n=512 k=6144: 16 x 583.662 us = 9338.6 us (55185.4 GFLOPS/s)
MUL_MAT q4_0 m=6144 n=512 k=5120: 48 x 566.653 us = 27199.4 us (56840.9 GFLOPS/s)
MUL_MAT q4_1 m=5120 n=512 k=17408: 8 x 2036.46 us = 16291.7 us (44815.6 GFLOPS/s)
MUL_MAT q5_K m=5120 n=512 k=6144: 48 x 734.007 us = 35232.4 us (43881.9 GFLOPS/s)
RMS_NORM(128,16,512,1): 96 x 29.461 us = 2828.28 us
RMS_NORM_MUL RMS_NORM(128,48,512,1): 48 x 97.535 us = 4681.72 us
RMS_NORM_MUL RMS_NORM(256,24,512,1): 16 x 58.327 us = 933.24 us
RMS_NORM_MUL RMS_NORM(256,4,512,1): 16 x 13.637 us = 218.2 us
RMS_NORM_MUL RMS_NORM(5120,512,1,1): 129 x 24.562 us = 3168.56 us
ROPE: 16 x 43.15 us = 690.4 us
ROPE_VIEW_SET_ROWS ROPE: 16 x 10.637 us = 170.2 us
SCALE: 96 x 12.336 us = 1184.32 us
SET_ROWS: 16 x 9.902 us = 158.44 us
SIGMOID: 48 x 4.34 us = 208.36 us
SIGMOID_MUL SIGMOID: 16 x 41.55 us = 664.8 us
SILU_MUL SILU: 48 x 37.061 us = 1778.96 us
SOFTPLUS_MUL SOFTPLUS: 48 x 4.33 us = 207.88 us
SSM_CONV_SILU SSM_CONV: 48 x 38.965 us = 1870.32 us
Total time: 1.06749e+06 us.
----------------
Vulkan Timings:
ADD: 176 x 19.259 us = 3389.64 us
CONCAT: 48 x 135.321 us = 6495.44 us
CONT: 16 x 50.762 us = 812.2 us
CPY: 96 x 4.382 us = 420.68 us
FLASH_ATTN_EXT dst(256,24,512,1),  q(256,512,24,1),  k(256,58880,4,1),  v(256,58880,4,1),  m(58880,512,1,1): 16 x 31609 us = 505745 us (23438.9 GFLOPS/s)
GATED_DELTA_NET: 48 x 241.077 us = 11571.7 us
GET_ROWS: 96 x 8.315 us = 798.28 us
GLU: 64 x 121.606 us = 7782.84 us
MUL_MAT f32 m=48 n=512 k=5120: 96 x 38.698 us = 3715.08 us (6502.37 GFLOPS/s)
MUL_MAT q4_0 m=1024 n=512 k=5120: 32 x 69.865 us = 2235.68 us (76836.5 GFLOPS/s)
MUL_MAT q4_0 m=10240 n=512 k=5120: 48 x 1065.02 us = 51121 us (50404.5 GFLOPS/s)
MUL_MAT q4_0 m=12288 n=512 k=5120: 16 x 1197.59 us = 19161.5 us (53789.8 GFLOPS/s)
MUL_MAT q4_0 m=17408 n=512 k=5120: 128 x 1541.72 us = 197340 us (59193.2 GFLOPS/s)
MUL_MAT q4_0 m=5120 n=512 k=17408: 56 x 1742.56 us = 97583.3 us (52374.4 GFLOPS/s)
MUL_MAT q4_0 m=5120 n=512 k=6144: 16 x 608.425 us = 9734.8 us (52939.4 GFLOPS/s)
MUL_MAT q4_0 m=6144 n=512 k=5120: 48 x 562.741 us = 27011.6 us (57236 GFLOPS/s)
MUL_MAT q4_1 m=5120 n=512 k=17408: 8 x 2020.62 us = 16164.9 us (45167.2 GFLOPS/s)
MUL_MAT q5_K m=5120 n=512 k=6144: 48 x 736.555 us = 35354.6 us (43730.1 GFLOPS/s)
RMS_NORM(128,16,512,1): 96 x 28.831 us = 2767.84 us
RMS_NORM_MUL RMS_NORM(128,48,512,1): 48 x 97.591 us = 4684.4 us
RMS_NORM_MUL RMS_NORM(256,24,512,1): 16 x 56.822 us = 909.16 us
RMS_NORM_MUL RMS_NORM(256,4,512,1): 16 x 13.067 us = 209.08 us
RMS_NORM_MUL RMS_NORM(5120,512,1,1): 129 x 22.204 us = 2864.32 us
ROPE: 16 x 40.335 us = 645.36 us
ROPE_VIEW_SET_ROWS ROPE: 16 x 10.155 us = 162.48 us
SCALE: 96 x 11.208 us = 1076.04 us
SET_ROWS: 16 x 9.625 us = 154 us
SIGMOID: 48 x 4.305 us = 206.68 us
SIGMOID_MUL SIGMOID: 16 x 37.805 us = 604.88 us
SILU_MUL SILU: 48 x 36.136 us = 1734.56 us
SOFTPLUS_MUL SOFTPLUS: 48 x 4.428 us = 212.56 us
SSM_CONV_SILU SSM_CONV: 48 x 35.054 us = 1682.6 us
Total time: 1.01435e+06 us.
----------------
Vulkan Timings:
ADD: 176 x 14.167 us = 2493.52 us
CONCAT: 48 x 133.235 us = 6395.32 us
CONT: 16 x 36.385 us = 582.16 us
CPY: 96 x 3.941 us = 378.36 us
FLASH_ATTN_EXT dst(256,24,512,1),  q(256,512,24,1),  k(256,59392,4,1),  v(256,59392,4,1),  m(59392,512,1,1): 16 x 27743 us = 443889 us (26937.4 GFLOPS/s)
GATED_DELTA_NET: 48 x 240.411 us = 11539.8 us
GET_ROWS: 96 x 7.266 us = 697.56 us
GLU: 64 x 93.981 us = 6014.84 us
MUL_MAT f32 m=48 n=512 k=5120: 96 x 35.593 us = 3417 us (7069.6 GFLOPS/s)
MUL_MAT q4_0 m=1024 n=512 k=5120: 32 x 71.101 us = 2275.24 us (75500.6 GFLOPS/s)
MUL_MAT q4_0 m=10240 n=512 k=5120: 48 x 1077.73 us = 51731 us (49810.2 GFLOPS/s)
MUL_MAT q4_0 m=12288 n=512 k=5120: 16 x 1166.52 us = 18664.4 us (55222.4 GFLOPS/s)
MUL_MAT q4_0 m=17408 n=512 k=5120: 128 x 1570.61 us = 201038 us (58104.4 GFLOPS/s)
MUL_MAT q4_0 m=5120 n=512 k=17408: 56 x 1753.43 us = 98192.4 us (52049.5 GFLOPS/s)
MUL_MAT q4_0 m=5120 n=512 k=6144: 16 x 647.685 us = 10363 us (49730.4 GFLOPS/s)
MUL_MAT q4_0 m=6144 n=512 k=5120: 48 x 565.15 us = 27127.2 us (56992.1 GFLOPS/s)
MUL_MAT q4_1 m=5120 n=512 k=17408: 8 x 2030.82 us = 16246.6 us (44940.2 GFLOPS/s)
MUL_MAT q5_K m=5120 n=512 k=6144: 48 x 743.643 us = 35694.9 us (43313.3 GFLOPS/s)
RMS_NORM(128,16,512,1): 96 x 27.847 us = 2673.36 us
RMS_NORM_MUL RMS_NORM(128,48,512,1): 48 x 98.134 us = 4710.44 us
RMS_NORM_MUL RMS_NORM(256,24,512,1): 16 x 53.89 us = 862.24 us
RMS_NORM_MUL RMS_NORM(256,4,512,1): 16 x 12.495 us = 199.92 us
RMS_NORM_MUL RMS_NORM(5120,512,1,1): 129 x 17.777 us = 2293.28 us
ROPE: 16 x 35.2 us = 563.2 us
ROPE_VIEW_SET_ROWS ROPE: 16 x 9.562 us = 153 us
SCALE: 96 x 9.575 us = 919.28 us
SET_ROWS: 16 x 9.42 us = 150.72 us
SIGMOID: 48 x 4.28 us = 205.44 us
SIGMOID_MUL SIGMOID: 16 x 34.21 us = 547.36 us
SILU_MUL SILU: 48 x 35.625 us = 1710 us
SOFTPLUS_MUL SOFTPLUS: 48 x 4.267 us = 204.84 us
SSM_CONV_SILU SSM_CONV: 48 x 30.823 us = 1479.52 us
Total time: 953412 us.
2.13.460.954 I slot print_timing: id  0 | task 0 | prompt processing, n_tokens =  59392, progress = 0.67, t =  87.78 s / 676.63 tokens per second
----------------
Vulkan Timings:
ADD: 176 x 23.181 us = 4080 us
CONCAT: 48 x 136.339 us = 6544.28 us
CONT: 16 x 59.257 us = 948.12 us
CPY: 96 x 4.677 us = 449 us
FLASH_ATTN_EXT dst(256,24,512,1),  q(256,512,24,1),  k(256,59904,4,1),  v(256,59904,4,1),  m(59904,512,1,1): 16 x 34676 us = 554817 us (21737.4 GFLOPS/s)
GATED_DELTA_NET: 48 x 242.717 us = 11650.4 us
GET_ROWS: 96 x 8.717 us = 836.84 us
GLU: 64 x 136.63 us = 8744.36 us
MUL_MAT f32 m=48 n=512 k=5120: 96 x 40.082 us = 3847.88 us (6277.96 GFLOPS/s)
MUL_MAT q4_0 m=1024 n=512 k=5120: 32 x 71.995 us = 2303.84 us (74563.3 GFLOPS/s)
MUL_MAT q4_0 m=10240 n=512 k=5120: 48 x 1065.69 us = 51153.2 us (50372.8 GFLOPS/s)
MUL_MAT q4_0 m=12288 n=512 k=5120: 16 x 1179.96 us = 18879.4 us (54593.4 GFLOPS/s)
MUL_MAT q4_0 m=17408 n=512 k=5120: 128 x 1524.32 us = 195113 us (59868.8 GFLOPS/s)
MUL_MAT q4_0 m=5120 n=512 k=17408: 56 x 1737.25 us = 97286.1 us (52534.4 GFLOPS/s)
MUL_MAT q4_0 m=5120 n=512 k=6144: 16 x 581.31 us = 9300.96 us (55408.7 GFLOPS/s)
MUL_MAT q4_0 m=6144 n=512 k=5120: 48 x 566.05 us = 27170.4 us (56901.4 GFLOPS/s)
MUL_MAT q4_1 m=5120 n=512 k=17408: 8 x 2033.31 us = 16266.5 us (44885.2 GFLOPS/s)
MUL_MAT q5_K m=5120 n=512 k=6144: 48 x 736.98 us = 35375 us (43704.9 GFLOPS/s)
RMS_NORM(128,16,512,1): 96 x 29.413 us = 2823.68 us
RMS_NORM_MUL RMS_NORM(128,48,512,1): 48 x 97.235 us = 4667.28 us
RMS_NORM_MUL RMS_NORM(256,24,512,1): 16 x 59.317 us = 949.08 us
RMS_NORM_MUL RMS_NORM(256,4,512,1): 16 x 13.54 us = 216.64 us
RMS_NORM_MUL RMS_NORM(5120,512,1,1): 129 x 24.553 us = 3167.4 us
ROPE: 16 x 43.362 us = 693.8 us
ROPE_VIEW_SET_ROWS ROPE: 16 x 10.672 us = 170.76 us
SCALE: 96 x 12.022 us = 1154.2 us
SET_ROWS: 16 x 9.83 us = 157.28 us
SIGMOID: 48 x 4.31 us = 206.88 us
SIGMOID_MUL SIGMOID: 16 x 41.355 us = 661.68 us
SILU_MUL SILU: 48 x 37.104 us = 1781 us
SOFTPLUS_MUL SOFTPLUS: 48 x 4.573 us = 219.52 us
SSM_CONV_SILU SSM_CONV: 48 x 38.603 us = 1852.96 us
Total time: 1.06349e+06 us.
----------------
Vulkan Timings:
ADD: 176 x 24.591 us = 4328.08 us
CONCAT: 48 x 138.326 us = 6639.68 us
CONT: 16 x 63.897 us = 1022.36 us
CPY: 96 x 4.972 us = 477.4 us
FLASH_ATTN_EXT dst(256,24,512,1),  q(256,512,24,1),  k(256,60416,4,1),  v(256,60416,4,1),  m(60416,512,1,1): 16 x 37557.8 us = 600925 us (20241 GFLOPS/s)
GATED_DELTA_NET: 48 x 243.136 us = 11670.6 us
GET_ROWS: 96 x 9.056 us = 869.4 us
GLU: 64 x 144.575 us = 9252.8 us
MUL_MAT f32 m=48 n=512 k=5120: 96 x 41.208 us = 3956 us (6106.38 GFLOPS/s)
MUL_MAT q4_0 m=1024 n=512 k=5120: 32 x 72.005 us = 2304.16 us (74552.9 GFLOPS/s)
MUL_MAT q4_0 m=10240 n=512 k=5120: 48 x 1061.07 us = 50931.4 us (50592.1 GFLOPS/s)
MUL_MAT q4_0 m=12288 n=512 k=5120: 16 x 1171.58 us = 18745.3 us (54983.9 GFLOPS/s)
MUL_MAT q4_0 m=17408 n=512 k=5120: 128 x 1507.65 us = 192980 us (60530.6 GFLOPS/s)
MUL_MAT q4_0 m=5120 n=512 k=17408: 56 x 1732.99 us = 97047.5 us (52663.5 GFLOPS/s)
MUL_MAT q4_0 m=5120 n=512 k=6144: 16 x 566.74 us = 9067.84 us (56833.2 GFLOPS/s)
MUL_MAT q4_0 m=6144 n=512 k=5120: 48 x 563.989 us = 27071.5 us (57109.4 GFLOPS/s)
MUL_MAT q4_1 m=5120 n=512 k=17408: 8 x 1999.75 us = 15998 us (45638.4 GFLOPS/s)
MUL_MAT q5_K m=5120 n=512 k=6144: 48 x 732.865 us = 35177.6 us (43950.2 GFLOPS/s)
RMS_NORM(128,16,512,1): 96 x 29.951 us = 2875.36 us
RMS_NORM_MUL RMS_NORM(128,48,512,1): 48 x 97.52 us = 4681 us
RMS_NORM_MUL RMS_NORM(256,24,512,1): 16 x 58.917 us = 942.68 us
RMS_NORM_MUL RMS_NORM(256,4,512,1): 16 x 13.687 us = 219 us
RMS_NORM_MUL RMS_NORM(5120,512,1,1): 129 x 25.807 us = 3329.2 us
ROPE: 16 x 44.567 us = 713.08 us
ROPE_VIEW_SET_ROWS ROPE: 16 x 10.877 us = 174.04 us
SCALE: 96 x 12.507 us = 1200.76 us
SET_ROWS: 16 x 9.812 us = 157 us
SIGMOID: 48 x 4.495 us = 215.8 us
SIGMOID_MUL SIGMOID: 16 x 42.38 us = 678.08 us
SILU_MUL SILU: 48 x 37.175 us = 1784.44 us
SOFTPLUS_MUL SOFTPLUS: 48 x 4.448 us = 213.52 us
SSM_CONV_SILU SSM_CONV: 48 x 40.932 us = 1964.76 us
Total time: 1.10761e+06 us.
----------------
Vulkan Timings:
ADD: 176 x 24.64 us = 4336.68 us
CONCAT: 48 x 137.241 us = 6587.6 us
CONT: 16 x 64.445 us = 1031.12 us
CPY: 96 x 5.02 us = 481.92 us
FLASH_ATTN_EXT dst(256,24,512,1),  q(256,512,24,1),  k(256,60928,4,1),  v(256,60928,4,1),  m(60928,512,1,1): 16 x 38404.2 us = 614467 us (19962.7 GFLOPS/s)
GATED_DELTA_NET: 48 x 243.289 us = 11677.9 us
GET_ROWS: 96 x 9.026 us = 866.52 us
GLU: 64 x 144.832 us = 9269.28 us
MUL_MAT f32 m=48 n=512 k=5120: 96 x 40.96 us = 3932.16 us (6143.4 GFLOPS/s)
MUL_MAT q4_0 m=1024 n=512 k=5120: 32 x 72.445 us = 2318.24 us (74100.1 GFLOPS/s)
MUL_MAT q4_0 m=10240 n=512 k=5120: 48 x 1062.94 us = 51021.4 us (50502.9 GFLOPS/s)
MUL_MAT q4_0 m=12288 n=512 k=5120: 16 x 1173.55 us = 18776.8 us (54891.9 GFLOPS/s)
MUL_MAT q4_0 m=17408 n=512 k=5120: 128 x 1510.88 us = 193392 us (60401.4 GFLOPS/s)
MUL_MAT q4_0 m=5120 n=512 k=17408: 56 x 1729.15 us = 96832.5 us (52780.5 GFLOPS/s)
MUL_MAT q4_0 m=5120 n=512 k=6144: 16 x 560.765 us = 8972.24 us (57438.7 GFLOPS/s)
MUL_MAT q4_0 m=6144 n=512 k=5120: 48 x 566.854 us = 27209 us (56820.8 GFLOPS/s)
MUL_MAT q4_1 m=5120 n=512 k=17408: 8 x 2026.09 us = 16208.7 us (45045.1 GFLOPS/s)
MUL_MAT q5_K m=5120 n=512 k=6144: 48 x 733.895 us = 35227 us (43888.6 GFLOPS/s)
RMS_NORM(128,16,512,1): 96 x 29.847 us = 2865.4 us
RMS_NORM_MUL RMS_NORM(128,48,512,1): 48 x 98.125 us = 4710.04 us
RMS_NORM_MUL RMS_NORM(256,24,512,1): 16 x 59.945 us = 959.12 us
RMS_NORM_MUL RMS_NORM(256,4,512,1): 16 x 13.742 us = 219.88 us
RMS_NORM_MUL RMS_NORM(5120,512,1,1): 129 x 25.829 us = 3332 us
ROPE: 16 x 45.362 us = 725.8 us
ROPE_VIEW_SET_ROWS ROPE: 16 x 10.91 us = 174.56 us
SCALE: 96 x 12.539 us = 1203.76 us
SET_ROWS: 16 x 9.852 us = 157.64 us
SIGMOID: 48 x 4.271 us = 205.04 us
SIGMOID_MUL SIGMOID: 16 x 42.745 us = 683.92 us
SILU_MUL SILU: 48 x 36.64 us = 1758.76 us
SOFTPLUS_MUL SOFTPLUS: 48 x 4.576 us = 219.68 us
SSM_CONV_SILU SSM_CONV: 48 x 40.205 us = 1929.88 us
Total time: 1.12175e+06 us.
----------------
Vulkan Timings:
ADD: 176 x 15.09 us = 2655.96 us
CONCAT: 48 x 133.652 us = 6415.32 us
CONT: 16 x 39.165 us = 626.64 us
CPY: 96 x 4.081 us = 391.84 us
FLASH_ATTN_EXT dst(256,24,512,1),  q(256,512,24,1),  k(256,61440,4,1),  v(256,61440,4,1),  m(61440,512,1,1): 16 x 29897.1 us = 478354 us (25858.5 GFLOPS/s)
GATED_DELTA_NET: 48 x 240.005 us = 11520.2 us
GET_ROWS: 96 x 7.571 us = 726.88 us
GLU: 64 x 101.148 us = 6473.52 us
MUL_MAT f32 m=48 n=512 k=5120: 96 x 36.819 us = 3534.68 us (6834.23 GFLOPS/s)
MUL_MAT q4_0 m=1024 n=512 k=5120: 32 x 68.338 us = 2186.84 us (78552.6 GFLOPS/s)
MUL_MAT q4_0 m=10240 n=512 k=5120: 48 x 1073.61 us = 51533 us (50001.5 GFLOPS/s)
MUL_MAT q4_0 m=12288 n=512 k=5120: 16 x 1172.61 us = 18761.7 us (54935.9 GFLOPS/s)
MUL_MAT q4_0 m=17408 n=512 k=5120: 128 x 1561.64 us = 199890 us (58438.1 GFLOPS/s)
MUL_MAT q4_0 m=5120 n=512 k=17408: 56 x 1757.6 us = 98425.7 us (51926.1 GFLOPS/s)
MUL_MAT q4_0 m=5120 n=512 k=6144: 16 x 640.315 us = 10245 us (50302.8 GFLOPS/s)
MUL_MAT q4_0 m=6144 n=512 k=5120: 48 x 564.073 us = 27075.5 us (57100.9 GFLOPS/s)
MUL_MAT q4_1 m=5120 n=512 k=17408: 8 x 2023.85 us = 16190.8 us (45095 GFLOPS/s)
MUL_MAT q5_K m=5120 n=512 k=6144: 48 x 740.555 us = 35546.6 us (43493.9 GFLOPS/s)
RMS_NORM(128,16,512,1): 96 x 28.1 us = 2697.64 us
RMS_NORM_MUL RMS_NORM(128,48,512,1): 48 x 97.803 us = 4694.56 us
RMS_NORM_MUL RMS_NORM(256,24,512,1): 16 x 55.6 us = 889.6 us
RMS_NORM_MUL RMS_NORM(256,4,512,1): 16 x 12.49 us = 199.84 us
RMS_NORM_MUL RMS_NORM(5120,512,1,1): 129 x 18.89 us = 2436.84 us
ROPE: 16 x 37.227 us = 595.64 us
ROPE_VIEW_SET_ROWS ROPE: 16 x 9.615 us = 153.84 us
SCALE: 96 x 10.044 us = 964.28 us
SET_ROWS: 16 x 9.417 us = 150.68 us
SIGMOID: 48 x 4.31 us = 206.88 us
SIGMOID_MUL SIGMOID: 16 x 35.115 us = 561.84 us
SILU_MUL SILU: 48 x 35.852 us = 1720.92 us
SOFTPLUS_MUL SOFTPLUS: 48 x 4.278 us = 205.36 us
SSM_CONV_SILU SSM_CONV: 48 x 31.049 us = 1490.36 us
Total time: 987522 us.
2.17.891.649 I slot print_timing: id  0 | task 0 | prompt processing, n_tokens =  61440, progress = 0.70, t =  92.21 s / 666.33 tokens per second
----------------
Vulkan Timings:
ADD: 176 x 17.729 us = 3120.32 us
CONCAT: 48 x 134.368 us = 6449.68 us
CONT: 16 x 44.87 us = 717.92 us
CPY: 96 x 4.143 us = 397.76 us
FLASH_ATTN_EXT dst(256,24,512,1),  q(256,512,24,1),  k(256,61952,4,1),  v(256,61952,4,1),  m(61952,512,1,1): 16 x 33528.9 us = 536462 us (23249.7 GFLOPS/s)
GATED_DELTA_NET: 48 x 239.944 us = 11517.3 us
GET_ROWS: 96 x 7.737 us = 742.8 us
GLU: 64 x 108.195 us = 6924.48 us
MUL_MAT f32 m=48 n=512 k=5120: 96 x 37.107 us = 3562.36 us (6781.13 GFLOPS/s)
MUL_MAT q4_0 m=1024 n=512 k=5120: 32 x 71.656 us = 2293 us (74915.8 GFLOPS/s)
MUL_MAT q4_0 m=10240 n=512 k=5120: 48 x 1082.64 us = 51966.8 us (49584.2 GFLOPS/s)
MUL_MAT q4_0 m=12288 n=512 k=5120: 16 x 1158.42 us = 18534.7 us (55608.8 GFLOPS/s)
MUL_MAT q4_0 m=17408 n=512 k=5120: 128 x 1534.76 us = 196450 us (59461.3 GFLOPS/s)
MUL_MAT q4_0 m=5120 n=512 k=17408: 56 x 1741.3 us = 97513 us (52412.2 GFLOPS/s)
MUL_MAT q4_0 m=5120 n=512 k=6144: 16 x 605.702 us = 9691.24 us (53177.3 GFLOPS/s)
MUL_MAT q4_0 m=6144 n=512 k=5120: 48 x 563.515 us = 27048.8 us (57157.4 GFLOPS/s)
MUL_MAT q4_1 m=5120 n=512 k=17408: 8 x 2035.15 us = 16281.2 us (44844.6 GFLOPS/s)
MUL_MAT q5_K m=5120 n=512 k=6144: 48 x 733.804 us = 35222.6 us (43894 GFLOPS/s)
RMS_NORM(128,16,512,1): 96 x 28.416 us = 2728 us
RMS_NORM_MUL RMS_NORM(128,48,512,1): 48 x 96.446 us = 4629.44 us
RMS_NORM_MUL RMS_NORM(256,24,512,1): 16 x 55.78 us = 892.48 us
RMS_NORM_MUL RMS_NORM(256,4,512,1): 16 x 12.65 us = 202.4 us
RMS_NORM_MUL RMS_NORM(5120,512,1,1): 129 x 20.009 us = 2581.24 us
ROPE: 16 x 37.56 us = 600.96 us
ROPE_VIEW_SET_ROWS ROPE: 16 x 9.74 us = 155.84 us
SCALE: 96 x 10.438 us = 1002.08 us
SET_ROWS: 16 x 9.46 us = 151.36 us
SIGMOID: 48 x 4.224 us = 202.76 us
SIGMOID_MUL SIGMOID: 16 x 36.215 us = 579.44 us
SILU_MUL SILU: 48 x 35.856 us = 1721.12 us
SOFTPLUS_MUL SOFTPLUS: 48 x 4.389 us = 210.68 us
SSM_CONV_SILU SSM_CONV: 48 x 33.017 us = 1584.84 us
Total time: 1.04214e+06 us.
----------------
Vulkan Timings:
ADD: 176 x 13.918 us = 2449.64 us
CONCAT: 48 x 132.244 us = 6347.72 us
CONT: 16 x 38.33 us = 613.28 us
CPY: 96 x 3.974 us = 381.52 us
FLASH_ATTN_EXT dst(256,24,512,1),  q(256,512,24,1),  k(256,62464,4,1),  v(256,62464,4,1),  m(62464,512,1,1): 16 x 30017.2 us = 480275 us (26184.3 GFLOPS/s)
GATED_DELTA_NET: 48 x 238.403 us = 11443.4 us
GET_ROWS: 96 x 7.255 us = 696.56 us
GLU: 64 x 94.464 us = 6045.72 us
MUL_MAT f32 m=48 n=512 k=5120: 96 x 35.517 us = 3409.64 us (7084.86 GFLOPS/s)
MUL_MAT q4_0 m=1024 n=512 k=5120: 32 x 68.13 us = 2180.16 us (78793.3 GFLOPS/s)
MUL_MAT q4_0 m=10240 n=512 k=5120: 48 x 1074.87 us = 51593.9 us (49942.5 GFLOPS/s)
MUL_MAT q4_0 m=12288 n=512 k=5120: 16 x 1178.91 us = 18862.6 us (54642.2 GFLOPS/s)
MUL_MAT q4_0 m=17408 n=512 k=5120: 128 x 1564.69 us = 200280 us (58324.1 GFLOPS/s)
MUL_MAT q4_0 m=5120 n=512 k=17408: 56 x 1758.85 us = 98495.4 us (51889.3 GFLOPS/s)
MUL_MAT q4_0 m=5120 n=512 k=6144: 16 x 642.082 us = 10273.3 us (50164.3 GFLOPS/s)
MUL_MAT q4_0 m=6144 n=512 k=5120: 48 x 562.264 us = 26988.7 us (57284.7 GFLOPS/s)
MUL_MAT q4_1 m=5120 n=512 k=17408: 8 x 2017.39 us = 16139.2 us (45239.2 GFLOPS/s)
MUL_MAT q5_K m=5120 n=512 k=6144: 48 x 739.134 us = 35478.4 us (43577.5 GFLOPS/s)
RMS_NORM(128,16,512,1): 96 x 27.696 us = 2658.84 us
RMS_NORM_MUL RMS_NORM(128,48,512,1): 48 x 97.326 us = 4671.68 us
RMS_NORM_MUL RMS_NORM(256,24,512,1): 16 x 53.652 us = 858.44 us
RMS_NORM_MUL RMS_NORM(256,4,512,1): 16 x 12.402 us = 198.44 us
RMS_NORM_MUL RMS_NORM(5120,512,1,1): 129 x 17.835 us = 2300.8 us
ROPE: 16 x 35.515 us = 568.24 us
ROPE_VIEW_SET_ROWS ROPE: 16 x 9.452 us = 151.24 us
SCALE: 96 x 9.56 us = 917.76 us
SET_ROWS: 16 x 9.42 us = 150.72 us
SIGMOID: 48 x 4.241 us = 203.6 us
SIGMOID_MUL SIGMOID: 16 x 34.645 us = 554.32 us
SILU_MUL SILU: 48 x 35.393 us = 1698.88 us
SOFTPLUS_MUL SOFTPLUS: 48 x 4.337 us = 208.2 us
SSM_CONV_SILU SSM_CONV: 48 x 29.909 us = 1435.64 us
Total time: 988532 us.
----------------
Vulkan Timings:
ADD: 176 x 14.682 us = 2584.04 us
CONCAT: 48 x 133.485 us = 6407.32 us
CONT: 16 x 39.867 us = 637.88 us
CPY: 96 x 4.002 us = 384.24 us
FLASH_ATTN_EXT dst(256,24,512,1),  q(256,512,24,1),  k(256,62976,4,1),  v(256,62976,4,1),  m(62976,512,1,1): 16 x 31793.8 us = 508701 us (24923.8 GFLOPS/s)
GATED_DELTA_NET: 48 x 239.135 us = 11478.5 us
GET_ROWS: 96 x 7.574 us = 727.12 us
GLU: 64 x 101.721 us = 6510.16 us
MUL_MAT f32 m=48 n=512 k=5120: 96 x 36.611 us = 3514.68 us (6873.12 GFLOPS/s)
MUL_MAT q4_0 m=1024 n=512 k=5120: 32 x 68.546 us = 2193.48 us (78314.8 GFLOPS/s)
MUL_MAT q4_0 m=10240 n=512 k=5120: 48 x 1075.36 us = 51617.1 us (49920.1 GFLOPS/s)
MUL_MAT q4_0 m=12288 n=512 k=5120: 16 x 1171.65 us = 18746.5 us (54980.5 GFLOPS/s)
MUL_MAT q4_0 m=17408 n=512 k=5120: 128 x 1549.42 us = 198326 us (58898.8 GFLOPS/s)
MUL_MAT q4_0 m=5120 n=512 k=17408: 56 x 1747.86 us = 97880.2 us (52215.5 GFLOPS/s)
MUL_MAT q4_0 m=5120 n=512 k=6144: 16 x 623.9 us = 9982.4 us (51626.3 GFLOPS/s)
MUL_MAT q4_0 m=6144 n=512 k=5120: 48 x 562.819 us = 27015.3 us (57228.2 GFLOPS/s)
MUL_MAT q4_1 m=5120 n=512 k=17408: 8 x 2022.26 us = 16178 us (45130.5 GFLOPS/s)
MUL_MAT q5_K m=5120 n=512 k=6144: 48 x 739.174 us = 35480.4 us (43575.2 GFLOPS/s)
RMS_NORM(128,16,512,1): 96 x 28.123 us = 2699.88 us
RMS_NORM_MUL RMS_NORM(128,48,512,1): 48 x 97.793 us = 4694.08 us
RMS_NORM_MUL RMS_NORM(256,24,512,1): 16 x 54.797 us = 876.76 us
RMS_NORM_MUL RMS_NORM(256,4,512,1): 16 x 12.515 us = 200.24 us
RMS_NORM_MUL RMS_NORM(5120,512,1,1): 129 x 18.869 us = 2434.16 us
ROPE: 16 x 36.917 us = 590.68 us
ROPE_VIEW_SET_ROWS ROPE: 16 x 9.615 us = 153.84 us
SCALE: 96 x 10.034 us = 963.28 us
SET_ROWS: 16 x 9.42 us = 150.72 us
SIGMOID: 48 x 4.305 us = 206.68 us
SIGMOID_MUL SIGMOID: 16 x 34.352 us = 549.64 us
SILU_MUL SILU: 48 x 35.649 us = 1711.16 us
SOFTPLUS_MUL SOFTPLUS: 48 x 4.27 us = 205 us
SSM_CONV_SILU SSM_CONV: 48 x 31.125 us = 1494 us
Total time: 1.01529e+06 us.
----------------
Vulkan Timings:
ADD: 176 x 16.955 us = 2984.12 us
CONCAT: 48 x 133.788 us = 6421.84 us
CONT: 16 x 43.92 us = 702.72 us
CPY: 96 x 4.214 us = 404.6 us
FLASH_ATTN_EXT dst(256,24,512,1),  q(256,512,24,1),  k(256,63488,4,1),  v(256,63488,4,1),  m(63488,512,1,1): 16 x 33788.3 us = 540613 us (23643.2 GFLOPS/s)
GATED_DELTA_NET: 48 x 239.522 us = 11497.1 us
GET_ROWS: 96 x 7.795 us = 748.36 us
GLU: 64 x 108.058 us = 6915.76 us
MUL_MAT f32 m=48 n=512 k=5120: 96 x 36.967 us = 3548.84 us (6806.97 GFLOPS/s)
MUL_MAT q4_0 m=1024 n=512 k=5120: 32 x 69.175 us = 2213.6 us (77603 GFLOPS/s)
MUL_MAT q4_0 m=10240 n=512 k=5120: 48 x 1075.26 us = 51612.4 us (49924.6 GFLOPS/s)
MUL_MAT q4_0 m=12288 n=512 k=5120: 16 x 1168.65 us = 18698.4 us (55121.8 GFLOPS/s)
MUL_MAT q4_0 m=17408 n=512 k=5120: 128 x 1542.67 us = 197462 us (59156.4 GFLOPS/s)
MUL_MAT q4_0 m=5120 n=512 k=17408: 56 x 1744.27 us = 97679.3 us (52322.9 GFLOPS/s)
MUL_MAT q4_0 m=5120 n=512 k=6144: 16 x 619.585 us = 9913.36 us (51985.8 GFLOPS/s)
MUL_MAT q4_0 m=6144 n=512 k=5120: 48 x 564.675 us = 27104.4 us (57040 GFLOPS/s)
MUL_MAT q4_1 m=5120 n=512 k=17408: 8 x 2021.98 us = 16175.9 us (45136.6 GFLOPS/s)
MUL_MAT q5_K m=5120 n=512 k=6144: 48 x 740.852 us = 35560.9 us (43476.4 GFLOPS/s)
RMS_NORM(128,16,512,1): 96 x 28.326 us = 2719.32 us
RMS_NORM_MUL RMS_NORM(128,48,512,1): 48 x 97.767 us = 4692.84 us
RMS_NORM_MUL RMS_NORM(256,24,512,1): 16 x 55.157 us = 882.52 us
RMS_NORM_MUL RMS_NORM(256,4,512,1): 16 x 13.815 us = 221.04 us
RMS_NORM_MUL RMS_NORM(5120,512,1,1): 129 x 20.158 us = 2600.4 us
ROPE: 16 x 41.86 us = 669.76 us
ROPE_VIEW_SET_ROWS ROPE: 16 x 9.852 us = 157.64 us
SCALE: 96 x 10.395 us = 998 us
SET_ROWS: 16 x 10.455 us = 167.28 us
SIGMOID: 48 x 4.227 us = 202.92 us
SIGMOID_MUL SIGMOID: 16 x 37.025 us = 592.4 us
SILU_MUL SILU: 48 x 35.987 us = 1727.4 us
SOFTPLUS_MUL SOFTPLUS: 48 x 4.428 us = 212.56 us
SSM_CONV_SILU SSM_CONV: 48 x 32.687 us = 1569 us
Total time: 1.04767e+06 us.
2.22.136.440 I slot print_timing: id  0 | task 0 | prompt processing, n_tokens =  63488, progress = 0.72, t =  96.45 s / 658.24 tokens per second
----------------
Vulkan Timings:
ADD: 176 x 15.468 us = 2722.52 us
CONCAT: 48 x 133.417 us = 6404.04 us
CONT: 16 x 40.317 us = 645.08 us
CPY: 96 x 3.998 us = 383.88 us
FLASH_ATTN_EXT dst(256,24,512,1),  q(256,512,24,1),  k(256,64000,4,1),  v(256,64000,4,1),  m(64000,512,1,1): 16 x 32732 us = 523711 us (24603.1 GFLOPS/s)
GATED_DELTA_NET: 48 x 239.544 us = 11498.1 us
GET_ROWS: 96 x 7.472 us = 717.36 us
GLU: 64 x 100.413 us = 6426.48 us
MUL_MAT f32 m=48 n=512 k=5120: 96 x 36.297 us = 3484.52 us (6932.61 GFLOPS/s)
MUL_MAT q4_0 m=1024 n=512 k=5120: 32 x 68.528 us = 2192.92 us (78334.8 GFLOPS/s)
MUL_MAT q4_0 m=10240 n=512 k=5120: 48 x 1075.33 us = 51615.6 us (49921.5 GFLOPS/s)
MUL_MAT q4_0 m=12288 n=512 k=5120: 16 x 1174.72 us = 18795.5 us (54837.1 GFLOPS/s)
MUL_MAT q4_0 m=17408 n=512 k=5120: 128 x 1548.78 us = 198244 us (58923.1 GFLOPS/s)
MUL_MAT q4_0 m=5120 n=512 k=17408: 56 x 1752.15 us = 98120.4 us (52087.7 GFLOPS/s)
MUL_MAT q4_0 m=5120 n=512 k=6144: 16 x 637.46 us = 10199.4 us (50528.1 GFLOPS/s)
MUL_MAT q4_0 m=6144 n=512 k=5120: 48 x 564.449 us = 27093.6 us (57062.9 GFLOPS/s)
MUL_MAT q4_1 m=5120 n=512 k=17408: 8 x 2012.65 us = 16101.2 us (45345.8 GFLOPS/s)
MUL_MAT q5_K m=5120 n=512 k=6144: 48 x 739.622 us = 35501.9 us (43548.7 GFLOPS/s)
RMS_NORM(128,16,512,1): 96 x 27.997 us = 2687.76 us
RMS_NORM_MUL RMS_NORM(128,48,512,1): 48 x 97.49 us = 4679.52 us
RMS_NORM_MUL RMS_NORM(256,24,512,1): 16 x 54.465 us = 871.44 us
RMS_NORM_MUL RMS_NORM(256,4,512,1): 16 x 13.625 us = 218 us
RMS_NORM_MUL RMS_NORM(5120,512,1,1): 129 x 19.008 us = 2452.12 us
ROPE: 16 x 40.135 us = 642.16 us
ROPE_VIEW_SET_ROWS ROPE: 16 x 9.705 us = 155.28 us
SCALE: 96 x 10.002 us = 960.24 us
SET_ROWS: 16 x 10.365 us = 165.84 us
SIGMOID: 48 x 4.269 us = 204.92 us
SIGMOID_MUL SIGMOID: 16 x 34.53 us = 552.48 us
SILU_MUL SILU: 48 x 35.612 us = 1709.4 us
SOFTPLUS_MUL SOFTPLUS: 48 x 4.216 us = 202.4 us
SSM_CONV_SILU SSM_CONV: 48 x 31.391 us = 1506.8 us
Total time: 1.03087e+06 us.
----------------
Vulkan Timings:
ADD: 176 x 24.29 us = 4275.12 us
CONCAT: 48 x 138.115 us = 6629.52 us
CONT: 16 x 63.692 us = 1019.08 us
CPY: 96 x 4.85 us = 465.64 us
FLASH_ATTN_EXT dst(256,24,512,1),  q(256,512,24,1),  k(256,64512,4,1),  v(256,64512,4,1),  m(64512,512,1,1): 16 x 42423.3 us = 678772 us (19134.5 GFLOPS/s)
GATED_DELTA_NET: 48 x 242.945 us = 11661.4 us
GET_ROWS: 96 x 9.111 us = 874.72 us
GLU: 64 x 144.528 us = 9249.84 us
MUL_MAT f32 m=48 n=512 k=5120: 96 x 41.479 us = 3982.04 us (6066.45 GFLOPS/s)
MUL_MAT q4_0 m=1024 n=512 k=5120: 32 x 75.762 us = 2424.4 us (70855.4 GFLOPS/s)
MUL_MAT q4_0 m=10240 n=512 k=5120: 48 x 1064.27 us = 51084.9 us (50440.1 GFLOPS/s)
MUL_MAT q4_0 m=12288 n=512 k=5120: 16 x 1165.65 us = 18650.4 us (55263.7 GFLOPS/s)
MUL_MAT q4_0 m=17408 n=512 k=5120: 128 x 1502.72 us = 192349 us (60729.1 GFLOPS/s)
MUL_MAT q4_0 m=5120 n=512 k=17408: 56 x 1737.56 us = 97303.3 us (52525.1 GFLOPS/s)
MUL_MAT q4_0 m=5120 n=512 k=6144: 16 x 569.177 us = 9106.84 us (56589.8 GFLOPS/s)
MUL_MAT q4_0 m=6144 n=512 k=5120: 48 x 566.71 us = 27202.1 us (56835.3 GFLOPS/s)
MUL_MAT q4_1 m=5120 n=512 k=17408: 8 x 2028.24 us = 16225.9 us (44997.4 GFLOPS/s)
MUL_MAT q5_K m=5120 n=512 k=6144: 48 x 730.953 us = 35085.8 us (44065.2 GFLOPS/s)
RMS_NORM(128,16,512,1): 96 x 29.869 us = 2867.48 us
RMS_NORM_MUL RMS_NORM(128,48,512,1): 48 x 98.098 us = 4708.72 us
RMS_NORM_MUL RMS_NORM(256,24,512,1): 16 x 59.625 us = 954 us
RMS_NORM_MUL RMS_NORM(256,4,512,1): 16 x 14.967 us = 239.48 us
RMS_NORM_MUL RMS_NORM(5120,512,1,1): 129 x 25.708 us = 3316.36 us
ROPE: 16 x 48.312 us = 773 us
ROPE_VIEW_SET_ROWS ROPE: 16 x 10.962 us = 175.4 us
SCALE: 96 x 12.529 us = 1202.8 us
SET_ROWS: 16 x 10.935 us = 174.96 us
SIGMOID: 48 x 4.17 us = 200.16 us
SIGMOID_MUL SIGMOID: 16 x 44.157 us = 706.52 us
SILU_MUL SILU: 48 x 36.683 us = 1760.8 us
SOFTPLUS_MUL SOFTPLUS: 48 x 4.644 us = 222.92 us
SSM_CONV_SILU SSM_CONV: 48 x 40.088 us = 1924.24 us
Total time: 1.18559e+06 us.
----------------
Vulkan Timings:
ADD: 176 x 18.127 us = 3190.4 us
CONCAT: 48 x 133.795 us = 6422.16 us
CONT: 16 x 44.89 us = 718.24 us
CPY: 96 x 4.367 us = 419.24 us
FLASH_ATTN_EXT dst(256,24,512,1),  q(256,512,24,1),  k(256,65024,4,1),  v(256,65024,4,1),  m(65024,512,1,1): 16 x 35773.3 us = 572372 us (22871.6 GFLOPS/s)
GATED_DELTA_NET: 48 x 239.302 us = 11486.5 us
GET_ROWS: 96 x 7.819 us = 750.64 us
GLU: 64 x 110.173 us = 7051.08 us
MUL_MAT f32 m=48 n=512 k=5120: 96 x 37.292 us = 3580.08 us (6747.57 GFLOPS/s)
MUL_MAT q4_0 m=1024 n=512 k=5120: 32 x 69.561 us = 2225.96 us (77172.1 GFLOPS/s)
MUL_MAT q4_0 m=10240 n=512 k=5120: 48 x 1065.62 us = 51149.9 us (50376 GFLOPS/s)
MUL_MAT q4_0 m=12288 n=512 k=5120: 16 x 1179.86 us = 18877.8 us (54598.2 GFLOPS/s)
MUL_MAT q4_0 m=17408 n=512 k=5120: 128 x 1537.95 us = 196858 us (59338.2 GFLOPS/s)
MUL_MAT q4_0 m=5120 n=512 k=17408: 56 x 1740.25 us = 97454.2 us (52443.7 GFLOPS/s)
MUL_MAT q4_0 m=5120 n=512 k=6144: 16 x 602.442 us = 9639.08 us (53465.1 GFLOPS/s)
MUL_MAT q4_0 m=6144 n=512 k=5120: 48 x 566.778 us = 27205.4 us (56828.4 GFLOPS/s)
MUL_MAT q4_1 m=5120 n=512 k=17408: 8 x 2034.41 us = 16275.3 us (44860.9 GFLOPS/s)
MUL_MAT q5_K m=5120 n=512 k=6144: 48 x 738.36 us = 35441.3 us (43623.2 GFLOPS/s)
RMS_NORM(128,16,512,1): 96 x 28.351 us = 2721.76 us
RMS_NORM_MUL RMS_NORM(128,48,512,1): 48 x 98.493 us = 4727.68 us
RMS_NORM_MUL RMS_NORM(256,24,512,1): 16 x 57.527 us = 920.44 us
RMS_NORM_MUL RMS_NORM(256,4,512,1): 16 x 12.817 us = 205.08 us
RMS_NORM_MUL RMS_NORM(5120,512,1,1): 129 x 20.059 us = 2587.72 us
ROPE: 16 x 38.747 us = 619.96 us
ROPE_VIEW_SET_ROWS ROPE: 16 x 10.027 us = 160.44 us
SCALE: 96 x 10.492 us = 1007.32 us
SET_ROWS: 16 x 9.56 us = 152.96 us
SIGMOID: 48 x 4.261 us = 204.56 us
SIGMOID_MUL SIGMOID: 16 x 35.47 us = 567.52 us
SILU_MUL SILU: 48 x 35.915 us = 1723.92 us
SOFTPLUS_MUL SOFTPLUS: 48 x 4.776 us = 229.28 us
SSM_CONV_SILU SSM_CONV: 48 x 32.464 us = 1558.28 us
Total time: 1.0785e+06 us.
----------------
Vulkan Timings:
ADD: 176 x 18.159 us = 3196.12 us
CONCAT: 48 x 133.805 us = 6422.64 us
CONT: 16 x 46.572 us = 745.16 us
CPY: 96 x 4.304 us = 413.24 us
FLASH_ATTN_EXT dst(256,24,512,1),  q(256,512,24,1),  k(256,65536,4,1),  v(256,65536,4,1),  m(65536,512,1,1): 16 x 35949.4 us = 575190 us (22938.7 GFLOPS/s)
GATED_DELTA_NET: 48 x 238.802 us = 11462.5 us
GET_ROWS: 96 x 7.73 us = 742.16 us
GLU: 64 x 107.645 us = 6889.28 us
MUL_MAT f32 m=48 n=512 k=5120: 96 x 36.733 us = 3526.4 us (6850.28 GFLOPS/s)
MUL_MAT q4_0 m=1024 n=512 k=5120: 32 x 68.96 us = 2206.72 us (77844.9 GFLOPS/s)
MUL_MAT q4_0 m=10240 n=512 k=5120: 48 x 1071.75 us = 51443.9 us (50088.1 GFLOPS/s)
MUL_MAT q4_0 m=12288 n=512 k=5120: 16 x 1168.24 us = 18691.9 us (55141.1 GFLOPS/s)
MUL_MAT q4_0 m=17408 n=512 k=5120: 128 x 1541.48 us = 197310 us (59202.1 GFLOPS/s)
MUL_MAT q4_0 m=5120 n=512 k=17408: 56 x 1736.39 us = 97238 us (52560.3 GFLOPS/s)
MUL_MAT q4_0 m=5120 n=512 k=6144: 16 x 605.755 us = 9692.08 us (53172.7 GFLOPS/s)
MUL_MAT q4_0 m=6144 n=512 k=5120: 48 x 565.685 us = 27152.9 us (56938.2 GFLOPS/s)
MUL_MAT q4_1 m=5120 n=512 k=17408: 8 x 2025.02 us = 16200.2 us (45068.9 GFLOPS/s)
MUL_MAT q5_K m=5120 n=512 k=6144: 48 x 735.504 us = 35304.2 us (43792.6 GFLOPS/s)
RMS_NORM(128,16,512,1): 96 x 28.164 us = 2703.76 us
RMS_NORM_MUL RMS_NORM(128,48,512,1): 48 x 97.375 us = 4674 us
RMS_NORM_MUL RMS_NORM(256,24,512,1): 16 x 55.562 us = 889 us
RMS_NORM_MUL RMS_NORM(256,4,512,1): 16 x 12.582 us = 201.32 us
RMS_NORM_MUL RMS_NORM(5120,512,1,1): 129 x 19.849 us = 2560.64 us
ROPE: 16 x 37.932 us = 606.92 us
ROPE_VIEW_SET_ROWS ROPE: 16 x 9.742 us = 155.88 us
SCALE: 96 x 10.331 us = 991.84 us
SET_ROWS: 16 x 9.547 us = 152.76 us
SIGMOID: 48 x 3.91 us = 187.68 us
SIGMOID_MUL SIGMOID: 16 x 36.29 us = 580.64 us
SILU_MUL SILU: 48 x 35.746 us = 1715.84 us
SOFTPLUS_MUL SOFTPLUS: 48 x 4.855 us = 233.04 us
SSM_CONV_SILU SSM_CONV: 48 x 32.6 us = 1564.8 us
Total time: 1.08105e+06 us.
2.26.684.498 I slot print_timing: id  0 | task 0 | prompt processing, n_tokens =  65536, progress = 0.74, t = 101.00 s / 648.87 tokens per second
----------------
Vulkan Timings:
ADD: 176 x 14.016 us = 2466.84 us
CONCAT: 48 x 132.37 us = 6353.8 us
CONT: 16 x 37.392 us = 598.28 us
CPY: 96 x 3.99 us = 383.04 us
FLASH_ATTN_EXT dst(256,24,512,1),  q(256,512,24,1),  k(256,66048,4,1),  v(256,66048,4,1),  m(66048,512,1,1): 16 x 32667.2 us = 522675 us (25440.7 GFLOPS/s)
GATED_DELTA_NET: 48 x 238.245 us = 11435.8 us
GET_ROWS: 96 x 7.21 us = 692.2 us
GLU: 64 x 93.337 us = 5973.6 us
MUL_MAT f32 m=48 n=512 k=5120: 96 x 35.589 us = 3416.56 us (7070.51 GFLOPS/s)
MUL_MAT q4_0 m=1024 n=512 k=5120: 32 x 67.696 us = 2166.28 us (79298.1 GFLOPS/s)
MUL_MAT q4_0 m=10240 n=512 k=5120: 48 x 1074.34 us = 51568.2 us (49967.4 GFLOPS/s)
MUL_MAT q4_0 m=12288 n=512 k=5120: 16 x 1171.7 us = 18747.3 us (54978.2 GFLOPS/s)
MUL_MAT q4_0 m=17408 n=512 k=5120: 128 x 1556.46 us = 199227 us (58632.4 GFLOPS/s)
MUL_MAT q4_0 m=5120 n=512 k=17408: 56 x 1746.68 us = 97814.4 us (52250.6 GFLOPS/s)
MUL_MAT q4_0 m=5120 n=512 k=6144: 16 x 620.04 us = 9920.64 us (51947.7 GFLOPS/s)
MUL_MAT q4_0 m=6144 n=512 k=5120: 48 x 567.972 us = 27262.7 us (56708.9 GFLOPS/s)
MUL_MAT q4_1 m=5120 n=512 k=17408: 8 x 2005.68 us = 16045.4 us (45503.5 GFLOPS/s)
MUL_MAT q5_K m=5120 n=512 k=6144: 48 x 741.363 us = 35585.4 us (43446.5 GFLOPS/s)
RMS_NORM(128,16,512,1): 96 x 27.684 us = 2657.72 us
RMS_NORM_MUL RMS_NORM(128,48,512,1): 48 x 97.793 us = 4694.08 us
RMS_NORM_MUL RMS_NORM(256,24,512,1): 16 x 54.315 us = 869.04 us
RMS_NORM_MUL RMS_NORM(256,4,512,1): 16 x 12.322 us = 197.16 us
RMS_NORM_MUL RMS_NORM(5120,512,1,1): 129 x 17.619 us = 2272.92 us
ROPE: 16 x 35.612 us = 569.8 us
ROPE_VIEW_SET_ROWS ROPE: 16 x 9.357 us = 149.72 us
SCALE: 96 x 9.554 us = 917.2 us
SET_ROWS: 16 x 9.365 us = 149.84 us
SIGMOID: 48 x 4.001 us = 192.08 us
SIGMOID_MUL SIGMOID: 16 x 32.852 us = 525.64 us
SILU_MUL SILU: 48 x 35.563 us = 1707.04 us
SOFTPLUS_MUL SOFTPLUS: 48 x 4.611 us = 221.36 us
SSM_CONV_SILU SSM_CONV: 48 x 29.655 us = 1423.48 us
Total time: 1.02888e+06 us.
----------------
Vulkan Timings:
ADD: 176 x 16.761 us = 2950 us
CONCAT: 48 x 132.945 us = 6381.36 us
CONT: 16 x 44.277 us = 708.44 us
CPY: 96 x 4.272 us = 410.2 us
FLASH_ATTN_EXT dst(256,24,512,1),  q(256,512,24,1),  k(256,66560,4,1),  v(256,66560,4,1),  m(66560,512,1,1): 16 x 35329.6 us = 565274 us (23705.9 GFLOPS/s)
GATED_DELTA_NET: 48 x 236.871 us = 11369.8 us
GET_ROWS: 96 x 7.577 us = 727.4 us
GLU: 64 x 105.017 us = 6721.12 us
MUL_MAT f32 m=48 n=512 k=5120: 96 x 35.888 us = 3445.28 us (7011.57 GFLOPS/s)
MUL_MAT q4_0 m=1024 n=512 k=5120: 32 x 75.206 us = 2406.6 us (71379.5 GFLOPS/s)
MUL_MAT q4_0 m=10240 n=512 k=5120: 48 x 1066.2 us = 51177.6 us (50348.8 GFLOPS/s)
MUL_MAT q4_0 m=12288 n=512 k=5120: 16 x 1155.25 us = 18484 us (55761.4 GFLOPS/s)
MUL_MAT q4_0 m=17408 n=512 k=5120: 128 x 1537.51 us = 196801 us (59355.3 GFLOPS/s)
MUL_MAT q4_0 m=5120 n=512 k=17408: 56 x 1736.35 us = 97235.6 us (52561.6 GFLOPS/s)
MUL_MAT q4_0 m=5120 n=512 k=6144: 16 x 606.977 us = 9711.64 us (53065.6 GFLOPS/s)
MUL_MAT q4_0 m=6144 n=512 k=5120: 48 x 562.086 us = 26980.2 us (57302.7 GFLOPS/s)
MUL_MAT q4_1 m=5120 n=512 k=17408: 8 x 2005.86 us = 16046.9 us (45499.4 GFLOPS/s)
MUL_MAT q5_K m=5120 n=512 k=6144: 48 x 733.183 us = 35192.8 us (43931.2 GFLOPS/s)
RMS_NORM(128,16,512,1): 96 x 27.832 us = 2671.88 us
RMS_NORM_MUL RMS_NORM(128,48,512,1): 48 x 98.073 us = 4707.52 us
RMS_NORM_MUL RMS_NORM(256,24,512,1): 16 x 54.64 us = 874.24 us
RMS_NORM_MUL RMS_NORM(256,4,512,1): 16 x 12.555 us = 200.88 us
RMS_NORM_MUL RMS_NORM(5120,512,1,1): 129 x 19.099 us = 2463.84 us
ROPE: 16 x 37.132 us = 594.12 us
ROPE_VIEW_SET_ROWS ROPE: 16 x 10.102 us = 161.64 us
SCALE: 96 x 9.934 us = 953.68 us
SET_ROWS: 16 x 9.537 us = 152.6 us
SIGMOID: 48 x 3.765 us = 180.72 us
SIGMOID_MUL SIGMOID: 16 x 34.26 us = 548.16 us
SILU_MUL SILU: 48 x 35.543 us = 1706.08 us
SOFTPLUS_MUL SOFTPLUS: 48 x 5.535 us = 265.68 us
SSM_CONV_SILU SSM_CONV: 48 x 30.714 us = 1474.28 us
Total time: 1.06898e+06 us.
----------------
Vulkan Timings:
ADD: 176 x 21.722 us = 3823.16 us
CONCAT: 48 x 136.834 us = 6568.04 us
CONT: 16 x 56.217 us = 899.48 us
CPY: 96 x 4.654 us = 446.8 us
FLASH_ATTN_EXT dst(256,24,512,1),  q(256,512,24,1),  k(256,67072,4,1),  v(256,67072,4,1),  m(67072,512,1,1): 16 x 41399.4 us = 662390 us (20385.8 GFLOPS/s)
GATED_DELTA_NET: 48 x 242.19 us = 11625.2 us
GET_ROWS: 96 x 8.403 us = 806.72 us
GLU: 64 x 126.408 us = 8090.12 us
MUL_MAT f32 m=48 n=512 k=5120: 96 x 38.991 us = 3743.16 us (6453.59 GFLOPS/s)
MUL_MAT q4_0 m=1024 n=512 k=5120: 32 x 78.158 us = 2501.08 us (68683.1 GFLOPS/s)
MUL_MAT q4_0 m=10240 n=512 k=5120: 48 x 1077.28 us = 51709.3 us (49831.1 GFLOPS/s)
MUL_MAT q4_0 m=12288 n=512 k=5120: 16 x 1168.19 us = 18691 us (55143.7 GFLOPS/s)
MUL_MAT q4_0 m=17408 n=512 k=5120: 128 x 1531.47 us = 196028 us (59589.2 GFLOPS/s)
MUL_MAT q4_0 m=5120 n=512 k=17408: 56 x 1758.73 us = 98489.1 us (51892.7 GFLOPS/s)
MUL_MAT q4_0 m=5120 n=512 k=6144: 16 x 589.042 us = 9424.68 us (54681.3 GFLOPS/s)
MUL_MAT q4_0 m=6144 n=512 k=5120: 48 x 571.293 us = 27422.1 us (56379.3 GFLOPS/s)
MUL_MAT q4_1 m=5120 n=512 k=17408: 8 x 2034.92 us = 16279.4 us (44849.5 GFLOPS/s)
MUL_MAT q5_K m=5120 n=512 k=6144: 48 x 737.545 us = 35402.2 us (43671.4 GFLOPS/s)
RMS_NORM(128,16,512,1): 96 x 29.197 us = 2802.92 us
RMS_NORM_MUL RMS_NORM(128,48,512,1): 48 x 97.644 us = 4686.92 us
RMS_NORM_MUL RMS_NORM(256,24,512,1): 16 x 58.18 us = 930.88 us
RMS_NORM_MUL RMS_NORM(256,4,512,1): 16 x 13.117 us = 209.88 us
RMS_NORM_MUL RMS_NORM(5120,512,1,1): 129 x 22.734 us = 2932.8 us
ROPE: 16 x 41.105 us = 657.68 us
ROPE_VIEW_SET_ROWS ROPE: 16 x 10.382 us = 166.12 us
SCALE: 96 x 11.473 us = 1101.44 us
SET_ROWS: 16 x 9.852 us = 157.64 us
SIGMOID: 48 x 4.043 us = 194.08 us
SIGMOID_MUL SIGMOID: 16 x 40.127 us = 642.04 us
SILU_MUL SILU: 48 x 36.653 us = 1759.36 us
SOFTPLUS_MUL SOFTPLUS: 48 x 5.19 us = 249.16 us
SSM_CONV_SILU SSM_CONV: 48 x 36.825 us = 1767.6 us
Total time: 1.1726e+06 us.
----------------
Vulkan Timings:
ADD: 176 x 23.382 us = 4115.28 us
CONCAT: 48 x 137.096 us = 6580.64 us
CONT: 16 x 59.157 us = 946.52 us
CPY: 96 x 4.705 us = 451.76 us
FLASH_ATTN_EXT dst(256,24,512,1),  q(256,512,24,1),  k(256,67584,4,1),  v(256,67584,4,1),  m(67584,512,1,1): 16 x 43566.1 us = 697058 us (19519.8 GFLOPS/s)
GATED_DELTA_NET: 48 x 241.301 us = 11582.5 us
GET_ROWS: 96 x 8.955 us = 859.68 us
GLU: 64 x 136.677 us = 8747.36 us
MUL_MAT f32 m=48 n=512 k=5120: 96 x 40.485 us = 3886.6 us (6215.41 GFLOPS/s)
MUL_MAT q4_0 m=1024 n=512 k=5120: 32 x 71.451 us = 2286.44 us (75130.7 GFLOPS/s)
MUL_MAT q4_0 m=10240 n=512 k=5120: 48 x 1066.41 us = 51188 us (50338.6 GFLOPS/s)
MUL_MAT q4_0 m=12288 n=512 k=5120: 16 x 1179.83 us = 18877.3 us (54599.6 GFLOPS/s)
MUL_MAT q4_0 m=17408 n=512 k=5120: 128 x 1506.21 us = 192795 us (60588.7 GFLOPS/s)
MUL_MAT q4_0 m=5120 n=512 k=17408: 56 x 1727.14 us = 96719.9 us (52841.9 GFLOPS/s)
MUL_MAT q4_0 m=5120 n=512 k=6144: 16 x 567.562 us = 9081 us (56750.8 GFLOPS/s)
MUL_MAT q4_0 m=6144 n=512 k=5120: 48 x 563.04 us = 27025.9 us (57205.7 GFLOPS/s)
MUL_MAT q4_1 m=5120 n=512 k=17408: 8 x 1998.12 us = 15985 us (45675.5 GFLOPS/s)
MUL_MAT q5_K m=5120 n=512 k=6144: 48 x 729.55 us = 35018.4 us (44150 GFLOPS/s)
RMS_NORM(128,16,512,1): 96 x 29.527 us = 2834.64 us
RMS_NORM_MUL RMS_NORM(128,48,512,1): 48 x 98.224 us = 4714.76 us
RMS_NORM_MUL RMS_NORM(256,24,512,1): 16 x 58.725 us = 939.6 us
RMS_NORM_MUL RMS_NORM(256,4,512,1): 16 x 13.365 us = 213.84 us
RMS_NORM_MUL RMS_NORM(5120,512,1,1): 129 x 24.579 us = 3170.8 us
ROPE: 16 x 43.287 us = 692.6 us
ROPE_VIEW_SET_ROWS ROPE: 16 x 10.572 us = 169.16 us
SCALE: 96 x 12.111 us = 1162.68 us
SET_ROWS: 16 x 9.76 us = 156.16 us
SIGMOID: 48 x 4.152 us = 199.32 us
SIGMOID_MUL SIGMOID: 16 x 40.575 us = 649.2 us
SILU_MUL SILU: 48 x 36.342 us = 1744.44 us
SOFTPLUS_MUL SOFTPLUS: 48 x 5.008 us = 240.4 us
SSM_CONV_SILU SSM_CONV: 48 x 38.664 us = 1855.88 us
Total time: 1.20195e+06 us.
2.31.346.941 I slot print_timing: id  0 | task 0 | prompt processing, n_tokens =  67584, progress = 0.77, t = 105.66 s / 639.62 tokens per second
----------------
Vulkan Timings:
ADD: 176 x 13.751 us = 2420.2 us
CONCAT: 48 x 132.335 us = 6352.08 us
CONT: 16 x 39.457 us = 631.32 us
CPY: 96 x 3.916 us = 375.96 us
FLASH_ATTN_EXT dst(256,24,512,1),  q(256,512,24,1),  k(256,68096,4,1),  v(256,68096,4,1),  m(68096,512,1,1): 16 x 33879.9 us = 542078 us (25290.7 GFLOPS/s)
GATED_DELTA_NET: 48 x 238.177 us = 11432.5 us
GET_ROWS: 96 x 7.398 us = 710.24 us
GLU: 64 x 93.399 us = 5977.56 us
MUL_MAT f32 m=48 n=512 k=5120: 96 x 35.29 us = 3387.84 us (7130.45 GFLOPS/s)
MUL_MAT q4_0 m=1024 n=512 k=5120: 32 x 67.863 us = 2171.64 us (79102.4 GFLOPS/s)
MUL_MAT q4_0 m=10240 n=512 k=5120: 48 x 1074.45 us = 51573.8 us (49961.9 GFLOPS/s)
MUL_MAT q4_0 m=12288 n=512 k=5120: 16 x 1171.35 us = 18741.6 us (54994.7 GFLOPS/s)
MUL_MAT q4_0 m=17408 n=512 k=5120: 128 x 1547.85 us = 198125 us (58958.7 GFLOPS/s)
MUL_MAT q4_0 m=5120 n=512 k=17408: 56 x 1740.9 us = 97490.2 us (52424.4 GFLOPS/s)
MUL_MAT q4_0 m=5120 n=512 k=6144: 16 x 616.64 us = 9866.24 us (52234.1 GFLOPS/s)
MUL_MAT q4_0 m=6144 n=512 k=5120: 48 x 561.428 us = 26948.6 us (57369.9 GFLOPS/s)
MUL_MAT q4_1 m=5120 n=512 k=17408: 8 x 2025.29 us = 16202.3 us (45063 GFLOPS/s)
MUL_MAT q5_K m=5120 n=512 k=6144: 48 x 738.754 us = 35460.2 us (43599.9 GFLOPS/s)
RMS_NORM(128,16,512,1): 96 x 27.579 us = 2647.6 us
RMS_NORM_MUL RMS_NORM(128,48,512,1): 48 x 97.4 us = 4675.2 us
RMS_NORM_MUL RMS_NORM(256,24,512,1): 16 x 53.822 us = 861.16 us
RMS_NORM_MUL RMS_NORM(256,4,512,1): 16 x 12.39 us = 198.24 us
RMS_NORM_MUL RMS_NORM(5120,512,1,1): 129 x 17.552 us = 2264.24 us
ROPE: 16 x 35.477 us = 567.64 us
ROPE_VIEW_SET_ROWS ROPE: 16 x 9.34 us = 149.44 us
SCALE: 96 x 9.554 us = 917.24 us
SET_ROWS: 16 x 9.415 us = 150.64 us
SIGMOID: 48 x 4.285 us = 205.68 us
SIGMOID_MUL SIGMOID: 16 x 33.552 us = 536.84 us
SILU_MUL SILU: 48 x 35.34 us = 1696.36 us
SOFTPLUS_MUL SOFTPLUS: 48 x 4.509 us = 216.44 us
SSM_CONV_SILU SSM_CONV: 48 x 29.61 us = 1421.32 us
Total time: 1.04645e+06 us.
----------------
Vulkan Timings:
ADD: 176 x 25.082 us = 4414.6 us
CONCAT: 48 x 137.99 us = 6623.52 us
CONT: 16 x 68.09 us = 1089.44 us
CPY: 96 x 4.997 us = 479.76 us
FLASH_ATTN_EXT dst(256,24,512,1),  q(256,512,24,1),  k(256,68608,4,1),  v(256,68608,4,1),  m(68608,512,1,1): 16 x 47574.2 us = 761188 us (18146.1 GFLOPS/s)
GATED_DELTA_NET: 48 x 242.68 us = 11648.6 us
GET_ROWS: 96 x 9.384 us = 900.88 us
GLU: 64 x 144.955 us = 9277.16 us
MUL_MAT f32 m=48 n=512 k=5120: 96 x 40.737 us = 3910.76 us (6177.02 GFLOPS/s)
MUL_MAT q4_0 m=1024 n=512 k=5120: 32 x 76.353 us = 2443.32 us (70306.8 GFLOPS/s)
MUL_MAT q4_0 m=10240 n=512 k=5120: 48 x 1072.41 us = 51475.5 us (50057.4 GFLOPS/s)
MUL_MAT q4_0 m=12288 n=512 k=5120: 16 x 1177.38 us = 18838.2 us (54713 GFLOPS/s)
MUL_MAT q4_0 m=17408 n=512 k=5120: 128 x 1508.6 us = 193101 us (60492.6 GFLOPS/s)
MUL_MAT q4_0 m=5120 n=512 k=17408: 56 x 1740.43 us = 97464.2 us (52438.4 GFLOPS/s)
MUL_MAT q4_0 m=5120 n=512 k=6144: 16 x 560.125 us = 8962 us (57504.4 GFLOPS/s)
MUL_MAT q4_0 m=6144 n=512 k=5120: 48 x 564.109 us = 27077.2 us (57097.3 GFLOPS/s)
MUL_MAT q4_1 m=5120 n=512 k=17408: 8 x 2017.79 us = 16142.3 us (45230.4 GFLOPS/s)
MUL_MAT q5_K m=5120 n=512 k=6144: 48 x 730.78 us = 35077.4 us (44075.7 GFLOPS/s)
RMS_NORM(128,16,512,1): 96 x 29.934 us = 2873.72 us
RMS_NORM_MUL RMS_NORM(128,48,512,1): 48 x 98.059 us = 4706.84 us
RMS_NORM_MUL RMS_NORM(256,24,512,1): 16 x 60.597 us = 969.56 us
RMS_NORM_MUL RMS_NORM(256,4,512,1): 16 x 13.792 us = 220.68 us
RMS_NORM_MUL RMS_NORM(5120,512,1,1): 129 x 25.509 us = 3290.68 us
ROPE: 16 x 44.515 us = 712.24 us
ROPE_VIEW_SET_ROWS ROPE: 16 x 11.067 us = 177.08 us
SCALE: 96 x 12.456 us = 1195.84 us
SET_ROWS: 16 x 9.922 us = 158.76 us
SIGMOID: 48 x 4.358 us = 209.2 us
SIGMOID_MUL SIGMOID: 16 x 42.98 us = 687.68 us
SILU_MUL SILU: 48 x 36.925 us = 1772.4 us
SOFTPLUS_MUL SOFTPLUS: 48 x 5.254 us = 252.2 us
SSM_CONV_SILU SSM_CONV: 48 x 40.215 us = 1930.36 us
Total time: 1.26927e+06 us.
----------------
Vulkan Timings:
ADD: 176 x 26.236 us = 4617.56 us
CONCAT: 48 x 139.625 us = 6702.04 us
CONT: 16 x 64.867 us = 1037.88 us
CPY: 96 x 4.924 us = 472.72 us
FLASH_ATTN_EXT dst(256,24,512,1),  q(256,512,24,1),  k(256,69120,4,1),  v(256,69120,4,1),  m(69120,512,1,1): 16 x 48666 us = 778657 us (17871.4 GFLOPS/s)
GATED_DELTA_NET: 48 x 245.714 us = 11794.3 us
GET_ROWS: 96 x 9.437 us = 906.04 us
GLU: 64 x 145.033 us = 9282.16 us
MUL_MAT f32 m=48 n=512 k=5120: 96 x 40.771 us = 3914.08 us (6171.78 GFLOPS/s)
MUL_MAT q4_0 m=1024 n=512 k=5120: 32 x 76.612 us = 2451.6 us (70069.3 GFLOPS/s)
MUL_MAT q4_0 m=10240 n=512 k=5120: 48 x 1078.34 us = 51760.1 us (49782.2 GFLOPS/s)
MUL_MAT q4_0 m=12288 n=512 k=5120: 16 x 1181.29 us = 18900.7 us (54532 GFLOPS/s)
MUL_MAT q4_0 m=17408 n=512 k=5120: 128 x 1511.01 us = 193409 us (60396.2 GFLOPS/s)
MUL_MAT q4_0 m=5120 n=512 k=17408: 56 x 1737.31 us = 97289.1 us (52532.8 GFLOPS/s)
MUL_MAT q4_0 m=5120 n=512 k=6144: 16 x 565.115 us = 9041.84 us (56996.6 GFLOPS/s)
MUL_MAT q4_0 m=6144 n=512 k=5120: 48 x 572.187 us = 27465 us (56291.2 GFLOPS/s)
MUL_MAT q4_1 m=5120 n=512 k=17408: 8 x 2056.94 us = 16455.5 us (44369.5 GFLOPS/s)
MUL_MAT q5_K m=5120 n=512 k=6144: 48 x 734.7 us = 35265.6 us (43840.5 GFLOPS/s)
RMS_NORM(128,16,512,1): 96 x 29.952 us = 2875.4 us
RMS_NORM_MUL RMS_NORM(128,48,512,1): 48 x 99.379 us = 4770.2 us
RMS_NORM_MUL RMS_NORM(256,24,512,1): 16 x 60.292 us = 964.68 us
RMS_NORM_MUL RMS_NORM(256,4,512,1): 16 x 13.925 us = 222.8 us
RMS_NORM_MUL RMS_NORM(5120,512,1,1): 129 x 25.466 us = 3285.16 us
ROPE: 16 x 45.842 us = 733.48 us
ROPE_VIEW_SET_ROWS ROPE: 16 x 11.032 us = 176.52 us
SCALE: 96 x 12.475 us = 1197.68 us
SET_ROWS: 16 x 9.925 us = 158.8 us
SIGMOID: 48 x 3.985 us = 191.32 us
SIGMOID_MUL SIGMOID: 16 x 43.125 us = 690 us
SILU_MUL SILU: 48 x 37.27 us = 1788.96 us
SOFTPLUS_MUL SOFTPLUS: 48 x 5.93 us = 284.68 us
SSM_CONV_SILU SSM_CONV: 48 x 39.88 us = 1914.28 us
Total time: 1.28868e+06 us.
----------------
Vulkan Timings:
ADD: 176 x 20.41 us = 3592.2 us
CONCAT: 48 x 136.101 us = 6532.88 us
CONT: 16 x 50.602 us = 809.64 us
CPY: 96 x 4.733 us = 454.4 us
FLASH_ATTN_EXT dst(256,24,512,1),  q(256,512,24,1),  k(256,69632,4,1),  v(256,69632,4,1),  m(69632,512,1,1): 16 x 42849.7 us = 685596 us (20447.6 GFLOPS/s)
GATED_DELTA_NET: 48 x 238.891 us = 11466.8 us
GET_ROWS: 96 x 8.507 us = 816.76 us
GLU: 64 x 120.757 us = 7728.48 us
MUL_MAT f32 m=48 n=512 k=5120: 96 x 38.274 us = 3674.36 us (6574.43 GFLOPS/s)
MUL_MAT q4_0 m=1024 n=512 k=5120: 32 x 72.328 us = 2314.52 us (74219.2 GFLOPS/s)
MUL_MAT q4_0 m=10240 n=512 k=5120: 48 x 1067.78 us = 51253.2 us (50274.5 GFLOPS/s)
MUL_MAT q4_0 m=12288 n=512 k=5120: 16 x 1154.86 us = 18477.7 us (55780.4 GFLOPS/s)
MUL_MAT q4_0 m=17408 n=512 k=5120: 128 x 1515.19 us = 193944 us (60229.5 GFLOPS/s)
MUL_MAT q4_0 m=5120 n=512 k=17408: 56 x 1720.61 us = 96354.1 us (53042.5 GFLOPS/s)
MUL_MAT q4_0 m=5120 n=512 k=6144: 16 x 575.317 us = 9205.08 us (55985.8 GFLOPS/s)
MUL_MAT q4_0 m=6144 n=512 k=5120: 48 x 559.625 us = 26862 us (57554.7 GFLOPS/s)
MUL_MAT q4_1 m=5120 n=512 k=17408: 8 x 2031.3 us = 16250.4 us (44929.7 GFLOPS/s)
MUL_MAT q5_K m=5120 n=512 k=6144: 48 x 728.462 us = 34966.2 us (44215.9 GFLOPS/s)
RMS_NORM(128,16,512,1): 96 x 28.747 us = 2759.72 us
RMS_NORM_MUL RMS_NORM(128,48,512,1): 48 x 97.137 us = 4662.6 us
RMS_NORM_MUL RMS_NORM(256,24,512,1): 16 x 56.69 us = 907.04 us
RMS_NORM_MUL RMS_NORM(256,4,512,1): 16 x 12.787 us = 204.6 us
RMS_NORM_MUL RMS_NORM(5120,512,1,1): 129 x 21.586 us = 2784.68 us
ROPE: 16 x 40.23 us = 643.68 us
ROPE_VIEW_SET_ROWS ROPE: 16 x 10.387 us = 166.2 us
SCALE: 96 x 10.997 us = 1055.72 us
SET_ROWS: 16 x 9.587 us = 153.4 us
SIGMOID: 48 x 4.265 us = 204.72 us
SIGMOID_MUL SIGMOID: 16 x 36.862 us = 589.8 us
SILU_MUL SILU: 48 x 35.8 us = 1718.4 us
SOFTPLUS_MUL SOFTPLUS: 48 x 5.866 us = 281.6 us
SSM_CONV_SILU SSM_CONV: 48 x 34.546 us = 1658.24 us
Total time: 1.18809e+06 us.
2.36.371.316 I slot print_timing: id  0 | task 0 | prompt processing, n_tokens =  69632, progress = 0.79, t = 110.69 s / 629.09 tokens per second
----------------
Vulkan Timings:
ADD: 176 x 16.937 us = 2981.08 us
CONCAT: 48 x 136.074 us = 6531.56 us
CONT: 16 x 42.337 us = 677.4 us
CPY: 96 x 4.282 us = 411.08 us
FLASH_ATTN_EXT dst(256,24,512,1),  q(256,512,24,1),  k(256,70144,4,1),  v(256,70144,4,1),  m(70144,512,1,1): 16 x 38763.5 us = 620217 us (22769.2 GFLOPS/s)
GATED_DELTA_NET: 48 x 240.199 us = 11529.6 us
GET_ROWS: 96 x 7.93 us = 761.36 us
GLU: 64 x 104.113 us = 6663.24 us
MUL_MAT f32 m=48 n=512 k=5120: 96 x 36.622 us = 3515.76 us (6871.01 GFLOPS/s)
MUL_MAT q4_0 m=1024 n=512 k=5120: 32 x 72.625 us = 2324 us (73916.5 GFLOPS/s)
MUL_MAT q4_0 m=10240 n=512 k=5120: 48 x 1091.37 us = 52385.8 us (49187.6 GFLOPS/s)
MUL_MAT q4_0 m=12288 n=512 k=5120: 16 x 1175.21 us = 18803.4 us (54814 GFLOPS/s)
MUL_MAT q4_0 m=17408 n=512 k=5120: 128 x 1558.2 us = 199450 us (58566.8 GFLOPS/s)
MUL_MAT q4_0 m=5120 n=512 k=17408: 56 x 1760.88 us = 98609.2 us (51829.5 GFLOPS/s)
MUL_MAT q4_0 m=5120 n=512 k=6144: 16 x 611.357 us = 9781.72 us (52685.4 GFLOPS/s)
MUL_MAT q4_0 m=6144 n=512 k=5120: 48 x 570.14 us = 27366.8 us (56493.3 GFLOPS/s)
MUL_MAT q4_1 m=5120 n=512 k=17408: 8 x 2043.67 us = 16349.4 us (44657.5 GFLOPS/s)
MUL_MAT q5_K m=5120 n=512 k=6144: 48 x 743.985 us = 35711.3 us (43293.3 GFLOPS/s)
RMS_NORM(128,16,512,1): 96 x 28.268 us = 2713.8 us
RMS_NORM_MUL RMS_NORM(128,48,512,1): 48 x 98.318 us = 4719.28 us
RMS_NORM_MUL RMS_NORM(256,24,512,1): 16 x 55.725 us = 891.6 us
RMS_NORM_MUL RMS_NORM(256,4,512,1): 16 x 12.522 us = 200.36 us
RMS_NORM_MUL RMS_NORM(5120,512,1,1): 129 x 18.962 us = 2446.16 us
ROPE: 16 x 37.465 us = 599.44 us
ROPE_VIEW_SET_ROWS ROPE: 16 x 9.95 us = 159.2 us
SCALE: 96 x 9.991 us = 959.2 us
SET_ROWS: 16 x 9.567 us = 153.08 us
SIGMOID: 48 x 4.026 us = 193.28 us
SIGMOID_MUL SIGMOID: 16 x 34.867 us = 557.88 us
SILU_MUL SILU: 48 x 35.88 us = 1722.28 us
SOFTPLUS_MUL SOFTPLUS: 48 x 5.635 us = 270.52 us
SSM_CONV_SILU SSM_CONV: 48 x 31.776 us = 1525.28 us
Total time: 1.13118e+06 us.
----------------
Vulkan Timings:
ADD: 176 x 15.312 us = 2695.08 us
CONCAT: 48 x 133.108 us = 6389.2 us
CONT: 16 x 39.507 us = 632.12 us
CPY: 96 x 4.01 us = 385 us
FLASH_ATTN_EXT dst(256,24,512,1),  q(256,512,24,1),  k(256,70656,4,1),  v(256,70656,4,1),  m(70656,512,1,1): 16 x 35949 us = 575183 us (24731.1 GFLOPS/s)
GATED_DELTA_NET: 48 x 238.258 us = 11436.4 us
GET_ROWS: 96 x 7.528 us = 722.76 us
GLU: 64 x 94.446 us = 6044.56 us
MUL_MAT f32 m=48 n=512 k=5120: 96 x 35.269 us = 3385.84 us (7134.66 GFLOPS/s)
MUL_MAT q4_0 m=1024 n=512 k=5120: 32 x 76.311 us = 2441.96 us (70345.9 GFLOPS/s)
MUL_MAT q4_0 m=10240 n=512 k=5120: 48 x 1076.55 us = 51674.2 us (49864.9 GFLOPS/s)
MUL_MAT q4_0 m=12288 n=512 k=5120: 16 x 1154.92 us = 18478.7 us (55777.3 GFLOPS/s)
MUL_MAT q4_0 m=17408 n=512 k=5120: 128 x 1547.11 us = 198031 us (58986.7 GFLOPS/s)
MUL_MAT q4_0 m=5120 n=512 k=17408: 56 x 1743.08 us = 97612.6 us (52358.7 GFLOPS/s)
MUL_MAT q4_0 m=5120 n=512 k=6144: 16 x 609.002 us = 9744.04 us (52889.2 GFLOPS/s)
MUL_MAT q4_0 m=6144 n=512 k=5120: 48 x 563.69 us = 27057.2 us (57139.7 GFLOPS/s)
MUL_MAT q4_1 m=5120 n=512 k=17408: 8 x 2019.62 us = 16157 us (45189.4 GFLOPS/s)
MUL_MAT q5_K m=5120 n=512 k=6144: 48 x 738.511 us = 35448.6 us (43614.3 GFLOPS/s)
RMS_NORM(128,16,512,1): 96 x 27.669 us = 2656.24 us
RMS_NORM_MUL RMS_NORM(128,48,512,1): 48 x 98.097 us = 4708.68 us
RMS_NORM_MUL RMS_NORM(256,24,512,1): 16 x 54.125 us = 866 us
RMS_NORM_MUL RMS_NORM(256,4,512,1): 16 x 12.01 us = 192.16 us
RMS_NORM_MUL RMS_NORM(5120,512,1,1): 129 x 17.688 us = 2281.88 us
ROPE: 16 x 34.83 us = 557.28 us
ROPE_VIEW_SET_ROWS ROPE: 16 x 9.745 us = 155.92 us
SCALE: 96 x 9.54 us = 915.92 us
SET_ROWS: 16 x 9.57 us = 153.12 us
SIGMOID: 48 x 4.122 us = 197.88 us
SIGMOID_MUL SIGMOID: 16 x 33.16 us = 530.56 us
SILU_MUL SILU: 48 x 35.962 us = 1726.2 us
SOFTPLUS_MUL SOFTPLUS: 48 x 5.419 us = 260.12 us
SSM_CONV_SILU SSM_CONV: 48 x 30.165 us = 1447.96 us
Total time: 1.08017e+06 us.
----------------
Vulkan Timings:
ADD: 176 x 25.413 us = 4472.8 us
CONCAT: 48 x 138.812 us = 6663 us
CONT: 16 x 64.392 us = 1030.28 us
CPY: 96 x 4.977 us = 477.8 us
FLASH_ATTN_EXT dst(256,24,512,1),  q(256,512,24,1),  k(256,71168,4,1),  v(256,71168,4,1),  m(71168,512,1,1): 16 x 51308 us = 820927 us (17453.4 GFLOPS/s)
GATED_DELTA_NET: 48 x 243.362 us = 11681.4 us
GET_ROWS: 96 x 9.259 us = 888.92 us
GLU: 64 x 144.506 us = 9248.44 us
MUL_MAT f32 m=48 n=512 k=5120: 96 x 40.52 us = 3890 us (6209.98 GFLOPS/s)
MUL_MAT q4_0 m=1024 n=512 k=5120: 32 x 73.025 us = 2336.8 us (73511.6 GFLOPS/s)
MUL_MAT q4_0 m=10240 n=512 k=5120: 48 x 1075.28 us = 51613.6 us (49923.5 GFLOPS/s)
MUL_MAT q4_0 m=12288 n=512 k=5120: 16 x 1179.18 us = 18867 us (54629.4 GFLOPS/s)
MUL_MAT q4_0 m=17408 n=512 k=5120: 128 x 1514.25 us = 193825 us (60266.7 GFLOPS/s)
MUL_MAT q4_0 m=5120 n=512 k=17408: 56 x 1743.48 us = 97635.1 us (52346.6 GFLOPS/s)
MUL_MAT q4_0 m=5120 n=512 k=6144: 16 x 565.565 us = 9049.04 us (56951.2 GFLOPS/s)
MUL_MAT q4_0 m=6144 n=512 k=5120: 48 x 565.715 us = 27154.3 us (56935.2 GFLOPS/s)
MUL_MAT q4_1 m=5120 n=512 k=17408: 8 x 2022.7 us = 16181.6 us (45120.6 GFLOPS/s)
MUL_MAT q5_K m=5120 n=512 k=6144: 48 x 731.18 us = 35096.6 us (44051.6 GFLOPS/s)
RMS_NORM(128,16,512,1): 96 x 29.887 us = 2869.24 us
RMS_NORM_MUL RMS_NORM(128,48,512,1): 48 x 97.889 us = 4698.68 us
RMS_NORM_MUL RMS_NORM(256,24,512,1): 16 x 60.1 us = 961.6 us
RMS_NORM_MUL RMS_NORM(256,4,512,1): 16 x 13.71 us = 219.36 us
RMS_NORM_MUL RMS_NORM(5120,512,1,1): 129 x 25.588 us = 3300.92 us
ROPE: 16 x 45.17 us = 722.72 us
ROPE_VIEW_SET_ROWS ROPE: 16 x 10.91 us = 174.56 us
SCALE: 96 x 12.502 us = 1200.2 us
SET_ROWS: 16 x 9.892 us = 158.28 us
SIGMOID: 48 x 3.98 us = 191.08 us
SIGMOID_MUL SIGMOID: 16 x 43.02 us = 688.32 us
SILU_MUL SILU: 48 x 36.671 us = 1760.24 us
SOFTPLUS_MUL SOFTPLUS: 48 x 5.821 us = 279.44 us
SSM_CONV_SILU SSM_CONV: 48 x 39.782 us = 1909.56 us
Total time: 1.33017e+06 us.
----------------
Vulkan Timings:
ADD: 176 x 16.929 us = 2979.52 us
CONCAT: 48 x 134.566 us = 6459.2 us
CONT: 16 x 45.66 us = 730.56 us
CPY: 96 x 4.387 us = 421.24 us
FLASH_ATTN_EXT dst(256,24,512,1),  q(256,512,24,1),  k(256,71680,4,1),  v(256,71680,4,1),  m(71680,512,1,1): 16 x 39003.1 us = 624050 us (23124.9 GFLOPS/s)
GATED_DELTA_NET: 48 x 239.744 us = 11507.7 us
GET_ROWS: 96 x 7.839 us = 752.6 us
GLU: 64 x 105.431 us = 6747.64 us
MUL_MAT f32 m=48 n=512 k=5120: 96 x 36.838 us = 3536.52 us (6830.68 GFLOPS/s)
MUL_MAT q4_0 m=1024 n=512 k=5120: 32 x 69.201 us = 2214.44 us (77573.5 GFLOPS/s)
MUL_MAT q4_0 m=10240 n=512 k=5120: 48 x 1073.72 us = 51538.7 us (49996 GFLOPS/s)
MUL_MAT q4_0 m=12288 n=512 k=5120: 16 x 1183.23 us = 18931.7 us (54442.6 GFLOPS/s)
MUL_MAT q4_0 m=17408 n=512 k=5120: 128 x 1554.3 us = 198950 us (58714 GFLOPS/s)
MUL_MAT q4_0 m=5120 n=512 k=17408: 56 x 1752.54 us = 98142.2 us (52076.1 GFLOPS/s)
MUL_MAT q4_0 m=5120 n=512 k=6144: 16 x 607.897 us = 9726.36 us (52985.3 GFLOPS/s)
MUL_MAT q4_0 m=6144 n=512 k=5120: 48 x 566.19 us = 27177.1 us (56887.5 GFLOPS/s)
MUL_MAT q4_1 m=5120 n=512 k=17408: 8 x 2036.69 us = 16293.5 us (44810.7 GFLOPS/s)
MUL_MAT q5_K m=5120 n=512 k=6144: 48 x 743.407 us = 35683.6 us (43327 GFLOPS/s)
RMS_NORM(128,16,512,1): 96 x 28.274 us = 2714.32 us
RMS_NORM_MUL RMS_NORM(128,48,512,1): 48 x 99.343 us = 4768.48 us
RMS_NORM_MUL RMS_NORM(256,24,512,1): 16 x 55.645 us = 890.32 us
RMS_NORM_MUL RMS_NORM(256,4,512,1): 16 x 12.51 us = 200.16 us
RMS_NORM_MUL RMS_NORM(5120,512,1,1): 129 x 19.419 us = 2505.12 us
ROPE: 16 x 37.79 us = 604.64 us
ROPE_VIEW_SET_ROWS ROPE: 16 x 9.822 us = 157.16 us
SCALE: 96 x 10.231 us = 982.2 us
SET_ROWS: 16 x 9.67 us = 154.72 us
SIGMOID: 48 x 4.324 us = 207.56 us
SIGMOID_MUL SIGMOID: 16 x 34.885 us = 558.16 us
SILU_MUL SILU: 48 x 35.967 us = 1726.44 us
SOFTPLUS_MUL SOFTPLUS: 48 x 5.265 us = 252.76 us
SSM_CONV_SILU SSM_CONV: 48 x 31.899 us = 1531.16 us
Total time: 1.1331e+06 us.
2.41.365.648 I slot print_timing: id  0 | task 0 | prompt processing, n_tokens =  71680, progress = 0.81, t = 115.68 s / 619.64 tokens per second
----------------
Vulkan Timings:
ADD: 176 x 17.667 us = 3109.44 us
CONCAT: 48 x 134.19 us = 6441.12 us
CONT: 16 x 44.157 us = 706.52 us
CPY: 96 x 4.199 us = 403.12 us
FLASH_ATTN_EXT dst(256,24,512,1),  q(256,512,24,1),  k(256,72192,4,1),  v(256,72192,4,1),  m(72192,512,1,1): 16 x 40145.9 us = 642335 us (22627.1 GFLOPS/s)
GATED_DELTA_NET: 48 x 239.71 us = 11506.1 us
GET_ROWS: 96 x 7.909 us = 759.28 us
GLU: 64 x 106.203 us = 6797 us
MUL_MAT f32 m=48 n=512 k=5120: 96 x 36.321 us = 3486.84 us (6928 GFLOPS/s)
MUL_MAT q4_0 m=1024 n=512 k=5120: 32 x 68.913 us = 2205.24 us (77897.2 GFLOPS/s)
MUL_MAT q4_0 m=10240 n=512 k=5120: 48 x 1072.47 us = 51478.6 us (50054.3 GFLOPS/s)
MUL_MAT q4_0 m=12288 n=512 k=5120: 16 x 1193.4 us = 19094.4 us (53978.6 GFLOPS/s)
MUL_MAT q4_0 m=17408 n=512 k=5120: 128 x 1544.7 us = 197722 us (59078.8 GFLOPS/s)
MUL_MAT q4_0 m=5120 n=512 k=17408: 56 x 1742.43 us = 97576 us (52378.3 GFLOPS/s)
MUL_MAT q4_0 m=5120 n=512 k=6144: 16 x 600.767 us = 9612.28 us (53614.1 GFLOPS/s)
MUL_MAT q4_0 m=6144 n=512 k=5120: 48 x 567.31 us = 27230.9 us (56775.1 GFLOPS/s)
MUL_MAT q4_1 m=5120 n=512 k=17408: 8 x 2030.65 us = 16245.2 us (44944 GFLOPS/s)
MUL_MAT q5_K m=5120 n=512 k=6144: 48 x 742.465 us = 35638.4 us (43382 GFLOPS/s)
RMS_NORM(128,16,512,1): 96 x 28.197 us = 2706.92 us
RMS_NORM_MUL RMS_NORM(128,48,512,1): 48 x 97.61 us = 4685.32 us
RMS_NORM_MUL RMS_NORM(256,24,512,1): 16 x 55.93 us = 894.88 us
RMS_NORM_MUL RMS_NORM(256,4,512,1): 16 x 12.625 us = 202 us
RMS_NORM_MUL RMS_NORM(5120,512,1,1): 129 x 19.537 us = 2520.36 us
ROPE: 16 x 37.627 us = 602.04 us
ROPE_VIEW_SET_ROWS ROPE: 16 x 9.765 us = 156.24 us
SCALE: 96 x 10.237 us = 982.76 us
SET_ROWS: 16 x 9.532 us = 152.52 us
SIGMOID: 48 x 3.959 us = 190.04 us
SIGMOID_MUL SIGMOID: 16 x 35.012 us = 560.2 us
SILU_MUL SILU: 48 x 36.114 us = 1733.48 us
SOFTPLUS_MUL SOFTPLUS: 48 x 5.772 us = 277.08 us
SSM_CONV_SILU SSM_CONV: 48 x 32.633 us = 1566.4 us
Total time: 1.14958e+06 us.
----------------
Vulkan Timings:
ADD: 176 x 18.128 us = 3190.6 us
CONCAT: 48 x 134.435 us = 6452.92 us
CONT: 16 x 46.872 us = 749.96 us
CPY: 96 x 4.206 us = 403.84 us
FLASH_ATTN_EXT dst(256,24,512,1),  q(256,512,24,1),  k(256,72704,4,1),  v(256,72704,4,1),  m(72704,512,1,1): 16 x 43663.2 us = 698611 us (20951.9 GFLOPS/s)
GATED_DELTA_NET: 48 x 244.867 us = 11753.6 us
GET_ROWS: 96 x 7.902 us = 758.64 us
GLU: 64 x 111.28 us = 7121.96 us
MUL_MAT f32 m=48 n=512 k=5120: 96 x 37.385 us = 3589 us (6730.8 GFLOPS/s)
MUL_MAT q4_0 m=1024 n=512 k=5120: 32 x 69.231 us = 2215.4 us (77539.9 GFLOPS/s)
MUL_MAT q4_0 m=10240 n=512 k=5120: 48 x 1075.02 us = 51600.8 us (49935.8 GFLOPS/s)
MUL_MAT q4_0 m=12288 n=512 k=5120: 16 x 1183.91 us = 18942.6 us (54411.4 GFLOPS/s)
MUL_MAT q4_0 m=17408 n=512 k=5120: 128 x 1540.48 us = 197182 us (59240.6 GFLOPS/s)
MUL_MAT q4_0 m=5120 n=512 k=17408: 56 x 1750.48 us = 98026.8 us (52137.4 GFLOPS/s)
MUL_MAT q4_0 m=5120 n=512 k=6144: 16 x 600.597 us = 9609.56 us (53629.3 GFLOPS/s)
MUL_MAT q4_0 m=6144 n=512 k=5120: 48 x 567.272 us = 27229.1 us (56778.9 GFLOPS/s)
MUL_MAT q4_1 m=5120 n=512 k=17408: 8 x 2016.88 us = 16135.1 us (45250.7 GFLOPS/s)
MUL_MAT q5_K m=5120 n=512 k=6144: 48 x 739.895 us = 35515 us (43532.7 GFLOPS/s)
RMS_NORM(128,16,512,1): 96 x 28.475 us = 2733.64 us
RMS_NORM_MUL RMS_NORM(128,48,512,1): 48 x 98.124 us = 4709.96 us
RMS_NORM_MUL RMS_NORM(256,24,512,1): 16 x 56.03 us = 896.48 us
RMS_NORM_MUL RMS_NORM(256,4,512,1): 16 x 12.85 us = 205.6 us
RMS_NORM_MUL RMS_NORM(5120,512,1,1): 129 x 20.425 us = 2634.84 us
ROPE: 16 x 38.412 us = 614.6 us
ROPE_VIEW_SET_ROWS ROPE: 16 x 10.102 us = 161.64 us
SCALE: 96 x 10.473 us = 1005.44 us
SET_ROWS: 16 x 9.577 us = 153.24 us
SIGMOID: 48 x 4.24 us = 203.52 us
SIGMOID_MUL SIGMOID: 16 x 36.932 us = 590.92 us
SILU_MUL SILU: 48 x 36.009 us = 1728.44 us
SOFTPLUS_MUL SOFTPLUS: 48 x 5.524 us = 265.16 us
SSM_CONV_SILU SSM_CONV: 48 x 33.206 us = 1593.92 us
Total time: 1.20659e+06 us.
----------------
Vulkan Timings:
ADD: 176 x 25.711 us = 4525.24 us
CONCAT: 48 x 138.302 us = 6638.52 us
CONT: 16 x 63.575 us = 1017.2 us
CPY: 96 x 4.979 us = 478 us
FLASH_ATTN_EXT dst(256,24,512,1),  q(256,512,24,1),  k(256,73216,4,1),  v(256,73216,4,1),  m(73216,512,1,1): 16 x 55293.3 us = 884693 us (16661.5 GFLOPS/s)
GATED_DELTA_NET: 48 x 243.16 us = 11671.7 us
GET_ROWS: 96 x 9.279 us = 890.84 us
GLU: 64 x 144.478 us = 9246.64 us
MUL_MAT f32 m=48 n=512 k=5120: 96 x 40.755 us = 3912.48 us (6174.3 GFLOPS/s)
MUL_MAT q4_0 m=1024 n=512 k=5120: 32 x 75.68 us = 2421.76 us (70932.7 GFLOPS/s)
MUL_MAT q4_0 m=10240 n=512 k=5120: 48 x 1068.36 us = 51281.5 us (50246.8 GFLOPS/s)
MUL_MAT q4_0 m=12288 n=512 k=5120: 16 x 1168.66 us = 18698.6 us (55121.4 GFLOPS/s)
MUL_MAT q4_0 m=17408 n=512 k=5120: 128 x 1507.52 us = 192963 us (60535.9 GFLOPS/s)
MUL_MAT q4_0 m=5120 n=512 k=17408: 56 x 1742.57 us = 97583.7 us (52374.1 GFLOPS/s)
MUL_MAT q4_0 m=5120 n=512 k=6144: 16 x 562.082 us = 8993.32 us (57304.1 GFLOPS/s)
MUL_MAT q4_0 m=6144 n=512 k=5120: 48 x 568.768 us = 27300.9 us (56629.6 GFLOPS/s)
MUL_MAT q4_1 m=5120 n=512 k=17408: 8 x 2033.43 us = 16267.4 us (44882.5 GFLOPS/s)
MUL_MAT q5_K m=5120 n=512 k=6144: 48 x 733.196 us = 35193.4 us (43930.4 GFLOPS/s)
RMS_NORM(128,16,512,1): 96 x 29.938 us = 2874.08 us
RMS_NORM_MUL RMS_NORM(128,48,512,1): 48 x 98.31 us = 4718.92 us
RMS_NORM_MUL RMS_NORM(256,24,512,1): 16 x 60.067 us = 961.08 us
RMS_NORM_MUL RMS_NORM(256,4,512,1): 16 x 13.967 us = 223.48 us
RMS_NORM_MUL RMS_NORM(5120,512,1,1): 129 x 25.742 us = 3320.84 us
ROPE: 16 x 44.872 us = 717.96 us
ROPE_VIEW_SET_ROWS ROPE: 16 x 11.27 us = 180.32 us
SCALE: 96 x 12.423 us = 1192.64 us
SET_ROWS: 16 x 9.795 us = 156.72 us
SIGMOID: 48 x 4.257 us = 204.36 us
SIGMOID_MUL SIGMOID: 16 x 43.47 us = 695.52 us
SILU_MUL SILU: 48 x 36.705 us = 1761.88 us
SOFTPLUS_MUL SOFTPLUS: 48 x 5.582 us = 267.96 us
SSM_CONV_SILU SSM_CONV: 48 x 39.74 us = 1907.52 us
Total time: 1.39296e+06 us.
----------------
Vulkan Timings:
ADD: 176 x 22.873 us = 4025.72 us
CONCAT: 48 x 137.465 us = 6598.36 us
CONT: 16 x 57.58 us = 921.28 us
CPY: 96 x 4.735 us = 454.64 us
FLASH_ATTN_EXT dst(256,24,512,1),  q(256,512,24,1),  k(256,73728,4,1),  v(256,73728,4,1),  m(73728,512,1,1): 16 x 50220.8 us = 803533 us (18472.7 GFLOPS/s)
GATED_DELTA_NET: 48 x 241.731 us = 11603.1 us
GET_ROWS: 96 x 8.867 us = 851.24 us
GLU: 64 x 138.306 us = 8851.64 us
MUL_MAT f32 m=48 n=512 k=5120: 96 x 40.336 us = 3872.32 us (6238.34 GFLOPS/s)
MUL_MAT q4_0 m=1024 n=512 k=5120: 32 x 71.167 us = 2277.36 us (75430.3 GFLOPS/s)
MUL_MAT q4_0 m=10240 n=512 k=5120: 48 x 1059.69 us = 50865.1 us (50658.1 GFLOPS/s)
MUL_MAT q4_0 m=12288 n=512 k=5120: 16 x 1178.95 us = 18863.3 us (54640.1 GFLOPS/s)
MUL_MAT q4_0 m=17408 n=512 k=5120: 128 x 1507.72 us = 192988 us (60527.8 GFLOPS/s)
MUL_MAT q4_0 m=5120 n=512 k=17408: 56 x 1726.24 us = 96669.6 us (52869.4 GFLOPS/s)
MUL_MAT q4_0 m=5120 n=512 k=6144: 16 x 568.472 us = 9095.56 us (56660 GFLOPS/s)
MUL_MAT q4_0 m=6144 n=512 k=5120: 48 x 563.11 us = 27029.3 us (57198.5 GFLOPS/s)
MUL_MAT q4_1 m=5120 n=512 k=17408: 8 x 2025.7 us = 16205.6 us (45053.8 GFLOPS/s)
MUL_MAT q5_K m=5120 n=512 k=6144: 48 x 729.865 us = 35033.5 us (44130.9 GFLOPS/s)
RMS_NORM(128,16,512,1): 96 x 29.415 us = 2823.92 us
RMS_NORM_MUL RMS_NORM(128,48,512,1): 48 x 97.651 us = 4687.28 us
RMS_NORM_MUL RMS_NORM(256,24,512,1): 16 x 60.135 us = 962.16 us
RMS_NORM_MUL RMS_NORM(256,4,512,1): 16 x 13.292 us = 212.68 us
RMS_NORM_MUL RMS_NORM(5120,512,1,1): 129 x 24.528 us = 3164.16 us
ROPE: 16 x 42.592 us = 681.48 us
ROPE_VIEW_SET_ROWS ROPE: 16 x 10.672 us = 170.76 us
SCALE: 96 x 12.068 us = 1158.6 us
SET_ROWS: 16 x 9.72 us = 155.52 us
SIGMOID: 48 x 4.18 us = 200.64 us
SIGMOID_MUL SIGMOID: 16 x 41.347 us = 661.56 us
SILU_MUL SILU: 48 x 36.379 us = 1746.2 us
SOFTPLUS_MUL SOFTPLUS: 48 x 5.233 us = 251.2 us
SSM_CONV_SILU SSM_CONV: 48 x 38.249 us = 1835.96 us
Total time: 1.30845e+06 us.
2.46.679.831 I slot print_timing: id  0 | task 0 | prompt processing, n_tokens =  73728, progress = 0.84, t = 120.99 s / 609.35 tokens per second
----------------
Vulkan Timings:
ADD: 176 x 14.895 us = 2621.52 us
CONCAT: 48 x 132.075 us = 6339.6 us
CONT: 16 x 38.447 us = 615.16 us
CPY: 96 x 4.07 us = 390.72 us
FLASH_ATTN_EXT dst(256,24,512,1),  q(256,512,24,1),  k(256,74240,4,1),  v(256,74240,4,1),  m(74240,512,1,1): 16 x 37833.5 us = 605336 us (24691.2 GFLOPS/s)
GATED_DELTA_NET: 48 x 236.513 us = 11352.6 us
GET_ROWS: 96 x 7.31 us = 701.84 us
GLU: 64 x 93.847 us = 6006.24 us
MUL_MAT f32 m=48 n=512 k=5120: 96 x 35.126 us = 3372.16 us (7163.61 GFLOPS/s)
MUL_MAT q4_0 m=1024 n=512 k=5120: 32 x 71.053 us = 2273.72 us (75551 GFLOPS/s)
MUL_MAT q4_0 m=10240 n=512 k=5120: 48 x 1066.76 us = 51204.6 us (50322.2 GFLOPS/s)
MUL_MAT q4_0 m=12288 n=512 k=5120: 16 x 1163.28 us = 18612.5 us (55376.2 GFLOPS/s)
MUL_MAT q4_0 m=17408 n=512 k=5120: 128 x 1550.16 us = 198421 us (58870.7 GFLOPS/s)
MUL_MAT q4_0 m=5120 n=512 k=17408: 56 x 1741.29 us = 97512.3 us (52412.5 GFLOPS/s)
MUL_MAT q4_0 m=5120 n=512 k=6144: 16 x 608.992 us = 9743.88 us (52890 GFLOPS/s)
MUL_MAT q4_0 m=6144 n=512 k=5120: 48 x 559.925 us = 26876.4 us (57523.9 GFLOPS/s)
MUL_MAT q4_1 m=5120 n=512 k=17408: 8 x 2029.76 us = 16238 us (44963.8 GFLOPS/s)
MUL_MAT q5_K m=5120 n=512 k=6144: 48 x 738.633 us = 35454.4 us (43607.1 GFLOPS/s)
RMS_NORM(128,16,512,1): 96 x 27.586 us = 2648.32 us
RMS_NORM_MUL RMS_NORM(128,48,512,1): 48 x 96.95 us = 4653.6 us
RMS_NORM_MUL RMS_NORM(256,24,512,1): 16 x 53.052 us = 848.84 us
RMS_NORM_MUL RMS_NORM(256,4,512,1): 16 x 12.142 us = 194.28 us
RMS_NORM_MUL RMS_NORM(5120,512,1,1): 129 x 17.637 us = 2275.2 us
ROPE: 16 x 34.692 us = 555.08 us
ROPE_VIEW_SET_ROWS ROPE: 16 x 9.67 us = 154.72 us
SCALE: 96 x 9.447 us = 906.92 us
SET_ROWS: 16 x 9.412 us = 150.6 us
SIGMOID: 48 x 4.065 us = 195.16 us
SIGMOID_MUL SIGMOID: 16 x 32.487 us = 519.8 us
SILU_MUL SILU: 48 x 35.427 us = 1700.52 us
SOFTPLUS_MUL SOFTPLUS: 48 x 5.49 us = 263.52 us
SSM_CONV_SILU SSM_CONV: 48 x 29.342 us = 1408.44 us
Total time: 1.10955e+06 us.
----------------
Vulkan Timings:
ADD: 176 x 17.168 us = 3021.6 us
CONCAT: 48 x 133.024 us = 6385.16 us
CONT: 16 x 43.657 us = 698.52 us
CPY: 96 x 4.251 us = 408.16 us
FLASH_ATTN_EXT dst(256,24,512,1),  q(256,512,24,1),  k(256,74752,4,1),  v(256,74752,4,1),  m(74752,512,1,1): 16 x 41558.9 us = 664943 us (22632.9 GFLOPS/s)
GATED_DELTA_NET: 48 x 237.858 us = 11417.2 us
GET_ROWS: 96 x 7.56 us = 725.8 us
GLU: 64 x 102.22 us = 6542.12 us
MUL_MAT f32 m=48 n=512 k=5120: 96 x 35.521 us = 3410.04 us (7084.03 GFLOPS/s)
MUL_MAT q4_0 m=1024 n=512 k=5120: 32 x 72.617 us = 2323.76 us (73924.1 GFLOPS/s)
MUL_MAT q4_0 m=10240 n=512 k=5120: 48 x 1072.14 us = 51462.9 us (50069.6 GFLOPS/s)
MUL_MAT q4_0 m=12288 n=512 k=5120: 16 x 1173.94 us = 18783 us (54873.5 GFLOPS/s)
MUL_MAT q4_0 m=17408 n=512 k=5120: 128 x 1545.32 us = 197801 us (59055 GFLOPS/s)
MUL_MAT q4_0 m=5120 n=512 k=17408: 56 x 1740.35 us = 97459.6 us (52440.9 GFLOPS/s)
MUL_MAT q4_0 m=5120 n=512 k=6144: 16 x 597.555 us = 9560.88 us (53902.4 GFLOPS/s)
MUL_MAT q4_0 m=6144 n=512 k=5120: 48 x 561.33 us = 26943.9 us (57379.9 GFLOPS/s)
MUL_MAT q4_1 m=5120 n=512 k=17408: 8 x 2041.66 us = 16333.3 us (44701.5 GFLOPS/s)
MUL_MAT q5_K m=5120 n=512 k=6144: 48 x 743.329 us = 35679.8 us (43331.6 GFLOPS/s)
RMS_NORM(128,16,512,1): 96 x 27.848 us = 2673.44 us
RMS_NORM_MUL RMS_NORM(128,48,512,1): 48 x 97.358 us = 4673.2 us
RMS_NORM_MUL RMS_NORM(256,24,512,1): 16 x 56.685 us = 906.96 us
RMS_NORM_MUL RMS_NORM(256,4,512,1): 16 x 12.517 us = 200.28 us
RMS_NORM_MUL RMS_NORM(5120,512,1,1): 129 x 18.93 us = 2442 us
ROPE: 16 x 37.955 us = 607.28 us
ROPE_VIEW_SET_ROWS ROPE: 16 x 9.875 us = 158 us
SCALE: 96 x 9.852 us = 945.84 us
SET_ROWS: 16 x 9.667 us = 154.68 us
SIGMOID: 48 x 3.98 us = 191.08 us
SIGMOID_MUL SIGMOID: 16 x 34.077 us = 545.24 us
SILU_MUL SILU: 48 x 35.554 us = 1706.6 us
SOFTPLUS_MUL SOFTPLUS: 48 x 5.86 us = 281.32 us
SSM_CONV_SILU SSM_CONV: 48 x 30.941 us = 1485.2 us
Total time: 1.17087e+06 us.
----------------
Vulkan Timings:
ADD: 176 x 21.527 us = 3788.76 us
CONCAT: 48 x 136.085 us = 6532.12 us
CONT: 16 x 52.945 us = 847.12 us
CPY: 96 x 4.378 us = 420.36 us
FLASH_ATTN_EXT dst(256,24,512,1),  q(256,512,24,1),  k(256,75264,4,1),  v(256,75264,4,1),  m(75264,512,1,1): 16 x 50381.7 us = 806108 us (18797.3 GFLOPS/s)
GATED_DELTA_NET: 48 x 241.207 us = 11578 us
GET_ROWS: 96 x 8.265 us = 793.52 us
GLU: 64 x 123.178 us = 7883.4 us
MUL_MAT f32 m=48 n=512 k=5120: 96 x 38.469 us = 3693.08 us (6541.11 GFLOPS/s)
MUL_MAT q4_0 m=1024 n=512 k=5120: 32 x 70.097 us = 2243.12 us (76581.7 GFLOPS/s)
MUL_MAT q4_0 m=10240 n=512 k=5120: 48 x 1073.37 us = 51521.7 us (50012.5 GFLOPS/s)
MUL_MAT q4_0 m=12288 n=512 k=5120: 16 x 1175.91 us = 18814.5 us (54781.7 GFLOPS/s)
MUL_MAT q4_0 m=17408 n=512 k=5120: 128 x 1527.67 us = 195542 us (59737.3 GFLOPS/s)
MUL_MAT q4_0 m=5120 n=512 k=17408: 56 x 1754.81 us = 98269.5 us (52008.6 GFLOPS/s)
MUL_MAT q4_0 m=5120 n=512 k=6144: 16 x 582.1 us = 9313.6 us (55333.5 GFLOPS/s)
MUL_MAT q4_0 m=6144 n=512 k=5120: 48 x 564.014 us = 27072.7 us (57106.9 GFLOPS/s)
MUL_MAT q4_1 m=5120 n=512 k=17408: 8 x 2019.58 us = 16156.6 us (45190.3 GFLOPS/s)
MUL_MAT q5_K m=5120 n=512 k=6144: 48 x 731.387 us = 35106.6 us (44039.1 GFLOPS/s)
RMS_NORM(128,16,512,1): 96 x 28.901 us = 2774.52 us
RMS_NORM_MUL RMS_NORM(128,48,512,1): 48 x 96.76 us = 4644.48 us
RMS_NORM_MUL RMS_NORM(256,24,512,1): 16 x 58.485 us = 935.76 us
RMS_NORM_MUL RMS_NORM(256,4,512,1): 16 x 13.05 us = 208.8 us
RMS_NORM_MUL RMS_NORM(5120,512,1,1): 129 x 22.364 us = 2885 us
ROPE: 16 x 39.825 us = 637.2 us
ROPE_VIEW_SET_ROWS ROPE: 16 x 10.25 us = 164 us
SCALE: 96 x 11.212 us = 1076.36 us
SET_ROWS: 16 x 9.69 us = 155.04 us
SIGMOID: 48 x 4.318 us = 207.28 us
SIGMOID_MUL SIGMOID: 16 x 39.942 us = 639.08 us
SILU_MUL SILU: 48 x 35.985 us = 1727.28 us
SOFTPLUS_MUL SOFTPLUS: 48 x 4.775 us = 229.24 us
SSM_CONV_SILU SSM_CONV: 48 x 35.786 us = 1717.76 us
Total time: 1.31369e+06 us.
----------------
Vulkan Timings:
ADD: 176 x 21.161 us = 3724.44 us
CONCAT: 48 x 135.1 us = 6484.8 us
CONT: 16 x 54.725 us = 875.6 us
CPY: 96 x 4.562 us = 438 us
FLASH_ATTN_EXT dst(256,24,512,1),  q(256,512,24,1),  k(256,75776,4,1),  v(256,75776,4,1),  m(75776,512,1,1): 16 x 51546.3 us = 824741 us (18497.6 GFLOPS/s)
GATED_DELTA_NET: 48 x 239.771 us = 11509 us
GET_ROWS: 96 x 8.535 us = 819.36 us
GLU: 64 x 129.89 us = 8313 us
MUL_MAT f32 m=48 n=512 k=5120: 96 x 39.239 us = 3767 us (6412.75 GFLOPS/s)
MUL_MAT q4_0 m=1024 n=512 k=5120: 32 x 70.967 us = 2270.96 us (75642.9 GFLOPS/s)
MUL_MAT q4_0 m=10240 n=512 k=5120: 48 x 1060.08 us = 50883.7 us (50639.6 GFLOPS/s)
MUL_MAT q4_0 m=12288 n=512 k=5120: 16 x 1171.17 us = 18738.7 us (55003.3 GFLOPS/s)
MUL_MAT q4_0 m=17408 n=512 k=5120: 128 x 1507.17 us = 192918 us (60549.8 GFLOPS/s)
MUL_MAT q4_0 m=5120 n=512 k=17408: 56 x 1724.09 us = 96549 us (52935.5 GFLOPS/s)
MUL_MAT q4_0 m=5120 n=512 k=6144: 16 x 566.922 us = 9070.76 us (56814.9 GFLOPS/s)
MUL_MAT q4_0 m=6144 n=512 k=5120: 48 x 560.33 us = 26895.9 us (57482.3 GFLOPS/s)
MUL_MAT q4_1 m=5120 n=512 k=17408: 8 x 2017.27 us = 16138.1 us (45242.2 GFLOPS/s)
MUL_MAT q5_K m=5120 n=512 k=6144: 48 x 727.452 us = 34917.7 us (44277.3 GFLOPS/s)
RMS_NORM(128,16,512,1): 96 x 28.972 us = 2781.36 us
RMS_NORM_MUL RMS_NORM(128,48,512,1): 48 x 97.185 us = 4664.88 us
RMS_NORM_MUL RMS_NORM(256,24,512,1): 16 x 58.362 us = 933.8 us
RMS_NORM_MUL RMS_NORM(256,4,512,1): 16 x 13.3 us = 212.8 us
RMS_NORM_MUL RMS_NORM(5120,512,1,1): 129 x 23.256 us = 3000.08 us
ROPE: 16 x 42.705 us = 683.28 us
ROPE_VIEW_SET_ROWS ROPE: 16 x 10.43 us = 166.88 us
SCALE: 96 x 11.637 us = 1117.16 us
SET_ROWS: 16 x 9.707 us = 155.32 us
SIGMOID: 48 x 4.346 us = 208.64 us
SIGMOID_MUL SIGMOID: 16 x 39.26 us = 628.16 us
SILU_MUL SILU: 48 x 35.97 us = 1726.56 us
SOFTPLUS_MUL SOFTPLUS: 48 x 4.67 us = 224.16 us
SSM_CONV_SILU SSM_CONV: 48 x 36.547 us = 1754.28 us
Total time: 1.32731e+06 us.
2.51.836.982 I slot print_timing: id  0 | task 0 | prompt processing, n_tokens =  75776, progress = 0.86, t = 126.15 s / 600.67 tokens per second
----------------
Vulkan Timings:
ADD: 176 x 16.639 us = 2928.52 us
CONCAT: 48 x 134.105 us = 6437.08 us
CONT: 16 x 43.13 us = 690.08 us
CPY: 96 x 4.151 us = 398.56 us
FLASH_ATTN_EXT dst(256,24,512,1),  q(256,512,24,1),  k(256,76288,4,1),  v(256,76288,4,1),  m(76288,512,1,1): 16 x 44364.8 us = 709837 us (21637.1 GFLOPS/s)
GATED_DELTA_NET: 48 x 239.086 us = 11476.2 us
GET_ROWS: 96 x 7.58 us = 727.76 us
GLU: 64 x 104.658 us = 6698.12 us
MUL_MAT f32 m=48 n=512 k=5120: 96 x 36.407 us = 3495.12 us (6911.59 GFLOPS/s)
MUL_MAT q4_0 m=1024 n=512 k=5120: 32 x 72.24 us = 2311.68 us (74310.4 GFLOPS/s)
MUL_MAT q4_0 m=10240 n=512 k=5120: 48 x 1068.66 us = 51295.9 us (50232.7 GFLOPS/s)
MUL_MAT q4_0 m=12288 n=512 k=5120: 16 x 1168.55 us = 18696.8 us (55126.6 GFLOPS/s)
MUL_MAT q4_0 m=17408 n=512 k=5120: 128 x 1536.12 us = 196624 us (59408.7 GFLOPS/s)
MUL_MAT q4_0 m=5120 n=512 k=17408: 56 x 1742.15 us = 97560.4 us (52386.7 GFLOPS/s)
MUL_MAT q4_0 m=5120 n=512 k=6144: 16 x 599.475 us = 9591.6 us (53729.7 GFLOPS/s)
MUL_MAT q4_0 m=6144 n=512 k=5120: 48 x 562.243 us = 26987.7 us (57286.8 GFLOPS/s)
MUL_MAT q4_1 m=5120 n=512 k=17408: 8 x 2017.73 us = 16141.9 us (45231.6 GFLOPS/s)
MUL_MAT q5_K m=5120 n=512 k=6144: 48 x 736.375 us = 35346 us (43740.8 GFLOPS/s)
RMS_NORM(128,16,512,1): 96 x 28.057 us = 2693.56 us
RMS_NORM_MUL RMS_NORM(128,48,512,1): 48 x 96.826 us = 4647.68 us
RMS_NORM_MUL RMS_NORM(256,24,512,1): 16 x 55.35 us = 885.6 us
RMS_NORM_MUL RMS_NORM(256,4,512,1): 16 x 12.652 us = 202.44 us
RMS_NORM_MUL RMS_NORM(5120,512,1,1): 129 x 19.398 us = 2502.36 us
ROPE: 16 x 36.947 us = 591.16 us
ROPE_VIEW_SET_ROWS ROPE: 16 x 9.722 us = 155.56 us
SCALE: 96 x 10.145 us = 973.92 us
SET_ROWS: 16 x 9.532 us = 152.52 us
SIGMOID: 48 x 3.977 us = 190.92 us
SIGMOID_MUL SIGMOID: 16 x 35.26 us = 564.16 us
SILU_MUL SILU: 48 x 35.58 us = 1707.84 us
SOFTPLUS_MUL SOFTPLUS: 48 x 4.914 us = 235.88 us
SSM_CONV_SILU SSM_CONV: 48 x 31.476 us = 1510.88 us
Total time: 1.21426e+06 us.
----------------
Vulkan Timings:
ADD: 176 x 24.581 us = 4326.36 us
CONCAT: 48 x 137.492 us = 6599.64 us
CONT: 16 x 64.07 us = 1025.12 us
CPY: 96 x 4.919 us = 472.24 us
FLASH_ATTN_EXT dst(256,24,512,1),  q(256,512,24,1),  k(256,76800,4,1),  v(256,76800,4,1),  m(76800,512,1,1): 16 x 57612.8 us = 921805 us (16773.5 GFLOPS/s)
GATED_DELTA_NET: 48 x 242.118 us = 11621.7 us
GET_ROWS: 96 x 9.317 us = 894.44 us
GLU: 64 x 144.118 us = 9223.56 us
MUL_MAT f32 m=48 n=512 k=5120: 96 x 40.955 us = 3931.72 us (6144.09 GFLOPS/s)
MUL_MAT q4_0 m=1024 n=512 k=5120: 32 x 75.23 us = 2407.36 us (71357 GFLOPS/s)
MUL_MAT q4_0 m=10240 n=512 k=5120: 48 x 1064.35 us = 51088.7 us (50436.4 GFLOPS/s)
MUL_MAT q4_0 m=12288 n=512 k=5120: 16 x 1165.5 us = 18648 us (55270.9 GFLOPS/s)
MUL_MAT q4_0 m=17408 n=512 k=5120: 128 x 1499.82 us = 191978 us (60846.6 GFLOPS/s)
MUL_MAT q4_0 m=5120 n=512 k=17408: 56 x 1734.3 us = 97120.9 us (52623.7 GFLOPS/s)
MUL_MAT q4_0 m=5120 n=512 k=6144: 16 x 560.342 us = 8965.48 us (57482 GFLOPS/s)
MUL_MAT q4_0 m=6144 n=512 k=5120: 48 x 564.813 us = 27111 us (57026.1 GFLOPS/s)
MUL_MAT q4_1 m=5120 n=512 k=17408: 8 x 2003.82 us = 16030.6 us (45545.7 GFLOPS/s)
MUL_MAT q5_K m=5120 n=512 k=6144: 48 x 730.608 us = 35069.2 us (44086 GFLOPS/s)
RMS_NORM(128,16,512,1): 96 x 29.768 us = 2857.8 us
RMS_NORM_MUL RMS_NORM(128,48,512,1): 48 x 98.258 us = 4716.4 us
RMS_NORM_MUL RMS_NORM(256,24,512,1): 16 x 59.922 us = 958.76 us
RMS_NORM_MUL RMS_NORM(256,4,512,1): 16 x 13.64 us = 218.24 us
RMS_NORM_MUL RMS_NORM(5120,512,1,1): 129 x 25.882 us = 3338.88 us
ROPE: 16 x 44.527 us = 712.44 us
ROPE_VIEW_SET_ROWS ROPE: 16 x 10.782 us = 172.52 us
SCALE: 96 x 12.485 us = 1198.56 us
SET_ROWS: 16 x 9.84 us = 157.44 us
SIGMOID: 48 x 4.194 us = 201.32 us
SIGMOID_MUL SIGMOID: 16 x 43.252 us = 692.04 us
SILU_MUL SILU: 48 x 36.726 us = 1762.88 us
SOFTPLUS_MUL SOFTPLUS: 48 x 4.691 us = 225.2 us
SSM_CONV_SILU SSM_CONV: 48 x 40.086 us = 1924.16 us
Total time: 1.42745e+06 us.
----------------
Vulkan Timings:
ADD: 176 x 24.35 us = 4285.68 us
CONCAT: 48 x 139.155 us = 6679.48 us
CONT: 16 x 63.132 us = 1010.12 us
CPY: 96 x 4.831 us = 463.8 us
FLASH_ATTN_EXT dst(256,24,512,1),  q(256,512,24,1),  k(256,77312,4,1),  v(256,77312,4,1),  m(77312,512,1,1): 16 x 59724.1 us = 955585 us (16288.4 GFLOPS/s)
GATED_DELTA_NET: 48 x 243.999 us = 11712 us
GET_ROWS: 96 x 9.132 us = 876.72 us
GLU: 64 x 144.327 us = 9236.96 us
MUL_MAT f32 m=48 n=512 k=5120: 96 x 41.19 us = 3954.28 us (6109.03 GFLOPS/s)
MUL_MAT q4_0 m=1024 n=512 k=5120: 32 x 71.643 us = 2292.6 us (74928.9 GFLOPS/s)
MUL_MAT q4_0 m=10240 n=512 k=5120: 48 x 1072.01 us = 51456.5 us (50075.9 GFLOPS/s)
MUL_MAT q4_0 m=12288 n=512 k=5120: 16 x 1173.39 us = 18774.2 us (54899.4 GFLOPS/s)
MUL_MAT q4_0 m=17408 n=512 k=5120: 128 x 1498.6 us = 191820 us (60896.4 GFLOPS/s)
MUL_MAT q4_0 m=5120 n=512 k=17408: 56 x 1736.81 us = 97261.1 us (52547.9 GFLOPS/s)
MUL_MAT q4_0 m=5120 n=512 k=6144: 16 x 557.172 us = 8914.76 us (57809.1 GFLOPS/s)
MUL_MAT q4_0 m=6144 n=512 k=5120: 48 x 566.285 us = 27181.7 us (56877.8 GFLOPS/s)
MUL_MAT q4_1 m=5120 n=512 k=17408: 8 x 1998.61 us = 15988.8 us (45664.6 GFLOPS/s)
MUL_MAT q5_K m=5120 n=512 k=6144: 48 x 728.158 us = 34951.6 us (44234.4 GFLOPS/s)
RMS_NORM(128,16,512,1): 96 x 29.948 us = 2875.08 us
RMS_NORM_MUL RMS_NORM(128,48,512,1): 48 x 97.238 us = 4667.44 us
RMS_NORM_MUL RMS_NORM(256,24,512,1): 16 x 60.087 us = 961.4 us
RMS_NORM_MUL RMS_NORM(256,4,512,1): 16 x 13.675 us = 218.8 us
RMS_NORM_MUL RMS_NORM(5120,512,1,1): 129 x 25.807 us = 3329.2 us
ROPE: 16 x 43.817 us = 701.08 us
ROPE_VIEW_SET_ROWS ROPE: 16 x 11.26 us = 180.16 us
SCALE: 96 x 12.484 us = 1198.52 us
SET_ROWS: 16 x 9.897 us = 158.36 us
SIGMOID: 48 x 4.495 us = 215.76 us
SIGMOID_MUL SIGMOID: 16 x 43.165 us = 690.64 us
SILU_MUL SILU: 48 x 36.588 us = 1756.24 us
SOFTPLUS_MUL SOFTPLUS: 48 x 4.607 us = 221.16 us
SSM_CONV_SILU SSM_CONV: 48 x 39.949 us = 1917.56 us
Total time: 1.46154e+06 us.
----------------
Vulkan Timings:
ADD: 176 x 24.813 us = 4367.24 us
CONCAT: 48 x 138.389 us = 6642.68 us
CONT: 16 x 63.995 us = 1023.92 us
CPY: 96 x 4.934 us = 473.72 us
FLASH_ATTN_EXT dst(256,24,512,1),  q(256,512,24,1),  k(256,77824,4,1),  v(256,77824,4,1),  m(77824,512,1,1): 16 x 60159.3 us = 962549 us (16277.7 GFLOPS/s)
GATED_DELTA_NET: 48 x 244.032 us = 11713.6 us
GET_ROWS: 96 x 9.063 us = 870.12 us
GLU: 64 x 143.992 us = 9215.52 us
MUL_MAT f32 m=48 n=512 k=5120: 96 x 41.169 us = 3952.28 us (6112.13 GFLOPS/s)
MUL_MAT q4_0 m=1024 n=512 k=5120: 32 x 75.97 us = 2431.04 us (70661.9 GFLOPS/s)
MUL_MAT q4_0 m=10240 n=512 k=5120: 48 x 1066.9 us = 51211.2 us (50315.7 GFLOPS/s)
MUL_MAT q4_0 m=12288 n=512 k=5120: 16 x 1174.62 us = 18793.9 us (54841.8 GFLOPS/s)
MUL_MAT q4_0 m=17408 n=512 k=5120: 128 x 1501.64 us = 192210 us (60772.9 GFLOPS/s)
MUL_MAT q4_0 m=5120 n=512 k=17408: 56 x 1736.89 us = 97265.7 us (52545.4 GFLOPS/s)
MUL_MAT q4_0 m=5120 n=512 k=6144: 16 x 560.365 us = 8965.84 us (57479.7 GFLOPS/s)
MUL_MAT q4_0 m=6144 n=512 k=5120: 48 x 567.382 us = 27234.4 us (56767.9 GFLOPS/s)
MUL_MAT q4_1 m=5120 n=512 k=17408: 8 x 2021.86 us = 16174.8 us (45139.5 GFLOPS/s)
MUL_MAT q5_K m=5120 n=512 k=6144: 48 x 729.939 us = 35037.1 us (44126.5 GFLOPS/s)
RMS_NORM(128,16,512,1): 96 x 30.029 us = 2882.84 us
RMS_NORM_MUL RMS_NORM(128,48,512,1): 48 x 97.493 us = 4679.68 us
RMS_NORM_MUL RMS_NORM(256,24,512,1): 16 x 60.062 us = 961 us
RMS_NORM_MUL RMS_NORM(256,4,512,1): 16 x 13.737 us = 219.8 us
RMS_NORM_MUL RMS_NORM(5120,512,1,1): 129 x 26.083 us = 3364.72 us
ROPE: 16 x 43.867 us = 701.88 us
ROPE_VIEW_SET_ROWS ROPE: 16 x 10.877 us = 174.04 us
SCALE: 96 x 12.826 us = 1231.36 us
SET_ROWS: 16 x 9.865 us = 157.84 us
SIGMOID: 48 x 4.15 us = 199.2 us
SIGMOID_MUL SIGMOID: 16 x 43.347 us = 693.56 us
SILU_MUL SILU: 48 x 36.697 us = 1761.48 us
SOFTPLUS_MUL SOFTPLUS: 48 x 4.937 us = 237 us
SSM_CONV_SILU SSM_CONV: 48 x 40.113 us = 1925.44 us
Total time: 1.46932e+06 us.
2.57.597.484 I slot print_timing: id  0 | task 0 | prompt processing, n_tokens =  77824, progress = 0.88, t = 131.91 s / 589.97 tokens per second
----------------
Vulkan Timings:
ADD: 176 x 24.793 us = 4363.68 us
CONCAT: 48 x 137.083 us = 6580 us
CONT: 16 x 65.417 us = 1046.68 us
CPY: 96 x 4.74 us = 455.04 us
FLASH_ATTN_EXT dst(256,24,512,1),  q(256,512,24,1),  k(256,78336,4,1),  v(256,78336,4,1),  m(78336,512,1,1): 16 x 60615.3 us = 969845 us (16261.5 GFLOPS/s)
GATED_DELTA_NET: 48 x 241.88 us = 11610.3 us
GET_ROWS: 96 x 9.047 us = 868.56 us
GLU: 64 x 144.701 us = 9260.92 us
MUL_MAT f32 m=48 n=512 k=5120: 96 x 41.028 us = 3938.76 us (6133.11 GFLOPS/s)
MUL_MAT q4_0 m=1024 n=512 k=5120: 32 x 71.918 us = 2301.4 us (74642.4 GFLOPS/s)
MUL_MAT q4_0 m=10240 n=512 k=5120: 48 x 1062.06 us = 50979 us (50544.9 GFLOPS/s)
MUL_MAT q4_0 m=12288 n=512 k=5120: 16 x 1177.98 us = 18847.7 us (54685.3 GFLOPS/s)
MUL_MAT q4_0 m=17408 n=512 k=5120: 128 x 1500.84 us = 192107 us (60805.6 GFLOPS/s)
MUL_MAT q4_0 m=5120 n=512 k=17408: 56 x 1733.29 us = 97064.3 us (52654.4 GFLOPS/s)
MUL_MAT q4_0 m=5120 n=512 k=6144: 16 x 557.497 us = 8919.96 us (57775.4 GFLOPS/s)
MUL_MAT q4_0 m=6144 n=512 k=5120: 48 x 562.736 us = 27011.4 us (57236.6 GFLOPS/s)
MUL_MAT q4_1 m=5120 n=512 k=17408: 8 x 2001.4 us = 16011.2 us (45600.7 GFLOPS/s)
MUL_MAT q5_K m=5120 n=512 k=6144: 48 x 727.551 us = 34922.5 us (44271.3 GFLOPS/s)
RMS_NORM(128,16,512,1): 96 x 29.664 us = 2847.76 us
RMS_NORM_MUL RMS_NORM(128,48,512,1): 48 x 96.885 us = 4650.52 us
RMS_NORM_MUL RMS_NORM(256,24,512,1): 16 x 59.41 us = 950.56 us
RMS_NORM_MUL RMS_NORM(256,4,512,1): 16 x 13.655 us = 218.48 us
RMS_NORM_MUL RMS_NORM(5120,512,1,1): 129 x 25.822 us = 3331.08 us
ROPE: 16 x 44.382 us = 710.12 us
ROPE_VIEW_SET_ROWS ROPE: 16 x 10.845 us = 173.52 us
SCALE: 96 x 12.496 us = 1199.64 us
SET_ROWS: 16 x 9.847 us = 157.56 us
SIGMOID: 48 x 4.69 us = 225.16 us
SIGMOID_MUL SIGMOID: 16 x 43.487 us = 695.8 us
SILU_MUL SILU: 48 x 36.872 us = 1769.88 us
SOFTPLUS_MUL SOFTPLUS: 48 x 4.49 us = 215.52 us
SSM_CONV_SILU SSM_CONV: 48 x 39.923 us = 1916.32 us
Total time: 1.47519e+06 us.
----------------
Vulkan Timings:
ADD: 176 x 14.287 us = 2514.56 us
CONCAT: 48 x 131.913 us = 6331.84 us
CONT: 16 x 39.537 us = 632.6 us
CPY: 96 x 4.007 us = 384.68 us
FLASH_ATTN_EXT dst(256,24,512,1),  q(256,512,24,1),  k(256,78848,4,1),  v(256,78848,4,1),  m(78848,512,1,1): 16 x 42053.3 us = 672853 us (23592.4 GFLOPS/s)
GATED_DELTA_NET: 48 x 237.005 us = 11376.2 us
GET_ROWS: 96 x 7.347 us = 705.36 us
GLU: 64 x 96.623 us = 6183.92 us
MUL_MAT f32 m=48 n=512 k=5120: 96 x 35.795 us = 3436.4 us (7029.69 GFLOPS/s)
MUL_MAT q4_0 m=1024 n=512 k=5120: 32 x 67.538 us = 2161.24 us (79483 GFLOPS/s)
MUL_MAT q4_0 m=10240 n=512 k=5120: 48 x 1067.58 us = 51244 us (50283.5 GFLOPS/s)
MUL_MAT q4_0 m=12288 n=512 k=5120: 16 x 1162.27 us = 18596.2 us (55424.7 GFLOPS/s)
MUL_MAT q4_0 m=17408 n=512 k=5120: 128 x 1531.09 us = 195980 us (59604 GFLOPS/s)
MUL_MAT q4_0 m=5120 n=512 k=17408: 56 x 1729.85 us = 96871.7 us (52759.1 GFLOPS/s)
MUL_MAT q4_0 m=5120 n=512 k=6144: 16 x 594.975 us = 9519.6 us (54136.1 GFLOPS/s)
MUL_MAT q4_0 m=6144 n=512 k=5120: 48 x 559.446 us = 26853.4 us (57573.2 GFLOPS/s)
MUL_MAT q4_1 m=5120 n=512 k=17408: 8 x 2005.83 us = 16046.6 us (45500.2 GFLOPS/s)
MUL_MAT q5_K m=5120 n=512 k=6144: 48 x 736.144 us = 35334.9 us (43754.5 GFLOPS/s)
RMS_NORM(128,16,512,1): 96 x 27.751 us = 2664.12 us
RMS_NORM_MUL RMS_NORM(128,48,512,1): 48 x 97.763 us = 4692.64 us
RMS_NORM_MUL RMS_NORM(256,24,512,1): 16 x 53.752 us = 860.04 us
RMS_NORM_MUL RMS_NORM(256,4,512,1): 16 x 12.31 us = 196.96 us
RMS_NORM_MUL RMS_NORM(5120,512,1,1): 129 x 18.307 us = 2361.72 us
ROPE: 16 x 35.642 us = 570.28 us
ROPE_VIEW_SET_ROWS ROPE: 16 x 9.352 us = 149.64 us
SCALE: 96 x 9.772 us = 938.2 us
SET_ROWS: 16 x 9.312 us = 149 us
SIGMOID: 48 x 4.228 us = 202.96 us
SIGMOID_MUL SIGMOID: 16 x 32.472 us = 519.56 us
SILU_MUL SILU: 48 x 35.918 us = 1724.08 us
SOFTPLUS_MUL SOFTPLUS: 48 x 4.34 us = 208.32 us
SSM_CONV_SILU SSM_CONV: 48 x 29.979 us = 1439 us
Total time: 1.1737e+06 us.
----------------
Vulkan Timings:
ADD: 176 x 16.013 us = 2818.32 us
CONCAT: 48 x 132.635 us = 6366.52 us
CONT: 16 x 41.957 us = 671.32 us
CPY: 96 x 4.143 us = 397.8 us
FLASH_ATTN_EXT dst(256,24,512,1),  q(256,512,24,1),  k(256,79360,4,1),  v(256,79360,4,1),  m(79360,512,1,1): 16 x 44897.7 us = 718363 us (22241.2 GFLOPS/s)
GATED_DELTA_NET: 48 x 237.853 us = 11417 us
GET_ROWS: 96 x 7.581 us = 727.84 us
GLU: 64 x 103.469 us = 6622.04 us
MUL_MAT f32 m=48 n=512 k=5120: 96 x 36.32 us = 3486.72 us (6928.24 GFLOPS/s)
MUL_MAT q4_0 m=1024 n=512 k=5120: 32 x 68.22 us = 2183.04 us (78689.3 GFLOPS/s)
MUL_MAT q4_0 m=10240 n=512 k=5120: 48 x 1062.09 us = 50980.1 us (50543.8 GFLOPS/s)
MUL_MAT q4_0 m=12288 n=512 k=5120: 16 x 1164.7 us = 18635.3 us (55308.6 GFLOPS/s)
MUL_MAT q4_0 m=17408 n=512 k=5120: 128 x 1520.08 us = 194570 us (60035.8 GFLOPS/s)
MUL_MAT q4_0 m=5120 n=512 k=17408: 56 x 1729.5 us = 96852 us (52769.8 GFLOPS/s)
MUL_MAT q4_0 m=5120 n=512 k=6144: 16 x 580.805 us = 9292.88 us (55456.9 GFLOPS/s)
MUL_MAT q4_0 m=6144 n=512 k=5120: 48 x 557.4 us = 26755.2 us (57784.5 GFLOPS/s)
MUL_MAT q4_1 m=5120 n=512 k=17408: 8 x 2014.56 us = 16116.5 us (45302.9 GFLOPS/s)
MUL_MAT q5_K m=5120 n=512 k=6144: 48 x 730.466 us = 35062.4 us (44094.6 GFLOPS/s)
RMS_NORM(128,16,512,1): 96 x 27.942 us = 2682.44 us
RMS_NORM_MUL RMS_NORM(128,48,512,1): 48 x 95.83 us = 4599.88 us
RMS_NORM_MUL RMS_NORM(256,24,512,1): 16 x 55.117 us = 881.88 us
RMS_NORM_MUL RMS_NORM(256,4,512,1): 16 x 12.57 us = 201.12 us
RMS_NORM_MUL RMS_NORM(5120,512,1,1): 129 x 19.354 us = 2496.76 us
ROPE: 16 x 37.545 us = 600.72 us
ROPE_VIEW_SET_ROWS ROPE: 16 x 9.57 us = 153.12 us
SCALE: 96 x 10.135 us = 973 us
SET_ROWS: 16 x 9.43 us = 150.88 us
SIGMOID: 48 x 4.233 us = 203.2 us
SIGMOID_MUL SIGMOID: 16 x 33.677 us = 538.84 us
SILU_MUL SILU: 48 x 35.302 us = 1694.52 us
SOFTPLUS_MUL SOFTPLUS: 48 x 4.3 us = 206.44 us
SSM_CONV_SILU SSM_CONV: 48 x 31.723 us = 1522.72 us
Total time: 1.21822e+06 us.
----------------
Vulkan Timings:
ADD: 176 x 20.055 us = 3529.68 us
CONCAT: 48 x 135.867 us = 6521.64 us
CONT: 16 x 53.492 us = 855.88 us
CPY: 96 x 4.338 us = 416.52 us
FLASH_ATTN_EXT dst(256,24,512,1),  q(256,512,24,1),  k(256,79872,4,1),  v(256,79872,4,1),  m(79872,512,1,1): 16 x 53385 us = 854160 us (18825.9 GFLOPS/s)
GATED_DELTA_NET: 48 x 241.079 us = 11571.8 us
GET_ROWS: 96 x 8.207 us = 787.88 us
GLU: 64 x 123.581 us = 7909.24 us
MUL_MAT f32 m=48 n=512 k=5120: 96 x 38.731 us = 3718.2 us (6496.92 GFLOPS/s)
MUL_MAT q4_0 m=1024 n=512 k=5120: 32 x 70.185 us = 2245.92 us (76486.2 GFLOPS/s)
MUL_MAT q4_0 m=10240 n=512 k=5120: 48 x 1073.42 us = 51524.1 us (50010.1 GFLOPS/s)
MUL_MAT q4_0 m=12288 n=512 k=5120: 16 x 1175.37 us = 18805.9 us (54806.8 GFLOPS/s)
MUL_MAT q4_0 m=17408 n=512 k=5120: 128 x 1519.44 us = 194489 us (60060.9 GFLOPS/s)
MUL_MAT q4_0 m=5120 n=512 k=17408: 56 x 1745.52 us = 97749.1 us (52285.5 GFLOPS/s)
MUL_MAT q4_0 m=5120 n=512 k=6144: 16 x 580.742 us = 9291.88 us (55462.8 GFLOPS/s)
MUL_MAT q4_0 m=6144 n=512 k=5120: 48 x 559.963 us = 26878.2 us (57520 GFLOPS/s)
MUL_MAT q4_1 m=5120 n=512 k=17408: 8 x 1992.63 us = 15941 us (45801.5 GFLOPS/s)
MUL_MAT q5_K m=5120 n=512 k=6144: 48 x 731.11 us = 35093.3 us (44055.8 GFLOPS/s)
RMS_NORM(128,16,512,1): 96 x 28.967 us = 2780.92 us
RMS_NORM_MUL RMS_NORM(128,48,512,1): 48 x 96.564 us = 4635.08 us
RMS_NORM_MUL RMS_NORM(256,24,512,1): 16 x 57.295 us = 916.72 us
RMS_NORM_MUL RMS_NORM(256,4,512,1): 16 x 13.125 us = 210 us
RMS_NORM_MUL RMS_NORM(5120,512,1,1): 129 x 22.533 us = 2906.84 us
ROPE: 16 x 40.425 us = 646.8 us
ROPE_VIEW_SET_ROWS ROPE: 16 x 10.192 us = 163.08 us
SCALE: 96 x 11.28 us = 1082.92 us
SET_ROWS: 16 x 9.642 us = 154.28 us
SIGMOID: 48 x 4.308 us = 206.8 us
SIGMOID_MUL SIGMOID: 16 x 39.862 us = 637.8 us
SILU_MUL SILU: 48 x 35.979 us = 1727 us
SOFTPLUS_MUL SOFTPLUS: 48 x 4.419 us = 212.12 us
SSM_CONV_SILU SSM_CONV: 48 x 37.03 us = 1777.44 us
Total time: 1.35955e+06 us.
3.03.001.619 I slot print_timing: id  0 | task 0 | prompt processing, n_tokens =  79872, progress = 0.91, t = 137.32 s / 581.66 tokens per second
----------------
Vulkan Timings:
ADD: 176 x 16.091 us = 2832.04 us
CONCAT: 48 x 133.07 us = 6387.36 us
CONT: 16 x 44.345 us = 709.52 us
CPY: 96 x 4.155 us = 398.88 us
FLASH_ATTN_EXT dst(256,24,512,1),  q(256,512,24,1),  k(256,80384,4,1),  v(256,80384,4,1),  m(80384,512,1,1): 16 x 46013.6 us = 736217 us (21981.9 GFLOPS/s)
GATED_DELTA_NET: 48 x 236.735 us = 11363.3 us
GET_ROWS: 96 x 7.641 us = 733.6 us
GLU: 64 x 105.463 us = 6749.68 us
MUL_MAT f32 m=48 n=512 k=5120: 96 x 36.669 us = 3520.24 us (6862.27 GFLOPS/s)
MUL_MAT q4_0 m=1024 n=512 k=5120: 32 x 68.228 us = 2183.32 us (78679.2 GFLOPS/s)
MUL_MAT q4_0 m=10240 n=512 k=5120: 48 x 1054.93 us = 50636.5 us (50886.8 GFLOPS/s)
MUL_MAT q4_0 m=12288 n=512 k=5120: 16 x 1159.27 us = 18548.4 us (55567.8 GFLOPS/s)
MUL_MAT q4_0 m=17408 n=512 k=5120: 128 x 1521.88 us = 194800 us (59964.8 GFLOPS/s)
MUL_MAT q4_0 m=5120 n=512 k=17408: 56 x 1721.07 us = 96379.8 us (53028.4 GFLOPS/s)
MUL_MAT q4_0 m=5120 n=512 k=6144: 16 x 582.797 us = 9324.76 us (55267.3 GFLOPS/s)
MUL_MAT q4_0 m=6144 n=512 k=5120: 48 x 557.679 us = 26768.6 us (57755.6 GFLOPS/s)
MUL_MAT q4_1 m=5120 n=512 k=17408: 8 x 2007.08 us = 16056.6 us (45471.9 GFLOPS/s)
MUL_MAT q5_K m=5120 n=512 k=6144: 48 x 732.595 us = 35164.6 us (43966.5 GFLOPS/s)
RMS_NORM(128,16,512,1): 96 x 28.009 us = 2688.88 us
RMS_NORM_MUL RMS_NORM(128,48,512,1): 48 x 97.586 us = 4684.16 us
RMS_NORM_MUL RMS_NORM(256,24,512,1): 16 x 55.215 us = 883.44 us
RMS_NORM_MUL RMS_NORM(256,4,512,1): 16 x 12.532 us = 200.52 us
RMS_NORM_MUL RMS_NORM(5120,512,1,1): 129 x 19.537 us = 2520.32 us
ROPE: 16 x 38.262 us = 612.2 us
ROPE_VIEW_SET_ROWS ROPE: 16 x 9.627 us = 154.04 us
SCALE: 96 x 10.267 us = 985.64 us
SET_ROWS: 16 x 9.437 us = 151 us
SIGMOID: 48 x 4.335 us = 208.08 us
SIGMOID_MUL SIGMOID: 16 x 33.36 us = 533.76 us
SILU_MUL SILU: 48 x 35.507 us = 1704.36 us
SOFTPLUS_MUL SOFTPLUS: 48 x 4.406 us = 211.52 us
SSM_CONV_SILU SSM_CONV: 48 x 31.59 us = 1516.32 us
Total time: 1.23583e+06 us.
----------------
Vulkan Timings:
ADD: 176 x 15.848 us = 2789.28 us
CONCAT: 48 x 133.434 us = 6404.84 us
CONT: 16 x 42.582 us = 681.32 us
CPY: 96 x 4.033 us = 387.24 us
FLASH_ATTN_EXT dst(256,24,512,1),  q(256,512,24,1),  k(256,80896,4,1),  v(256,80896,4,1),  m(80896,512,1,1): 16 x 47474.1 us = 759586 us (21441.3 GFLOPS/s)
GATED_DELTA_NET: 48 x 239.278 us = 11485.4 us
GET_ROWS: 96 x 7.61 us = 730.56 us
GLU: 64 x 103.359 us = 6615 us
MUL_MAT f32 m=48 n=512 k=5120: 96 x 36.697 us = 3523 us (6856.89 GFLOPS/s)
MUL_MAT q4_0 m=1024 n=512 k=5120: 32 x 68.16 us = 2181.12 us (78758.6 GFLOPS/s)
MUL_MAT q4_0 m=10240 n=512 k=5120: 48 x 1069.23 us = 51323 us (50206.1 GFLOPS/s)
MUL_MAT q4_0 m=12288 n=512 k=5120: 16 x 1166.37 us = 18661.8 us (55229.9 GFLOPS/s)
MUL_MAT q4_0 m=17408 n=512 k=5120: 128 x 1532.01 us = 196098 us (59568.1 GFLOPS/s)
MUL_MAT q4_0 m=5120 n=512 k=17408: 56 x 1741.91 us = 97546.8 us (52394 GFLOPS/s)
MUL_MAT q4_0 m=5120 n=512 k=6144: 16 x 590.622 us = 9449.96 us (54535.1 GFLOPS/s)
MUL_MAT q4_0 m=6144 n=512 k=5120: 48 x 561.755 us = 26964.3 us (57336.5 GFLOPS/s)
MUL_MAT q4_1 m=5120 n=512 k=17408: 8 x 2006.98 us = 16055.8 us (45474 GFLOPS/s)
MUL_MAT q5_K m=5120 n=512 k=6144: 48 x 732.459 us = 35158 us (43974.6 GFLOPS/s)
RMS_NORM(128,16,512,1): 96 x 28.057 us = 2693.56 us
RMS_NORM_MUL RMS_NORM(128,48,512,1): 48 x 96.67 us = 4640.16 us
RMS_NORM_MUL RMS_NORM(256,24,512,1): 16 x 54.412 us = 870.6 us
RMS_NORM_MUL RMS_NORM(256,4,512,1): 16 x 12.552 us = 200.84 us
RMS_NORM_MUL RMS_NORM(5120,512,1,1): 129 x 19.221 us = 2479.56 us
ROPE: 16 x 36.407 us = 582.52 us
ROPE_VIEW_SET_ROWS ROPE: 16 x 9.557 us = 152.92 us
SCALE: 96 x 10.103 us = 969.96 us
SET_ROWS: 16 x 9.462 us = 151.4 us
SIGMOID: 48 x 4.238 us = 203.44 us
SIGMOID_MUL SIGMOID: 16 x 34.227 us = 547.64 us
SILU_MUL SILU: 48 x 35.48 us = 1703.08 us
SOFTPLUS_MUL SOFTPLUS: 48 x 4.356 us = 209.12 us
SSM_CONV_SILU SSM_CONV: 48 x 31.785 us = 1525.68 us
Total time: 1.26257e+06 us.
----------------
Vulkan Timings:
ADD: 176 x 24.071 us = 4236.6 us
CONCAT: 48 x 138.33 us = 6639.84 us
CONT: 16 x 62.692 us = 1003.08 us
CPY: 96 x 4.978 us = 477.92 us
FLASH_ATTN_EXT dst(256,24,512,1),  q(256,512,24,1),  k(256,81408,4,1),  v(256,81408,4,1),  m(81408,512,1,1): 16 x 65472 us = 1.04755e+06 us (15645.6 GFLOPS/s)
GATED_DELTA_NET: 48 x 242.671 us = 11648.2 us
GET_ROWS: 96 x 9.053 us = 869.16 us
GLU: 64 x 144.794 us = 9266.84 us
MUL_MAT f32 m=48 n=512 k=5120: 96 x 41.408 us = 3975.2 us (6076.88 GFLOPS/s)
MUL_MAT q4_0 m=1024 n=512 k=5120: 32 x 76.436 us = 2445.96 us (70230.9 GFLOPS/s)
MUL_MAT q4_0 m=10240 n=512 k=5120: 48 x 1061.46 us = 50950.2 us (50573.5 GFLOPS/s)
MUL_MAT q4_0 m=12288 n=512 k=5120: 16 x 1172.96 us = 18767.4 us (54919.1 GFLOPS/s)
MUL_MAT q4_0 m=17408 n=512 k=5120: 128 x 1506.52 us = 192835 us (60576.1 GFLOPS/s)
MUL_MAT q4_0 m=5120 n=512 k=17408: 56 x 1732.05 us = 96994.6 us (52692.3 GFLOPS/s)
MUL_MAT q4_0 m=5120 n=512 k=6144: 16 x 559.98 us = 8959.68 us (57519.3 GFLOPS/s)
MUL_MAT q4_0 m=6144 n=512 k=5120: 48 x 562.06 us = 26978.9 us (57305.4 GFLOPS/s)
MUL_MAT q4_1 m=5120 n=512 k=17408: 8 x 2021.79 us = 16174.3 us (45140.9 GFLOPS/s)
MUL_MAT q5_K m=5120 n=512 k=6144: 48 x 728.885 us = 34986.5 us (44190.3 GFLOPS/s)
RMS_NORM(128,16,512,1): 96 x 29.788 us = 2859.68 us
RMS_NORM_MUL RMS_NORM(128,48,512,1): 48 x 98.005 us = 4704.28 us
RMS_NORM_MUL RMS_NORM(256,24,512,1): 16 x 59.377 us = 950.04 us
RMS_NORM_MUL RMS_NORM(256,4,512,1): 16 x 13.755 us = 220.08 us
RMS_NORM_MUL RMS_NORM(5120,512,1,1): 129 x 25.741 us = 3320.64 us
ROPE: 16 x 44.102 us = 705.64 us
ROPE_VIEW_SET_ROWS ROPE: 16 x 10.817 us = 173.08 us
SCALE: 96 x 12.53 us = 1202.88 us
SET_ROWS: 16 x 9.89 us = 158.24 us
SIGMOID: 48 x 4.467 us = 214.44 us
SIGMOID_MUL SIGMOID: 16 x 43.627 us = 698.04 us
SILU_MUL SILU: 48 x 36.54 us = 1753.92 us
SOFTPLUS_MUL SOFTPLUS: 48 x 4.395 us = 211 us
SSM_CONV_SILU SSM_CONV: 48 x 40.904 us = 1963.4 us
Total time: 1.5539e+06 us.
----------------
Vulkan Timings:
ADD: 176 x 24.382 us = 4291.4 us
CONCAT: 48 x 138.506 us = 6648.32 us
CONT: 16 x 62.88 us = 1006.08 us
CPY: 96 x 4.806 us = 461.4 us
FLASH_ATTN_EXT dst(256,24,512,1),  q(256,512,24,1),  k(256,81920,4,1),  v(256,81920,4,1),  m(81920,512,1,1): 16 x 67830.8 us = 1.08529e+06 us (15196.5 GFLOPS/s)
GATED_DELTA_NET: 48 x 244.158 us = 11719.6 us
GET_ROWS: 96 x 9.037 us = 867.64 us
GLU: 64 x 144.841 us = 9269.88 us
MUL_MAT f32 m=48 n=512 k=5120: 96 x 41.415 us = 3975.84 us (6075.91 GFLOPS/s)
MUL_MAT q4_0 m=1024 n=512 k=5120: 32 x 72.428 us = 2317.72 us (74116.8 GFLOPS/s)
MUL_MAT q4_0 m=10240 n=512 k=5120: 48 x 1065.32 us = 51135.2 us (50390.5 GFLOPS/s)
MUL_MAT q4_0 m=12288 n=512 k=5120: 16 x 1178.68 us = 18859 us (54652.6 GFLOPS/s)
MUL_MAT q4_0 m=17408 n=512 k=5120: 128 x 1501.67 us = 192214 us (60771.8 GFLOPS/s)
MUL_MAT q4_0 m=5120 n=512 k=17408: 56 x 1741.86 us = 97544 us (52395.5 GFLOPS/s)
MUL_MAT q4_0 m=5120 n=512 k=6144: 16 x 552.362 us = 8837.8 us (58312.5 GFLOPS/s)
MUL_MAT q4_0 m=6144 n=512 k=5120: 48 x 564.827 us = 27111.7 us (57024.7 GFLOPS/s)
MUL_MAT q4_1 m=5120 n=512 k=17408: 8 x 1990.78 us = 15926.2 us (45844.2 GFLOPS/s)
MUL_MAT q5_K m=5120 n=512 k=6144: 48 x 728.631 us = 34974.3 us (44205.6 GFLOPS/s)
RMS_NORM(128,16,512,1): 96 x 29.961 us = 2876.32 us
RMS_NORM_MUL RMS_NORM(128,48,512,1): 48 x 97.735 us = 4691.32 us
RMS_NORM_MUL RMS_NORM(256,24,512,1): 16 x 59.507 us = 952.12 us
RMS_NORM_MUL RMS_NORM(256,4,512,1): 16 x 13.935 us = 222.96 us
RMS_NORM_MUL RMS_NORM(5120,512,1,1): 129 x 25.81 us = 3329.52 us
ROPE: 16 x 43.75 us = 700 us
ROPE_VIEW_SET_ROWS ROPE: 16 x 10.772 us = 172.36 us
SCALE: 96 x 12.521 us = 1202.08 us
SET_ROWS: 16 x 9.842 us = 157.48 us
SIGMOID: 48 x 4.469 us = 214.52 us
SIGMOID_MUL SIGMOID: 16 x 43.452 us = 695.24 us
SILU_MUL SILU: 48 x 36.59 us = 1756.32 us
SOFTPLUS_MUL SOFTPLUS: 48 x 4.463 us = 214.24 us
SSM_CONV_SILU SSM_CONV: 48 x 40.085 us = 1924.08 us
Total time: 1.59156e+06 us.
3.08.827.067 I slot print_timing: id  0 | task 0 | prompt processing, n_tokens =  81920, progress = 0.93, t = 143.14 s / 572.30 tokens per second
----------------
Vulkan Timings:
ADD: 176 x 24.708 us = 4348.64 us
CONCAT: 48 x 138.479 us = 6647 us
CONT: 16 x 65.665 us = 1050.64 us
CPY: 96 x 4.797 us = 460.6 us
FLASH_ATTN_EXT dst(256,24,512,1),  q(256,512,24,1),  k(256,82432,4,1),  v(256,82432,4,1),  m(82432,512,1,1): 16 x 67001.3 us = 1.07202e+06 us (15480.8 GFLOPS/s)
GATED_DELTA_NET: 48 x 243.84 us = 11704.3 us
GET_ROWS: 96 x 9.03 us = 866.92 us
GLU: 64 x 144.502 us = 9248.16 us
MUL_MAT f32 m=48 n=512 k=5120: 96 x 41.199 us = 3955.16 us (6107.67 GFLOPS/s)
MUL_MAT q4_0 m=1024 n=512 k=5120: 32 x 71.612 us = 2291.6 us (74961.6 GFLOPS/s)
MUL_MAT q4_0 m=10240 n=512 k=5120: 48 x 1066.74 us = 51203.4 us (50323.4 GFLOPS/s)
MUL_MAT q4_0 m=12288 n=512 k=5120: 16 x 1173.27 us = 18772.4 us (54904.7 GFLOPS/s)
MUL_MAT q4_0 m=17408 n=512 k=5120: 128 x 1511.87 us = 193519 us (60361.8 GFLOPS/s)
MUL_MAT q4_0 m=5120 n=512 k=17408: 56 x 1740.59 us = 97473.2 us (52433.5 GFLOPS/s)
MUL_MAT q4_0 m=5120 n=512 k=6144: 16 x 555.392 us = 8886.28 us (57994.4 GFLOPS/s)
MUL_MAT q4_0 m=6144 n=512 k=5120: 48 x 565.954 us = 27165.8 us (56911.2 GFLOPS/s)
MUL_MAT q4_1 m=5120 n=512 k=17408: 8 x 2001.68 us = 16013.4 us (45594.4 GFLOPS/s)
MUL_MAT q5_K m=5120 n=512 k=6144: 48 x 732.655 us = 35167.5 us (43962.8 GFLOPS/s)
RMS_NORM(128,16,512,1): 96 x 29.984 us = 2878.48 us
RMS_NORM_MUL RMS_NORM(128,48,512,1): 48 x 97.715 us = 4690.32 us
RMS_NORM_MUL RMS_NORM(256,24,512,1): 16 x 59.142 us = 946.28 us
RMS_NORM_MUL RMS_NORM(256,4,512,1): 16 x 13.66 us = 218.56 us
RMS_NORM_MUL RMS_NORM(5120,512,1,1): 129 x 25.919 us = 3343.6 us
ROPE: 16 x 44.045 us = 704.72 us
ROPE_VIEW_SET_ROWS ROPE: 16 x 10.822 us = 173.16 us
SCALE: 96 x 12.568 us = 1206.6 us
SET_ROWS: 16 x 9.82 us = 157.12 us
SIGMOID: 48 x 4.332 us = 207.96 us
SIGMOID_MUL SIGMOID: 16 x 43.582 us = 697.32 us
SILU_MUL SILU: 48 x 36.728 us = 1762.96 us
SOFTPLUS_MUL SOFTPLUS: 48 x 4.505 us = 216.24 us
SSM_CONV_SILU SSM_CONV: 48 x 40.52 us = 1945 us
Total time: 1.57994e+06 us.
----------------
Vulkan Timings:
ADD: 176 x 22.391 us = 3940.96 us
CONCAT: 48 x 137.937 us = 6621 us
CONT: 16 x 58.882 us = 942.12 us
CPY: 96 x 4.587 us = 440.36 us
FLASH_ATTN_EXT dst(256,24,512,1),  q(256,512,24,1),  k(256,82944,4,1),  v(256,82944,4,1),  m(82944,512,1,1): 16 x 63162.6 us = 1.0106e+06 us (16523.7 GFLOPS/s)
GATED_DELTA_NET: 48 x 244.909 us = 11755.6 us
GET_ROWS: 96 x 8.709 us = 836.08 us
GLU: 64 x 135.365 us = 8663.36 us
MUL_MAT f32 m=48 n=512 k=5120: 96 x 40.212 us = 3860.4 us (6257.6 GFLOPS/s)
MUL_MAT q4_0 m=1024 n=512 k=5120: 32 x 71.558 us = 2289.88 us (75017.9 GFLOPS/s)
MUL_MAT q4_0 m=10240 n=512 k=5120: 48 x 1070.93 us = 51404.9 us (50126.1 GFLOPS/s)
MUL_MAT q4_0 m=12288 n=512 k=5120: 16 x 1175.89 us = 18814.2 us (54782.5 GFLOPS/s)
MUL_MAT q4_0 m=17408 n=512 k=5120: 128 x 1505.9 us = 192756 us (60600.9 GFLOPS/s)
MUL_MAT q4_0 m=5120 n=512 k=17408: 56 x 1725.19 us = 96610.8 us (52901.6 GFLOPS/s)
MUL_MAT q4_0 m=5120 n=512 k=6144: 16 x 559.645 us = 8954.32 us (57553.7 GFLOPS/s)
MUL_MAT q4_0 m=6144 n=512 k=5120: 48 x 565.4 us = 27139.2 us (56966.9 GFLOPS/s)
MUL_MAT q4_1 m=5120 n=512 k=17408: 8 x 2009.32 us = 16074.6 us (45421.1 GFLOPS/s)
MUL_MAT q5_K m=5120 n=512 k=6144: 48 x 730.235 us = 35051.3 us (44108.5 GFLOPS/s)
RMS_NORM(128,16,512,1): 96 x 29.69 us = 2850.28 us
RMS_NORM_MUL RMS_NORM(128,48,512,1): 48 x 96.975 us = 4654.84 us
RMS_NORM_MUL RMS_NORM(256,24,512,1): 16 x 59.02 us = 944.32 us
RMS_NORM_MUL RMS_NORM(256,4,512,1): 16 x 13.46 us = 215.36 us
RMS_NORM_MUL RMS_NORM(5120,512,1,1): 129 x 24.279 us = 3132 us
ROPE: 16 x 42.842 us = 685.48 us
ROPE_VIEW_SET_ROWS ROPE: 16 x 10.527 us = 168.44 us
SCALE: 96 x 12.051 us = 1156.96 us
SET_ROWS: 16 x 9.765 us = 156.24 us
SIGMOID: 48 x 4.332 us = 207.96 us
SIGMOID_MUL SIGMOID: 16 x 41.262 us = 660.2 us
SILU_MUL SILU: 48 x 36.446 us = 1749.44 us
SOFTPLUS_MUL SOFTPLUS: 48 x 4.505 us = 216.28 us
SSM_CONV_SILU SSM_CONV: 48 x 37.894 us = 1818.92 us
Total time: 1.51537e+06 us.
----------------
Vulkan Timings:
ADD: 176 x 15.538 us = 2734.72 us
CONCAT: 48 x 132.834 us = 6376.04 us
CONT: 16 x 41.285 us = 660.56 us
CPY: 96 x 4.024 us = 386.36 us
FLASH_ATTN_EXT dst(256,24,512,1),  q(256,512,24,1),  k(256,83456,4,1),  v(256,83456,4,1),  m(83456,512,1,1): 16 x 48758 us = 780128 us (21537.4 GFLOPS/s)
GATED_DELTA_NET: 48 x 238.984 us = 11471.2 us
GET_ROWS: 96 x 7.458 us = 716.04 us
GLU: 64 x 100.292 us = 6418.72 us
MUL_MAT f32 m=48 n=512 k=5120: 96 x 35.936 us = 3449.88 us (7002.22 GFLOPS/s)
MUL_MAT q4_0 m=1024 n=512 k=5120: 32 x 68.082 us = 2178.64 us (78848.2 GFLOPS/s)
MUL_MAT q4_0 m=10240 n=512 k=5120: 48 x 1066.66 us = 51199.9 us (50326.8 GFLOPS/s)
MUL_MAT q4_0 m=12288 n=512 k=5120: 16 x 1169.43 us = 18711 us (55084.9 GFLOPS/s)
MUL_MAT q4_0 m=17408 n=512 k=5120: 128 x 1530.53 us = 195908 us (59625.9 GFLOPS/s)
MUL_MAT q4_0 m=5120 n=512 k=17408: 56 x 1728.21 us = 96780.1 us (52809.1 GFLOPS/s)
MUL_MAT q4_0 m=5120 n=512 k=6144: 16 x 586.435 us = 9382.96 us (54924.5 GFLOPS/s)
MUL_MAT q4_0 m=6144 n=512 k=5120: 48 x 561.775 us = 26965.2 us (57334.5 GFLOPS/s)
MUL_MAT q4_1 m=5120 n=512 k=17408: 8 x 2021.22 us = 16169.8 us (45153.5 GFLOPS/s)
MUL_MAT q5_K m=5120 n=512 k=6144: 48 x 736.031 us = 35329.5 us (43761.2 GFLOPS/s)
RMS_NORM(128,16,512,1): 96 x 27.858 us = 2674.44 us
RMS_NORM_MUL RMS_NORM(128,48,512,1): 48 x 96.951 us = 4653.68 us
RMS_NORM_MUL RMS_NORM(256,24,512,1): 16 x 54.567 us = 873.08 us
RMS_NORM_MUL RMS_NORM(256,4,512,1): 16 x 12.477 us = 199.64 us
RMS_NORM_MUL RMS_NORM(5120,512,1,1): 129 x 18.809 us = 2426.44 us
ROPE: 16 x 37.33 us = 597.28 us
ROPE_VIEW_SET_ROWS ROPE: 16 x 9.492 us = 151.88 us
SCALE: 96 x 9.953 us = 955.56 us
SET_ROWS: 16 x 9.432 us = 150.92 us
SIGMOID: 48 x 4.236 us = 203.36 us
SIGMOID_MUL SIGMOID: 16 x 33.882 us = 542.12 us
SILU_MUL SILU: 48 x 35.956 us = 1725.92 us
SOFTPLUS_MUL SOFTPLUS: 48 x 4.345 us = 208.6 us
SSM_CONV_SILU SSM_CONV: 48 x 30.969 us = 1486.52 us
Total time: 1.28182e+06 us.
----------------
Vulkan Timings:
ADD: 176 x 24.346 us = 4285 us
CONCAT: 48 x 138.039 us = 6625.88 us
CONT: 16 x 63.352 us = 1013.64 us
CPY: 96 x 4.847 us = 465.32 us
FLASH_ATTN_EXT dst(256,24,512,1),  q(256,512,24,1),  k(256,83968,4,1),  v(256,83968,4,1),  m(83968,512,1,1): 16 x 69987.5 us = 1.1198e+06 us (15096.4 GFLOPS/s)
GATED_DELTA_NET: 48 x 244.225 us = 11722.8 us
GET_ROWS: 96 x 9.004 us = 864.44 us
GLU: 64 x 145.493 us = 9311.56 us
MUL_MAT f32 m=48 n=512 k=5120: 96 x 41.233 us = 3958.4 us (6102.68 GFLOPS/s)
MUL_MAT q4_0 m=1024 n=512 k=5120: 32 x 72.357 us = 2315.44 us (74189.7 GFLOPS/s)
MUL_MAT q4_0 m=10240 n=512 k=5120: 48 x 1066.74 us = 51203.6 us (50323.2 GFLOPS/s)
MUL_MAT q4_0 m=12288 n=512 k=5120: 16 x 1177.28 us = 18836.5 us (54717.8 GFLOPS/s)
MUL_MAT q4_0 m=17408 n=512 k=5120: 128 x 1503.66 us = 192469 us (60691.2 GFLOPS/s)
MUL_MAT q4_0 m=5120 n=512 k=17408: 56 x 1736.68 us = 97254 us (52551.7 GFLOPS/s)
MUL_MAT q4_0 m=5120 n=512 k=6144: 16 x 555.162 us = 8882.6 us (58018.4 GFLOPS/s)
MUL_MAT q4_0 m=6144 n=512 k=5120: 48 x 564.153 us = 27079.4 us (57092.8 GFLOPS/s)
MUL_MAT q4_1 m=5120 n=512 k=17408: 8 x 1996.95 us = 15975.6 us (45702.3 GFLOPS/s)
MUL_MAT q5_K m=5120 n=512 k=6144: 48 x 729.55 us = 35018.4 us (44150 GFLOPS/s)
RMS_NORM(128,16,512,1): 96 x 29.723 us = 2853.44 us
RMS_NORM_MUL RMS_NORM(128,48,512,1): 48 x 98.166 us = 4712 us
RMS_NORM_MUL RMS_NORM(256,24,512,1): 16 x 59.387 us = 950.2 us
RMS_NORM_MUL RMS_NORM(256,4,512,1): 16 x 13.727 us = 219.64 us
RMS_NORM_MUL RMS_NORM(5120,512,1,1): 129 x 25.755 us = 3322.52 us
ROPE: 16 x 44.28 us = 708.48 us
ROPE_VIEW_SET_ROWS ROPE: 16 x 10.825 us = 173.2 us
SCALE: 96 x 12.517 us = 1201.68 us
SET_ROWS: 16 x 9.87 us = 157.92 us
SIGMOID: 48 x 4.291 us = 206 us
SIGMOID_MUL SIGMOID: 16 x 43.602 us = 697.64 us
SILU_MUL SILU: 48 x 36.604 us = 1757 us
SOFTPLUS_MUL SOFTPLUS: 48 x 4.481 us = 215.12 us
SSM_CONV_SILU SSM_CONV: 48 x 40.07 us = 1923.36 us
Total time: 1.62618e+06 us.
3.15.013.118 I slot print_timing: id  0 | task 0 | prompt processing, n_tokens =  83968, progress = 0.95, t = 149.33 s / 562.30 tokens per second
----------------
Vulkan Timings:
ADD: 176 x 24.625 us = 4334.04 us
CONCAT: 48 x 138.741 us = 6659.6 us
CONT: 16 x 63.542 us = 1016.68 us
CPY: 96 x 4.745 us = 455.56 us
FLASH_ATTN_EXT dst(256,24,512,1),  q(256,512,24,1),  k(256,84480,4,1),  v(256,84480,4,1),  m(84480,512,1,1): 16 x 70461.9 us = 1.12739e+06 us (15086.2 GFLOPS/s)
GATED_DELTA_NET: 48 x 243.393 us = 11682.9 us
GET_ROWS: 96 x 9.036 us = 867.52 us
GLU: 64 x 144.881 us = 9272.44 us
MUL_MAT f32 m=48 n=512 k=5120: 96 x 41.292 us = 3964.08 us (6093.93 GFLOPS/s)
MUL_MAT q4_0 m=1024 n=512 k=5120: 32 x 72.367 us = 2315.76 us (74179.5 GFLOPS/s)
MUL_MAT q4_0 m=10240 n=512 k=5120: 48 x 1066.78 us = 51205.6 us (50321.2 GFLOPS/s)
MUL_MAT q4_0 m=12288 n=512 k=5120: 16 x 1179.53 us = 18872.5 us (54613.3 GFLOPS/s)
MUL_MAT q4_0 m=17408 n=512 k=5120: 128 x 1502.37 us = 192304 us (60743.3 GFLOPS/s)
MUL_MAT q4_0 m=5120 n=512 k=17408: 56 x 1737.87 us = 97320.9 us (52515.6 GFLOPS/s)
MUL_MAT q4_0 m=5120 n=512 k=6144: 16 x 555.355 us = 8885.68 us (57998.3 GFLOPS/s)
MUL_MAT q4_0 m=6144 n=512 k=5120: 48 x 564.568 us = 27099.3 us (57050.9 GFLOPS/s)
MUL_MAT q4_1 m=5120 n=512 k=17408: 8 x 1975.52 us = 15804.2 us (46198.2 GFLOPS/s)
MUL_MAT q5_K m=5120 n=512 k=6144: 48 x 727.914 us = 34939.9 us (44249.2 GFLOPS/s)
RMS_NORM(128,16,512,1): 96 x 29.985 us = 2878.6 us
RMS_NORM_MUL RMS_NORM(128,48,512,1): 48 x 97.34 us = 4672.36 us
RMS_NORM_MUL RMS_NORM(256,24,512,1): 16 x 59.737 us = 955.8 us
RMS_NORM_MUL RMS_NORM(256,4,512,1): 16 x 13.76 us = 220.16 us
RMS_NORM_MUL RMS_NORM(5120,512,1,1): 129 x 26.001 us = 3354.16 us
ROPE: 16 x 44.307 us = 708.92 us
ROPE_VIEW_SET_ROWS ROPE: 16 x 10.815 us = 173.04 us
SCALE: 96 x 12.556 us = 1205.44 us
SET_ROWS: 16 x 9.892 us = 158.28 us
SIGMOID: 48 x 4.331 us = 207.92 us
SIGMOID_MUL SIGMOID: 16 x 43.72 us = 699.52 us
SILU_MUL SILU: 48 x 36.495 us = 1751.76 us
SOFTPLUS_MUL SOFTPLUS: 48 x 4.515 us = 216.76 us
SSM_CONV_SILU SSM_CONV: 48 x 40.162 us = 1927.8 us
Total time: 1.63352e+06 us.
----------------
Vulkan Timings:
ADD: 176 x 24.619 us = 4333 us
CONCAT: 48 x 137.563 us = 6603.04 us
CONT: 16 x 63.405 us = 1014.48 us
CPY: 96 x 4.85 us = 465.6 us
FLASH_ATTN_EXT dst(256,24,512,1),  q(256,512,24,1),  k(256,84992,4,1),  v(256,84992,4,1),  m(84992,512,1,1): 16 x 73331.3 us = 1.1733e+06 us (14583.8 GFLOPS/s)
GATED_DELTA_NET: 48 x 244.23 us = 11723.1 us
GET_ROWS: 96 x 9.093 us = 873 us
GLU: 64 x 145.824 us = 9332.76 us
MUL_MAT f32 m=48 n=512 k=5120: 96 x 41.423 us = 3976.64 us (6074.68 GFLOPS/s)
MUL_MAT q4_0 m=1024 n=512 k=5120: 32 x 76.376 us = 2444.04 us (70286 GFLOPS/s)
MUL_MAT q4_0 m=10240 n=512 k=5120: 48 x 1062.56 us = 51002.6 us (50521.5 GFLOPS/s)
MUL_MAT q4_0 m=12288 n=512 k=5120: 16 x 1179.29 us = 18868.6 us (54624.7 GFLOPS/s)
MUL_MAT q4_0 m=17408 n=512 k=5120: 128 x 1507.05 us = 192902 us (60554.8 GFLOPS/s)
MUL_MAT q4_0 m=5120 n=512 k=17408: 56 x 1733.48 us = 97074.8 us (52648.7 GFLOPS/s)
MUL_MAT q4_0 m=5120 n=512 k=6144: 16 x 571.012 us = 9136.2 us (56407.9 GFLOPS/s)
MUL_MAT q4_0 m=6144 n=512 k=5120: 48 x 567.438 us = 27237 us (56762.3 GFLOPS/s)
MUL_MAT q4_1 m=5120 n=512 k=17408: 8 x 1989.88 us = 15919 us (45864.9 GFLOPS/s)
MUL_MAT q5_K m=5120 n=512 k=6144: 48 x 740.213 us = 35530.2 us (43514 GFLOPS/s)
RMS_NORM(128,16,512,1): 96 x 29.945 us = 2874.8 us
RMS_NORM_MUL RMS_NORM(128,48,512,1): 48 x 98.385 us = 4722.48 us
RMS_NORM_MUL RMS_NORM(256,24,512,1): 16 x 59.662 us = 954.6 us
RMS_NORM_MUL RMS_NORM(256,4,512,1): 16 x 13.775 us = 220.4 us
RMS_NORM_MUL RMS_NORM(5120,512,1,1): 129 x 25.749 us = 3321.64 us
ROPE: 16 x 44.345 us = 709.52 us
ROPE_VIEW_SET_ROWS ROPE: 16 x 10.845 us = 173.52 us
SCALE: 96 x 12.545 us = 1204.36 us
SET_ROWS: 16 x 9.905 us = 158.48 us
SIGMOID: 48 x 4.488 us = 215.44 us
SIGMOID_MUL SIGMOID: 16 x 43.72 us = 699.52 us
SILU_MUL SILU: 48 x 36.716 us = 1762.4 us
SOFTPLUS_MUL SOFTPLUS: 48 x 4.409 us = 211.64 us
SSM_CONV_SILU SSM_CONV: 48 x 40.13 us = 1926.24 us
Total time: 1.68089e+06 us.
----------------
Vulkan Timings:
ADD: 176 x 20.392 us = 3589.04 us
CONCAT: 48 x 136.178 us = 6536.56 us
CONT: 16 x 55.767 us = 892.28 us
CPY: 96 x 4.635 us = 444.96 us
FLASH_ATTN_EXT dst(256,24,512,1),  q(256,512,24,1),  k(256,85504,4,1),  v(256,85504,4,1),  m(85504,512,1,1): 16 x 63546.7 us = 1.01675e+06 us (16930.7 GFLOPS/s)
GATED_DELTA_NET: 48 x 240.507 us = 11544.4 us
GET_ROWS: 96 x 8.475 us = 813.64 us
GLU: 64 x 128.72 us = 8238.08 us
MUL_MAT f32 m=48 n=512 k=5120: 96 x 39.185 us = 3761.76 us (6421.68 GFLOPS/s)
MUL_MAT q4_0 m=1024 n=512 k=5120: 32 x 74.187 us = 2374 us (72359.7 GFLOPS/s)
MUL_MAT q4_0 m=10240 n=512 k=5120: 48 x 1069.5 us = 51336.1 us (50193.3 GFLOPS/s)
MUL_MAT q4_0 m=12288 n=512 k=5120: 16 x 1169.08 us = 18705.3 us (55101.6 GFLOPS/s)
MUL_MAT q4_0 m=17408 n=512 k=5120: 128 x 1503.07 us = 192393 us (60715 GFLOPS/s)
MUL_MAT q4_0 m=5120 n=512 k=17408: 56 x 1721.7 us = 96415.3 us (53008.9 GFLOPS/s)
MUL_MAT q4_0 m=5120 n=512 k=6144: 16 x 560.075 us = 8961.2 us (57509.5 GFLOPS/s)
MUL_MAT q4_0 m=6144 n=512 k=5120: 48 x 560.945 us = 26925.4 us (57419.3 GFLOPS/s)
MUL_MAT q4_1 m=5120 n=512 k=17408: 8 x 2021.94 us = 16175.6 us (45137.4 GFLOPS/s)
MUL_MAT q5_K m=5120 n=512 k=6144: 48 x 729.227 us = 35002.9 us (44169.5 GFLOPS/s)
RMS_NORM(128,16,512,1): 96 x 29.027 us = 2786.6 us
RMS_NORM_MUL RMS_NORM(128,48,512,1): 48 x 98.651 us = 4735.28 us
RMS_NORM_MUL RMS_NORM(256,24,512,1): 16 x 57.775 us = 924.4 us
RMS_NORM_MUL RMS_NORM(256,4,512,1): 16 x 13.317 us = 213.08 us
RMS_NORM_MUL RMS_NORM(5120,512,1,1): 129 x 23.072 us = 2976.32 us
ROPE: 16 x 41.877 us = 670.04 us
ROPE_VIEW_SET_ROWS ROPE: 16 x 10.375 us = 166 us
SCALE: 96 x 11.675 us = 1120.8 us
SET_ROWS: 16 x 9.712 us = 155.4 us
SIGMOID: 48 x 4.234 us = 203.24 us
SIGMOID_MUL SIGMOID: 16 x 39.185 us = 626.96 us
SILU_MUL SILU: 48 x 36.094 us = 1732.52 us
SOFTPLUS_MUL SOFTPLUS: 48 x 4.549 us = 218.36 us
SSM_CONV_SILU SSM_CONV: 48 x 36.83 us = 1767.88 us
Total time: 1.51915e+06 us.
----------------
Vulkan Timings:
ADD: 176 x 16.063 us = 2827.16 us
CONCAT: 48 x 132.926 us = 6380.48 us
CONT: 16 x 41.28 us = 660.48 us
CPY: 96 x 4.063 us = 390.08 us
FLASH_ATTN_EXT dst(256,24,512,1),  q(256,512,24,1),  k(256,86016,4,1),  v(256,86016,4,1),  m(86016,512,1,1): 16 x 51480 us = 823681 us (21024.3 GFLOPS/s)
GATED_DELTA_NET: 48 x 238.466 us = 11446.4 us
GET_ROWS: 96 x 7.583 us = 728.04 us
GLU: 64 x 104.371 us = 6679.76 us
MUL_MAT f32 m=48 n=512 k=5120: 96 x 36.705 us = 3523.72 us (6855.49 GFLOPS/s)
MUL_MAT q4_0 m=1024 n=512 k=5120: 32 x 72.24 us = 2311.68 us (74310.4 GFLOPS/s)
MUL_MAT q4_0 m=10240 n=512 k=5120: 48 x 1064.38 us = 51090.4 us (50434.7 GFLOPS/s)
MUL_MAT q4_0 m=12288 n=512 k=5120: 16 x 1180.64 us = 18890.2 us (54562.1 GFLOPS/s)
MUL_MAT q4_0 m=17408 n=512 k=5120: 128 x 1533.91 us = 196341 us (59494.4 GFLOPS/s)
MUL_MAT q4_0 m=5120 n=512 k=17408: 56 x 1732.36 us = 97012.3 us (52682.6 GFLOPS/s)
MUL_MAT q4_0 m=5120 n=512 k=6144: 16 x 581.375 us = 9302 us (55402.5 GFLOPS/s)
MUL_MAT q4_0 m=6144 n=512 k=5120: 48 x 560.15 us = 26887.2 us (57500.9 GFLOPS/s)
MUL_MAT q4_1 m=5120 n=512 k=17408: 8 x 1995.97 us = 15967.8 us (45724.7 GFLOPS/s)
MUL_MAT q5_K m=5120 n=512 k=6144: 48 x 735.43 us = 35300.6 us (43797 GFLOPS/s)
RMS_NORM(128,16,512,1): 96 x 28.104 us = 2698.04 us
RMS_NORM_MUL RMS_NORM(128,48,512,1): 48 x 97.719 us = 4690.52 us
RMS_NORM_MUL RMS_NORM(256,24,512,1): 16 x 55.202 us = 883.24 us
RMS_NORM_MUL RMS_NORM(256,4,512,1): 16 x 12.552 us = 200.84 us
RMS_NORM_MUL RMS_NORM(5120,512,1,1): 129 x 19.077 us = 2460.96 us
ROPE: 16 x 36.937 us = 591 us
ROPE_VIEW_SET_ROWS ROPE: 16 x 9.552 us = 152.84 us
SCALE: 96 x 10.13 us = 972.52 us
SET_ROWS: 16 x 9.465 us = 151.44 us
SIGMOID: 48 x 4.26 us = 204.52 us
SIGMOID_MUL SIGMOID: 16 x 33.772 us = 540.36 us
SILU_MUL SILU: 48 x 35.75 us = 1716 us
SOFTPLUS_MUL SOFTPLUS: 48 x 4.368 us = 209.68 us
SSM_CONV_SILU SSM_CONV: 48 x 31.703 us = 1521.76 us
Total time: 1.32641e+06 us.
3.21.358.633 I slot print_timing: id  0 | task 0 | prompt processing, n_tokens =  86016, progress = 0.98, t = 155.67 s / 552.54 tokens per second
----------------
Vulkan Timings:
ADD: 176 x 15.635 us = 2751.76 us
CONCAT: 48 x 133.343 us = 6400.48 us
CONT: 16 x 41.612 us = 665.8 us
CPY: 96 x 4.061 us = 389.92 us
FLASH_ATTN_EXT dst(256,24,512,1),  q(256,512,24,1),  k(256,86528,4,1),  v(256,86528,4,1),  m(86528,512,1,1): 16 x 52995.2 us = 847923 us (20544.8 GFLOPS/s)
GATED_DELTA_NET: 48 x 241.174 us = 11576.4 us
GET_ROWS: 96 x 7.45 us = 715.2 us
GLU: 64 x 100.32 us = 6420.52 us
MUL_MAT f32 m=48 n=512 k=5120: 96 x 36.144 us = 3469.84 us (6961.94 GFLOPS/s)
MUL_MAT q4_0 m=1024 n=512 k=5120: 32 x 67.478 us = 2159.32 us (79553.7 GFLOPS/s)
MUL_MAT q4_0 m=10240 n=512 k=5120: 48 x 1069.51 us = 51336.5 us (50192.9 GFLOPS/s)
MUL_MAT q4_0 m=12288 n=512 k=5120: 16 x 1160.54 us = 18568.7 us (55507 GFLOPS/s)
MUL_MAT q4_0 m=17408 n=512 k=5120: 128 x 1523.92 us = 195063 us (59884.2 GFLOPS/s)
MUL_MAT q4_0 m=5120 n=512 k=17408: 56 x 1724.77 us = 96587.4 us (52914.4 GFLOPS/s)
MUL_MAT q4_0 m=5120 n=512 k=6144: 16 x 576.055 us = 9216.88 us (55914.2 GFLOPS/s)
MUL_MAT q4_0 m=6144 n=512 k=5120: 48 x 561.765 us = 26964.8 us (57335.5 GFLOPS/s)
MUL_MAT q4_1 m=5120 n=512 k=17408: 8 x 2008.24 us = 16065.9 us (45445.5 GFLOPS/s)
MUL_MAT q5_K m=5120 n=512 k=6144: 48 x 732.845 us = 35176.6 us (43951.5 GFLOPS/s)
RMS_NORM(128,16,512,1): 96 x 27.985 us = 2686.64 us
RMS_NORM_MUL RMS_NORM(128,48,512,1): 48 x 96.747 us = 4643.88 us
RMS_NORM_MUL RMS_NORM(256,24,512,1): 16 x 54.292 us = 868.68 us
RMS_NORM_MUL RMS_NORM(256,4,512,1): 16 x 12.41 us = 198.56 us
RMS_NORM_MUL RMS_NORM(5120,512,1,1): 129 x 18.782 us = 2423 us
ROPE: 16 x 36.03 us = 576.48 us
ROPE_VIEW_SET_ROWS ROPE: 16 x 9.462 us = 151.4 us
SCALE: 96 x 9.997 us = 959.8 us
SET_ROWS: 16 x 9.337 us = 149.4 us
SIGMOID: 48 x 4.255 us = 204.28 us
SIGMOID_MUL SIGMOID: 16 x 34.347 us = 549.56 us
SILU_MUL SILU: 48 x 35.252 us = 1692.12 us
SOFTPLUS_MUL SOFTPLUS: 48 x 4.373 us = 209.92 us
SSM_CONV_SILU SSM_CONV: 48 x 30.995 us = 1487.76 us
Total time: 1.34825e+06 us.
----------------
Vulkan Timings:
ADD: 176 x 24.847 us = 4373.08 us
CONCAT: 48 x 137.915 us = 6619.96 us
CONT: 16 x 63.625 us = 1018 us
CPY: 96 x 4.883 us = 468.8 us
FLASH_ATTN_EXT dst(256,24,512,1),  q(256,512,24,1),  k(256,87040,4,1),  v(256,87040,4,1),  m(87040,512,1,1): 16 x 74831.7 us = 1.19731e+06 us (14635.7 GFLOPS/s)
GATED_DELTA_NET: 48 x 243.546 us = 11690.2 us
GET_ROWS: 96 x 9.051 us = 868.96 us
GLU: 64 x 144.317 us = 9236.32 us
MUL_MAT f32 m=48 n=512 k=5120: 96 x 41.635 us = 3996.96 us (6043.8 GFLOPS/s)
MUL_MAT q4_0 m=1024 n=512 k=5120: 32 x 76.516 us = 2448.52 us (70157.4 GFLOPS/s)
MUL_MAT q4_0 m=10240 n=512 k=5120: 48 x 1065.09 us = 51124.1 us (50401.5 GFLOPS/s)
MUL_MAT q4_0 m=12288 n=512 k=5120: 16 x 1175.72 us = 18811.5 us (54790.6 GFLOPS/s)
MUL_MAT q4_0 m=17408 n=512 k=5120: 128 x 1522.78 us = 194916 us (59929.2 GFLOPS/s)
MUL_MAT q4_0 m=5120 n=512 k=17408: 56 x 1745.16 us = 97729.2 us (52296.2 GFLOPS/s)
MUL_MAT q4_0 m=5120 n=512 k=6144: 16 x 556.92 us = 8910.72 us (57835.3 GFLOPS/s)
MUL_MAT q4_0 m=6144 n=512 k=5120: 48 x 568.532 us = 27289.6 us (56653.1 GFLOPS/s)
MUL_MAT q4_1 m=5120 n=512 k=17408: 8 x 2010.29 us = 16082.3 us (45399.1 GFLOPS/s)
MUL_MAT q5_K m=5120 n=512 k=6144: 48 x 736.936 us = 35373 us (43707.5 GFLOPS/s)
RMS_NORM(128,16,512,1): 96 x 29.913 us = 2871.68 us
RMS_NORM_MUL RMS_NORM(128,48,512,1): 48 x 98.342 us = 4720.44 us
RMS_NORM_MUL RMS_NORM(256,24,512,1): 16 x 61.157 us = 978.52 us
RMS_NORM_MUL RMS_NORM(256,4,512,1): 16 x 13.752 us = 220.04 us
RMS_NORM_MUL RMS_NORM(5120,512,1,1): 129 x 25.739 us = 3320.4 us
ROPE: 16 x 44.832 us = 717.32 us
ROPE_VIEW_SET_ROWS ROPE: 16 x 10.875 us = 174 us
SCALE: 96 x 12.518 us = 1201.8 us
SET_ROWS: 16 x 9.887 us = 158.2 us
SIGMOID: 48 x 4.413 us = 211.84 us
SIGMOID_MUL SIGMOID: 16 x 44.062 us = 705 us
SILU_MUL SILU: 48 x 36.79 us = 1765.96 us
SOFTPLUS_MUL SOFTPLUS: 48 x 4.49 us = 215.52 us
SSM_CONV_SILU SSM_CONV: 48 x 40.639 us = 1950.68 us
Total time: 1.70748e+06 us.
----------------
Vulkan Timings:
ADD: 176 x 13.512 us = 2378.24 us
CONCAT: 48 x 121.567 us = 5835.24 us
CONT: 16 x 33.3 us = 532.8 us
CPY: 96 x 4.012 us = 385.24 us
FLASH_ATTN_EXT dst(256,24,478,1),  q(256,478,24,1),  k(256,87552,4,1),  v(256,87552,4,1),  m(87552,478,1,1): 16 x 48944.3 us = 783109 us (21013.7 GFLOPS/s)
GATED_DELTA_NET: 48 x 220.865 us = 10601.5 us
GET_ROWS: 96 x 7.348 us = 705.48 us
GLU: 64 x 86.5 us = 5536.04 us
MUL_MAT f32 m=48 n=478 k=5120: 96 x 34.267 us = 3289.72 us (6855.5 GFLOPS/s)
MUL_MAT q4_0 m=1024 n=478 k=5120: 32 x 66.958 us = 2142.68 us (74847.6 GFLOPS/s)
MUL_MAT q4_0 m=10240 n=478 k=5120: 48 x 1055.33 us = 50655.7 us (47489.6 GFLOPS/s)
MUL_MAT q4_0 m=12288 n=478 k=5120: 16 x 1161.47 us = 18583.5 us (51779.7 GFLOPS/s)
MUL_MAT q4_0 m=17408 n=478 k=5120: 128 x 1505.61 us = 192718 us (56587.8 GFLOPS/s)
MUL_MAT q4_0 m=5120 n=478 k=17408: 56 x 1718.8 us = 96252.6 us (49572.4 GFLOPS/s)
MUL_MAT q4_0 m=5120 n=478 k=6144: 16 x 577.572 us = 9241.16 us (52064 GFLOPS/s)
MUL_MAT q4_0 m=6144 n=478 k=5120: 48 x 551.367 us = 26465.6 us (54537.5 GFLOPS/s)
MUL_MAT q4_1 m=5120 n=478 k=17408: 8 x 1991.16 us = 15929.3 us (42791.6 GFLOPS/s)
MUL_MAT q5_K m=5120 n=478 k=6144: 48 x 725.91 us = 34843.7 us (41424.8 GFLOPS/s)
RMS_NORM(128,16,478,1): 96 x 26.04 us = 2499.92 us
RMS_NORM_MUL RMS_NORM(128,48,478,1): 48 x 87.552 us = 4202.52 us
RMS_NORM_MUL RMS_NORM(256,24,478,1): 16 x 51.49 us = 823.84 us
RMS_NORM_MUL RMS_NORM(256,4,478,1): 16 x 11.627 us = 186.04 us
RMS_NORM_MUL RMS_NORM(5120,478,1,1): 129 x 17.67 us = 2279.52 us
ROPE: 16 x 26.84 us = 429.44 us
ROPE_VIEW_SET_ROWS ROPE: 16 x 9.252 us = 148.04 us
SCALE: 96 x 9.43 us = 905.28 us
SET_ROWS: 16 x 9.255 us = 148.08 us
SIGMOID: 48 x 4.174 us = 200.36 us
SIGMOID_MUL SIGMOID: 16 x 30.59 us = 489.44 us
SILU_MUL SILU: 48 x 33.54 us = 1609.92 us
SOFTPLUS_MUL SOFTPLUS: 48 x 4.37 us = 209.76 us
SSM_CONV_SILU SSM_CONV: 48 x 27.915 us = 1339.92 us
Total time: 1.27468e+06 us.
3.25.840.923 I slot print_timing: id  0 | task 0 | prompt processing, n_tokens =  87518, progress = 0.99, t = 160.16 s / 546.45 tokens per second
----------------
Vulkan Timings:
ADD: 176 x 15.057 us = 2650.08 us
CONCAT: 48 x 133.03 us = 6385.48 us
CONT: 16 x 40.612 us = 649.8 us
CPY: 96 x 4.091 us = 392.76 us
FLASH_ATTN_EXT dst(256,24,512,1),  q(256,512,24,1),  k(256,88064,4,1),  v(256,88064,4,1),  m(88064,512,1,1): 16 x 51808.2 us = 828932 us (21388.5 GFLOPS/s)
GATED_DELTA_NET: 48 x 243.351 us = 11680.9 us
GET_ROWS: 96 x 7.371 us = 707.68 us
GLU: 64 x 97.7 us = 6252.84 us
MUL_MAT f32 m=48 n=512 k=5120: 96 x 36.141 us = 3469.56 us (6962.51 GFLOPS/s)
MUL_MAT q4_0 m=1024 n=512 k=5120: 32 x 67.91 us = 2173.12 us (79048.5 GFLOPS/s)
MUL_MAT q4_0 m=10240 n=512 k=5120: 48 x 1077.76 us = 51732.7 us (49808.5 GFLOPS/s)
MUL_MAT q4_0 m=12288 n=512 k=5120: 16 x 1173.01 us = 18768.1 us (54917.3 GFLOPS/s)
MUL_MAT q4_0 m=17408 n=512 k=5120: 128 x 1539.73 us = 197085 us (59269.6 GFLOPS/s)
MUL_MAT q4_0 m=5120 n=512 k=17408: 56 x 1741.97 us = 97550.6 us (52391.9 GFLOPS/s)
MUL_MAT q4_0 m=5120 n=512 k=6144: 16 x 589.98 us = 9439.68 us (54594.4 GFLOPS/s)
MUL_MAT q4_0 m=6144 n=512 k=5120: 48 x 562.962 us = 27022.2 us (57213.6 GFLOPS/s)
MUL_MAT q4_1 m=5120 n=512 k=17408: 8 x 2034.48 us = 16275.9 us (44859.2 GFLOPS/s)
MUL_MAT q5_K m=5120 n=512 k=6144: 48 x 736.915 us = 35372 us (43708.7 GFLOPS/s)
RMS_NORM(128,16,512,1): 96 x 27.919 us = 2680.28 us
RMS_NORM_MUL RMS_NORM(128,48,512,1): 48 x 96.56 us = 4634.92 us
RMS_NORM_MUL RMS_NORM(256,24,512,1): 16 x 53.66 us = 858.56 us
RMS_NORM_MUL RMS_NORM(256,4,512,1): 16 x 12.442 us = 199.08 us
RMS_NORM_MUL RMS_NORM(5120,512,1,1): 129 x 18.483 us = 2384.36 us
ROPE: 16 x 35.807 us = 572.92 us
ROPE_VIEW_SET_ROWS ROPE: 16 x 9.42 us = 150.72 us
SCALE: 96 x 9.788 us = 939.72 us
SET_ROWS: 16 x 9.422 us = 150.76 us
SIGMOID: 48 x 4.218 us = 202.48 us
SIGMOID_MUL SIGMOID: 16 x 33.42 us = 534.72 us
SILU_MUL SILU: 48 x 35.438 us = 1701.04 us
SOFTPLUS_MUL SOFTPLUS: 48 x 4.378 us = 210.16 us
SSM_CONV_SILU SSM_CONV: 48 x 30.736 us = 1475.36 us
Total time: 1.33324e+06 us.
3.27.278.337 I slot print_timing: id  0 | task 0 | prompt processing, n_tokens =  88030, progress = 1.00, t = 161.59 s / 544.76 tokens per second
----------------
Vulkan Timings:
ADD: 176 x 2.852 us = 502.08 us
CONCAT: 48 x 2.713 us = 130.24 us
CONT: 16 x 5.27 us = 84.32 us
CPY: 96 x 7.14 us = 685.48 us
FLASH_ATTN_EXT dst(256,24,4,1),  q(256,4,24,1),  k(256,88064,4,1),  v(256,88064,4,1),  m(88064,4,1,1): 16 x 1480.51 us = 23688.1 us (5847.35 GFLOPS/s)
GATED_DELTA_NET: 48 x 9.755 us = 468.24 us
GET_ROWS: 97 x 8.932 us = 866.44 us
GLU: 64 x 2.464 us = 157.72 us
MUL_MAT_VEC f32 m=48 n=4 k=5120: 96 x 12.481 us = 1198.24 us (157.502 GFLOPS/s)
MUL_MAT_VEC q4_0 m=1024 n=4 k=5120: 32 x 11.358 us = 363.48 us (3692.21 GFLOPS/s)
MUL_MAT_VEC q4_0 m=10240 n=4 k=5120: 48 x 77.294 us = 3710.12 us (5425.89 GFLOPS/s)
MUL_MAT_VEC q4_0 m=12288 n=4 k=5120: 16 x 86.18 us = 1378.88 us (5839.72 GFLOPS/s)
MUL_MAT_VEC q4_0 m=17408 n=4 k=5120: 128 x 120.199 us = 15385.6 us (5931.48 GFLOPS/s)
MUL_MAT_VEC q4_0 m=5120 n=4 k=17408: 56 x 119.508 us = 6692.48 us (5966.19 GFLOPS/s)
MUL_MAT_VEC q4_0 m=5120 n=4 k=6144: 16 x 52.085 us = 833.36 us (4831.29 GFLOPS/s)
MUL_MAT_VEC q4_0 m=6144 n=4 k=5120: 48 x 44.63 us = 2142.28 us (5638.11 GFLOPS/s)
MUL_MAT_VEC q4_1 m=5120 n=4 k=17408: 8 x 174.19 us = 1393.52 us (4093.3 GFLOPS/s)
MUL_MAT_VEC q5_K m=5120 n=4 k=6144: 48 x 45.799 us = 2198.36 us (5494.37 GFLOPS/s)
MUL_MAT_VEC q6_K m=248320 n=1 k=5120: 1 x 1231.16 us = 1231.16 us (2065.16 GFLOPS/s)
RMS_NORM(128,16,4,1): 96 x 4.192 us = 402.44 us
RMS_NORM_MUL RMS_NORM(128,48,4,1): 48 x 7.665 us = 367.96 us
RMS_NORM_MUL RMS_NORM(256,24,4,1): 16 x 3.487 us = 55.8 us
RMS_NORM_MUL RMS_NORM(256,4,4,1): 16 x 6.935 us = 110.96 us
RMS_NORM_MUL RMS_NORM(5120,4,1,1): 129 x 12.957 us = 1671.48 us
ROPE: 16 x 7.467 us = 119.48 us
ROPE_VIEW_SET_ROWS ROPE: 16 x 6.265 us = 100.24 us
SCALE: 96 x 4.294 us = 412.24 us
SET_ROWS: 16 x 6.285 us = 100.56 us
SIGMOID: 48 x 6.128 us = 294.16 us
SIGMOID_MUL SIGMOID: 16 x 5.985 us = 95.76 us
SILU_MUL SILU: 48 x 5.619 us = 269.72 us
SOFTPLUS_MUL SOFTPLUS: 48 x 3.545 us = 170.16 us
SSM_CONV_SILU SSM_CONV: 48 x 6.621 us = 317.84 us
Total time: 67598.9 us.
----------------
Vulkan Timings:
ADD: 96 x 2.805 us = 269.36 us
CONCAT: 48 x 2.432 us = 116.76 us
CONT: 16 x 3.315 us = 53.04 us
CPY: 96 x 6.757 us = 648.68 us
FLASH_ATTN_EXT dst(256,24,1,1),  q(256,1,24,1),  k(256,88064,4,1),  v(256,88064,4,1),  m(88064,1,1,1): 16 x 494.632 us = 7914.12 us (4375.49 GFLOPS/s)
GATED_DELTA_NET: 48 x 7.745 us = 371.8 us
GET_ROWS: 97 x 8.145 us = 790.08 us
GLU: 64 x 2.618 us = 167.6 us
MUL_MAT_ADD MUL_MAT_VEC q4_0 m=5120 n=1 k=17408: 56 x 73.162 us = 4097.08 us (2436.41 GFLOPS/s)
MUL_MAT_ADD MUL_MAT_VEC q4_0 m=5120 n=1 k=6144: 16 x 32.345 us = 517.52 us (1944.95 GFLOPS/s)
MUL_MAT_ADD MUL_MAT_VEC q4_1 m=5120 n=1 k=17408: 8 x 83.355 us = 666.84 us (2138.48 GFLOPS/s)
MUL_MAT_VEC f32 m=48 n=1 k=5120: 96 x 6.338 us = 608.48 us (77.5396 GFLOPS/s)
MUL_MAT_VEC q4_0 m=1024 n=1 k=5120: 32 x 6.47 us = 207.04 us (1620.52 GFLOPS/s)
MUL_MAT_VEC q4_0 m=10240 n=1 k=5120: 48 x 41.641 us = 1998.8 us (2517.85 GFLOPS/s)
MUL_MAT_VEC q4_0 m=12288 n=1 k=5120: 16 x 45.025 us = 720.4 us (2794.38 GFLOPS/s)
MUL_MAT_VEC q4_0 m=17408 n=1 k=5120: 128 x 67.003 us = 8576.48 us (2660.16 GFLOPS/s)
MUL_MAT_VEC q4_0 m=6144 n=1 k=5120: 48 x 23.509 us = 1128.44 us (2675.91 GFLOPS/s)
MUL_MAT_VEC q5_K m=5120 n=1 k=6144: 48 x 37 us = 1776 us (1700.26 GFLOPS/s)
MUL_MAT_VEC q6_K m=248320 n=1 k=5120: 1 x 1197.96 us = 1197.96 us (2122.4 GFLOPS/s)
RMS_NORM(128,16,1,1): 96 x 6.221 us = 597.24 us
RMS_NORM_MUL RMS_NORM(128,48,1,1): 48 x 6.518 us = 312.88 us
RMS_NORM_MUL RMS_NORM(256,24,1,1): 16 x 3.13 us = 50.08 us
RMS_NORM_MUL RMS_NORM(256,4,1,1): 16 x 7.077 us = 113.24 us
RMS_NORM_MUL RMS_NORM(5120,1,1,1): 129 x 9.882 us = 1274.8 us
ROPE: 16 x 6.625 us = 106 us
ROPE_VIEW_SET_ROWS ROPE: 16 x 6.595 us = 105.52 us
SCALE: 96 x 5.883 us = 564.8 us
SET_ROWS: 16 x 6.737 us = 107.8 us
SIGMOID: 48 x 6.029 us = 289.4 us
SIGMOID_MUL SIGMOID: 16 x 6.817 us = 109.08 us
SILU_MUL SILU: 48 x 6.007 us = 288.36 us
SOFTPLUS_MUL SOFTPLUS: 48 x 2.776 us = 133.28 us
SSM_CONV_SILU SSM_CONV: 48 x 6.188 us = 297.04 us
Total time: 36176 us.
3.27.470.000 I slot print_timing: id  0 | task 0 | prompt eval time =  161738.30 ms / 88034 tokens (    1.84 ms per token,   544.30 tokens per second)
3.27.470.005 I slot print_timing: id  0 | task 0 |        eval time =      46.87 ms /     2 tokens (   46.87 ms per token,    21.34 tokens per second)
3.27.470.006 I slot print_timing: id  0 | task 0 |       total time =  161785.17 ms / 88036 tokens
3.27.470.006 I slot print_timing: id  0 | task 0 |    graphs reused =          1
3.27.471.552 I slot      release: id  0 | task 0 | stop processing: n_tokens = 88035, truncated = 0
3.27.642.308 I slot get_availabl: id  0 | task -1 | selected slot by LRU, t_last = 1525844750
3.27.642.406 I slot launch_slot_: id  0 | task 47 | processing task, is_child = 0
----------------
Vulkan Timings:
ADD: 176 x 15.629 us = 2750.84 us
CONCAT: 48 x 143.217 us = 6874.44 us
CONT: 16 x 31.657 us = 506.52 us
CPY: 96 x 3.313 us = 318.08 us
FLASH_ATTN_EXT dst(256,24,512,1),  q(256,512,24,1),  k(256,512,4,1),  v(256,512,4,1),  m(512,512,1,1): 16 x 208.755 us = 3340.08 us (30861.3 GFLOPS/s)
GATED_DELTA_NET: 48 x 248.491 us = 11927.6 us
GET_ROWS: 96 x 6.985 us = 670.56 us
GLU: 64 x 92.163 us = 5898.44 us
MUL_MAT f32 m=48 n=512 k=5120: 96 x 36.435 us = 3497.76 us (6906.37 GFLOPS/s)
MUL_MAT q4_0 m=1024 n=512 k=5120: 32 x 124.982 us = 3999.44 us (42951.5 GFLOPS/s)
MUL_MAT q4_0 m=10240 n=512 k=5120: 48 x 1140.77 us = 54757.1 us (47057.4 GFLOPS/s)
MUL_MAT q4_0 m=12288 n=512 k=5120: 16 x 1127.46 us = 18039.3 us (57135.8 GFLOPS/s)
MUL_MAT q4_0 m=17408 n=512 k=5120: 128 x 1652.96 us = 211579 us (55209.5 GFLOPS/s)
MUL_MAT q4_0 m=5120 n=512 k=17408: 56 x 1866.82 us = 104542 us (48888.2 GFLOPS/s)
MUL_MAT q4_0 m=5120 n=512 k=6144: 16 x 701.172 us = 11218.8 us (45936.8 GFLOPS/s)
MUL_MAT q4_0 m=6144 n=512 k=5120: 48 x 609.765 us = 29268.7 us (52822.2 GFLOPS/s)
MUL_MAT q4_1 m=5120 n=512 k=17408: 8 x 2054.14 us = 16433.1 us (44430.1 GFLOPS/s)
MUL_MAT q5_K m=5120 n=512 k=6144: 48 x 787.551 us = 37802.5 us (40898.4 GFLOPS/s)
RMS_NORM(128,16,512,1): 96 x 28.888 us = 2773.28 us
RMS_NORM_MUL RMS_NORM(128,48,512,1): 48 x 101.699 us = 4881.56 us
RMS_NORM_MUL RMS_NORM(256,24,512,1): 16 x 57.865 us = 925.84 us
RMS_NORM_MUL RMS_NORM(256,4,512,1): 16 x 12.81 us = 204.96 us
RMS_NORM_MUL RMS_NORM(5120,512,1,1): 129 x 18.817 us = 2427.4 us
ROPE: 16 x 36.817 us = 589.08 us
ROPE_VIEW_SET_ROWS ROPE: 16 x 9.712 us = 155.4 us
SCALE: 192 x 6.329 us = 1215.2 us
SET_ROWS: 16 x 9.765 us = 156.24 us
SIGMOID: 48 x 4.217 us = 202.44 us
SIGMOID_MUL SIGMOID: 16 x 35.84 us = 573.44 us
SILU_MUL SILU: 48 x 37.12 us = 1781.76 us
SOFTPLUS_MUL SOFTPLUS: 48 x 4.865 us = 233.56 us
SSM_CONV_SILU SSM_CONV: 48 x 30.885 us = 1482.48 us
Total time: 541027 us.
----------------
Vulkan Timings:
ADD: 176 x 14.178 us = 2495.4 us
CONCAT: 48 x 130.025 us = 6241.2 us
CONT: 16 x 28.905 us = 462.48 us
CPY: 96 x 3.897 us = 374.16 us
FLASH_ATTN_EXT dst(256,24,512,1),  q(256,512,24,1),  k(256,1024,4,1),  v(256,1024,4,1),  m(1024,512,1,1): 16 x 424.465 us = 6791.44 us (30355.6 GFLOPS/s)
GATED_DELTA_NET: 48 x 232.145 us = 11143 us
GET_ROWS: 96 x 7.133 us = 684.84 us
GLU: 64 x 93.744 us = 5999.64 us
MUL_MAT f32 m=48 n=512 k=5120: 96 x 35.083 us = 3368 us (7172.46 GFLOPS/s)
MUL_MAT q4_0 m=1024 n=512 k=5120: 32 x 67.451 us = 2158.44 us (79586.1 GFLOPS/s)
MUL_MAT q4_0 m=10240 n=512 k=5120: 48 x 1042.81 us = 50054.9 us (51478 GFLOPS/s)
MUL_MAT q4_0 m=12288 n=512 k=5120: 16 x 1152.82 us = 18445.1 us (55878.8 GFLOPS/s)
MUL_MAT q4_0 m=17408 n=512 k=5120: 128 x 1530.68 us = 195928 us (59619.8 GFLOPS/s)
MUL_MAT q4_0 m=5120 n=512 k=17408: 56 x 1760.83 us = 98606.5 us (51830.9 GFLOPS/s)
MUL_MAT q4_0 m=5120 n=512 k=6144: 16 x 647.29 us = 10356.6 us (49760.7 GFLOPS/s)
MUL_MAT q4_0 m=6144 n=512 k=5120: 48 x 546.821 us = 26247.4 us (58902.4 GFLOPS/s)
MUL_MAT q4_1 m=5120 n=512 k=17408: 8 x 1700.44 us = 13603.6 us (53671.5 GFLOPS/s)
MUL_MAT q5_K m=5120 n=512 k=6144: 48 x 716.384 us = 34386.4 us (44961.4 GFLOPS/s)
RMS_NORM(128,16,512,1): 96 x 27.161 us = 2607.52 us
RMS_NORM_MUL RMS_NORM(128,48,512,1): 48 x 95.699 us = 4593.56 us
RMS_NORM_MUL RMS_NORM(256,24,512,1): 16 x 53.417 us = 854.68 us
RMS_NORM_MUL RMS_NORM(256,4,512,1): 16 x 12.207 us = 195.32 us
RMS_NORM_MUL RMS_NORM(5120,512,1,1): 129 x 17.28 us = 2229.12 us
ROPE: 16 x 35.435 us = 566.96 us
ROPE_VIEW_SET_ROWS ROPE: 16 x 9.375 us = 150 us
SCALE: 96 x 9.54 us = 915.88 us
SET_ROWS: 16 x 9.262 us = 148.2 us
SIGMOID: 48 x 4.278 us = 205.36 us
SIGMOID_MUL SIGMOID: 16 x 33.93 us = 542.88 us
SILU_MUL SILU: 48 x 34.699 us = 1665.56 us
SOFTPLUS_MUL SOFTPLUS: 48 x 4.597 us = 220.68 us
SSM_CONV_SILU SSM_CONV: 48 x 29.048 us = 1394.32 us
Total time: 503637 us.
----------------
Vulkan Timings:
ADD: 176 x 19.74 us = 3474.24 us
CONCAT: 48 x 129.18 us = 6200.64 us
CONT: 16 x 34.202 us = 547.24 us
CPY: 96 x 4.253 us = 408.36 us
FLASH_ATTN_EXT dst(256,24,512,1),  q(256,512,24,1),  k(256,1536,4,1),  v(256,1536,4,1),  m(1536,512,1,1): 16 x 656.21 us = 10499.4 us (29453 GFLOPS/s)
GATED_DELTA_NET: 48 x 232.103 us = 11141 us
GET_ROWS: 96 x 7.978 us = 765.92 us
GLU: 64 x 121.215 us = 7757.76 us
MUL_MAT f32 m=48 n=512 k=5120: 96 x 37.584 us = 3608.12 us (6695.13 GFLOPS/s)
MUL_MAT q4_0 m=1024 n=512 k=5120: 32 x 79.855 us = 2555.36 us (67224.2 GFLOPS/s)
MUL_MAT q4_0 m=10240 n=512 k=5120: 48 x 1012.64 us = 48606.8 us (53011.7 GFLOPS/s)
MUL_MAT q4_0 m=12288 n=512 k=5120: 16 x 1120.85 us = 17933.6 us (57472.8 GFLOPS/s)
MUL_MAT q4_0 m=17408 n=512 k=5120: 128 x 1493.87 us = 191216 us (61088.9 GFLOPS/s)
MUL_MAT q4_0 m=5120 n=512 k=17408: 56 x 1734.71 us = 97143.7 us (52611.4 GFLOPS/s)
MUL_MAT q4_0 m=5120 n=512 k=6144: 16 x 646.267 us = 10340.3 us (49839.5 GFLOPS/s)
MUL_MAT q4_0 m=6144 n=512 k=5120: 48 x 534.452 us = 25653.7 us (60265.6 GFLOPS/s)
MUL_MAT q4_1 m=5120 n=512 k=17408: 8 x 1668.31 us = 13346.4 us (54705.5 GFLOPS/s)
MUL_MAT q5_K m=5120 n=512 k=6144: 48 x 695.944 us = 33405.3 us (46281.9 GFLOPS/s)
RMS_NORM(128,16,512,1): 96 x 27.775 us = 2666.44 us
RMS_NORM_MUL RMS_NORM(128,48,512,1): 48 x 93.195 us = 4473.4 us
RMS_NORM_MUL RMS_NORM(256,24,512,1): 16 x 55.81 us = 892.96 us
RMS_NORM_MUL RMS_NORM(256,4,512,1): 16 x 12.777 us = 204.44 us
RMS_NORM_MUL RMS_NORM(5120,512,1,1): 129 x 21.46 us = 2768.4 us
ROPE: 16 x 39.907 us = 638.52 us
ROPE_VIEW_SET_ROWS ROPE: 16 x 10.162 us = 162.6 us
SCALE: 96 x 10.967 us = 1052.84 us
SET_ROWS: 16 x 9.427 us = 150.84 us
SIGMOID: 48 x 4.212 us = 202.2 us
SIGMOID_MUL SIGMOID: 16 x 34.352 us = 549.64 us
SILU_MUL SILU: 48 x 34.526 us = 1657.28 us
SOFTPLUS_MUL SOFTPLUS: 48 x 4.496 us = 215.84 us
SSM_CONV_SILU SSM_CONV: 48 x 34.317 us = 1647.24 us
Total time: 501886 us.
----------------
Vulkan Timings:
ADD: 176 x 13.254 us = 2332.8 us
CONCAT: 48 x 125.951 us = 6045.68 us
CONT: 16 x 28.872 us = 461.96 us
CPY: 96 x 3.816 us = 366.4 us
FLASH_ATTN_EXT dst(256,24,512,1),  q(256,512,24,1),  k(256,2048,4,1),  v(256,2048,4,1),  m(2048,512,1,1): 16 x 878.277 us = 14052.4 us (29341.3 GFLOPS/s)
GATED_DELTA_NET: 48 x 225.766 us = 10836.8 us
GET_ROWS: 96 x 7.042 us = 676.04 us
GLU: 64 x 94.098 us = 6022.32 us
MUL_MAT f32 m=48 n=512 k=5120: 96 x 34.567 us = 3318.48 us (7279.49 GFLOPS/s)
MUL_MAT q4_0 m=1024 n=512 k=5120: 32 x 69.792 us = 2233.36 us (76916.4 GFLOPS/s)
MUL_MAT q4_0 m=10240 n=512 k=5120: 48 x 1013.26 us = 48636.6 us (52979.2 GFLOPS/s)
MUL_MAT q4_0 m=12288 n=512 k=5120: 16 x 1124.13 us = 17986.1 us (57304.8 GFLOPS/s)
MUL_MAT q4_0 m=17408 n=512 k=5120: 128 x 1492.37 us = 191023 us (61150.5 GFLOPS/s)
MUL_MAT q4_0 m=5120 n=512 k=17408: 56 x 1728.34 us = 96786.8 us (52805.4 GFLOPS/s)
MUL_MAT q4_0 m=5120 n=512 k=6144: 16 x 635.615 us = 10169.8 us (50674.8 GFLOPS/s)
MUL_MAT q4_0 m=6144 n=512 k=5120: 48 x 529.476 us = 25414.9 us (60832 GFLOPS/s)
MUL_MAT q4_1 m=5120 n=512 k=17408: 8 x 1649.65 us = 13197.2 us (55324 GFLOPS/s)
MUL_MAT q5_K m=5120 n=512 k=6144: 48 x 696.071 us = 33411.4 us (46273.4 GFLOPS/s)
RMS_NORM(128,16,512,1): 96 x 26.52 us = 2545.96 us
RMS_NORM_MUL RMS_NORM(128,48,512,1): 48 x 92.699 us = 4449.56 us
RMS_NORM_MUL RMS_NORM(256,24,512,1): 16 x 54.045 us = 864.72 us
RMS_NORM_MUL RMS_NORM(256,4,512,1): 16 x 12.077 us = 193.24 us
RMS_NORM_MUL RMS_NORM(5120,512,1,1): 129 x 17.327 us = 2235.24 us
ROPE: 16 x 34.997 us = 559.96 us
ROPE_VIEW_SET_ROWS ROPE: 16 x 9.312 us = 149 us
SCALE: 96 x 9.474 us = 909.56 us
SET_ROWS: 16 x 9.162 us = 146.6 us
SIGMOID: 48 x 3.805 us = 182.64 us
SIGMOID_MUL SIGMOID: 16 x 33.22 us = 531.52 us
SILU_MUL SILU: 48 x 33.67 us = 1616.2 us
SOFTPLUS_MUL SOFTPLUS: 48 x 4.808 us = 230.8 us
SSM_CONV_SILU SSM_CONV: 48 x 28.04 us = 1345.96 us
Total time: 498934 us.
----------------
Vulkan Timings:
ADD: 176 x 13.845 us = 2436.72 us
CONCAT: 48 x 127.717 us = 6130.44 us
CONT: 16 x 30.262 us = 484.2 us
CPY: 96 x 3.885 us = 373 us
FLASH_ATTN_EXT dst(256,24,512,1),  q(256,512,24,1),  k(256,2560,4,1),  v(256,2560,4,1),  m(2560,512,1,1): 16 x 1100.66 us = 17610.6 us (29266.2 GFLOPS/s)
GATED_DELTA_NET: 48 x 228.455 us = 10965.9 us
GET_ROWS: 96 x 7.16 us = 687.36 us
GLU: 64 x 94.896 us = 6073.36 us
MUL_MAT f32 m=48 n=512 k=5120: 96 x 34.55 us = 3316.8 us (7283.17 GFLOPS/s)
MUL_MAT q4_0 m=1024 n=512 k=5120: 32 x 65.878 us = 2108.12 us (81485.8 GFLOPS/s)
MUL_MAT q4_0 m=10240 n=512 k=5120: 48 x 1024.23 us = 49163 us (52412 GFLOPS/s)
MUL_MAT q4_0 m=12288 n=512 k=5120: 16 x 1130.04 us = 18080.6 us (57005.4 GFLOPS/s)
MUL_MAT q4_0 m=17408 n=512 k=5120: 128 x 1510.45 us = 193337 us (60418.7 GFLOPS/s)
MUL_MAT q4_0 m=5120 n=512 k=17408: 56 x 1745.7 us = 97759.4 us (52280 GFLOPS/s)
MUL_MAT q4_0 m=5120 n=512 k=6144: 16 x 642.13 us = 10274.1 us (50160.6 GFLOPS/s)
MUL_MAT q4_0 m=6144 n=512 k=5120: 48 x 537.05 us = 25778.4 us (59974 GFLOPS/s)
MUL_MAT q4_1 m=5120 n=512 k=17408: 8 x 1663.57 us = 13308.5 us (54861.4 GFLOPS/s)
MUL_MAT q5_K m=5120 n=512 k=6144: 48 x 706.173 us = 33896.3 us (45611.5 GFLOPS/s)
RMS_NORM(128,16,512,1): 96 x 26.674 us = 2560.76 us
RMS_NORM_MUL RMS_NORM(128,48,512,1): 48 x 93.996 us = 4511.84 us
RMS_NORM_MUL RMS_NORM(256,24,512,1): 16 x 53.07 us = 849.12 us
RMS_NORM_MUL RMS_NORM(256,4,512,1): 16 x 12.232 us = 195.72 us
RMS_NORM_MUL RMS_NORM(5120,512,1,1): 129 x 17.605 us = 2271.08 us
ROPE: 16 x 36.015 us = 576.24 us
ROPE_VIEW_SET_ROWS ROPE: 16 x 9.41 us = 150.56 us
SCALE: 96 x 9.387 us = 901.16 us
SET_ROWS: 16 x 9.262 us = 148.2 us
SIGMOID: 48 x 4.074 us = 195.56 us
SIGMOID_MUL SIGMOID: 16 x 33.485 us = 535.76 us
SILU_MUL SILU: 48 x 33.81 us = 1622.92 us
SOFTPLUS_MUL SOFTPLUS: 48 x 4.393 us = 210.88 us
SSM_CONV_SILU SSM_CONV: 48 x 28.771 us = 1381.04 us
Total time: 507895 us.
----------------
Vulkan Timings:
ADD: 176 x 19.558 us = 3442.36 us
CONCAT: 48 x 130.658 us = 6271.6 us
CONT: 16 x 40.91 us = 654.56 us
CPY: 96 x 4.362 us = 418.76 us
FLASH_ATTN_EXT dst(256,24,512,1),  q(256,512,24,1),  k(256,3072,4,1),  v(256,3072,4,1),  m(3072,512,1,1): 16 x 1338.17 us = 21410.8 us (28886.2 GFLOPS/s)
GATED_DELTA_NET: 48 x 231.16 us = 11095.7 us
GET_ROWS: 96 x 8.178 us = 785.12 us
GLU: 64 x 121.218 us = 7757.96 us
MUL_MAT f32 m=48 n=512 k=5120: 96 x 38.122 us = 3659.72 us (6600.73 GFLOPS/s)
MUL_MAT q4_0 m=1024 n=512 k=5120: 32 x 68.527 us = 2192.88 us (78336.2 GFLOPS/s)
MUL_MAT q4_0 m=10240 n=512 k=5120: 48 x 1022.88 us = 49098.1 us (52481.2 GFLOPS/s)
MUL_MAT q4_0 m=12288 n=512 k=5120: 16 x 1140.41 us = 18246.5 us (56487 GFLOPS/s)
MUL_MAT q4_0 m=17408 n=512 k=5120: 128 x 1501.8 us = 192231 us (60766.4 GFLOPS/s)
MUL_MAT q4_0 m=5120 n=512 k=17408: 56 x 1744.64 us = 97700.2 us (52311.7 GFLOPS/s)
MUL_MAT q4_0 m=5120 n=512 k=6144: 16 x 636.862 us = 10189.8 us (50575.5 GFLOPS/s)
MUL_MAT q4_0 m=6144 n=512 k=5120: 48 x 541.426 us = 25988.5 us (59489.3 GFLOPS/s)
MUL_MAT q4_1 m=5120 n=512 k=17408: 8 x 1698.01 us = 13584.1 us (53748.5 GFLOPS/s)
MUL_MAT q5_K m=5120 n=512 k=6144: 48 x 704.305 us = 33806.6 us (45732.5 GFLOPS/s)
RMS_NORM(128,16,512,1): 96 x 27.893 us = 2677.8 us
RMS_NORM_MUL RMS_NORM(128,48,512,1): 48 x 94.385 us = 4530.48 us
RMS_NORM_MUL RMS_NORM(256,24,512,1): 16 x 54.602 us = 873.64 us
RMS_NORM_MUL RMS_NORM(256,4,512,1): 16 x 12.955 us = 207.28 us
RMS_NORM_MUL RMS_NORM(5120,512,1,1): 129 x 21.64 us = 2791.6 us
ROPE: 16 x 40.177 us = 642.84 us
ROPE_VIEW_SET_ROWS ROPE: 16 x 10.142 us = 162.28 us
SCALE: 96 x 11.007 us = 1056.72 us
SET_ROWS: 16 x 9.53 us = 152.48 us
SIGMOID: 48 x 4.293 us = 206.08 us
SIGMOID_MUL SIGMOID: 16 x 33.832 us = 541.32 us
SILU_MUL SILU: 48 x 34.559 us = 1658.84 us
SOFTPLUS_MUL SOFTPLUS: 48 x 4.321 us = 207.44 us
SSM_CONV_SILU SSM_CONV: 48 x 34.662 us = 1663.8 us
Total time: 515907 us.
----------------
Vulkan Timings:
ADD: 176 x 13.11 us = 2307.52 us
CONCAT: 48 x 127.31 us = 6110.88 us
CONT: 16 x 31.417 us = 502.68 us
CPY: 96 x 4.018 us = 385.8 us
FLASH_ATTN_EXT dst(256,24,512,1),  q(256,512,24,1),  k(256,3584,4,1),  v(256,3584,4,1),  m(3584,512,1,1): 16 x 1558.48 us = 24935.6 us (28936.7 GFLOPS/s)
GATED_DELTA_NET: 48 x 228.136 us = 10950.6 us
GET_ROWS: 96 x 7.082 us = 679.96 us
GLU: 64 x 94.093 us = 6022 us
MUL_MAT f32 m=48 n=512 k=5120: 96 x 34.548 us = 3316.64 us (7283.53 GFLOPS/s)
MUL_MAT q4_0 m=1024 n=512 k=5120: 32 x 66.25 us = 2120 us (81029.2 GFLOPS/s)
MUL_MAT q4_0 m=10240 n=512 k=5120: 48 x 1024.63 us = 49182.1 us (52391.6 GFLOPS/s)
MUL_MAT q4_0 m=12288 n=512 k=5120: 16 x 1139.45 us = 18231.2 us (56534.5 GFLOPS/s)
MUL_MAT q4_0 m=17408 n=512 k=5120: 128 x 1501.8 us = 192230 us (60766.6 GFLOPS/s)
MUL_MAT q4_0 m=5120 n=512 k=17408: 56 x 1742.95 us = 97605.2 us (52362.6 GFLOPS/s)
MUL_MAT q4_0 m=5120 n=512 k=6144: 16 x 643.385 us = 10294.2 us (50062.8 GFLOPS/s)
MUL_MAT q4_0 m=6144 n=512 k=5120: 48 x 537.838 us = 25816.2 us (59886.2 GFLOPS/s)
MUL_MAT q4_1 m=5120 n=512 k=17408: 8 x 1670.64 us = 13365.2 us (54628.9 GFLOPS/s)
MUL_MAT q5_K m=5120 n=512 k=6144: 48 x 703.202 us = 33753.7 us (45804.2 GFLOPS/s)
RMS_NORM(128,16,512,1): 96 x 26.595 us = 2553.16 us
RMS_NORM_MUL RMS_NORM(128,48,512,1): 48 x 94.08 us = 4515.84 us
RMS_NORM_MUL RMS_NORM(256,24,512,1): 16 x 53.685 us = 858.96 us
RMS_NORM_MUL RMS_NORM(256,4,512,1): 16 x 12.24 us = 195.84 us
RMS_NORM_MUL RMS_NORM(5120,512,1,1): 129 x 17.326 us = 2235.16 us
ROPE: 16 x 35.802 us = 572.84 us
ROPE_VIEW_SET_ROWS ROPE: 16 x 9.317 us = 149.08 us
SCALE: 96 x 9.632 us = 924.72 us
SET_ROWS: 16 x 9.322 us = 149.16 us
SIGMOID: 48 x 3.979 us = 191 us
SIGMOID_MUL SIGMOID: 16 x 33.445 us = 535.12 us
SILU_MUL SILU: 48 x 34.25 us = 1644 us
SOFTPLUS_MUL SOFTPLUS: 48 x 4.375 us = 210.04 us
SSM_CONV_SILU SSM_CONV: 48 x 28.502 us = 1368.12 us
Total time: 513913 us.
----------------
Vulkan Timings:
ADD: 176 x 13.544 us = 2383.8 us
CONCAT: 48 x 126.44 us = 6069.16 us
CONT: 16 x 32.25 us = 516 us
CPY: 96 x 4.003 us = 384.36 us
FLASH_ATTN_EXT dst(256,24,512,1),  q(256,512,24,1),  k(256,4096,4,1),  v(256,4096,4,1),  m(4096,512,1,1): 16 x 1784.86 us = 28557.7 us (28876.1 GFLOPS/s)
GATED_DELTA_NET: 48 x 226.509 us = 10872.4 us
GET_ROWS: 96 x 7.099 us = 681.56 us
GLU: 64 x 96.496 us = 6175.76 us
MUL_MAT f32 m=48 n=512 k=5120: 96 x 34.65 us = 3326.44 us (7262.07 GFLOPS/s)
MUL_MAT q4_0 m=1024 n=512 k=5120: 32 x 66.442 us = 2126.16 us (80794.4 GFLOPS/s)
MUL_MAT q4_0 m=10240 n=512 k=5120: 48 x 1024.74 us = 49187.8 us (52385.5 GFLOPS/s)
MUL_MAT q4_0 m=12288 n=512 k=5120: 16 x 1136.74 us = 18187.8 us (56669.3 GFLOPS/s)
MUL_MAT q4_0 m=17408 n=512 k=5120: 128 x 1502.58 us = 192330 us (60734.9 GFLOPS/s)
MUL_MAT q4_0 m=5120 n=512 k=17408: 56 x 1739.24 us = 97397.6 us (52474.2 GFLOPS/s)
MUL_MAT q4_0 m=5120 n=512 k=6144: 16 x 638.735 us = 10219.8 us (50427.2 GFLOPS/s)
MUL_MAT q4_0 m=6144 n=512 k=5120: 48 x 535.62 us = 25709.8 us (60134.3 GFLOPS/s)
MUL_MAT q4_1 m=5120 n=512 k=17408: 8 x 1661.46 us = 13291.7 us (54930.9 GFLOPS/s)
MUL_MAT q5_K m=5120 n=512 k=6144: 48 x 701.425 us = 33668.4 us (45920.3 GFLOPS/s)
RMS_NORM(128,16,512,1): 96 x 26.442 us = 2538.48 us
RMS_NORM_MUL RMS_NORM(128,48,512,1): 48 x 94.037 us = 4513.8 us
RMS_NORM_MUL RMS_NORM(256,24,512,1): 16 x 53.555 us = 856.88 us
RMS_NORM_MUL RMS_NORM(256,4,512,1): 16 x 12.305 us = 196.88 us
RMS_NORM_MUL RMS_NORM(5120,512,1,1): 129 x 17.582 us = 2268.12 us
ROPE: 16 x 36.11 us = 577.76 us
ROPE_VIEW_SET_ROWS ROPE: 16 x 9.415 us = 150.64 us
SCALE: 96 x 9.68 us = 929.28 us
SET_ROWS: 16 x 9.307 us = 148.92 us
SIGMOID: 48 x 4.1 us = 196.84 us
SIGMOID_MUL SIGMOID: 16 x 33.467 us = 535.48 us
SILU_MUL SILU: 48 x 33.798 us = 1622.32 us
SOFTPLUS_MUL SOFTPLUS: 48 x 4.19 us = 201.12 us
SSM_CONV_SILU SSM_CONV: 48 x 28.54 us = 1369.92 us
Total time: 517193 us.
3.31.847.277 I slot print_timing: id  0 | task 47 | prompt processing, n_tokens =   4096, progress = 0.05, t =   4.20 s / 974.11 tokens per second
----------------
Vulkan Timings:
ADD: 176 x 19.737 us = 3473.84 us
CONCAT: 48 x 131.123 us = 6293.92 us
CONT: 16 x 38.672 us = 618.76 us
CPY: 96 x 4.405 us = 422.92 us
FLASH_ATTN_EXT dst(256,24,512,1),  q(256,512,24,1),  k(256,4608,4,1),  v(256,4608,4,1),  m(4608,512,1,1): 16 x 2033.98 us = 32543.6 us (28506.7 GFLOPS/s)
GATED_DELTA_NET: 48 x 232.876 us = 11178.1 us
GET_ROWS: 96 x 8.074 us = 775.16 us
GLU: 64 x 120.259 us = 7696.6 us
MUL_MAT f32 m=48 n=512 k=5120: 96 x 37.539 us = 3603.8 us (6703.16 GFLOPS/s)
MUL_MAT q4_0 m=1024 n=512 k=5120: 32 x 76.75 us = 2456 us (69943.8 GFLOPS/s)
MUL_MAT q4_0 m=10240 n=512 k=5120: 48 x 1031.42 us = 49508.2 us (52046.5 GFLOPS/s)
MUL_MAT q4_0 m=12288 n=512 k=5120: 16 x 1139.53 us = 18232.4 us (56530.8 GFLOPS/s)
MUL_MAT q4_0 m=17408 n=512 k=5120: 128 x 1512.81 us = 193639 us (60324.5 GFLOPS/s)
MUL_MAT q4_0 m=5120 n=512 k=17408: 56 x 1755.68 us = 98318.4 us (51982.8 GFLOPS/s)
MUL_MAT q4_0 m=5120 n=512 k=6144: 16 x 645.88 us = 10334.1 us (49869.4 GFLOPS/s)
MUL_MAT q4_0 m=6144 n=512 k=5120: 48 x 543.871 us = 26105.8 us (59221.9 GFLOPS/s)
MUL_MAT q4_1 m=5120 n=512 k=17408: 8 x 1732.63 us = 13861.1 us (52674.4 GFLOPS/s)
MUL_MAT q5_K m=5120 n=512 k=6144: 48 x 708.245 us = 33995.8 us (45478.1 GFLOPS/s)
RMS_NORM(128,16,512,1): 96 x 27.934 us = 2681.72 us
RMS_NORM_MUL RMS_NORM(128,48,512,1): 48 x 94.546 us = 4538.24 us
RMS_NORM_MUL RMS_NORM(256,24,512,1): 16 x 55.955 us = 895.28 us
RMS_NORM_MUL RMS_NORM(256,4,512,1): 16 x 13.162 us = 210.6 us
RMS_NORM_MUL RMS_NORM(5120,512,1,1): 129 x 21.759 us = 2806.96 us
ROPE: 16 x 41.172 us = 658.76 us
ROPE_VIEW_SET_ROWS ROPE: 16 x 10.297 us = 164.76 us
SCALE: 96 x 11.267 us = 1081.72 us
SET_ROWS: 16 x 9.735 us = 155.76 us
SIGMOID: 48 x 4.288 us = 205.84 us
SIGMOID_MUL SIGMOID: 16 x 34.242 us = 547.88 us
SILU_MUL SILU: 48 x 34.665 us = 1663.92 us
SOFTPLUS_MUL SOFTPLUS: 48 x 4.301 us = 206.48 us
SSM_CONV_SILU SSM_CONV: 48 x 34.242 us = 1643.64 us
Total time: 530519 us.
----------------
Vulkan Timings:
ADD: 176 x 13.06 us = 2298.56 us
CONCAT: 48 x 127.713 us = 6130.24 us
CONT: 16 x 27.757 us = 444.12 us
CPY: 96 x 3.973 us = 381.44 us
FLASH_ATTN_EXT dst(256,24,512,1),  q(256,512,24,1),  k(256,5120,4,1),  v(256,5120,4,1),  m(5120,512,1,1): 16 x 2240.55 us = 35848.8 us (28753.9 GFLOPS/s)
GATED_DELTA_NET: 48 x 228.404 us = 10963.4 us
GET_ROWS: 96 x 7.075 us = 679.2 us
GLU: 64 x 93.905 us = 6009.96 us
MUL_MAT f32 m=48 n=512 k=5120: 96 x 34.74 us = 3335.04 us (7243.34 GFLOPS/s)
MUL_MAT q4_0 m=1024 n=512 k=5120: 32 x 65.951 us = 2110.44 us (81396.3 GFLOPS/s)
MUL_MAT q4_0 m=10240 n=512 k=5120: 48 x 1031.61 us = 49517.4 us (52036.8 GFLOPS/s)
MUL_MAT q4_0 m=12288 n=512 k=5120: 16 x 1132.84 us = 18125.5 us (56864.2 GFLOPS/s)
MUL_MAT q4_0 m=17408 n=512 k=5120: 128 x 1515.9 us = 194036 us (60201.1 GFLOPS/s)
MUL_MAT q4_0 m=5120 n=512 k=17408: 56 x 1742.55 us = 97582.9 us (52374.6 GFLOPS/s)
MUL_MAT q4_0 m=5120 n=512 k=6144: 16 x 644.307 us = 10308.9 us (49991.1 GFLOPS/s)
MUL_MAT q4_0 m=6144 n=512 k=5120: 48 x 540.855 us = 25961.1 us (59552.1 GFLOPS/s)
MUL_MAT q4_1 m=5120 n=512 k=17408: 8 x 1685.15 us = 13481.2 us (54158.6 GFLOPS/s)
MUL_MAT q5_K m=5120 n=512 k=6144: 48 x 708.905 us = 34027.4 us (45435.8 GFLOPS/s)
RMS_NORM(128,16,512,1): 96 x 26.674 us = 2560.76 us
RMS_NORM_MUL RMS_NORM(128,48,512,1): 48 x 94.295 us = 4526.2 us
RMS_NORM_MUL RMS_NORM(256,24,512,1): 16 x 52.907 us = 846.52 us
RMS_NORM_MUL RMS_NORM(256,4,512,1): 16 x 12.025 us = 192.4 us
RMS_NORM_MUL RMS_NORM(5120,512,1,1): 129 x 17.384 us = 2242.6 us
ROPE: 16 x 35.172 us = 562.76 us
ROPE_VIEW_SET_ROWS ROPE: 16 x 9.31 us = 148.96 us
SCALE: 96 x 9.704 us = 931.6 us
SET_ROWS: 16 x 9.105 us = 145.68 us
SIGMOID: 48 x 3.986 us = 191.36 us
SIGMOID_MUL SIGMOID: 16 x 33.827 us = 541.24 us
SILU_MUL SILU: 48 x 34.12 us = 1637.8 us
SOFTPLUS_MUL SOFTPLUS: 48 x 4.316 us = 207.2 us
SSM_CONV_SILU SSM_CONV: 48 x 28.617 us = 1373.64 us
Total time: 527350 us.
----------------
Vulkan Timings:
ADD: 176 x 14.46 us = 2545.04 us
CONCAT: 48 x 128.632 us = 6174.36 us
CONT: 16 x 33.017 us = 528.28 us
CPY: 96 x 4.09 us = 392.64 us
FLASH_ATTN_EXT dst(256,24,512,1),  q(256,512,24,1),  k(256,5632,4,1),  v(256,5632,4,1),  m(5632,512,1,1): 16 x 2455.31 us = 39284.9 us (28862.8 GFLOPS/s)
GATED_DELTA_NET: 48 x 229.982 us = 11039.2 us
GET_ROWS: 96 x 7.33 us = 703.76 us
GLU: 64 x 101.858 us = 6518.96 us
MUL_MAT f32 m=48 n=512 k=5120: 96 x 35.465 us = 3404.72 us (7095.1 GFLOPS/s)
MUL_MAT q4_0 m=1024 n=512 k=5120: 32 x 66.958 us = 2142.68 us (80171.5 GFLOPS/s)
MUL_MAT q4_0 m=10240 n=512 k=5120: 48 x 1030.86 us = 49481.4 us (52074.7 GFLOPS/s)
MUL_MAT q4_0 m=12288 n=512 k=5120: 16 x 1151.06 us = 18416.9 us (55964.5 GFLOPS/s)
MUL_MAT q4_0 m=17408 n=512 k=5120: 128 x 1513.41 us = 193716 us (60300.4 GFLOPS/s)
MUL_MAT q4_0 m=5120 n=512 k=17408: 56 x 1747.15 us = 97840.7 us (52236.6 GFLOPS/s)
MUL_MAT q4_0 m=5120 n=512 k=6144: 16 x 642.04 us = 10272.6 us (50167.6 GFLOPS/s)
MUL_MAT q4_0 m=6144 n=512 k=5120: 48 x 539.847 us = 25912.7 us (59663.3 GFLOPS/s)
MUL_MAT q4_1 m=5120 n=512 k=17408: 8 x 1666.6 us = 13332.8 us (54761.5 GFLOPS/s)
MUL_MAT q5_K m=5120 n=512 k=6144: 48 x 709.034 us = 34033.6 us (45427.5 GFLOPS/s)
RMS_NORM(128,16,512,1): 96 x 26.98 us = 2590.16 us
RMS_NORM_MUL RMS_NORM(128,48,512,1): 48 x 94.511 us = 4536.56 us
RMS_NORM_MUL RMS_NORM(256,24,512,1): 16 x 53.795 us = 860.72 us
RMS_NORM_MUL RMS_NORM(256,4,512,1): 16 x 12.317 us = 197.08 us
RMS_NORM_MUL RMS_NORM(5120,512,1,1): 129 x 18.598 us = 2399.16 us
ROPE: 16 x 36.435 us = 582.96 us
ROPE_VIEW_SET_ROWS ROPE: 16 x 9.607 us = 153.72 us
SCALE: 96 x 10.102 us = 969.8 us
SET_ROWS: 16 x 9.22 us = 147.52 us
SIGMOID: 48 x 4.129 us = 198.2 us
SIGMOID_MUL SIGMOID: 16 x 33.66 us = 538.56 us
SILU_MUL SILU: 48 x 34.262 us = 1644.6 us
SOFTPLUS_MUL SOFTPLUS: 48 x 4.335 us = 208.08 us
SSM_CONV_SILU SSM_CONV: 48 x 30.21 us = 1450.12 us
Total time: 532219 us.
----------------
Vulkan Timings:
ADD: 176 x 23.51 us = 4137.92 us
CONCAT: 48 x 134.236 us = 6443.36 us
CONT: 16 x 59.562 us = 953 us
CPY: 96 x 5.004 us = 480.4 us
FLASH_ATTN_EXT dst(256,24,512,1),  q(256,512,24,1),  k(256,6144,4,1),  v(256,6144,4,1),  m(6144,512,1,1): 16 x 2730.74 us = 43691.8 us (28310.8 GFLOPS/s)
GATED_DELTA_NET: 48 x 235.276 us = 11293.3 us
GET_ROWS: 96 x 8.976 us = 861.76 us
GLU: 64 x 146.006 us = 9344.4 us
MUL_MAT f32 m=48 n=512 k=5120: 96 x 40.72 us = 3909.16 us (6179.55 GFLOPS/s)
MUL_MAT q4_0 m=1024 n=512 k=5120: 32 x 71.22 us = 2279.04 us (75374.7 GFLOPS/s)
MUL_MAT q4_0 m=10240 n=512 k=5120: 48 x 1033.51 us = 49608.4 us (51941.3 GFLOPS/s)
MUL_MAT q4_0 m=12288 n=512 k=5120: 16 x 1153.11 us = 18449.7 us (55865 GFLOPS/s)
MUL_MAT q4_0 m=17408 n=512 k=5120: 128 x 1506.28 us = 192804 us (60585.6 GFLOPS/s)
MUL_MAT q4_0 m=5120 n=512 k=17408: 56 x 1754.43 us = 98248.2 us (52019.9 GFLOPS/s)
MUL_MAT q4_0 m=5120 n=512 k=6144: 16 x 639.487 us = 10231.8 us (50367.9 GFLOPS/s)
MUL_MAT q4_0 m=6144 n=512 k=5120: 48 x 549.669 us = 26384.1 us (58597.3 GFLOPS/s)
MUL_MAT q4_1 m=5120 n=512 k=17408: 8 x 1710.7 us = 13685.6 us (53349.6 GFLOPS/s)
MUL_MAT q5_K m=5120 n=512 k=6144: 48 x 708.758 us = 34020.4 us (45445.2 GFLOPS/s)
RMS_NORM(128,16,512,1): 96 x 29.003 us = 2784.36 us
RMS_NORM_MUL RMS_NORM(128,48,512,1): 48 x 95.647 us = 4591.08 us
RMS_NORM_MUL RMS_NORM(256,24,512,1): 16 x 58.54 us = 936.64 us
RMS_NORM_MUL RMS_NORM(256,4,512,1): 16 x 13.532 us = 216.52 us
RMS_NORM_MUL RMS_NORM(5120,512,1,1): 129 x 25.763 us = 3323.48 us
ROPE: 16 x 44.21 us = 707.36 us
ROPE_VIEW_SET_ROWS ROPE: 16 x 10.84 us = 173.44 us
SCALE: 96 x 12.35 us = 1185.64 us
SET_ROWS: 16 x 9.695 us = 155.12 us
SIGMOID: 48 x 4.325 us = 207.64 us
SIGMOID_MUL SIGMOID: 16 x 34.935 us = 558.96 us
SILU_MUL SILU: 48 x 36.144 us = 1734.92 us
SOFTPLUS_MUL SOFTPLUS: 48 x 4.39 us = 210.76 us
SSM_CONV_SILU SSM_CONV: 48 x 39.963 us = 1918.24 us
Total time: 545531 us.
3.34.032.022 I slot print_timing: id  0 | task 47 | prompt processing, n_tokens =   6144, progress = 0.07, t =   6.39 s / 961.56 tokens per second
----------------
Vulkan Timings:
ADD: 176 x 24.195 us = 4258.4 us
CONCAT: 48 x 135.644 us = 6510.92 us
CONT: 16 x 57.697 us = 923.16 us
CPY: 96 x 4.78 us = 458.88 us
FLASH_ATTN_EXT dst(256,24,512,1),  q(256,512,24,1),  k(256,6656,4,1),  v(256,6656,4,1),  m(6656,512,1,1): 16 x 2942.75 us = 47084 us (28460.4 GFLOPS/s)
GATED_DELTA_NET: 48 x 239.646 us = 11503 us
GET_ROWS: 96 x 9.018 us = 865.76 us
GLU: 64 x 146.066 us = 9348.28 us
MUL_MAT f32 m=48 n=512 k=5120: 96 x 40.898 us = 3926.28 us (6152.6 GFLOPS/s)
MUL_MAT q4_0 m=1024 n=512 k=5120: 32 x 75.483 us = 2415.48 us (71117.1 GFLOPS/s)
MUL_MAT q4_0 m=10240 n=512 k=5120: 48 x 1045.18 us = 50168.8 us (51361.1 GFLOPS/s)
MUL_MAT q4_0 m=12288 n=512 k=5120: 16 x 1156.53 us = 18504.5 us (55699.6 GFLOPS/s)
MUL_MAT q4_0 m=17408 n=512 k=5120: 128 x 1522.44 us = 194872 us (59942.8 GFLOPS/s)
MUL_MAT q4_0 m=5120 n=512 k=17408: 56 x 1768.68 us = 99046.1 us (51600.9 GFLOPS/s)
MUL_MAT q4_0 m=5120 n=512 k=6144: 16 x 641.977 us = 10271.6 us (50172.5 GFLOPS/s)
MUL_MAT q4_0 m=6144 n=512 k=5120: 48 x 555.383 us = 26658.4 us (57994.4 GFLOPS/s)
MUL_MAT q4_1 m=5120 n=512 k=17408: 8 x 1737.78 us = 13902.2 us (52518.6 GFLOPS/s)
MUL_MAT q5_K m=5120 n=512 k=6144: 48 x 718.55 us = 34490.4 us (44825.9 GFLOPS/s)
RMS_NORM(128,16,512,1): 96 x 29.412 us = 2823.64 us
RMS_NORM_MUL RMS_NORM(128,48,512,1): 48 x 96.547 us = 4634.28 us
RMS_NORM_MUL RMS_NORM(256,24,512,1): 16 x 60.147 us = 962.36 us
RMS_NORM_MUL RMS_NORM(256,4,512,1): 16 x 13.627 us = 218.04 us
RMS_NORM_MUL RMS_NORM(5120,512,1,1): 129 x 25.846 us = 3334.24 us
ROPE: 16 x 45.735 us = 731.76 us
ROPE_VIEW_SET_ROWS ROPE: 16 x 10.925 us = 174.8 us
SCALE: 96 x 12.46 us = 1196.24 us
SET_ROWS: 16 x 9.772 us = 156.36 us
SIGMOID: 48 x 4.22 us = 202.6 us
SIGMOID_MUL SIGMOID: 16 x 34.677 us = 554.84 us
SILU_MUL SILU: 48 x 36.221 us = 1738.64 us
SOFTPLUS_MUL SOFTPLUS: 48 x 4.565 us = 219.12 us
SSM_CONV_SILU SSM_CONV: 48 x 39.628 us = 1902.16 us
Total time: 554057 us.
----------------
Vulkan Timings:
ADD: 176 x 23.781 us = 4185.48 us
CONCAT: 48 x 135.337 us = 6496.2 us
CONT: 16 x 59.905 us = 958.48 us
CPY: 96 x 4.907 us = 471.08 us
FLASH_ATTN_EXT dst(256,24,512,1),  q(256,512,24,1),  k(256,7168,4,1),  v(256,7168,4,1),  m(7168,512,1,1): 16 x 3196.82 us = 51149.2 us (28213.7 GFLOPS/s)
GATED_DELTA_NET: 48 x 237.479 us = 11399 us
GET_ROWS: 96 x 9.022 us = 866.12 us
GLU: 64 x 147.565 us = 9444.2 us
MUL_MAT f32 m=48 n=512 k=5120: 96 x 40.827 us = 3919.44 us (6163.34 GFLOPS/s)
MUL_MAT q4_0 m=1024 n=512 k=5120: 32 x 74.817 us = 2394.16 us (71750.4 GFLOPS/s)
MUL_MAT q4_0 m=10240 n=512 k=5120: 48 x 1042.49 us = 50039.5 us (51493.9 GFLOPS/s)
MUL_MAT q4_0 m=12288 n=512 k=5120: 16 x 1153.79 us = 18460.7 us (55831.7 GFLOPS/s)
MUL_MAT q4_0 m=17408 n=512 k=5120: 128 x 1521.07 us = 194697 us (59996.7 GFLOPS/s)
MUL_MAT q4_0 m=5120 n=512 k=17408: 56 x 1774.49 us = 99371.6 us (51431.8 GFLOPS/s)
MUL_MAT q4_0 m=5120 n=512 k=6144: 16 x 643.535 us = 10296.6 us (50051.1 GFLOPS/s)
MUL_MAT q4_0 m=6144 n=512 k=5120: 48 x 553.475 us = 26566.8 us (58194.3 GFLOPS/s)
MUL_MAT q4_1 m=5120 n=512 k=17408: 8 x 1733.29 us = 13866.3 us (52654.5 GFLOPS/s)
MUL_MAT q5_K m=5120 n=512 k=6144: 48 x 714.018 us = 34272.9 us (45110.4 GFLOPS/s)
RMS_NORM(128,16,512,1): 96 x 29.232 us = 2806.28 us
RMS_NORM_MUL RMS_NORM(128,48,512,1): 48 x 95.873 us = 4601.92 us
RMS_NORM_MUL RMS_NORM(256,24,512,1): 16 x 58.9 us = 942.4 us
RMS_NORM_MUL RMS_NORM(256,4,512,1): 16 x 13.725 us = 219.6 us
RMS_NORM_MUL RMS_NORM(5120,512,1,1): 129 x 26.001 us = 3354.2 us
ROPE: 16 x 44.2 us = 707.2 us
ROPE_VIEW_SET_ROWS ROPE: 16 x 10.915 us = 174.64 us
SCALE: 96 x 12.381 us = 1188.6 us
SET_ROWS: 16 x 9.71 us = 155.36 us
SIGMOID: 48 x 4.33 us = 207.88 us
SIGMOID_MUL SIGMOID: 16 x 34.965 us = 559.44 us
SILU_MUL SILU: 48 x 35.723 us = 1714.72 us
SOFTPLUS_MUL SOFTPLUS: 48 x 4.361 us = 209.36 us
SSM_CONV_SILU SSM_CONV: 48 x 39.645 us = 1903 us
Total time: 557599 us.
----------------
Vulkan Timings:
ADD: 176 x 14.189 us = 2497.28 us
CONCAT: 48 x 128.168 us = 6152.08 us
CONT: 16 x 37.985 us = 607.76 us
CPY: 96 x 3.98 us = 382.08 us
FLASH_ATTN_EXT dst(256,24,512,1),  q(256,512,24,1),  k(256,7680,4,1),  v(256,7680,4,1),  m(7680,512,1,1): 16 x 3352.35 us = 53637.6 us (28826.6 GFLOPS/s)
GATED_DELTA_NET: 48 x 229.87 us = 11033.8 us
GET_ROWS: 96 x 7.315 us = 702.28 us
GLU: 64 x 99.02 us = 6337.32 us
MUL_MAT f32 m=48 n=512 k=5120: 96 x 35.329 us = 3391.6 us (7122.55 GFLOPS/s)
MUL_MAT q4_0 m=1024 n=512 k=5120: 32 x 66.915 us = 2141.28 us (80223.9 GFLOPS/s)
MUL_MAT q4_0 m=10240 n=512 k=5120: 48 x 1033.98 us = 49631.3 us (51917.4 GFLOPS/s)
MUL_MAT q4_0 m=12288 n=512 k=5120: 16 x 1149.82 us = 18397.2 us (56024.5 GFLOPS/s)
MUL_MAT q4_0 m=17408 n=512 k=5120: 128 x 1516.85 us = 194157 us (60163.7 GFLOPS/s)
MUL_MAT q4_0 m=5120 n=512 k=17408: 56 x 1755.89 us = 98330.2 us (51976.6 GFLOPS/s)
MUL_MAT q4_0 m=5120 n=512 k=6144: 16 x 642.097 us = 10273.6 us (50163.2 GFLOPS/s)
MUL_MAT q4_0 m=6144 n=512 k=5120: 48 x 540.498 us = 25943.9 us (59591.5 GFLOPS/s)
MUL_MAT q4_1 m=5120 n=512 k=17408: 8 x 1710.4 us = 13683.2 us (53359.1 GFLOPS/s)
MUL_MAT q5_K m=5120 n=512 k=6144: 48 x 707.571 us = 33963.4 us (45521.4 GFLOPS/s)
RMS_NORM(128,16,512,1): 96 x 26.962 us = 2588.4 us
RMS_NORM_MUL RMS_NORM(128,48,512,1): 48 x 94.311 us = 4526.96 us
RMS_NORM_MUL RMS_NORM(256,24,512,1): 16 x 54.2 us = 867.2 us
RMS_NORM_MUL RMS_NORM(256,4,512,1): 16 x 12.515 us = 200.24 us
RMS_NORM_MUL RMS_NORM(5120,512,1,1): 129 x 18.121 us = 2337.64 us
ROPE: 16 x 36.055 us = 576.88 us
ROPE_VIEW_SET_ROWS ROPE: 16 x 9.512 us = 152.2 us
SCALE: 96 x 9.61 us = 922.64 us
SET_ROWS: 16 x 9.802 us = 156.84 us
SIGMOID: 48 x 4.365 us = 209.56 us
SIGMOID_MUL SIGMOID: 16 x 33.73 us = 539.68 us
SILU_MUL SILU: 48 x 34.101 us = 1636.88 us
SOFTPLUS_MUL SOFTPLUS: 48 x 4.292 us = 206.04 us
SSM_CONV_SILU SSM_CONV: 48 x 29.692 us = 1425.24 us
Total time: 547609 us.
----------------
Vulkan Timings:
ADD: 176 x 13.103 us = 2306.16 us
CONCAT: 48 x 128.965 us = 6190.32 us
CONT: 16 x 38.942 us = 623.08 us
CPY: 96 x 3.85 us = 369.64 us
FLASH_ATTN_EXT dst(256,24,512,1),  q(256,512,24,1),  k(256,8192,4,1),  v(256,8192,4,1),  m(8192,512,1,1): 16 x 3590.8 us = 57452.8 us (28706.5 GFLOPS/s)
GATED_DELTA_NET: 48 x 230.165 us = 11047.9 us
GET_ROWS: 96 x 7.093 us = 681 us
GLU: 64 x 94.573 us = 6052.72 us
MUL_MAT f32 m=48 n=512 k=5120: 96 x 34.857 us = 3346.32 us (7218.92 GFLOPS/s)
MUL_MAT q4_0 m=1024 n=512 k=5120: 32 x 66.522 us = 2128.72 us (80697.3 GFLOPS/s)
MUL_MAT q4_0 m=10240 n=512 k=5120: 48 x 1035.3 us = 49694.4 us (51851.5 GFLOPS/s)
MUL_MAT q4_0 m=12288 n=512 k=5120: 16 x 1138.81 us = 18220.9 us (56566.5 GFLOPS/s)
MUL_MAT q4_0 m=17408 n=512 k=5120: 128 x 1521.62 us = 194768 us (59974.9 GFLOPS/s)
MUL_MAT q4_0 m=5120 n=512 k=17408: 56 x 1753.82 us = 98214 us (52038 GFLOPS/s)
MUL_MAT q4_0 m=5120 n=512 k=6144: 16 x 642.19 us = 10275 us (50155.9 GFLOPS/s)
MUL_MAT q4_0 m=6144 n=512 k=5120: 48 x 540.922 us = 25964.3 us (59544.8 GFLOPS/s)
MUL_MAT q4_1 m=5120 n=512 k=17408: 8 x 1698.06 us = 13584.5 us (53746.9 GFLOPS/s)
MUL_MAT q5_K m=5120 n=512 k=6144: 48 x 709.535 us = 34057.7 us (45395.4 GFLOPS/s)
RMS_NORM(128,16,512,1): 96 x 26.81 us = 2573.84 us
RMS_NORM_MUL RMS_NORM(128,48,512,1): 48 x 94.399 us = 4531.16 us
RMS_NORM_MUL RMS_NORM(256,24,512,1): 16 x 53.41 us = 854.56 us
RMS_NORM_MUL RMS_NORM(256,4,512,1): 16 x 12.35 us = 197.6 us
RMS_NORM_MUL RMS_NORM(5120,512,1,1): 129 x 17.38 us = 2242.12 us
ROPE: 16 x 35.275 us = 564.4 us
ROPE_VIEW_SET_ROWS ROPE: 16 x 9.41 us = 150.56 us
SCALE: 96 x 9.377 us = 900.2 us
SET_ROWS: 16 x 9.737 us = 155.8 us
SIGMOID: 48 x 4.376 us = 210.08 us
SIGMOID_MUL SIGMOID: 16 x 33.607 us = 537.72 us
SILU_MUL SILU: 48 x 34.084 us = 1636.04 us
SOFTPLUS_MUL SOFTPLUS: 48 x 4.28 us = 205.44 us
SSM_CONV_SILU SSM_CONV: 48 x 28.795 us = 1382.2 us
Total time: 551119 us.
3.36.296.742 I slot print_timing: id  0 | task 47 | prompt processing, n_tokens =   8192, progress = 0.09, t =   8.65 s / 946.58 tokens per second
----------------
Vulkan Timings:
ADD: 176 x 18.827 us = 3313.68 us
CONCAT: 48 x 132.835 us = 6376.12 us
CONT: 16 x 52.902 us = 846.44 us
CPY: 96 x 4.262 us = 409.2 us
FLASH_ATTN_EXT dst(256,24,512,1),  q(256,512,24,1),  k(256,8704,4,1),  v(256,8704,4,1),  m(8704,512,1,1): 16 x 3837.34 us = 61397.5 us (28541 GFLOPS/s)
GATED_DELTA_NET: 48 x 236.394 us = 11346.9 us
GET_ROWS: 96 x 8.089 us = 776.6 us
GLU: 64 x 119.857 us = 7670.88 us
MUL_MAT f32 m=48 n=512 k=5120: 96 x 37.963 us = 3644.52 us (6628.26 GFLOPS/s)
MUL_MAT q4_0 m=1024 n=512 k=5120: 32 x 69.097 us = 2211.12 us (77690 GFLOPS/s)
MUL_MAT q4_0 m=10240 n=512 k=5120: 48 x 1047.01 us = 50256.7 us (51271.4 GFLOPS/s)
MUL_MAT q4_0 m=12288 n=512 k=5120: 16 x 1155.47 us = 18487.5 us (55750.8 GFLOPS/s)
MUL_MAT q4_0 m=17408 n=512 k=5120: 128 x 1528.27 us = 195618 us (59714 GFLOPS/s)
MUL_MAT q4_0 m=5120 n=512 k=17408: 56 x 1778.4 us = 99590.4 us (51318.9 GFLOPS/s)
MUL_MAT q4_0 m=5120 n=512 k=6144: 16 x 645.4 us = 10326.4 us (49906.5 GFLOPS/s)
MUL_MAT q4_0 m=6144 n=512 k=5120: 48 x 551.117 us = 26453.6 us (58443.3 GFLOPS/s)
MUL_MAT q4_1 m=5120 n=512 k=17408: 8 x 1739.83 us = 13918.6 us (52456.7 GFLOPS/s)
MUL_MAT q5_K m=5120 n=512 k=6144: 48 x 716.519 us = 34392.9 us (44952.9 GFLOPS/s)
RMS_NORM(128,16,512,1): 96 x 28.225 us = 2709.68 us
RMS_NORM_MUL RMS_NORM(128,48,512,1): 48 x 95.451 us = 4581.68 us
RMS_NORM_MUL RMS_NORM(256,24,512,1): 16 x 57.115 us = 913.84 us
RMS_NORM_MUL RMS_NORM(256,4,512,1): 16 x 12.88 us = 206.08 us
RMS_NORM_MUL RMS_NORM(5120,512,1,1): 129 x 23.284 us = 3003.72 us
ROPE: 16 x 39.977 us = 639.64 us
ROPE_VIEW_SET_ROWS ROPE: 16 x 10.18 us = 162.88 us
SCALE: 96 x 10.872 us = 1043.76 us
SET_ROWS: 16 x 9.502 us = 152.04 us
SIGMOID: 48 x 4.164 us = 199.88 us
SIGMOID_MUL SIGMOID: 16 x 36.5 us = 584 us
SILU_MUL SILU: 48 x 35.195 us = 1689.36 us
SOFTPLUS_MUL SOFTPLUS: 48 x 4.348 us = 208.72 us
SSM_CONV_SILU SSM_CONV: 48 x 34.485 us = 1655.28 us
Total time: 564788 us.
----------------
Vulkan Timings:
ADD: 176 x 13.204 us = 2324.04 us
CONCAT: 48 x 130.055 us = 6242.64 us
CONT: 16 x 40.587 us = 649.4 us
CPY: 96 x 3.86 us = 370.56 us
FLASH_ATTN_EXT dst(256,24,512,1),  q(256,512,24,1),  k(256,9216,4,1),  v(256,9216,4,1),  m(9216,512,1,1): 16 x 4063.44 us = 65015 us (28538.4 GFLOPS/s)
GATED_DELTA_NET: 48 x 231.28 us = 11101.5 us
GET_ROWS: 96 x 7.15 us = 686.48 us
GLU: 64 x 93.926 us = 6011.28 us
MUL_MAT f32 m=48 n=512 k=5120: 96 x 35.007 us = 3360.76 us (7187.91 GFLOPS/s)
MUL_MAT q4_0 m=1024 n=512 k=5120: 32 x 65.862 us = 2107.6 us (81505.9 GFLOPS/s)
MUL_MAT q4_0 m=10240 n=512 k=5120: 48 x 1043.91 us = 50107.7 us (51423.8 GFLOPS/s)
MUL_MAT q4_0 m=12288 n=512 k=5120: 16 x 1138.7 us = 18219.2 us (56571.8 GFLOPS/s)
MUL_MAT q4_0 m=17408 n=512 k=5120: 128 x 1526.92 us = 195446 us (59766.8 GFLOPS/s)
MUL_MAT q4_0 m=5120 n=512 k=17408: 56 x 1756.03 us = 98337.8 us (51972.6 GFLOPS/s)
MUL_MAT q4_0 m=5120 n=512 k=6144: 16 x 645.735 us = 10331.8 us (49880.6 GFLOPS/s)
MUL_MAT q4_0 m=6144 n=512 k=5120: 48 x 545.17 us = 26168.2 us (59080.9 GFLOPS/s)
MUL_MAT q4_1 m=5120 n=512 k=17408: 8 x 1710.13 us = 13681.1 us (53367.4 GFLOPS/s)
MUL_MAT q5_K m=5120 n=512 k=6144: 48 x 715.988 us = 34367.4 us (44986.3 GFLOPS/s)
RMS_NORM(128,16,512,1): 96 x 26.967 us = 2588.88 us
RMS_NORM_MUL RMS_NORM(128,48,512,1): 48 x 95.32 us = 4575.4 us
RMS_NORM_MUL RMS_NORM(256,24,512,1): 16 x 52.467 us = 839.48 us
RMS_NORM_MUL RMS_NORM(256,4,512,1): 16 x 12.04 us = 192.64 us
RMS_NORM_MUL RMS_NORM(5120,512,1,1): 129 x 17.717 us = 2285.52 us
ROPE: 16 x 35.257 us = 564.12 us
ROPE_VIEW_SET_ROWS ROPE: 16 x 9.325 us = 149.2 us
SCALE: 96 x 9.37 us = 899.6 us
SET_ROWS: 16 x 9.115 us = 145.84 us
SIGMOID: 48 x 3.969 us = 190.52 us
SIGMOID_MUL SIGMOID: 16 x 33.705 us = 539.28 us
SILU_MUL SILU: 48 x 34.607 us = 1661.16 us
SOFTPLUS_MUL SOFTPLUS: 48 x 4.343 us = 208.48 us
SSM_CONV_SILU SSM_CONV: 48 x 28.937 us = 1389 us
Total time: 560757 us.
----------------
Vulkan Timings:
ADD: 176 x 13.518 us = 2379.24 us
CONCAT: 48 x 129.489 us = 6215.48 us
CONT: 16 x 38.717 us = 619.48 us
CPY: 96 x 3.855 us = 370.16 us
FLASH_ATTN_EXT dst(256,24,512,1),  q(256,512,24,1),  k(256,9728,4,1),  v(256,9728,4,1),  m(9728,512,1,1): 16 x 4263.1 us = 68209.5 us (28713.1 GFLOPS/s)
GATED_DELTA_NET: 48 x 231.775 us = 11125.2 us
GET_ROWS: 96 x 7.173 us = 688.64 us
GLU: 64 x 94.282 us = 6034.08 us
MUL_MAT f32 m=48 n=512 k=5120: 96 x 34.765 us = 3337.44 us (7238.13 GFLOPS/s)
MUL_MAT q4_0 m=1024 n=512 k=5120: 32 x 65.933 us = 2109.88 us (81417.9 GFLOPS/s)
MUL_MAT q4_0 m=10240 n=512 k=5120: 48 x 1043.37 us = 50081.7 us (51450.5 GFLOPS/s)
MUL_MAT q4_0 m=12288 n=512 k=5120: 16 x 1134.17 us = 18146.8 us (56797.5 GFLOPS/s)
MUL_MAT q4_0 m=17408 n=512 k=5120: 128 x 1526.93 us = 195447 us (59766.5 GFLOPS/s)
MUL_MAT q4_0 m=5120 n=512 k=17408: 56 x 1762.65 us = 98708.4 us (51777.4 GFLOPS/s)
MUL_MAT q4_0 m=5120 n=512 k=6144: 16 x 647.667 us = 10362.7 us (49731.7 GFLOPS/s)
MUL_MAT q4_0 m=6144 n=512 k=5120: 48 x 544.21 us = 26122.1 us (59185.1 GFLOPS/s)
MUL_MAT q4_1 m=5120 n=512 k=17408: 8 x 1707.32 us = 13658.5 us (53455.5 GFLOPS/s)
MUL_MAT q5_K m=5120 n=512 k=6144: 48 x 712.468 us = 34198.5 us (45208.5 GFLOPS/s)
RMS_NORM(128,16,512,1): 96 x 26.956 us = 2587.8 us
RMS_NORM_MUL RMS_NORM(128,48,512,1): 48 x 95.27 us = 4573 us
RMS_NORM_MUL RMS_NORM(256,24,512,1): 16 x 52.4 us = 838.4 us
RMS_NORM_MUL RMS_NORM(256,4,512,1): 16 x 12.027 us = 192.44 us
RMS_NORM_MUL RMS_NORM(5120,512,1,1): 129 x 17.594 us = 2269.64 us
ROPE: 16 x 34.9 us = 558.4 us
ROPE_VIEW_SET_ROWS ROPE: 16 x 9.292 us = 148.68 us
SCALE: 96 x 9.422 us = 904.56 us
SET_ROWS: 16 x 9.105 us = 145.68 us
SIGMOID: 48 x 4.114 us = 197.48 us
SIGMOID_MUL SIGMOID: 16 x 33.84 us = 541.44 us
SILU_MUL SILU: 48 x 35.042 us = 1682.04 us
SOFTPLUS_MUL SOFTPLUS: 48 x 4.196 us = 201.44 us
SSM_CONV_SILU SSM_CONV: 48 x 28.894 us = 1386.92 us
Total time: 564043 us.
----------------
Vulkan Timings:
ADD: 176 x 18.901 us = 3326.72 us
CONCAT: 48 x 132.579 us = 6363.8 us
CONT: 16 x 54.605 us = 873.68 us
CPY: 96 x 4.323 us = 415.04 us
FLASH_ATTN_EXT dst(256,24,512,1),  q(256,512,24,1),  k(256,10240,4,1),  v(256,10240,4,1),  m(10240,512,1,1): 16 x 4548.16 us = 72770.5 us (28329.9 GFLOPS/s)
GATED_DELTA_NET: 48 x 233.704 us = 11217.8 us
GET_ROWS: 96 x 8.12 us = 779.6 us
GLU: 64 x 121.643 us = 7785.16 us
MUL_MAT f32 m=48 n=512 k=5120: 96 x 37.946 us = 3642.84 us (6631.32 GFLOPS/s)
MUL_MAT q4_0 m=1024 n=512 k=5120: 32 x 69.315 us = 2218.08 us (77446.2 GFLOPS/s)
MUL_MAT q4_0 m=10240 n=512 k=5120: 48 x 1037.99 us = 49823.7 us (51716.9 GFLOPS/s)
MUL_MAT q4_0 m=12288 n=512 k=5120: 16 x 1163.93 us = 18623 us (55345.2 GFLOPS/s)
MUL_MAT q4_0 m=17408 n=512 k=5120: 128 x 1520.16 us = 194580 us (60032.6 GFLOPS/s)
MUL_MAT q4_0 m=5120 n=512 k=17408: 56 x 1762.57 us = 98703.7 us (51779.9 GFLOPS/s)
MUL_MAT q4_0 m=5120 n=512 k=6144: 16 x 645.075 us = 10321.2 us (49931.6 GFLOPS/s)
MUL_MAT q4_0 m=6144 n=512 k=5120: 48 x 546.615 us = 26237.5 us (58924.7 GFLOPS/s)
MUL_MAT q4_1 m=5120 n=512 k=17408: 8 x 1727.61 us = 13820.8 us (52827.7 GFLOPS/s)
MUL_MAT q5_K m=5120 n=512 k=6144: 48 x 712.15 us = 34183.2 us (45228.7 GFLOPS/s)
RMS_NORM(128,16,512,1): 96 x 28.086 us = 2696.32 us
RMS_NORM_MUL RMS_NORM(128,48,512,1): 48 x 94.835 us = 4552.12 us
RMS_NORM_MUL RMS_NORM(256,24,512,1): 16 x 56.312 us = 901 us
RMS_NORM_MUL RMS_NORM(256,4,512,1): 16 x 12.865 us = 205.84 us
RMS_NORM_MUL RMS_NORM(5120,512,1,1): 129 x 21.688 us = 2797.8 us
ROPE: 16 x 40.207 us = 643.32 us
ROPE_VIEW_SET_ROWS ROPE: 16 x 10.125 us = 162 us
SCALE: 96 x 10.932 us = 1049.48 us
SET_ROWS: 16 x 9.467 us = 151.48 us
SIGMOID: 48 x 4.241 us = 203.6 us
SIGMOID_MUL SIGMOID: 16 x 34.332 us = 549.32 us
SILU_MUL SILU: 48 x 35.714 us = 1714.28 us
SOFTPLUS_MUL SOFTPLUS: 48 x 4.215 us = 202.32 us
SSM_CONV_SILU SSM_CONV: 48 x 34.344 us = 1648.52 us
Total time: 573164 us.
3.38.616.375 I slot print_timing: id  0 | task 47 | prompt processing, n_tokens =  10240, progress = 0.12, t =  10.97 s / 933.12 tokens per second
----------------
Vulkan Timings:
ADD: 176 x 13.66 us = 2404.16 us
CONCAT: 48 x 131.191 us = 6297.2 us
CONT: 16 x 40.567 us = 649.08 us
CPY: 96 x 3.929 us = 377.2 us
FLASH_ATTN_EXT dst(256,24,512,1),  q(256,512,24,1),  k(256,10752,4,1),  v(256,10752,4,1),  m(10752,512,1,1): 16 x 4777.84 us = 76445.5 us (28316.4 GFLOPS/s)
GATED_DELTA_NET: 48 x 235.534 us = 11305.6 us
GET_ROWS: 96 x 7.234 us = 694.52 us
GLU: 64 x 93.896 us = 6009.36 us
MUL_MAT f32 m=48 n=512 k=5120: 96 x 35.175 us = 3376.8 us (7153.76 GFLOPS/s)
MUL_MAT q4_0 m=1024 n=512 k=5120: 32 x 70.932 us = 2269.84 us (75680.2 GFLOPS/s)
MUL_MAT q4_0 m=10240 n=512 k=5120: 48 x 1065.2 us = 51129.8 us (50395.8 GFLOPS/s)
MUL_MAT q4_0 m=12288 n=512 k=5120: 16 x 1150.71 us = 18411.4 us (55981.2 GFLOPS/s)
MUL_MAT q4_0 m=17408 n=512 k=5120: 128 x 1547.82 us = 198121 us (58959.7 GFLOPS/s)
MUL_MAT q4_0 m=5120 n=512 k=17408: 56 x 1776.02 us = 99456.9 us (51387.7 GFLOPS/s)
MUL_MAT q4_0 m=5120 n=512 k=6144: 16 x 652.212 us = 10435.4 us (49385.2 GFLOPS/s)
MUL_MAT q4_0 m=6144 n=512 k=5120: 48 x 554.272 us = 26605.1 us (58110.6 GFLOPS/s)
MUL_MAT q4_1 m=5120 n=512 k=17408: 8 x 1770.23 us = 14161.8 us (51555.7 GFLOPS/s)
MUL_MAT q5_K m=5120 n=512 k=6144: 48 x 725.837 us = 34840.2 us (44375.8 GFLOPS/s)
RMS_NORM(128,16,512,1): 96 x 27.419 us = 2632.28 us
RMS_NORM_MUL RMS_NORM(128,48,512,1): 48 x 96.29 us = 4621.96 us
RMS_NORM_MUL RMS_NORM(256,24,512,1): 16 x 53.82 us = 861.12 us
RMS_NORM_MUL RMS_NORM(256,4,512,1): 16 x 12.265 us = 196.24 us
RMS_NORM_MUL RMS_NORM(5120,512,1,1): 129 x 17.608 us = 2271.48 us
ROPE: 16 x 35.47 us = 567.52 us
ROPE_VIEW_SET_ROWS ROPE: 16 x 9.45 us = 151.2 us
SCALE: 96 x 9.5 us = 912 us
SET_ROWS: 16 x 9.292 us = 148.68 us
SIGMOID: 48 x 4.177 us = 200.52 us
SIGMOID_MUL SIGMOID: 16 x 34.095 us = 545.52 us
SILU_MUL SILU: 48 x 35.65 us = 1711.2 us
SOFTPLUS_MUL SOFTPLUS: 48 x 4.252 us = 204.12 us
SSM_CONV_SILU SSM_CONV: 48 x 29.71 us = 1426.08 us
Total time: 579441 us.
----------------
Vulkan Timings:
ADD: 176 x 16.056 us = 2825.96 us
CONCAT: 48 x 131.176 us = 6296.48 us
CONT: 16 x 48.267 us = 772.28 us
CPY: 96 x 4.074 us = 391.16 us
FLASH_ATTN_EXT dst(256,24,512,1),  q(256,512,24,1),  k(256,11264,4,1),  v(256,11264,4,1),  m(11264,512,1,1): 16 x 5004.31 us = 80068.9 us (28322.4 GFLOPS/s)
GATED_DELTA_NET: 48 x 232.388 us = 11154.6 us
GET_ROWS: 96 x 7.552 us = 725.04 us
GLU: 64 x 107.796 us = 6898.96 us
MUL_MAT f32 m=48 n=512 k=5120: 96 x 36.45 us = 3499.2 us (6903.53 GFLOPS/s)
MUL_MAT q4_0 m=1024 n=512 k=5120: 32 x 67.352 us = 2155.28 us (79702.8 GFLOPS/s)
MUL_MAT q4_0 m=10240 n=512 k=5120: 48 x 1043.16 us = 50071.9 us (51460.6 GFLOPS/s)
MUL_MAT q4_0 m=12288 n=512 k=5120: 16 x 1148.81 us = 18380.9 us (56074.1 GFLOPS/s)
MUL_MAT q4_0 m=17408 n=512 k=5120: 128 x 1524.08 us = 195082 us (59878.3 GFLOPS/s)
MUL_MAT q4_0 m=5120 n=512 k=17408: 56 x 1769.09 us = 99069 us (51588.9 GFLOPS/s)
MUL_MAT q4_0 m=5120 n=512 k=6144: 16 x 650.8 us = 10412.8 us (49492.4 GFLOPS/s)
MUL_MAT q4_0 m=6144 n=512 k=5120: 48 x 543.946 us = 26109.4 us (59213.7 GFLOPS/s)
MUL_MAT q4_1 m=5120 n=512 k=17408: 8 x 1719.79 us = 13758.3 us (53067.9 GFLOPS/s)
MUL_MAT q5_K m=5120 n=512 k=6144: 48 x 711.385 us = 34146.5 us (45277.3 GFLOPS/s)
RMS_NORM(128,16,512,1): 96 x 27.639 us = 2653.4 us
RMS_NORM_MUL RMS_NORM(128,48,512,1): 48 x 95.026 us = 4561.28 us
RMS_NORM_MUL RMS_NORM(256,24,512,1): 16 x 54.767 us = 876.28 us
RMS_NORM_MUL RMS_NORM(256,4,512,1): 16 x 12.48 us = 199.68 us
RMS_NORM_MUL RMS_NORM(5120,512,1,1): 129 x 19.631 us = 2532.44 us
ROPE: 16 x 37.27 us = 596.32 us
ROPE_VIEW_SET_ROWS ROPE: 16 x 9.895 us = 158.32 us
SCALE: 96 x 10.115 us = 971.08 us
SET_ROWS: 16 x 9.327 us = 149.24 us
SIGMOID: 48 x 4.156 us = 199.52 us
SIGMOID_MUL SIGMOID: 16 x 34.452 us = 551.24 us
SILU_MUL SILU: 48 x 35 us = 1680 us
SOFTPLUS_MUL SOFTPLUS: 48 x 4.282 us = 205.56 us
SSM_CONV_SILU SSM_CONV: 48 x 31.786 us = 1525.76 us
Total time: 578679 us.
----------------
Vulkan Timings:
ADD: 176 x 15.074 us = 2653.16 us
CONCAT: 48 x 130.608 us = 6269.2 us
CONT: 16 x 44.182 us = 706.92 us
CPY: 96 x 4.21 us = 404.16 us
FLASH_ATTN_EXT dst(256,24,512,1),  q(256,512,24,1),  k(256,11776,4,1),  v(256,11776,4,1),  m(11776,512,1,1): 16 x 5172.28 us = 82756.6 us (28648.1 GFLOPS/s)
GATED_DELTA_NET: 48 x 233.624 us = 11214 us
GET_ROWS: 96 x 7.548 us = 724.68 us
GLU: 64 x 104.794 us = 6706.84 us
MUL_MAT f32 m=48 n=512 k=5120: 96 x 36.223 us = 3477.48 us (6946.65 GFLOPS/s)
MUL_MAT q4_0 m=1024 n=512 k=5120: 32 x 71.47 us = 2287.04 us (75111 GFLOPS/s)
MUL_MAT q4_0 m=10240 n=512 k=5120: 48 x 1044.93 us = 50156.6 us (51373.6 GFLOPS/s)
MUL_MAT q4_0 m=12288 n=512 k=5120: 16 x 1149.04 us = 18384.6 us (56062.9 GFLOPS/s)
MUL_MAT q4_0 m=17408 n=512 k=5120: 128 x 1533.09 us = 196235 us (59526.4 GFLOPS/s)
MUL_MAT q4_0 m=5120 n=512 k=17408: 56 x 1769.08 us = 99068.4 us (51589.3 GFLOPS/s)
MUL_MAT q4_0 m=5120 n=512 k=6144: 16 x 647.657 us = 10362.5 us (49732.5 GFLOPS/s)
MUL_MAT q4_0 m=6144 n=512 k=5120: 48 x 547.729 us = 26291 us (58804.8 GFLOPS/s)
MUL_MAT q4_1 m=5120 n=512 k=17408: 8 x 1754.06 us = 14032.5 us (52031 GFLOPS/s)
MUL_MAT q5_K m=5120 n=512 k=6144: 48 x 718.655 us = 34495.5 us (44819.3 GFLOPS/s)
RMS_NORM(128,16,512,1): 96 x 27.545 us = 2644.4 us
RMS_NORM_MUL RMS_NORM(128,48,512,1): 48 x 96.12 us = 4613.8 us
RMS_NORM_MUL RMS_NORM(256,24,512,1): 16 x 55.32 us = 885.12 us
RMS_NORM_MUL RMS_NORM(256,4,512,1): 16 x 12.447 us = 199.16 us
RMS_NORM_MUL RMS_NORM(5120,512,1,1): 129 x 19.298 us = 2489.48 us
ROPE: 16 x 37.555 us = 600.88 us
ROPE_VIEW_SET_ROWS ROPE: 16 x 9.685 us = 154.96 us
SCALE: 96 x 10 us = 960 us
SET_ROWS: 16 x 9.337 us = 149.4 us
SIGMOID: 48 x 4.29 us = 205.92 us
SIGMOID_MUL SIGMOID: 16 x 34.122 us = 545.96 us
SILU_MUL SILU: 48 x 34.986 us = 1679.36 us
SOFTPLUS_MUL SOFTPLUS: 48 x 4.253 us = 204.16 us
SSM_CONV_SILU SSM_CONV: 48 x 31.449 us = 1509.56 us
Total time: 583068 us.
----------------
Vulkan Timings:
ADD: 176 x 13.224 us = 2327.48 us
CONCAT: 48 x 128.931 us = 6188.72 us
CONT: 16 x 39.54 us = 632.64 us
CPY: 96 x 3.857 us = 370.32 us
FLASH_ATTN_EXT dst(256,24,512,1),  q(256,512,24,1),  k(256,12288,4,1),  v(256,12288,4,1),  m(12288,512,1,1): 16 x 5444.04 us = 87104.6 us (28401.5 GFLOPS/s)
GATED_DELTA_NET: 48 x 230.386 us = 11058.6 us
GET_ROWS: 96 x 7.126 us = 684.16 us
GLU: 64 x 94.018 us = 6017.2 us
MUL_MAT f32 m=48 n=512 k=5120: 96 x 34.892 us = 3349.64 us (7211.77 GFLOPS/s)
MUL_MAT q4_0 m=1024 n=512 k=5120: 32 x 66.906 us = 2141 us (80234.4 GFLOPS/s)
MUL_MAT q4_0 m=10240 n=512 k=5120: 48 x 1037.9 us = 49819.2 us (51721.6 GFLOPS/s)
MUL_MAT q4_0 m=12288 n=512 k=5120: 16 x 1145.48 us = 18327.7 us (56236.9 GFLOPS/s)
MUL_MAT q4_0 m=17408 n=512 k=5120: 128 x 1527 us = 195456 us (59763.7 GFLOPS/s)
MUL_MAT q4_0 m=5120 n=512 k=17408: 56 x 1758.35 us = 98467.5 us (51904.1 GFLOPS/s)
MUL_MAT q4_0 m=5120 n=512 k=6144: 16 x 647.975 us = 10367.6 us (49708.1 GFLOPS/s)
MUL_MAT q4_0 m=6144 n=512 k=5120: 48 x 544.232 us = 26123.2 us (59182.6 GFLOPS/s)
MUL_MAT q4_1 m=5120 n=512 k=17408: 8 x 1710.02 us = 13680.1 us (53371.1 GFLOPS/s)
MUL_MAT q5_K m=5120 n=512 k=6144: 48 x 713.57 us = 34251.4 us (45138.7 GFLOPS/s)
RMS_NORM(128,16,512,1): 96 x 26.837 us = 2576.36 us
RMS_NORM_MUL RMS_NORM(128,48,512,1): 48 x 94.535 us = 4537.68 us
RMS_NORM_MUL RMS_NORM(256,24,512,1): 16 x 54.037 us = 864.6 us
RMS_NORM_MUL RMS_NORM(256,4,512,1): 16 x 12.152 us = 194.44 us
RMS_NORM_MUL RMS_NORM(5120,512,1,1): 129 x 17.449 us = 2251.04 us
ROPE: 16 x 35.365 us = 565.84 us
ROPE_VIEW_SET_ROWS ROPE: 16 x 9.377 us = 150.04 us
SCALE: 96 x 9.368 us = 899.36 us
SET_ROWS: 16 x 9.202 us = 147.24 us
SIGMOID: 48 x 4.105 us = 197.08 us
SIGMOID_MUL SIGMOID: 16 x 33.91 us = 542.56 us
SILU_MUL SILU: 48 x 34.564 us = 1659.08 us
SOFTPLUS_MUL SOFTPLUS: 48 x 4.244 us = 203.72 us
SSM_CONV_SILU SSM_CONV: 48 x 28.802 us = 1382.52 us
Total time: 582539 us.
3.41.003.290 I slot print_timing: id  0 | task 47 | prompt processing, n_tokens =  12288, progress = 0.14, t =  13.36 s / 919.70 tokens per second
----------------
Vulkan Timings:
ADD: 176 x 20.187 us = 3552.92 us
CONCAT: 48 x 135.016 us = 6480.8 us
CONT: 16 x 57.117 us = 913.88 us
CPY: 96 x 4.534 us = 435.28 us
FLASH_ATTN_EXT dst(256,24,512,1),  q(256,512,24,1),  k(256,12800,4,1),  v(256,12800,4,1),  m(12800,512,1,1): 16 x 5705.31 us = 91284.9 us (28230.1 GFLOPS/s)
GATED_DELTA_NET: 48 x 238.674 us = 11456.4 us
GET_ROWS: 96 x 8.499 us = 815.96 us
GLU: 64 x 131.325 us = 8404.8 us
MUL_MAT f32 m=48 n=512 k=5120: 96 x 39.625 us = 3804.04 us (6350.31 GFLOPS/s)
MUL_MAT q4_0 m=1024 n=512 k=5120: 32 x 69.887 us = 2236.4 us (76811.8 GFLOPS/s)
MUL_MAT q4_0 m=10240 n=512 k=5120: 48 x 1044.61 us = 50141.2 us (51389.5 GFLOPS/s)
MUL_MAT q4_0 m=12288 n=512 k=5120: 16 x 1152.23 us = 18435.7 us (55907.4 GFLOPS/s)
MUL_MAT q4_0 m=17408 n=512 k=5120: 128 x 1539.78 us = 197092 us (59267.6 GFLOPS/s)
MUL_MAT q4_0 m=5120 n=512 k=17408: 56 x 1771.04 us = 99178.4 us (51532 GFLOPS/s)
MUL_MAT q4_0 m=5120 n=512 k=6144: 16 x 651.505 us = 10424.1 us (49438.8 GFLOPS/s)
MUL_MAT q4_0 m=6144 n=512 k=5120: 48 x 555.48 us = 26663.1 us (57984.2 GFLOPS/s)
MUL_MAT q4_1 m=5120 n=512 k=17408: 8 x 1749.12 us = 13993 us (52177.9 GFLOPS/s)
MUL_MAT q5_K m=5120 n=512 k=6144: 48 x 722.738 us = 34691.4 us (44566.1 GFLOPS/s)
RMS_NORM(128,16,512,1): 96 x 28.729 us = 2758.04 us
RMS_NORM_MUL RMS_NORM(128,48,512,1): 48 x 97.313 us = 4671.04 us
RMS_NORM_MUL RMS_NORM(256,24,512,1): 16 x 56.965 us = 911.44 us
RMS_NORM_MUL RMS_NORM(256,4,512,1): 16 x 13.465 us = 215.44 us
RMS_NORM_MUL RMS_NORM(5120,512,1,1): 129 x 23.213 us = 2994.56 us
ROPE: 16 x 41.375 us = 662 us
ROPE_VIEW_SET_ROWS ROPE: 16 x 10.535 us = 168.56 us
SCALE: 96 x 11.52 us = 1105.96 us
SET_ROWS: 16 x 10.212 us = 163.4 us
SIGMOID: 48 x 4.39 us = 210.72 us
SIGMOID_MUL SIGMOID: 16 x 34.85 us = 557.6 us
SILU_MUL SILU: 48 x 36.118 us = 1733.68 us
SOFTPLUS_MUL SOFTPLUS: 48 x 4.357 us = 209.16 us
SSM_CONV_SILU SSM_CONV: 48 x 36.735 us = 1763.32 us
Total time: 598129 us.
----------------
Vulkan Timings:
ADD: 176 x 23.57 us = 4148.48 us
CONCAT: 48 x 136.333 us = 6544 us
CONT: 16 x 66.165 us = 1058.64 us
CPY: 96 x 4.807 us = 461.52 us
FLASH_ATTN_EXT dst(256,24,512,1),  q(256,512,24,1),  k(256,13312,4,1),  v(256,13312,4,1),  m(13312,512,1,1): 16 x 6056.38 us = 96902 us (27657.4 GFLOPS/s)
GATED_DELTA_NET: 48 x 240.559 us = 11546.8 us
GET_ROWS: 96 x 9.05 us = 868.88 us
GLU: 64 x 146.369 us = 9367.64 us
MUL_MAT f32 m=48 n=512 k=5120: 96 x 41.176 us = 3952.96 us (6111.07 GFLOPS/s)
MUL_MAT q4_0 m=1024 n=512 k=5120: 32 x 75.483 us = 2415.48 us (71117.1 GFLOPS/s)
MUL_MAT q4_0 m=10240 n=512 k=5120: 48 x 1045.54 us = 50186 us (51343.5 GFLOPS/s)
MUL_MAT q4_0 m=12288 n=512 k=5120: 16 x 1159.06 us = 18544.9 us (55578.2 GFLOPS/s)
MUL_MAT q4_0 m=17408 n=512 k=5120: 128 x 1536.87 us = 196719 us (59380 GFLOPS/s)
MUL_MAT q4_0 m=5120 n=512 k=17408: 56 x 1780.54 us = 99710 us (51257.3 GFLOPS/s)
MUL_MAT q4_0 m=5120 n=512 k=6144: 16 x 660.015 us = 10560.2 us (48801.4 GFLOPS/s)
MUL_MAT q4_0 m=6144 n=512 k=5120: 48 x 557.7 us = 26769.6 us (57753.5 GFLOPS/s)
MUL_MAT q4_1 m=5120 n=512 k=17408: 8 x 1770.22 us = 14161.8 us (51556 GFLOPS/s)
MUL_MAT q5_K m=5120 n=512 k=6144: 48 x 719.829 us = 34551.8 us (44746.2 GFLOPS/s)
RMS_NORM(128,16,512,1): 96 x 29.475 us = 2829.68 us
RMS_NORM_MUL RMS_NORM(128,48,512,1): 48 x 97.581 us = 4683.92 us
RMS_NORM_MUL RMS_NORM(256,24,512,1): 16 x 59.202 us = 947.24 us
RMS_NORM_MUL RMS_NORM(256,4,512,1): 16 x 13.922 us = 222.76 us
RMS_NORM_MUL RMS_NORM(5120,512,1,1): 129 x 25.799 us = 3328.08 us
ROPE: 16 x 44.635 us = 714.16 us
ROPE_VIEW_SET_ROWS ROPE: 16 x 11.4 us = 182.4 us
SCALE: 96 x 12.397 us = 1190.12 us
SET_ROWS: 16 x 10.45 us = 167.2 us
SIGMOID: 48 x 4.371 us = 209.84 us
SIGMOID_MUL SIGMOID: 16 x 35.61 us = 569.76 us
SILU_MUL SILU: 48 x 36.879 us = 1770.2 us
SOFTPLUS_MUL SOFTPLUS: 48 x 4.406 us = 211.52 us
SSM_CONV_SILU SSM_CONV: 48 x 40.281 us = 1933.52 us
Total time: 607430 us.
----------------
Vulkan Timings:
ADD: 176 x 14.659 us = 2580.12 us
CONCAT: 48 x 131.064 us = 6291.08 us
CONT: 16 x 42.65 us = 682.4 us
CPY: 96 x 3.991 us = 383.2 us
FLASH_ATTN_EXT dst(256,24,512,1),  q(256,512,24,1),  k(256,13824,4,1),  v(256,13824,4,1),  m(13824,512,1,1): 16 x 6123.06 us = 97968.9 us (28408.4 GFLOPS/s)
GATED_DELTA_NET: 48 x 233.045 us = 11186.2 us
GET_ROWS: 96 x 7.408 us = 711.2 us
GLU: 64 x 101.066 us = 6468.28 us
MUL_MAT f32 m=48 n=512 k=5120: 96 x 35.71 us = 3428.24 us (7046.42 GFLOPS/s)
MUL_MAT q4_0 m=1024 n=512 k=5120: 32 x 67.251 us = 2152.04 us (79822.8 GFLOPS/s)
MUL_MAT q4_0 m=10240 n=512 k=5120: 48 x 1053.18 us = 50552.6 us (50971.2 GFLOPS/s)
MUL_MAT q4_0 m=12288 n=512 k=5120: 16 x 1151.33 us = 18421.3 us (55951.1 GFLOPS/s)
MUL_MAT q4_0 m=17408 n=512 k=5120: 128 x 1534.29 us = 196389 us (59479.9 GFLOPS/s)
MUL_MAT q4_0 m=5120 n=512 k=17408: 56 x 1769.21 us = 99076 us (51585.3 GFLOPS/s)
MUL_MAT q4_0 m=5120 n=512 k=6144: 16 x 651.297 us = 10420.8 us (49454.6 GFLOPS/s)
MUL_MAT q4_0 m=6144 n=512 k=5120: 48 x 552.839 us = 26536.3 us (58261.3 GFLOPS/s)
MUL_MAT q4_1 m=5120 n=512 k=17408: 8 x 1767.67 us = 14141.4 us (51630.2 GFLOPS/s)
MUL_MAT q5_K m=5120 n=512 k=6144: 48 x 718.21 us = 34474.1 us (44847 GFLOPS/s)
RMS_NORM(128,16,512,1): 96 x 27.384 us = 2628.92 us
RMS_NORM_MUL RMS_NORM(128,48,512,1): 48 x 96.093 us = 4612.48 us
RMS_NORM_MUL RMS_NORM(256,24,512,1): 16 x 54.64 us = 874.24 us
RMS_NORM_MUL RMS_NORM(256,4,512,1): 16 x 12.602 us = 201.64 us
RMS_NORM_MUL RMS_NORM(5120,512,1,1): 129 x 18.587 us = 2397.8 us
ROPE: 16 x 36.74 us = 587.84 us
ROPE_VIEW_SET_ROWS ROPE: 16 x 9.63 us = 154.08 us
SCALE: 96 x 9.831 us = 943.84 us
SET_ROWS: 16 x 9.91 us = 158.56 us
SIGMOID: 48 x 4.179 us = 200.6 us
SIGMOID_MUL SIGMOID: 16 x 34.24 us = 547.84 us
SILU_MUL SILU: 48 x 35.011 us = 1680.56 us
SOFTPLUS_MUL SOFTPLUS: 48 x 4.292 us = 206.04 us
SSM_CONV_SILU SSM_CONV: 48 x 30.367 us = 1457.64 us
Total time: 598515 us.
----------------
Vulkan Timings:
ADD: 176 x 13.546 us = 2384.12 us
CONCAT: 48 x 129.494 us = 6215.72 us
CONT: 16 x 40.31 us = 644.96 us
CPY: 96 x 3.83 us = 367.76 us
FLASH_ATTN_EXT dst(256,24,512,1),  q(256,512,24,1),  k(256,14336,4,1),  v(256,14336,4,1),  m(14336,512,1,1): 16 x 6347.02 us = 101552 us (28421 GFLOPS/s)
GATED_DELTA_NET: 48 x 232.495 us = 11159.8 us
GET_ROWS: 96 x 7.125 us = 684 us
GLU: 64 x 93.371 us = 5975.76 us
MUL_MAT f32 m=48 n=512 k=5120: 96 x 34.76 us = 3337 us (7239.09 GFLOPS/s)
MUL_MAT q4_0 m=1024 n=512 k=5120: 32 x 66.471 us = 2127.08 us (80759.5 GFLOPS/s)
MUL_MAT q4_0 m=10240 n=512 k=5120: 48 x 1044.67 us = 50144.2 us (51386.4 GFLOPS/s)
MUL_MAT q4_0 m=12288 n=512 k=5120: 16 x 1152.3 us = 18436.8 us (55904.2 GFLOPS/s)
MUL_MAT q4_0 m=17408 n=512 k=5120: 128 x 1532.22 us = 196125 us (59559.9 GFLOPS/s)
MUL_MAT q4_0 m=5120 n=512 k=17408: 56 x 1768.73 us = 99049 us (51599.4 GFLOPS/s)
MUL_MAT q4_0 m=5120 n=512 k=6144: 16 x 653.52 us = 10456.3 us (49286.4 GFLOPS/s)
MUL_MAT q4_0 m=6144 n=512 k=5120: 48 x 546.814 us = 26247.1 us (58903.2 GFLOPS/s)
MUL_MAT q4_1 m=5120 n=512 k=17408: 8 x 1727.49 us = 13819.9 us (52831.2 GFLOPS/s)
MUL_MAT q5_K m=5120 n=512 k=6144: 48 x 716.878 us = 34410.2 us (44930.4 GFLOPS/s)
RMS_NORM(128,16,512,1): 96 x 27.001 us = 2592.12 us
RMS_NORM_MUL RMS_NORM(128,48,512,1): 48 x 95.364 us = 4577.48 us
RMS_NORM_MUL RMS_NORM(256,24,512,1): 16 x 54.122 us = 865.96 us
RMS_NORM_MUL RMS_NORM(256,4,512,1): 16 x 12.39 us = 198.24 us
RMS_NORM_MUL RMS_NORM(5120,512,1,1): 129 x 17.425 us = 2247.92 us
ROPE: 16 x 35.282 us = 564.52 us
ROPE_VIEW_SET_ROWS ROPE: 16 x 9.402 us = 150.44 us
SCALE: 96 x 9.393 us = 901.8 us
SET_ROWS: 16 x 9.782 us = 156.52 us
SIGMOID: 48 x 4.125 us = 198 us
SIGMOID_MUL SIGMOID: 16 x 34.205 us = 547.28 us
SILU_MUL SILU: 48 x 34.76 us = 1668.52 us
SOFTPLUS_MUL SOFTPLUS: 48 x 4.196 us = 201.44 us
SSM_CONV_SILU SSM_CONV: 48 x 28.887 us = 1386.6 us
Total time: 599393 us.
3.43.470.888 I slot print_timing: id  0 | task 47 | prompt processing, n_tokens =  14336, progress = 0.16, t =  15.83 s / 905.71 tokens per second
----------------
Vulkan Timings:
ADD: 176 x 13.432 us = 2364.04 us
CONCAT: 48 x 130.708 us = 6274 us
CONT: 16 x 39.267 us = 628.28 us
CPY: 96 x 3.942 us = 378.48 us
FLASH_ATTN_EXT dst(256,24,512,1),  q(256,512,24,1),  k(256,14848,4,1),  v(256,14848,4,1),  m(14848,512,1,1): 16 x 6562.92 us = 105007 us (28467.7 GFLOPS/s)
GATED_DELTA_NET: 48 x 234.135 us = 11238.5 us
GET_ROWS: 96 x 7.128 us = 684.36 us
GLU: 64 x 93.488 us = 5983.24 us
MUL_MAT f32 m=48 n=512 k=5120: 96 x 34.826 us = 3343.32 us (7225.4 GFLOPS/s)
MUL_MAT q4_0 m=1024 n=512 k=5120: 32 x 66.297 us = 2121.52 us (80971.2 GFLOPS/s)
MUL_MAT q4_0 m=10240 n=512 k=5120: 48 x 1054.73 us = 50627.1 us (50896.3 GFLOPS/s)
MUL_MAT q4_0 m=12288 n=512 k=5120: 16 x 1147.1 us = 18353.6 us (56157.5 GFLOPS/s)
MUL_MAT q4_0 m=17408 n=512 k=5120: 128 x 1542.75 us = 197472 us (59153.4 GFLOPS/s)
MUL_MAT q4_0 m=5120 n=512 k=17408: 56 x 1769.67 us = 99101.5 us (51572 GFLOPS/s)
MUL_MAT q4_0 m=5120 n=512 k=6144: 16 x 655.987 us = 10495.8 us (49101 GFLOPS/s)
MUL_MAT q4_0 m=6144 n=512 k=5120: 48 x 551.38 us = 26466.2 us (58415.4 GFLOPS/s)
MUL_MAT q4_1 m=5120 n=512 k=17408: 8 x 1767.83 us = 14142.6 us (51625.7 GFLOPS/s)
MUL_MAT q5_K m=5120 n=512 k=6144: 48 x 722.987 us = 34703.4 us (44550.7 GFLOPS/s)
RMS_NORM(128,16,512,1): 96 x 27.191 us = 2610.36 us
RMS_NORM_MUL RMS_NORM(128,48,512,1): 48 x 96.134 us = 4614.44 us
RMS_NORM_MUL RMS_NORM(256,24,512,1): 16 x 53.232 us = 851.72 us
RMS_NORM_MUL RMS_NORM(256,4,512,1): 16 x 12.39 us = 198.24 us
RMS_NORM_MUL RMS_NORM(5120,512,1,1): 129 x 17.458 us = 2252.2 us
ROPE: 16 x 34.995 us = 559.92 us
ROPE_VIEW_SET_ROWS ROPE: 16 x 9.395 us = 150.32 us
SCALE: 96 x 9.422 us = 904.6 us
SET_ROWS: 16 x 9.79 us = 156.64 us
SIGMOID: 48 x 4.115 us = 197.52 us
SIGMOID_MUL SIGMOID: 16 x 35.082 us = 561.32 us
SILU_MUL SILU: 48 x 34.996 us = 1679.84 us
SOFTPLUS_MUL SOFTPLUS: 48 x 4.328 us = 207.76 us
SSM_CONV_SILU SSM_CONV: 48 x 29.21 us = 1402.12 us
Total time: 605732 us.
----------------
Vulkan Timings:
ADD: 176 x 18.935 us = 3332.64 us
CONCAT: 48 x 133.438 us = 6405.04 us
CONT: 16 x 53.935 us = 862.96 us
CPY: 96 x 4.247 us = 407.72 us
FLASH_ATTN_EXT dst(256,24,512,1),  q(256,512,24,1),  k(256,15360,4,1),  v(256,15360,4,1),  m(15360,512,1,1): 16 x 6892.16 us = 110275 us (28042.5 GFLOPS/s)
GATED_DELTA_NET: 48 x 236.532 us = 11353.6 us
GET_ROWS: 96 x 8.123 us = 779.84 us
GLU: 64 x 118.47 us = 7582.08 us
MUL_MAT f32 m=48 n=512 k=5120: 96 x 37.94 us = 3642.24 us (6632.41 GFLOPS/s)
MUL_MAT q4_0 m=1024 n=512 k=5120: 32 x 69.648 us = 2228.76 us (77075.1 GFLOPS/s)
MUL_MAT q4_0 m=10240 n=512 k=5120: 48 x 1049.88 us = 50394.2 us (51131.5 GFLOPS/s)
MUL_MAT q4_0 m=12288 n=512 k=5120: 16 x 1187.61 us = 19001.7 us (54242.1 GFLOPS/s)
MUL_MAT q4_0 m=17408 n=512 k=5120: 128 x 1528.02 us = 195587 us (59723.7 GFLOPS/s)
MUL_MAT q4_0 m=5120 n=512 k=17408: 56 x 1769.08 us = 99068.6 us (51589.2 GFLOPS/s)
MUL_MAT q4_0 m=5120 n=512 k=6144: 16 x 654.05 us = 10464.8 us (49246.4 GFLOPS/s)
MUL_MAT q4_0 m=6144 n=512 k=5120: 48 x 555.015 us = 26640.7 us (58032.9 GFLOPS/s)
MUL_MAT q4_1 m=5120 n=512 k=17408: 8 x 1755.87 us = 14046.9 us (51977.5 GFLOPS/s)
MUL_MAT q5_K m=5120 n=512 k=6144: 48 x 718.835 us = 34504.1 us (44808.1 GFLOPS/s)
RMS_NORM(128,16,512,1): 96 x 28.368 us = 2723.36 us
RMS_NORM_MUL RMS_NORM(128,48,512,1): 48 x 95.635 us = 4590.52 us
RMS_NORM_MUL RMS_NORM(256,24,512,1): 16 x 56.692 us = 907.08 us
RMS_NORM_MUL RMS_NORM(256,4,512,1): 16 x 13.235 us = 211.76 us
RMS_NORM_MUL RMS_NORM(5120,512,1,1): 129 x 21.619 us = 2788.96 us
ROPE: 16 x 39.767 us = 636.28 us
ROPE_VIEW_SET_ROWS ROPE: 16 x 10.255 us = 164.08 us
SCALE: 96 x 10.895 us = 1045.92 us
SET_ROWS: 16 x 10.212 us = 163.4 us
SIGMOID: 48 x 4.22 us = 202.56 us
SIGMOID_MUL SIGMOID: 16 x 35.005 us = 560.08 us
SILU_MUL SILU: 48 x 35.718 us = 1714.48 us
SOFTPLUS_MUL SOFTPLUS: 48 x 4.307 us = 206.76 us
SSM_CONV_SILU SSM_CONV: 48 x 34.638 us = 1662.64 us
Total time: 614155 us.
----------------
Vulkan Timings:
ADD: 176 x 13.487 us = 2373.76 us
CONCAT: 48 x 129.771 us = 6229.04 us
CONT: 16 x 38.245 us = 611.92 us
CPY: 96 x 3.859 us = 370.52 us
FLASH_ATTN_EXT dst(256,24,512,1),  q(256,512,24,1),  k(256,15872,4,1),  v(256,15872,4,1),  m(15872,512,1,1): 16 x 7048.1 us = 112770 us (28336.2 GFLOPS/s)
GATED_DELTA_NET: 48 x 231.698 us = 11121.5 us
GET_ROWS: 96 x 7.241 us = 695.16 us
GLU: 64 x 92.973 us = 5950.28 us
MUL_MAT f32 m=48 n=512 k=5120: 96 x 34.847 us = 3345.4 us (7220.91 GFLOPS/s)
MUL_MAT q4_0 m=1024 n=512 k=5120: 32 x 70.341 us = 2250.92 us (76316.3 GFLOPS/s)
MUL_MAT q4_0 m=10240 n=512 k=5120: 48 x 1047.23 us = 50266.9 us (51260.9 GFLOPS/s)
MUL_MAT q4_0 m=12288 n=512 k=5120: 16 x 1147.34 us = 18357.4 us (56145.7 GFLOPS/s)
MUL_MAT q4_0 m=17408 n=512 k=5120: 128 x 1529.9 us = 195827 us (59650.3 GFLOPS/s)
MUL_MAT q4_0 m=5120 n=512 k=17408: 56 x 1771.81 us = 99221.4 us (51509.7 GFLOPS/s)
MUL_MAT q4_0 m=5120 n=512 k=6144: 16 x 654.997 us = 10480 us (49175.2 GFLOPS/s)
MUL_MAT q4_0 m=6144 n=512 k=5120: 48 x 546.492 us = 26231.6 us (58937.9 GFLOPS/s)
MUL_MAT q4_1 m=5120 n=512 k=17408: 8 x 1741.01 us = 13928.1 us (52421 GFLOPS/s)
MUL_MAT q5_K m=5120 n=512 k=6144: 48 x 713.933 us = 34268.8 us (45115.7 GFLOPS/s)
RMS_NORM(128,16,512,1): 96 x 26.998 us = 2591.84 us
RMS_NORM_MUL RMS_NORM(128,48,512,1): 48 x 94.501 us = 4536.08 us
RMS_NORM_MUL RMS_NORM(256,24,512,1): 16 x 54.047 us = 864.76 us
RMS_NORM_MUL RMS_NORM(256,4,512,1): 16 x 12.542 us = 200.68 us
RMS_NORM_MUL RMS_NORM(5120,512,1,1): 129 x 17.338 us = 2236.72 us
ROPE: 16 x 35.435 us = 566.96 us
ROPE_VIEW_SET_ROWS ROPE: 16 x 9.647 us = 154.36 us
SCALE: 96 x 9.356 us = 898.24 us
SET_ROWS: 16 x 9.952 us = 159.24 us
SIGMOID: 48 x 4.08 us = 195.88 us
SIGMOID_MUL SIGMOID: 16 x 34.292 us = 548.68 us
SILU_MUL SILU: 48 x 34.695 us = 1665.36 us
SOFTPLUS_MUL SOFTPLUS: 48 x 4.252 us = 204.12 us
SSM_CONV_SILU SSM_CONV: 48 x 28.949 us = 1389.56 us
Total time: 610512 us.
----------------
Vulkan Timings:
ADD: 176 x 15.579 us = 2742 us
CONCAT: 48 x 132.6 us = 6364.8 us
CONT: 16 x 45.74 us = 731.84 us
CPY: 96 x 4.194 us = 402.68 us
FLASH_ATTN_EXT dst(256,24,512,1),  q(256,512,24,1),  k(256,16384,4,1),  v(256,16384,4,1),  m(16384,512,1,1): 16 x 7345.17 us = 117523 us (28067.2 GFLOPS/s)
GATED_DELTA_NET: 48 x 236.637 us = 11358.6 us
GET_ROWS: 96 x 7.554 us = 725.2 us
GLU: 64 x 104.551 us = 6691.28 us
MUL_MAT f32 m=48 n=512 k=5120: 96 x 36.371 us = 3491.68 us (6918.4 GFLOPS/s)
MUL_MAT q4_0 m=1024 n=512 k=5120: 32 x 68.733 us = 2199.48 us (78101.1 GFLOPS/s)
MUL_MAT q4_0 m=10240 n=512 k=5120: 48 x 1059.41 us = 50851.5 us (50671.6 GFLOPS/s)
MUL_MAT q4_0 m=12288 n=512 k=5120: 16 x 1159.4 us = 18550.4 us (55561.6 GFLOPS/s)
MUL_MAT q4_0 m=17408 n=512 k=5120: 128 x 1548.38 us = 198193 us (58938.3 GFLOPS/s)
MUL_MAT q4_0 m=5120 n=512 k=17408: 56 x 1777.09 us = 99517 us (51356.7 GFLOPS/s)
MUL_MAT q4_0 m=5120 n=512 k=6144: 16 x 654.042 us = 10464.7 us (49247 GFLOPS/s)
MUL_MAT q4_0 m=6144 n=512 k=5120: 48 x 554.976 us = 26638.9 us (58036.9 GFLOPS/s)
MUL_MAT q4_1 m=5120 n=512 k=17408: 8 x 1770.01 us = 14160 us (51562.2 GFLOPS/s)
MUL_MAT q5_K m=5120 n=512 k=6144: 48 x 727.485 us = 34919.3 us (44275.3 GFLOPS/s)
RMS_NORM(128,16,512,1): 96 x 27.779 us = 2666.8 us
RMS_NORM_MUL RMS_NORM(128,48,512,1): 48 x 96.635 us = 4638.48 us
RMS_NORM_MUL RMS_NORM(256,24,512,1): 16 x 54.855 us = 877.68 us
RMS_NORM_MUL RMS_NORM(256,4,512,1): 16 x 12.81 us = 204.96 us
RMS_NORM_MUL RMS_NORM(5120,512,1,1): 129 x 19.229 us = 2480.64 us
ROPE: 16 x 37.265 us = 596.24 us
ROPE_VIEW_SET_ROWS ROPE: 16 x 9.837 us = 157.4 us
SCALE: 96 x 10.033 us = 963.24 us
SET_ROWS: 16 x 9.965 us = 159.44 us
SIGMOID: 48 x 4.374 us = 209.96 us
SIGMOID_MUL SIGMOID: 16 x 34.902 us = 558.44 us
SILU_MUL SILU: 48 x 35.573 us = 1707.52 us
SOFTPLUS_MUL SOFTPLUS: 48 x 4.281 us = 205.52 us
SSM_CONV_SILU SSM_CONV: 48 x 32.118 us = 1541.68 us
Total time: 622493 us.
3.45.990.635 I slot print_timing: id  0 | task 47 | prompt processing, n_tokens =  16384, progress = 0.19, t =  18.35 s / 892.95 tokens per second
----------------
Vulkan Timings:
ADD: 176 x 15.936 us = 2804.8 us
CONCAT: 48 x 132.56 us = 6362.88 us
CONT: 16 x 46.862 us = 749.8 us
CPY: 96 x 4.139 us = 397.36 us
FLASH_ATTN_EXT dst(256,24,512,1),  q(256,512,24,1),  k(256,16896,4,1),  v(256,16896,4,1),  m(16896,512,1,1): 16 x 7538.98 us = 120624 us (28200.2 GFLOPS/s)
GATED_DELTA_NET: 48 x 235.839 us = 11320.3 us
GET_ROWS: 96 x 7.822 us = 750.96 us
GLU: 64 x 105.918 us = 6778.8 us
MUL_MAT f32 m=48 n=512 k=5120: 96 x 36.843 us = 3537 us (6829.75 GFLOPS/s)
MUL_MAT q4_0 m=1024 n=512 k=5120: 32 x 71.711 us = 2294.76 us (74858.3 GFLOPS/s)
MUL_MAT q4_0 m=10240 n=512 k=5120: 48 x 1059.53 us = 50857.6 us (50665.6 GFLOPS/s)
MUL_MAT q4_0 m=12288 n=512 k=5120: 16 x 1148.65 us = 18378.5 us (56081.4 GFLOPS/s)
MUL_MAT q4_0 m=17408 n=512 k=5120: 128 x 1545.26 us = 197793 us (59057.4 GFLOPS/s)
MUL_MAT q4_0 m=5120 n=512 k=17408: 56 x 1773.11 us = 99294 us (51472 GFLOPS/s)
MUL_MAT q4_0 m=5120 n=512 k=6144: 16 x 654.765 us = 10476.2 us (49192.7 GFLOPS/s)
MUL_MAT q4_0 m=6144 n=512 k=5120: 48 x 554.538 us = 26617.8 us (58082.7 GFLOPS/s)
MUL_MAT q4_1 m=5120 n=512 k=17408: 8 x 1805.99 us = 14447.9 us (50534.8 GFLOPS/s)
MUL_MAT q5_K m=5120 n=512 k=6144: 48 x 723.769 us = 34740.9 us (44502.6 GFLOPS/s)
RMS_NORM(128,16,512,1): 96 x 27.815 us = 2670.24 us
RMS_NORM_MUL RMS_NORM(128,48,512,1): 48 x 97.241 us = 4667.6 us
RMS_NORM_MUL RMS_NORM(256,24,512,1): 16 x 57.655 us = 922.48 us
RMS_NORM_MUL RMS_NORM(256,4,512,1): 16 x 12.882 us = 206.12 us
RMS_NORM_MUL RMS_NORM(5120,512,1,1): 129 x 19.642 us = 2533.92 us
ROPE: 16 x 37.77 us = 604.32 us
ROPE_VIEW_SET_ROWS ROPE: 16 x 9.83 us = 157.28 us
SCALE: 96 x 10.17 us = 976.4 us
SET_ROWS: 16 x 9.932 us = 158.92 us
SIGMOID: 48 x 4.252 us = 204.12 us
SIGMOID_MUL SIGMOID: 16 x 34.85 us = 557.6 us
SILU_MUL SILU: 48 x 35.353 us = 1696.96 us
SOFTPLUS_MUL SOFTPLUS: 48 x 4.285 us = 205.72 us
SSM_CONV_SILU SSM_CONV: 48 x 31.516 us = 1512.8 us
Total time: 625301 us.
----------------
Vulkan Timings:
ADD: 176 x 13.282 us = 2337.68 us
CONCAT: 48 x 131.065 us = 6291.12 us
CONT: 16 x 38.085 us = 609.36 us
CPY: 96 x 3.85 us = 369.6 us
FLASH_ATTN_EXT dst(256,24,512,1),  q(256,512,24,1),  k(256,17408,4,1),  v(256,17408,4,1),  m(17408,512,1,1): 16 x 7748.56 us = 123977 us (28268.9 GFLOPS/s)
GATED_DELTA_NET: 48 x 234.214 us = 11242.3 us
GET_ROWS: 96 x 7.21 us = 692.24 us
GLU: 64 x 93.432 us = 5979.68 us
MUL_MAT f32 m=48 n=512 k=5120: 96 x 35.132 us = 3372.68 us (7162.5 GFLOPS/s)
MUL_MAT q4_0 m=1024 n=512 k=5120: 32 x 67.32 us = 2154.24 us (79741.3 GFLOPS/s)
MUL_MAT q4_0 m=10240 n=512 k=5120: 48 x 1056.76 us = 50724.6 us (50798.4 GFLOPS/s)
MUL_MAT q4_0 m=12288 n=512 k=5120: 16 x 1158.58 us = 18537.2 us (55601.2 GFLOPS/s)
MUL_MAT q4_0 m=17408 n=512 k=5120: 128 x 1541.72 us = 197340 us (59193 GFLOPS/s)
MUL_MAT q4_0 m=5120 n=512 k=17408: 56 x 1772.71 us = 99271.8 us (51483.5 GFLOPS/s)
MUL_MAT q4_0 m=5120 n=512 k=6144: 16 x 654.957 us = 10479.3 us (49178.2 GFLOPS/s)
MUL_MAT q4_0 m=6144 n=512 k=5120: 48 x 552.024 us = 26497.2 us (58347.3 GFLOPS/s)
MUL_MAT q4_1 m=5120 n=512 k=17408: 8 x 1761.27 us = 14090.1 us (51818.1 GFLOPS/s)
MUL_MAT q5_K m=5120 n=512 k=6144: 48 x 723.028 us = 34705.4 us (44548.2 GFLOPS/s)
RMS_NORM(128,16,512,1): 96 x 27.26 us = 2616.96 us
RMS_NORM_MUL RMS_NORM(128,48,512,1): 48 x 95.79 us = 4597.96 us
RMS_NORM_MUL RMS_NORM(256,24,512,1): 16 x 54.237 us = 867.8 us
RMS_NORM_MUL RMS_NORM(256,4,512,1): 16 x 12.527 us = 200.44 us
RMS_NORM_MUL RMS_NORM(5120,512,1,1): 129 x 17.585 us = 2268.48 us
ROPE: 16 x 35.535 us = 568.56 us
ROPE_VIEW_SET_ROWS ROPE: 16 x 9.527 us = 152.44 us
SCALE: 96 x 9.501 us = 912.12 us
SET_ROWS: 16 x 9.84 us = 157.44 us
SIGMOID: 48 x 4.072 us = 195.48 us
SIGMOID_MUL SIGMOID: 16 x 34.3 us = 548.8 us
SILU_MUL SILU: 48 x 34.724 us = 1666.76 us
SOFTPLUS_MUL SOFTPLUS: 48 x 4.385 us = 210.48 us
SSM_CONV_SILU SSM_CONV: 48 x 29.432 us = 1412.76 us
Total time: 625048 us.
----------------
Vulkan Timings:
ADD: 176 x 18.496 us = 3255.4 us
CONCAT: 48 x 133.84 us = 6424.32 us
CONT: 16 x 52.847 us = 845.56 us
CPY: 96 x 4.357 us = 418.36 us
FLASH_ATTN_EXT dst(256,24,512,1),  q(256,512,24,1),  k(256,17920,4,1),  v(256,17920,4,1),  m(17920,512,1,1): 16 x 8034.69 us = 128555 us (28064 GFLOPS/s)
GATED_DELTA_NET: 48 x 238.857 us = 11465.2 us
GET_ROWS: 96 x 8.115 us = 779.04 us
GLU: 64 x 118.22 us = 7566.12 us
MUL_MAT f32 m=48 n=512 k=5120: 96 x 38.025 us = 3650.4 us (6617.58 GFLOPS/s)
MUL_MAT q4_0 m=1024 n=512 k=5120: 32 x 69.387 us = 2220.4 us (77365.3 GFLOPS/s)
MUL_MAT q4_0 m=10240 n=512 k=5120: 48 x 1065.99 us = 51167.7 us (50358.5 GFLOPS/s)
MUL_MAT q4_0 m=12288 n=512 k=5120: 16 x 1159.74 us = 18555.9 us (55545.3 GFLOPS/s)
MUL_MAT q4_0 m=17408 n=512 k=5120: 128 x 1542.29 us = 197413 us (59171.3 GFLOPS/s)
MUL_MAT q4_0 m=5120 n=512 k=17408: 56 x 1783.39 us = 99870 us (51175.2 GFLOPS/s)
MUL_MAT q4_0 m=5120 n=512 k=6144: 16 x 659.08 us = 10545.3 us (48870.6 GFLOPS/s)
MUL_MAT q4_0 m=6144 n=512 k=5120: 48 x 558.312 us = 26799 us (57690.1 GFLOPS/s)
MUL_MAT q4_1 m=5120 n=512 k=17408: 8 x 1783.79 us = 14270.3 us (51163.9 GFLOPS/s)
MUL_MAT q5_K m=5120 n=512 k=6144: 48 x 724.925 us = 34796.4 us (44431.7 GFLOPS/s)
RMS_NORM(128,16,512,1): 96 x 28.698 us = 2755.04 us
RMS_NORM_MUL RMS_NORM(128,48,512,1): 48 x 96.019 us = 4608.92 us
RMS_NORM_MUL RMS_NORM(256,24,512,1): 16 x 57.52 us = 920.32 us
RMS_NORM_MUL RMS_NORM(256,4,512,1): 16 x 12.9 us = 206.4 us
RMS_NORM_MUL RMS_NORM(5120,512,1,1): 129 x 21.59 us = 2785.16 us
ROPE: 16 x 39.857 us = 637.72 us
ROPE_VIEW_SET_ROWS ROPE: 16 x 10.172 us = 162.76 us
SCALE: 96 x 10.904 us = 1046.84 us
SET_ROWS: 16 x 9.5 us = 152 us
SIGMOID: 48 x 4.265 us = 204.76 us
SIGMOID_MUL SIGMOID: 16 x 36.22 us = 579.52 us
SILU_MUL SILU: 48 x 35.538 us = 1705.84 us
SOFTPLUS_MUL SOFTPLUS: 48 x 4.385 us = 210.48 us
SSM_CONV_SILU SSM_CONV: 48 x 34.947 us = 1677.48 us
Total time: 636250 us.
----------------
Vulkan Timings:
ADD: 176 x 13.611 us = 2395.68 us
CONCAT: 48 x 131.314 us = 6303.08 us
CONT: 16 x 38.222 us = 611.56 us
CPY: 96 x 3.862 us = 370.8 us
FLASH_ATTN_EXT dst(256,24,512,1),  q(256,512,24,1),  k(256,18432,4,1),  v(256,18432,4,1),  m(18432,512,1,1): 16 x 8267.86 us = 132286 us (28051.8 GFLOPS/s)
GATED_DELTA_NET: 48 x 234.597 us = 11260.7 us
GET_ROWS: 96 x 7.204 us = 691.6 us
GLU: 64 x 93.584 us = 5989.4 us
MUL_MAT f32 m=48 n=512 k=5120: 96 x 35.173 us = 3376.64 us (7154.1 GFLOPS/s)
MUL_MAT q4_0 m=1024 n=512 k=5120: 32 x 66.871 us = 2139.88 us (80276.4 GFLOPS/s)
MUL_MAT q4_0 m=10240 n=512 k=5120: 48 x 1057.47 us = 50758.6 us (50764.4 GFLOPS/s)
MUL_MAT q4_0 m=12288 n=512 k=5120: 16 x 1152.33 us = 18437.2 us (55902.8 GFLOPS/s)
MUL_MAT q4_0 m=17408 n=512 k=5120: 128 x 1548.36 us = 198190 us (58939.3 GFLOPS/s)
MUL_MAT q4_0 m=5120 n=512 k=17408: 56 x 1769.06 us = 99067.4 us (51589.7 GFLOPS/s)
MUL_MAT q4_0 m=5120 n=512 k=6144: 16 x 654.395 us = 10470.3 us (49220.5 GFLOPS/s)
MUL_MAT q4_0 m=6144 n=512 k=5120: 48 x 551.222 us = 26458.7 us (58432.1 GFLOPS/s)
MUL_MAT q4_1 m=5120 n=512 k=17408: 8 x 1772.9 us = 14183.2 us (51477.9 GFLOPS/s)
MUL_MAT q5_K m=5120 n=512 k=6144: 48 x 724.486 us = 34775.4 us (44458.6 GFLOPS/s)
RMS_NORM(128,16,512,1): 96 x 27.395 us = 2629.92 us
RMS_NORM_MUL RMS_NORM(128,48,512,1): 48 x 95.608 us = 4589.2 us
RMS_NORM_MUL RMS_NORM(256,24,512,1): 16 x 54.287 us = 868.6 us
RMS_NORM_MUL RMS_NORM(256,4,512,1): 16 x 12.155 us = 194.48 us
RMS_NORM_MUL RMS_NORM(5120,512,1,1): 129 x 17.869 us = 2305.12 us
ROPE: 16 x 36.145 us = 578.32 us
ROPE_VIEW_SET_ROWS ROPE: 16 x 9.405 us = 150.48 us
SCALE: 96 x 9.469 us = 909.04 us
SET_ROWS: 16 x 9.227 us = 147.64 us
SIGMOID: 48 x 4.058 us = 194.8 us
SIGMOID_MUL SIGMOID: 16 x 34.23 us = 547.68 us
SILU_MUL SILU: 48 x 34.763 us = 1668.64 us
SOFTPLUS_MUL SOFTPLUS: 48 x 4.343 us = 208.48 us
SSM_CONV_SILU SSM_CONV: 48 x 29.262 us = 1404.6 us
Total time: 634163 us.
3.48.583.084 I slot print_timing: id  0 | task 47 | prompt processing, n_tokens =  18432, progress = 0.21, t =  20.94 s / 880.20 tokens per second
----------------
Vulkan Timings:
ADD: 176 x 17.569 us = 3092.16 us
CONCAT: 48 x 133.106 us = 6389.12 us
CONT: 16 x 48.957 us = 783.32 us
CPY: 96 x 4.245 us = 407.52 us
FLASH_ATTN_EXT dst(256,24,512,1),  q(256,512,24,1),  k(256,18944,4,1),  v(256,18944,4,1),  m(18944,512,1,1): 16 x 8519.79 us = 136317 us (27978.5 GFLOPS/s)
GATED_DELTA_NET: 48 x 245.23 us = 11771 us
GET_ROWS: 96 x 7.902 us = 758.6 us
GLU: 64 x 113.062 us = 7236 us
MUL_MAT f32 m=48 n=512 k=5120: 96 x 37.266 us = 3577.6 us (6752.25 GFLOPS/s)
MUL_MAT q4_0 m=1024 n=512 k=5120: 32 x 71.94 us = 2302.08 us (74620.3 GFLOPS/s)
MUL_MAT q4_0 m=10240 n=512 k=5120: 48 x 1059.82 us = 50871.4 us (50651.9 GFLOPS/s)
MUL_MAT q4_0 m=12288 n=512 k=5120: 16 x 1152.6 us = 18441.6 us (55889.4 GFLOPS/s)
MUL_MAT q4_0 m=17408 n=512 k=5120: 128 x 1547.29 us = 198053 us (58980.1 GFLOPS/s)
MUL_MAT q4_0 m=5120 n=512 k=17408: 56 x 1784.34 us = 99922.9 us (51148.1 GFLOPS/s)
MUL_MAT q4_0 m=5120 n=512 k=6144: 16 x 658.63 us = 10538.1 us (48904 GFLOPS/s)
MUL_MAT q4_0 m=6144 n=512 k=5120: 48 x 555.755 us = 26676.2 us (57955.6 GFLOPS/s)
MUL_MAT q4_1 m=5120 n=512 k=17408: 8 x 1779.99 us = 14240 us (51272.9 GFLOPS/s)
MUL_MAT q5_K m=5120 n=512 k=6144: 48 x 723.187 us = 34713 us (44538.4 GFLOPS/s)
RMS_NORM(128,16,512,1): 96 x 28.171 us = 2704.44 us
RMS_NORM_MUL RMS_NORM(128,48,512,1): 48 x 96.829 us = 4647.8 us
RMS_NORM_MUL RMS_NORM(256,24,512,1): 16 x 56.555 us = 904.88 us
RMS_NORM_MUL RMS_NORM(256,4,512,1): 16 x 12.702 us = 203.24 us
RMS_NORM_MUL RMS_NORM(5120,512,1,1): 129 x 20.683 us = 2668.2 us
ROPE: 16 x 38.365 us = 613.84 us
ROPE_VIEW_SET_ROWS ROPE: 16 x 10.017 us = 160.28 us
SCALE: 96 x 10.58 us = 1015.72 us
SET_ROWS: 16 x 9.45 us = 151.2 us
SIGMOID: 48 x 4.362 us = 209.4 us
SIGMOID_MUL SIGMOID: 16 x 35.91 us = 574.56 us
SILU_MUL SILU: 48 x 35.896 us = 1723.04 us
SOFTPLUS_MUL SOFTPLUS: 48 x 4.562 us = 219 us
SSM_CONV_SILU SSM_CONV: 48 x 33.358 us = 1601.2 us
Total time: 643487 us.
----------------
Vulkan Timings:
ADD: 176 x 13.686 us = 2408.8 us
CONCAT: 48 x 131.128 us = 6294.16 us
CONT: 16 x 37.645 us = 602.32 us
CPY: 96 x 3.967 us = 380.92 us
FLASH_ATTN_EXT dst(256,24,512,1),  q(256,512,24,1),  k(256,19456,4,1),  v(256,19456,4,1),  m(19456,512,1,1): 16 x 8710.06 us = 139361 us (28107 GFLOPS/s)
GATED_DELTA_NET: 48 x 235.014 us = 11280.7 us
GET_ROWS: 96 x 7.284 us = 699.32 us
GLU: 64 x 94.949 us = 6076.76 us
MUL_MAT f32 m=48 n=512 k=5120: 96 x 35.294 us = 3388.28 us (7129.53 GFLOPS/s)
MUL_MAT q4_0 m=1024 n=512 k=5120: 32 x 67.142 us = 2148.56 us (79952.1 GFLOPS/s)
MUL_MAT q4_0 m=10240 n=512 k=5120: 48 x 1060.39 us = 50898.8 us (50624.5 GFLOPS/s)
MUL_MAT q4_0 m=12288 n=512 k=5120: 16 x 1156.88 us = 18510.1 us (55682.6 GFLOPS/s)
MUL_MAT q4_0 m=17408 n=512 k=5120: 128 x 1543.59 us = 197580 us (59121.2 GFLOPS/s)
MUL_MAT q4_0 m=5120 n=512 k=17408: 56 x 1767.65 us = 98988.6 us (51630.9 GFLOPS/s)
MUL_MAT q4_0 m=5120 n=512 k=6144: 16 x 657.8 us = 10524.8 us (48965.7 GFLOPS/s)
MUL_MAT q4_0 m=6144 n=512 k=5120: 48 x 553.296 us = 26558.2 us (58213.1 GFLOPS/s)
MUL_MAT q4_1 m=5120 n=512 k=17408: 8 x 1801.28 us = 14410.2 us (50667.1 GFLOPS/s)
MUL_MAT q5_K m=5120 n=512 k=6144: 48 x 723.425 us = 34724.4 us (44523.8 GFLOPS/s)
RMS_NORM(128,16,512,1): 96 x 27.494 us = 2639.44 us
RMS_NORM_MUL RMS_NORM(128,48,512,1): 48 x 96.298 us = 4622.32 us
RMS_NORM_MUL RMS_NORM(256,24,512,1): 16 x 53.747 us = 859.96 us
RMS_NORM_MUL RMS_NORM(256,4,512,1): 16 x 12.272 us = 196.36 us
RMS_NORM_MUL RMS_NORM(5120,512,1,1): 129 x 17.796 us = 2295.8 us
ROPE: 16 x 35.247 us = 563.96 us
ROPE_VIEW_SET_ROWS ROPE: 16 x 9.487 us = 151.8 us
SCALE: 96 x 9.583 us = 920 us
SET_ROWS: 16 x 9.31 us = 148.96 us
SIGMOID: 48 x 4.18 us = 200.64 us
SIGMOID_MUL SIGMOID: 16 x 34.427 us = 550.84 us
SILU_MUL SILU: 48 x 34.678 us = 1664.56 us
SOFTPLUS_MUL SOFTPLUS: 48 x 4.302 us = 206.52 us
SSM_CONV_SILU SSM_CONV: 48 x 29.62 us = 1421.8 us
Total time: 641279 us.
----------------
Vulkan Timings:
ADD: 176 x 13.771 us = 2423.8 us
CONCAT: 48 x 131.3 us = 6302.4 us
CONT: 16 x 40.895 us = 654.32 us
CPY: 96 x 3.91 us = 375.4 us
FLASH_ATTN_EXT dst(256,24,512,1),  q(256,512,24,1),  k(256,19968,4,1),  v(256,19968,4,1),  m(19968,512,1,1): 16 x 8900.37 us = 142406 us (28229.8 GFLOPS/s)
GATED_DELTA_NET: 48 x 234.936 us = 11277 us
GET_ROWS: 96 x 7.215 us = 692.64 us
GLU: 64 x 95.965 us = 6141.8 us
MUL_MAT f32 m=48 n=512 k=5120: 96 x 35.098 us = 3369.44 us (7169.39 GFLOPS/s)
MUL_MAT q4_0 m=1024 n=512 k=5120: 32 x 67.233 us = 2151.48 us (79843.6 GFLOPS/s)
MUL_MAT q4_0 m=10240 n=512 k=5120: 48 x 1057.77 us = 50773 us (50750 GFLOPS/s)
MUL_MAT q4_0 m=12288 n=512 k=5120: 16 x 1157.47 us = 18519.6 us (55654.1 GFLOPS/s)
MUL_MAT q4_0 m=17408 n=512 k=5120: 128 x 1543.76 us = 197601 us (59114.8 GFLOPS/s)
MUL_MAT q4_0 m=5120 n=512 k=17408: 56 x 1771.78 us = 99219.6 us (51510.6 GFLOPS/s)
MUL_MAT q4_0 m=5120 n=512 k=6144: 16 x 657.432 us = 10518.9 us (48993.1 GFLOPS/s)
MUL_MAT q4_0 m=6144 n=512 k=5120: 48 x 551.087 us = 26452.2 us (58446.5 GFLOPS/s)
MUL_MAT q4_1 m=5120 n=512 k=17408: 8 x 1776.08 us = 14208.6 us (51386 GFLOPS/s)
MUL_MAT q5_K m=5120 n=512 k=6144: 48 x 723.114 us = 34709.5 us (44542.9 GFLOPS/s)
RMS_NORM(128,16,512,1): 96 x 27.313 us = 2622.12 us
RMS_NORM_MUL RMS_NORM(128,48,512,1): 48 x 96 us = 4608 us
RMS_NORM_MUL RMS_NORM(256,24,512,1): 16 x 54.112 us = 865.8 us
RMS_NORM_MUL RMS_NORM(256,4,512,1): 16 x 12.305 us = 196.88 us
RMS_NORM_MUL RMS_NORM(5120,512,1,1): 129 x 17.941 us = 2314.44 us
ROPE: 16 x 35.82 us = 573.12 us
ROPE_VIEW_SET_ROWS ROPE: 16 x 9.505 us = 152.08 us
SCALE: 96 x 9.512 us = 913.2 us
SET_ROWS: 16 x 9.31 us = 148.96 us
SIGMOID: 48 x 4.141 us = 198.8 us
SIGMOID_MUL SIGMOID: 16 x 34.757 us = 556.12 us
SILU_MUL SILU: 48 x 34.683 us = 1664.8 us
SOFTPLUS_MUL SOFTPLUS: 48 x 4.39 us = 210.76 us
SSM_CONV_SILU SSM_CONV: 48 x 29.489 us = 1415.48 us
Total time: 644237 us.
----------------
Vulkan Timings:
ADD: 176 x 18.29 us = 3219.16 us
CONCAT: 48 x 134 us = 6432.04 us
CONT: 16 x 50.8 us = 812.8 us
CPY: 96 x 4.407 us = 423.16 us
FLASH_ATTN_EXT dst(256,24,512,1),  q(256,512,24,1),  k(256,20480,4,1),  v(256,20480,4,1),  m(20480,512,1,1): 16 x 9206.02 us = 147296 us (27992.3 GFLOPS/s)
GATED_DELTA_NET: 48 x 238.335 us = 11440.1 us
GET_ROWS: 96 x 8.015 us = 769.48 us
GLU: 64 x 118.097 us = 7558.24 us
MUL_MAT f32 m=48 n=512 k=5120: 96 x 37.691 us = 3618.4 us (6676.11 GFLOPS/s)
MUL_MAT q4_0 m=1024 n=512 k=5120: 32 x 68.63 us = 2196.16 us (78219.2 GFLOPS/s)
MUL_MAT q4_0 m=10240 n=512 k=5120: 48 x 1057.77 us = 50773.1 us (50749.9 GFLOPS/s)
MUL_MAT q4_0 m=12288 n=512 k=5120: 16 x 1154.94 us = 18479.1 us (55776.1 GFLOPS/s)
MUL_MAT q4_0 m=17408 n=512 k=5120: 128 x 1544.01 us = 197634 us (59105.1 GFLOPS/s)
MUL_MAT q4_0 m=5120 n=512 k=17408: 56 x 1776.88 us = 99505.1 us (51362.8 GFLOPS/s)
MUL_MAT q4_0 m=5120 n=512 k=6144: 16 x 660.045 us = 10560.7 us (48799.1 GFLOPS/s)
MUL_MAT q4_0 m=6144 n=512 k=5120: 48 x 557.008 us = 26736.4 us (57825.2 GFLOPS/s)
MUL_MAT q4_1 m=5120 n=512 k=17408: 8 x 1801.99 us = 14415.9 us (50647 GFLOPS/s)
MUL_MAT q5_K m=5120 n=512 k=6144: 48 x 724.646 us = 34783 us (44448.7 GFLOPS/s)
RMS_NORM(128,16,512,1): 96 x 28.282 us = 2715.08 us
RMS_NORM_MUL RMS_NORM(128,48,512,1): 48 x 96.495 us = 4631.8 us
RMS_NORM_MUL RMS_NORM(256,24,512,1): 16 x 55.607 us = 889.72 us
RMS_NORM_MUL RMS_NORM(256,4,512,1): 16 x 12.755 us = 204.08 us
RMS_NORM_MUL RMS_NORM(5120,512,1,1): 129 x 21.247 us = 2740.92 us
ROPE: 16 x 38.892 us = 622.28 us
ROPE_VIEW_SET_ROWS ROPE: 16 x 9.99 us = 159.84 us
SCALE: 96 x 10.834 us = 1040.12 us
SET_ROWS: 16 x 9.43 us = 150.88 us
SIGMOID: 48 x 4.344 us = 208.52 us
SIGMOID_MUL SIGMOID: 16 x 36.232 us = 579.72 us
SILU_MUL SILU: 48 x 35.203 us = 1689.76 us
SOFTPLUS_MUL SOFTPLUS: 48 x 4.265 us = 204.76 us
SSM_CONV_SILU SSM_CONV: 48 x 33.784 us = 1621.64 us
Total time: 654112 us.
3.51.239.300 I slot print_timing: id  0 | task 47 | prompt processing, n_tokens =  20480, progress = 0.23, t =  23.60 s / 867.91 tokens per second
----------------
Vulkan Timings:
ADD: 176 x 14.089 us = 2479.68 us
CONCAT: 48 x 131.363 us = 6305.44 us
CONT: 16 x 38.48 us = 615.68 us
CPY: 96 x 3.955 us = 379.76 us
FLASH_ATTN_EXT dst(256,24,512,1),  q(256,512,24,1),  k(256,20992,4,1),  v(256,20992,4,1),  m(20992,512,1,1): 16 x 9406.01 us = 150496 us (28082.1 GFLOPS/s)
GATED_DELTA_NET: 48 x 236.915 us = 11372 us
GET_ROWS: 96 x 7.193 us = 690.56 us
GLU: 64 x 93.316 us = 5972.24 us
MUL_MAT f32 m=48 n=512 k=5120: 96 x 35.219 us = 3381.04 us (7144.79 GFLOPS/s)
MUL_MAT q4_0 m=1024 n=512 k=5120: 32 x 70.763 us = 2264.44 us (75860.7 GFLOPS/s)
MUL_MAT q4_0 m=10240 n=512 k=5120: 48 x 1064.18 us = 51080.9 us (50444.1 GFLOPS/s)
MUL_MAT q4_0 m=12288 n=512 k=5120: 16 x 1151.15 us = 18418.5 us (55959.6 GFLOPS/s)
MUL_MAT q4_0 m=17408 n=512 k=5120: 128 x 1553.25 us = 198816 us (58753.7 GFLOPS/s)
MUL_MAT q4_0 m=5120 n=512 k=17408: 56 x 1773.53 us = 99317.4 us (51459.9 GFLOPS/s)
MUL_MAT q4_0 m=5120 n=512 k=6144: 16 x 656.892 us = 10510.3 us (49033.3 GFLOPS/s)
MUL_MAT q4_0 m=6144 n=512 k=5120: 48 x 555.585 us = 26668.1 us (57973.3 GFLOPS/s)
MUL_MAT q4_1 m=5120 n=512 k=17408: 8 x 1797.64 us = 14381.2 us (50769.4 GFLOPS/s)
MUL_MAT q5_K m=5120 n=512 k=6144: 48 x 728.866 us = 34985.6 us (44191.4 GFLOPS/s)
RMS_NORM(128,16,512,1): 96 x 27.46 us = 2636.24 us
RMS_NORM_MUL RMS_NORM(128,48,512,1): 48 x 96.934 us = 4652.84 us
RMS_NORM_MUL RMS_NORM(256,24,512,1): 16 x 53.96 us = 863.36 us
RMS_NORM_MUL RMS_NORM(256,4,512,1): 16 x 12.25 us = 196 us
RMS_NORM_MUL RMS_NORM(5120,512,1,1): 129 x 17.684 us = 2281.28 us
ROPE: 16 x 35.462 us = 567.4 us
ROPE_VIEW_SET_ROWS ROPE: 16 x 9.422 us = 150.76 us
SCALE: 96 x 9.813 us = 942.08 us
SET_ROWS: 16 x 9.255 us = 148.08 us
SIGMOID: 48 x 4.26 us = 204.48 us
SIGMOID_MUL SIGMOID: 16 x 34.692 us = 555.08 us
SILU_MUL SILU: 48 x 35.015 us = 1680.76 us
SOFTPLUS_MUL SOFTPLUS: 48 x 4.256 us = 204.32 us
SSM_CONV_SILU SSM_CONV: 48 x 29.65 us = 1423.2 us
Total time: 654641 us.
----------------
Vulkan Timings:
ADD: 176 x 19.146 us = 3369.8 us
CONCAT: 48 x 133.655 us = 6415.44 us
CONT: 16 x 50.435 us = 806.96 us
CPY: 96 x 4.417 us = 424.12 us
FLASH_ATTN_EXT dst(256,24,512,1),  q(256,512,24,1),  k(256,21504,4,1),  v(256,21504,4,1),  m(21504,512,1,1): 16 x 9734.9 us = 155758 us (27795.2 GFLOPS/s)
GATED_DELTA_NET: 48 x 238.526 us = 11449.3 us
GET_ROWS: 96 x 8.044 us = 772.24 us
GLU: 64 x 114.496 us = 7327.76 us
MUL_MAT f32 m=48 n=512 k=5120: 96 x 37.601 us = 3609.76 us (6692.09 GFLOPS/s)
MUL_MAT q4_0 m=1024 n=512 k=5120: 32 x 68.783 us = 2201.08 us (78044.4 GFLOPS/s)
MUL_MAT q4_0 m=10240 n=512 k=5120: 48 x 1055.38 us = 50658.4 us (50864.8 GFLOPS/s)
MUL_MAT q4_0 m=12288 n=512 k=5120: 16 x 1167.91 us = 18686.6 us (55156.6 GFLOPS/s)
MUL_MAT q4_0 m=17408 n=512 k=5120: 128 x 1544.14 us = 197650 us (59100.1 GFLOPS/s)
MUL_MAT q4_0 m=5120 n=512 k=17408: 56 x 1772.2 us = 99243.5 us (51498.2 GFLOPS/s)
MUL_MAT q4_0 m=5120 n=512 k=6144: 16 x 658.505 us = 10536.1 us (48913.3 GFLOPS/s)
MUL_MAT q4_0 m=6144 n=512 k=5120: 48 x 555.374 us = 26658 us (57995.3 GFLOPS/s)
MUL_MAT q4_1 m=5120 n=512 k=17408: 8 x 1778.98 us = 14231.9 us (51302 GFLOPS/s)
MUL_MAT q5_K m=5120 n=512 k=6144: 48 x 720.851 us = 34600.9 us (44682.7 GFLOPS/s)
RMS_NORM(128,16,512,1): 96 x 28.245 us = 2711.6 us
RMS_NORM_MUL RMS_NORM(128,48,512,1): 48 x 95.669 us = 4592.12 us
RMS_NORM_MUL RMS_NORM(256,24,512,1): 16 x 55.747 us = 891.96 us
RMS_NORM_MUL RMS_NORM(256,4,512,1): 16 x 12.727 us = 203.64 us
RMS_NORM_MUL RMS_NORM(5120,512,1,1): 129 x 20.955 us = 2703.28 us
ROPE: 16 x 38.777 us = 620.44 us
ROPE_VIEW_SET_ROWS ROPE: 16 x 9.985 us = 159.76 us
SCALE: 96 x 10.924 us = 1048.76 us
SET_ROWS: 16 x 9.447 us = 151.16 us
SIGMOID: 48 x 4.227 us = 202.92 us
SIGMOID_MUL SIGMOID: 16 x 36.532 us = 584.52 us
SILU_MUL SILU: 48 x 36.064 us = 1731.08 us
SOFTPLUS_MUL SOFTPLUS: 48 x 4.403 us = 211.36 us
SSM_CONV_SILU SSM_CONV: 48 x 34.127 us = 1638.12 us
Total time: 661851 us.
----------------
Vulkan Timings:
ADD: 176 x 13.454 us = 2367.96 us
CONCAT: 48 x 130.989 us = 6287.48 us
CONT: 16 x 38.22 us = 611.52 us
CPY: 96 x 3.91 us = 375.44 us
FLASH_ATTN_EXT dst(256,24,512,1),  q(256,512,24,1),  k(256,22016,4,1),  v(256,22016,4,1),  m(22016,512,1,1): 16 x 9834.23 us = 157348 us (28169.5 GFLOPS/s)
GATED_DELTA_NET: 48 x 234.631 us = 11262.3 us
GET_ROWS: 96 x 7.155 us = 686.88 us
GLU: 64 x 94.203 us = 6029.04 us
MUL_MAT f32 m=48 n=512 k=5120: 96 x 35.084 us = 3368.12 us (7172.2 GFLOPS/s)
MUL_MAT q4_0 m=1024 n=512 k=5120: 32 x 67.277 us = 2152.88 us (79791.7 GFLOPS/s)
MUL_MAT q4_0 m=10240 n=512 k=5120: 48 x 1058.8 us = 50822.6 us (50700.5 GFLOPS/s)
MUL_MAT q4_0 m=12288 n=512 k=5120: 16 x 1153.32 us = 18453 us (55854.8 GFLOPS/s)
MUL_MAT q4_0 m=17408 n=512 k=5120: 128 x 1550.57 us = 198473 us (58855.3 GFLOPS/s)
MUL_MAT q4_0 m=5120 n=512 k=17408: 56 x 1770.19 us = 99130.9 us (51556.7 GFLOPS/s)
MUL_MAT q4_0 m=5120 n=512 k=6144: 16 x 657.337 us = 10517.4 us (49000.1 GFLOPS/s)
MUL_MAT q4_0 m=6144 n=512 k=5120: 48 x 553.3 us = 26558.4 us (58212.7 GFLOPS/s)
MUL_MAT q4_1 m=5120 n=512 k=17408: 8 x 1788.24 us = 14306 us (51036.3 GFLOPS/s)
MUL_MAT q5_K m=5120 n=512 k=6144: 48 x 722.654 us = 34687.4 us (44571.3 GFLOPS/s)
RMS_NORM(128,16,512,1): 96 x 27.269 us = 2617.84 us
RMS_NORM_MUL RMS_NORM(128,48,512,1): 48 x 96.695 us = 4641.36 us
RMS_NORM_MUL RMS_NORM(256,24,512,1): 16 x 54.247 us = 867.96 us
RMS_NORM_MUL RMS_NORM(256,4,512,1): 16 x 12.155 us = 194.48 us
RMS_NORM_MUL RMS_NORM(5120,512,1,1): 129 x 17.487 us = 2255.88 us
ROPE: 16 x 35.352 us = 565.64 us
ROPE_VIEW_SET_ROWS ROPE: 16 x 9.385 us = 150.16 us
SCALE: 96 x 9.464 us = 908.6 us
SET_ROWS: 16 x 9.245 us = 147.92 us
SIGMOID: 48 x 4.334 us = 208.04 us
SIGMOID_MUL SIGMOID: 16 x 34.56 us = 552.96 us
SILU_MUL SILU: 48 x 34.685 us = 1664.92 us
SOFTPLUS_MUL SOFTPLUS: 48 x 4.355 us = 209.04 us
SSM_CONV_SILU SSM_CONV: 48 x 29.2 us = 1401.6 us
Total time: 659824 us.
----------------
Vulkan Timings:
ADD: 176 x 17.901 us = 3150.6 us
CONCAT: 48 x 133.58 us = 6411.88 us
CONT: 16 x 49.652 us = 794.44 us
CPY: 96 x 4.229 us = 406.04 us
FLASH_ATTN_EXT dst(256,24,512,1),  q(256,512,24,1),  k(256,22528,4,1),  v(256,22528,4,1),  m(22528,512,1,1): 16 x 10149.2 us = 162388 us (27930 GFLOPS/s)
GATED_DELTA_NET: 48 x 237.04 us = 11378 us
GET_ROWS: 96 x 7.782 us = 747.16 us
GLU: 64 x 112.476 us = 7198.48 us
MUL_MAT f32 m=48 n=512 k=5120: 96 x 37.173 us = 3568.64 us (6769.2 GFLOPS/s)
MUL_MAT q4_0 m=1024 n=512 k=5120: 32 x 75.45 us = 2414.4 us (71148.9 GFLOPS/s)
MUL_MAT q4_0 m=10240 n=512 k=5120: 48 x 1054.74 us = 50627.7 us (50895.7 GFLOPS/s)
MUL_MAT q4_0 m=12288 n=512 k=5120: 16 x 1146.46 us = 18343.3 us (56188.9 GFLOPS/s)
MUL_MAT q4_0 m=17408 n=512 k=5120: 128 x 1545.7 us = 197849 us (59040.7 GFLOPS/s)
MUL_MAT q4_0 m=5120 n=512 k=17408: 56 x 1772.95 us = 99285.4 us (51476.5 GFLOPS/s)
MUL_MAT q4_0 m=5120 n=512 k=6144: 16 x 660.787 us = 10572.6 us (48744.3 GFLOPS/s)
MUL_MAT q4_0 m=6144 n=512 k=5120: 48 x 553.763 us = 26580.6 us (58164 GFLOPS/s)
MUL_MAT q4_1 m=5120 n=512 k=17408: 8 x 1790.99 us = 14328 us (50957.9 GFLOPS/s)
MUL_MAT q5_K m=5120 n=512 k=6144: 48 x 720.9 us = 34603.2 us (44679.8 GFLOPS/s)
RMS_NORM(128,16,512,1): 96 x 28.061 us = 2693.92 us
RMS_NORM_MUL RMS_NORM(128,48,512,1): 48 x 95.863 us = 4601.44 us
RMS_NORM_MUL RMS_NORM(256,24,512,1): 16 x 55.267 us = 884.28 us
RMS_NORM_MUL RMS_NORM(256,4,512,1): 16 x 12.71 us = 203.36 us
RMS_NORM_MUL RMS_NORM(5120,512,1,1): 129 x 20.601 us = 2657.56 us
ROPE: 16 x 38.222 us = 611.56 us
ROPE_VIEW_SET_ROWS ROPE: 16 x 10.087 us = 161.4 us
SCALE: 96 x 10.53 us = 1010.96 us
SET_ROWS: 16 x 9.432 us = 150.92 us
SIGMOID: 48 x 4.168 us = 200.08 us
SIGMOID_MUL SIGMOID: 16 x 36.412 us = 582.6 us
SILU_MUL SILU: 48 x 35.148 us = 1687.12 us
SOFTPLUS_MUL SOFTPLUS: 48 x 4.395 us = 210.96 us
SSM_CONV_SILU SSM_CONV: 48 x 34.078 us = 1635.76 us
Total time: 667940 us.
3.53.960.800 I slot print_timing: id  0 | task 47 | prompt processing, n_tokens =  22528, progress = 0.26, t =  26.32 s / 855.98 tokens per second
----------------
Vulkan Timings:
ADD: 176 x 24.688 us = 4345.24 us
CONCAT: 48 x 138.329 us = 6639.8 us
CONT: 16 x 68.317 us = 1093.08 us
CPY: 96 x 4.842 us = 464.92 us
FLASH_ATTN_EXT dst(256,24,512,1),  q(256,512,24,1),  k(256,23040,4,1),  v(256,23040,4,1),  m(23040,512,1,1): 16 x 10523.7 us = 168379 us (27548.3 GFLOPS/s)
GATED_DELTA_NET: 48 x 245.228 us = 11771 us
GET_ROWS: 96 x 9.3 us = 892.8 us
GLU: 64 x 145.785 us = 9330.24 us
MUL_MAT f32 m=48 n=512 k=5120: 96 x 41.581 us = 3991.8 us (6051.61 GFLOPS/s)
MUL_MAT q4_0 m=1024 n=512 k=5120: 32 x 72.596 us = 2323.08 us (73945.8 GFLOPS/s)
MUL_MAT q4_0 m=10240 n=512 k=5120: 48 x 1072.27 us = 51468.9 us (50063.8 GFLOPS/s)
MUL_MAT q4_0 m=12288 n=512 k=5120: 16 x 1179.91 us = 18878.6 us (54595.6 GFLOPS/s)
MUL_MAT q4_0 m=17408 n=512 k=5120: 128 x 1561.31 us = 199847 us (58450.4 GFLOPS/s)
MUL_MAT q4_0 m=5120 n=512 k=17408: 56 x 1786.92 us = 100067 us (51074.2 GFLOPS/s)
MUL_MAT q4_0 m=5120 n=512 k=6144: 16 x 663.78 us = 10620.5 us (48524.6 GFLOPS/s)
MUL_MAT q4_0 m=6144 n=512 k=5120: 48 x 570.418 us = 27380.1 us (56465.8 GFLOPS/s)
MUL_MAT q4_1 m=5120 n=512 k=17408: 8 x 1858.33 us = 14866.6 us (49111.5 GFLOPS/s)
MUL_MAT q5_K m=5120 n=512 k=6144: 48 x 735.168 us = 35288.1 us (43812.6 GFLOPS/s)
RMS_NORM(128,16,512,1): 96 x 29.992 us = 2879.24 us
RMS_NORM_MUL RMS_NORM(128,48,512,1): 48 x 98.681 us = 4736.72 us
RMS_NORM_MUL RMS_NORM(256,24,512,1): 16 x 59.552 us = 952.84 us
RMS_NORM_MUL RMS_NORM(256,4,512,1): 16 x 13.7 us = 219.2 us
RMS_NORM_MUL RMS_NORM(5120,512,1,1): 129 x 26.441 us = 3410.96 us
ROPE: 16 x 45.132 us = 722.12 us
ROPE_VIEW_SET_ROWS ROPE: 16 x 10.962 us = 175.4 us
SCALE: 96 x 12.5 us = 1200.08 us
SET_ROWS: 16 x 9.85 us = 157.6 us
SIGMOID: 48 x 4.546 us = 218.24 us
SIGMOID_MUL SIGMOID: 16 x 41.89 us = 670.24 us
SILU_MUL SILU: 48 x 36.721 us = 1762.64 us
SOFTPLUS_MUL SOFTPLUS: 48 x 4.546 us = 218.24 us
SSM_CONV_SILU SSM_CONV: 48 x 47.032 us = 2257.56 us
Total time: 687230 us.
----------------
Vulkan Timings:
ADD: 176 x 24.517 us = 4315.08 us
CONCAT: 48 x 137.856 us = 6617.12 us
CONT: 16 x 66.707 us = 1067.32 us
CPY: 96 x 4.744 us = 455.48 us
FLASH_ATTN_EXT dst(256,24,512,1),  q(256,512,24,1),  k(256,23552,4,1),  v(256,23552,4,1),  m(23552,512,1,1): 16 x 10795.4 us = 172726 us (27451.8 GFLOPS/s)
GATED_DELTA_NET: 48 x 242.861 us = 11657.4 us
GET_ROWS: 96 x 9.297 us = 892.52 us
GLU: 64 x 146.218 us = 9357.96 us
MUL_MAT f32 m=48 n=512 k=5120: 96 x 41.367 us = 3971.28 us (6082.88 GFLOPS/s)
MUL_MAT q4_0 m=1024 n=512 k=5120: 32 x 71.861 us = 2299.56 us (74702.1 GFLOPS/s)
MUL_MAT q4_0 m=10240 n=512 k=5120: 48 x 1063.87 us = 51065.6 us (50459.2 GFLOPS/s)
MUL_MAT q4_0 m=12288 n=512 k=5120: 16 x 1168.3 us = 18692.8 us (55138.3 GFLOPS/s)
MUL_MAT q4_0 m=17408 n=512 k=5120: 128 x 1551.86 us = 198638 us (58806.2 GFLOPS/s)
MUL_MAT q4_0 m=5120 n=512 k=17408: 56 x 1787.63 us = 100107 us (51053.9 GFLOPS/s)
MUL_MAT q4_0 m=5120 n=512 k=6144: 16 x 662.937 us = 10607 us (48586.2 GFLOPS/s)
MUL_MAT q4_0 m=6144 n=512 k=5120: 48 x 564.271 us = 27085 us (57080.9 GFLOPS/s)
MUL_MAT q4_1 m=5120 n=512 k=17408: 8 x 1836.37 us = 14691 us (49698.8 GFLOPS/s)
MUL_MAT q5_K m=5120 n=512 k=6144: 48 x 728.004 us = 34944.2 us (44243.7 GFLOPS/s)
RMS_NORM(128,16,512,1): 96 x 29.756 us = 2856.64 us
RMS_NORM_MUL RMS_NORM(128,48,512,1): 48 x 97.495 us = 4679.8 us
RMS_NORM_MUL RMS_NORM(256,24,512,1): 16 x 59.96 us = 959.36 us
RMS_NORM_MUL RMS_NORM(256,4,512,1): 16 x 13.652 us = 218.44 us
RMS_NORM_MUL RMS_NORM(5120,512,1,1): 129 x 26.268 us = 3388.6 us
ROPE: 16 x 43.66 us = 698.56 us
ROPE_VIEW_SET_ROWS ROPE: 16 x 10.942 us = 175.08 us
SCALE: 96 x 12.472 us = 1197.36 us
SET_ROWS: 16 x 9.79 us = 156.64 us
SIGMOID: 48 x 4.365 us = 209.52 us
SIGMOID_MUL SIGMOID: 16 x 39.472 us = 631.56 us
SILU_MUL SILU: 48 x 36.432 us = 1748.76 us
SOFTPLUS_MUL SOFTPLUS: 48 x 4.541 us = 218 us
SSM_CONV_SILU SSM_CONV: 48 x 39.915 us = 1915.96 us
Total time: 688245 us.
----------------
Vulkan Timings:
ADD: 176 x 15.892 us = 2797.16 us
CONCAT: 48 x 132.687 us = 6369 us
CONT: 16 x 45.01 us = 720.16 us
CPY: 96 x 4.206 us = 403.84 us
FLASH_ATTN_EXT dst(256,24,512,1),  q(256,512,24,1),  k(256,24064,4,1),  v(256,24064,4,1),  m(24064,512,1,1): 16 x 10814.4 us = 173031 us (27999.1 GFLOPS/s)
GATED_DELTA_NET: 48 x 236.357 us = 11345.2 us
GET_ROWS: 96 x 7.642 us = 733.68 us
GLU: 64 x 104.803 us = 6707.4 us
MUL_MAT f32 m=48 n=512 k=5120: 96 x 36.42 us = 3496.32 us (6909.22 GFLOPS/s)
MUL_MAT q4_0 m=1024 n=512 k=5120: 32 x 71.765 us = 2296.48 us (74802.3 GFLOPS/s)
MUL_MAT q4_0 m=10240 n=512 k=5120: 48 x 1068.63 us = 51294.2 us (50234.3 GFLOPS/s)
MUL_MAT q4_0 m=12288 n=512 k=5120: 16 x 1161.56 us = 18584.9 us (55458.5 GFLOPS/s)
MUL_MAT q4_0 m=17408 n=512 k=5120: 128 x 1549.13 us = 198289 us (58909.8 GFLOPS/s)
MUL_MAT q4_0 m=5120 n=512 k=17408: 56 x 1775.51 us = 99428.4 us (51402.4 GFLOPS/s)
MUL_MAT q4_0 m=5120 n=512 k=6144: 16 x 659.382 us = 10550.1 us (48848.2 GFLOPS/s)
MUL_MAT q4_0 m=6144 n=512 k=5120: 48 x 555.1 us = 26644.8 us (58024 GFLOPS/s)
MUL_MAT q4_1 m=5120 n=512 k=17408: 8 x 1827.56 us = 14620.4 us (49938.5 GFLOPS/s)
MUL_MAT q5_K m=5120 n=512 k=6144: 48 x 724.722 us = 34786.7 us (44444.1 GFLOPS/s)
RMS_NORM(128,16,512,1): 96 x 27.922 us = 2680.6 us
RMS_NORM_MUL RMS_NORM(128,48,512,1): 48 x 97.939 us = 4701.08 us
RMS_NORM_MUL RMS_NORM(256,24,512,1): 16 x 54.705 us = 875.28 us
RMS_NORM_MUL RMS_NORM(256,4,512,1): 16 x 12.54 us = 200.64 us
RMS_NORM_MUL RMS_NORM(5120,512,1,1): 129 x 19.692 us = 2540.36 us
ROPE: 16 x 37.285 us = 596.56 us
ROPE_VIEW_SET_ROWS ROPE: 16 x 9.732 us = 155.72 us
SCALE: 96 x 10.101 us = 969.72 us
SET_ROWS: 16 x 9.415 us = 150.64 us
SIGMOID: 48 x 4.175 us = 200.44 us
SIGMOID_MUL SIGMOID: 16 x 35.417 us = 566.68 us
SILU_MUL SILU: 48 x 35.385 us = 1698.48 us
SOFTPLUS_MUL SOFTPLUS: 48 x 4.346 us = 208.64 us
SSM_CONV_SILU SSM_CONV: 48 x 31.364 us = 1505.48 us
Total time: 679149 us.
----------------
Vulkan Timings:
ADD: 176 x 13.469 us = 2370.68 us
CONCAT: 48 x 130.938 us = 6285.04 us
CONT: 16 x 37.94 us = 607.04 us
CPY: 96 x 3.967 us = 380.92 us
FLASH_ATTN_EXT dst(256,24,512,1),  q(256,512,24,1),  k(256,24576,4,1),  v(256,24576,4,1),  m(24576,512,1,1): 16 x 11072.1 us = 177153 us (27929.5 GFLOPS/s)
GATED_DELTA_NET: 48 x 235.383 us = 11298.4 us
GET_ROWS: 96 x 7.211 us = 692.32 us
GLU: 64 x 95.05 us = 6083.24 us
MUL_MAT f32 m=48 n=512 k=5120: 96 x 35.244 us = 3383.48 us (7139.64 GFLOPS/s)
MUL_MAT q4_0 m=1024 n=512 k=5120: 32 x 67.362 us = 2155.6 us (79691 GFLOPS/s)
MUL_MAT q4_0 m=10240 n=512 k=5120: 48 x 1059.6 us = 50860.6 us (50662.5 GFLOPS/s)
MUL_MAT q4_0 m=12288 n=512 k=5120: 16 x 1161.69 us = 18587 us (55452.2 GFLOPS/s)
MUL_MAT q4_0 m=17408 n=512 k=5120: 128 x 1549.85 us = 198381 us (58882.6 GFLOPS/s)
MUL_MAT q4_0 m=5120 n=512 k=17408: 56 x 1770.8 us = 99164.6 us (51539.2 GFLOPS/s)
MUL_MAT q4_0 m=5120 n=512 k=6144: 16 x 657.062 us = 10513 us (49020.7 GFLOPS/s)
MUL_MAT q4_0 m=6144 n=512 k=5120: 48 x 554.161 us = 26599.8 us (58122.2 GFLOPS/s)
MUL_MAT q4_1 m=5120 n=512 k=17408: 8 x 1809.24 us = 14474 us (50443.9 GFLOPS/s)
MUL_MAT q5_K m=5120 n=512 k=6144: 48 x 731.33 us = 35103.9 us (44042.5 GFLOPS/s)
RMS_NORM(128,16,512,1): 96 x 27.392 us = 2629.68 us
RMS_NORM_MUL RMS_NORM(128,48,512,1): 48 x 96.222 us = 4618.68 us
RMS_NORM_MUL RMS_NORM(256,24,512,1): 16 x 53.917 us = 862.68 us
RMS_NORM_MUL RMS_NORM(256,4,512,1): 16 x 12.285 us = 196.56 us
RMS_NORM_MUL RMS_NORM(5120,512,1,1): 129 x 17.968 us = 2318 us
ROPE: 16 x 35.507 us = 568.12 us
ROPE_VIEW_SET_ROWS ROPE: 16 x 9.445 us = 151.12 us
SCALE: 96 x 9.485 us = 910.64 us
SET_ROWS: 16 x 9.312 us = 149 us
SIGMOID: 48 x 4.218 us = 202.48 us
SIGMOID_MUL SIGMOID: 16 x 34.535 us = 552.56 us
SILU_MUL SILU: 48 x 35.016 us = 1680.8 us
SOFTPLUS_MUL SOFTPLUS: 48 x 4.207 us = 201.96 us
SSM_CONV_SILU SSM_CONV: 48 x 29.77 us = 1429 us
Total time: 680565 us.
3.56.778.199 I slot print_timing: id  0 | task 47 | prompt processing, n_tokens =  24576, progress = 0.28, t =  29.14 s / 843.50 tokens per second
----------------
Vulkan Timings:
ADD: 176 x 18.043 us = 3175.68 us
CONCAT: 48 x 134.983 us = 6479.2 us
CONT: 16 x 51.17 us = 818.72 us
CPY: 96 x 4.291 us = 412 us
FLASH_ATTN_EXT dst(256,24,512,1),  q(256,512,24,1),  k(256,25088,4,1),  v(256,25088,4,1),  m(25088,512,1,1): 16 x 11384.9 us = 182158 us (27728 GFLOPS/s)
GATED_DELTA_NET: 48 x 240.734 us = 11555.2 us
GET_ROWS: 96 x 8.043 us = 772.16 us
GLU: 64 x 115.765 us = 7409 us
MUL_MAT f32 m=48 n=512 k=5120: 96 x 37.726 us = 3621.72 us (6669.99 GFLOPS/s)
MUL_MAT q4_0 m=1024 n=512 k=5120: 32 x 70.123 us = 2243.96 us (76553 GFLOPS/s)
MUL_MAT q4_0 m=10240 n=512 k=5120: 48 x 1074.77 us = 51589 us (49947.3 GFLOPS/s)
MUL_MAT q4_0 m=12288 n=512 k=5120: 16 x 1180.09 us = 18881.4 us (54587.8 GFLOPS/s)
MUL_MAT q4_0 m=17408 n=512 k=5120: 128 x 1568.44 us = 200760 us (58184.7 GFLOPS/s)
MUL_MAT q4_0 m=5120 n=512 k=17408: 56 x 1786.04 us = 100018 us (51099.5 GFLOPS/s)
MUL_MAT q4_0 m=5120 n=512 k=6144: 16 x 662.655 us = 10602.5 us (48606.9 GFLOPS/s)
MUL_MAT q4_0 m=6144 n=512 k=5120: 48 x 571.05 us = 27410.4 us (56403.3 GFLOPS/s)
MUL_MAT q4_1 m=5120 n=512 k=17408: 8 x 1874.64 us = 14997.1 us (48684.2 GFLOPS/s)
MUL_MAT q5_K m=5120 n=512 k=6144: 48 x 735.133 us = 35286.4 us (43814.7 GFLOPS/s)
RMS_NORM(128,16,512,1): 96 x 28.573 us = 2743.04 us
RMS_NORM_MUL RMS_NORM(128,48,512,1): 48 x 98.535 us = 4729.72 us
RMS_NORM_MUL RMS_NORM(256,24,512,1): 16 x 56.365 us = 901.84 us
RMS_NORM_MUL RMS_NORM(256,4,512,1): 16 x 13.272 us = 212.36 us
RMS_NORM_MUL RMS_NORM(5120,512,1,1): 129 x 21.207 us = 2735.8 us
ROPE: 16 x 41.605 us = 665.68 us
ROPE_VIEW_SET_ROWS ROPE: 16 x 10.177 us = 162.84 us
SCALE: 96 x 10.806 us = 1037.4 us
SET_ROWS: 16 x 9.95 us = 159.2 us
SIGMOID: 48 x 4.358 us = 209.2 us
SIGMOID_MUL SIGMOID: 16 x 37.802 us = 604.84 us
SILU_MUL SILU: 48 x 36.11 us = 1733.28 us
SOFTPLUS_MUL SOFTPLUS: 48 x 4.315 us = 207.12 us
SSM_CONV_SILU SSM_CONV: 48 x 34.05 us = 1634.44 us
Total time: 695927 us.
----------------
Vulkan Timings:
ADD: 176 x 13.629 us = 2398.8 us
CONCAT: 48 x 131.906 us = 6331.52 us
CONT: 16 x 39.432 us = 630.92 us
CPY: 96 x 3.867 us = 371.32 us
FLASH_ATTN_EXT dst(256,24,512,1),  q(256,512,24,1),  k(256,25600,4,1),  v(256,25600,4,1),  m(25600,512,1,1): 16 x 11539.6 us = 184634 us (27914.5 GFLOPS/s)
GATED_DELTA_NET: 48 x 236.453 us = 11349.8 us
GET_ROWS: 96 x 7.235 us = 694.56 us
GLU: 64 x 93.532 us = 5986.08 us
MUL_MAT f32 m=48 n=512 k=5120: 96 x 35.459 us = 3404.12 us (7096.35 GFLOPS/s)
MUL_MAT q4_0 m=1024 n=512 k=5120: 32 x 66.968 us = 2143 us (80159.5 GFLOPS/s)
MUL_MAT q4_0 m=10240 n=512 k=5120: 48 x 1067.83 us = 51256 us (50271.7 GFLOPS/s)
MUL_MAT q4_0 m=12288 n=512 k=5120: 16 x 1152.95 us = 18447.2 us (55872.5 GFLOPS/s)
MUL_MAT q4_0 m=17408 n=512 k=5120: 128 x 1551.82 us = 198633 us (58807.7 GFLOPS/s)
MUL_MAT q4_0 m=5120 n=512 k=17408: 56 x 1768.85 us = 99055.5 us (51596 GFLOPS/s)
MUL_MAT q4_0 m=5120 n=512 k=6144: 16 x 658.137 us = 10530.2 us (48940.6 GFLOPS/s)
MUL_MAT q4_0 m=6144 n=512 k=5120: 48 x 555.678 us = 26672.6 us (57963.6 GFLOPS/s)
MUL_MAT q4_1 m=5120 n=512 k=17408: 8 x 1819.96 us = 14559.7 us (50146.8 GFLOPS/s)
MUL_MAT q5_K m=5120 n=512 k=6144: 48 x 728.609 us = 34973.2 us (44207 GFLOPS/s)
RMS_NORM(128,16,512,1): 96 x 27.492 us = 2639.28 us
RMS_NORM_MUL RMS_NORM(128,48,512,1): 48 x 96.23 us = 4619.08 us
RMS_NORM_MUL RMS_NORM(256,24,512,1): 16 x 53.792 us = 860.68 us
RMS_NORM_MUL RMS_NORM(256,4,512,1): 16 x 12.532 us = 200.52 us
RMS_NORM_MUL RMS_NORM(5120,512,1,1): 129 x 17.599 us = 2270.36 us
ROPE: 16 x 36.522 us = 584.36 us
ROPE_VIEW_SET_ROWS ROPE: 16 x 9.457 us = 151.32 us
SCALE: 96 x 9.534 us = 915.28 us
SET_ROWS: 16 x 9.547 us = 152.76 us
SIGMOID: 48 x 4.215 us = 202.32 us
SIGMOID_MUL SIGMOID: 16 x 35.872 us = 573.96 us
SILU_MUL SILU: 48 x 34.937 us = 1677 us
SOFTPLUS_MUL SOFTPLUS: 48 x 4.261 us = 204.56 us
SSM_CONV_SILU SSM_CONV: 48 x 29.485 us = 1415.28 us
Total time: 688539 us.
----------------
Vulkan Timings:
ADD: 176 x 21.697 us = 3818.72 us
CONCAT: 48 x 136.224 us = 6538.76 us
CONT: 16 x 60.452 us = 967.24 us
CPY: 96 x 4.672 us = 448.52 us
FLASH_ATTN_EXT dst(256,24,512,1),  q(256,512,24,1),  k(256,26112,4,1),  v(256,26112,4,1),  m(26112,512,1,1): 16 x 11870.5 us = 189929 us (27679 GFLOPS/s)
GATED_DELTA_NET: 48 x 241.825 us = 11607.6 us
GET_ROWS: 96 x 8.699 us = 835.12 us
GLU: 64 x 137.603 us = 8806.6 us
MUL_MAT f32 m=48 n=512 k=5120: 96 x 42.344 us = 4065.08 us (5942.52 GFLOPS/s)
MUL_MAT q4_0 m=1024 n=512 k=5120: 32 x 71.641 us = 2292.52 us (74931.5 GFLOPS/s)
MUL_MAT q4_0 m=10240 n=512 k=5120: 48 x 1067.19 us = 51225.3 us (50301.9 GFLOPS/s)
MUL_MAT q4_0 m=12288 n=512 k=5120: 16 x 1168.02 us = 18688.4 us (55151.5 GFLOPS/s)
MUL_MAT q4_0 m=17408 n=512 k=5120: 128 x 1545.56 us = 197832 us (59046.1 GFLOPS/s)
MUL_MAT q4_0 m=5120 n=512 k=17408: 56 x 1781.75 us = 99778.2 us (51222.2 GFLOPS/s)
MUL_MAT q4_0 m=5120 n=512 k=6144: 16 x 663.062 us = 10609 us (48577.1 GFLOPS/s)
MUL_MAT q4_0 m=6144 n=512 k=5120: 48 x 564.042 us = 27074 us (57104 GFLOPS/s)
MUL_MAT q4_1 m=5120 n=512 k=17408: 8 x 1812.79 us = 14502.3 us (50345.3 GFLOPS/s)
MUL_MAT q5_K m=5120 n=512 k=6144: 48 x 735.059 us = 35282.8 us (43819.1 GFLOPS/s)
RMS_NORM(128,16,512,1): 96 x 29.376 us = 2820.16 us
RMS_NORM_MUL RMS_NORM(128,48,512,1): 48 x 97.205 us = 4665.88 us
RMS_NORM_MUL RMS_NORM(256,24,512,1): 16 x 58.44 us = 935.04 us
RMS_NORM_MUL RMS_NORM(256,4,512,1): 16 x 13.787 us = 220.6 us
RMS_NORM_MUL RMS_NORM(5120,512,1,1): 129 x 23.918 us = 3085.52 us
ROPE: 16 x 43.262 us = 692.2 us
ROPE_VIEW_SET_ROWS ROPE: 16 x 10.687 us = 171 us
SCALE: 96 x 11.824 us = 1135.12 us
SET_ROWS: 16 x 10.12 us = 161.92 us
SIGMOID: 48 x 4.347 us = 208.68 us
SIGMOID_MUL SIGMOID: 16 x 38.57 us = 617.12 us
SILU_MUL SILU: 48 x 36.26 us = 1740.48 us
SOFTPLUS_MUL SOFTPLUS: 48 x 4.474 us = 214.76 us
SSM_CONV_SILU SSM_CONV: 48 x 37.837 us = 1816.2 us
Total time: 702785 us.
----------------
Vulkan Timings:
ADD: 176 x 23.701 us = 4171.44 us
CONCAT: 48 x 138.272 us = 6637.08 us
CONT: 16 x 64.577 us = 1033.24 us
CPY: 96 x 4.931 us = 473.44 us
FLASH_ATTN_EXT dst(256,24,512,1),  q(256,512,24,1),  k(256,26624,4,1),  v(256,26624,4,1),  m(26624,512,1,1): 16 x 12307.1 us = 196914 us (27220.6 GFLOPS/s)
GATED_DELTA_NET: 48 x 243.069 us = 11667.3 us
GET_ROWS: 96 x 9.182 us = 881.52 us
GLU: 64 x 146.217 us = 9357.92 us
MUL_MAT f32 m=48 n=512 k=5120: 96 x 41.357 us = 3970.32 us (6084.35 GFLOPS/s)
MUL_MAT q4_0 m=1024 n=512 k=5120: 32 x 75.52 us = 2416.64 us (71083 GFLOPS/s)
MUL_MAT q4_0 m=10240 n=512 k=5120: 48 x 1070.88 us = 51402.5 us (50128.5 GFLOPS/s)
MUL_MAT q4_0 m=12288 n=512 k=5120: 16 x 1175.94 us = 18815.1 us (54780 GFLOPS/s)
MUL_MAT q4_0 m=17408 n=512 k=5120: 128 x 1549.95 us = 198393 us (58878.9 GFLOPS/s)
MUL_MAT q4_0 m=5120 n=512 k=17408: 56 x 1786.71 us = 100056 us (51080.1 GFLOPS/s)
MUL_MAT q4_0 m=5120 n=512 k=6144: 16 x 668.115 us = 10689.8 us (48209.7 GFLOPS/s)
MUL_MAT q4_0 m=6144 n=512 k=5120: 48 x 566.827 us = 27207.7 us (56823.5 GFLOPS/s)
MUL_MAT q4_1 m=5120 n=512 k=17408: 8 x 1840.28 us = 14722.2 us (49593.4 GFLOPS/s)
MUL_MAT q5_K m=5120 n=512 k=6144: 48 x 731.696 us = 35121.4 us (44020.5 GFLOPS/s)
RMS_NORM(128,16,512,1): 96 x 29.925 us = 2872.8 us
RMS_NORM_MUL RMS_NORM(128,48,512,1): 48 x 99.024 us = 4753.16 us
RMS_NORM_MUL RMS_NORM(256,24,512,1): 16 x 59.94 us = 959.04 us
RMS_NORM_MUL RMS_NORM(256,4,512,1): 16 x 14.072 us = 225.16 us
RMS_NORM_MUL RMS_NORM(5120,512,1,1): 129 x 25.856 us = 3335.52 us
ROPE: 16 x 45.492 us = 727.88 us
ROPE_VIEW_SET_ROWS ROPE: 16 x 11.017 us = 176.28 us
SCALE: 96 x 12.475 us = 1197.6 us
SET_ROWS: 16 x 10.217 us = 163.48 us
SIGMOID: 48 x 4.38 us = 210.28 us
SIGMOID_MUL SIGMOID: 16 x 39.722 us = 635.56 us
SILU_MUL SILU: 48 x 37.159 us = 1783.64 us
SOFTPLUS_MUL SOFTPLUS: 48 x 4.509 us = 216.44 us
SSM_CONV_SILU SSM_CONV: 48 x 40.426 us = 1940.48 us
Total time: 713128 us.
3.59.662.761 I slot print_timing: id  0 | task 47 | prompt processing, n_tokens =  26624, progress = 0.30, t =  32.02 s / 831.47 tokens per second
----------------
Vulkan Timings:
ADD: 176 x 24.068 us = 4236 us
CONCAT: 48 x 140.306 us = 6734.72 us
CONT: 16 x 64.437 us = 1031 us
CPY: 96 x 4.829 us = 463.64 us
FLASH_ATTN_EXT dst(256,24,512,1),  q(256,512,24,1),  k(256,27136,4,1),  v(256,27136,4,1),  m(27136,512,1,1): 16 x 12851.1 us = 205618 us (26569.7 GFLOPS/s)
GATED_DELTA_NET: 48 x 247.262 us = 11868.6 us
GET_ROWS: 96 x 9.17 us = 880.4 us
GLU: 64 x 145.089 us = 9285.72 us
MUL_MAT f32 m=48 n=512 k=5120: 96 x 41.977 us = 4029.84 us (5994.49 GFLOPS/s)
MUL_MAT q4_0 m=1024 n=512 k=5120: 32 x 72.647 us = 2324.72 us (73893.6 GFLOPS/s)
MUL_MAT q4_0 m=10240 n=512 k=5120: 48 x 1081.18 us = 51896.9 us (49650.9 GFLOPS/s)
MUL_MAT q4_0 m=12288 n=512 k=5120: 16 x 1178.85 us = 18861.6 us (54645 GFLOPS/s)
MUL_MAT q4_0 m=17408 n=512 k=5120: 128 x 1567.73 us = 200670 us (58211 GFLOPS/s)
MUL_MAT q4_0 m=5120 n=512 k=17408: 56 x 1792.76 us = 100395 us (50907.7 GFLOPS/s)
MUL_MAT q4_0 m=5120 n=512 k=6144: 16 x 665.405 us = 10646.5 us (48406.1 GFLOPS/s)
MUL_MAT q4_0 m=6144 n=512 k=5120: 48 x 576.012 us = 27648.6 us (55917.4 GFLOPS/s)
MUL_MAT q4_1 m=5120 n=512 k=17408: 8 x 1936.64 us = 15493.2 us (47125.5 GFLOPS/s)
MUL_MAT q5_K m=5120 n=512 k=6144: 48 x 744.322 us = 35727.5 us (43273.8 GFLOPS/s)
RMS_NORM(128,16,512,1): 96 x 30.249 us = 2903.92 us
RMS_NORM_MUL RMS_NORM(128,48,512,1): 48 x 99.127 us = 4758.12 us
RMS_NORM_MUL RMS_NORM(256,24,512,1): 16 x 59.422 us = 950.76 us
RMS_NORM_MUL RMS_NORM(256,4,512,1): 16 x 14.1 us = 225.6 us
RMS_NORM_MUL RMS_NORM(5120,512,1,1): 129 x 25.861 us = 3336.08 us
ROPE: 16 x 45.872 us = 733.96 us
ROPE_VIEW_SET_ROWS ROPE: 16 x 11.032 us = 176.52 us
SCALE: 96 x 12.598 us = 1209.48 us
SET_ROWS: 16 x 10.262 us = 164.2 us
SIGMOID: 48 x 4.543 us = 218.08 us
SIGMOID_MUL SIGMOID: 16 x 39.807 us = 636.92 us
SILU_MUL SILU: 48 x 37.155 us = 1783.44 us
SOFTPLUS_MUL SOFTPLUS: 48 x 4.509 us = 216.44 us
SSM_CONV_SILU SSM_CONV: 48 x 40.112 us = 1925.4 us
Total time: 727050 us.
----------------
Vulkan Timings:
ADD: 176 x 24.18 us = 4255.8 us
CONCAT: 48 x 138.864 us = 6665.48 us
CONT: 16 x 65.93 us = 1054.88 us
CPY: 96 x 4.887 us = 469.16 us
FLASH_ATTN_EXT dst(256,24,512,1),  q(256,512,24,1),  k(256,27648,4,1),  v(256,27648,4,1),  m(27648,512,1,1): 16 x 12898.9 us = 206383 us (26970.6 GFLOPS/s)
GATED_DELTA_NET: 48 x 243.605 us = 11693 us
GET_ROWS: 96 x 9.071 us = 870.84 us
GLU: 64 x 145.418 us = 9306.76 us
MUL_MAT f32 m=48 n=512 k=5120: 96 x 41.317 us = 3966.52 us (6090.18 GFLOPS/s)
MUL_MAT q4_0 m=1024 n=512 k=5120: 32 x 72.232 us = 2311.44 us (74318.1 GFLOPS/s)
MUL_MAT q4_0 m=10240 n=512 k=5120: 48 x 1069.95 us = 51357.5 us (50172.4 GFLOPS/s)
MUL_MAT q4_0 m=12288 n=512 k=5120: 16 x 1173.95 us = 18783.2 us (54872.9 GFLOPS/s)
MUL_MAT q4_0 m=17408 n=512 k=5120: 128 x 1553.77 us = 198882 us (58734.2 GFLOPS/s)
MUL_MAT q4_0 m=5120 n=512 k=17408: 56 x 1778.13 us = 99575.1 us (51326.7 GFLOPS/s)
MUL_MAT q4_0 m=5120 n=512 k=6144: 16 x 662.222 us = 10595.6 us (48638.7 GFLOPS/s)
MUL_MAT q4_0 m=6144 n=512 k=5120: 48 x 567.534 us = 27241.6 us (56752.7 GFLOPS/s)
MUL_MAT q4_1 m=5120 n=512 k=17408: 8 x 1858.96 us = 14871.7 us (49094.9 GFLOPS/s)
MUL_MAT q5_K m=5120 n=512 k=6144: 48 x 733.781 us = 35221.5 us (43895.4 GFLOPS/s)
RMS_NORM(128,16,512,1): 96 x 29.977 us = 2877.84 us
RMS_NORM_MUL RMS_NORM(128,48,512,1): 48 x 98.126 us = 4710.08 us
RMS_NORM_MUL RMS_NORM(256,24,512,1): 16 x 59.657 us = 954.52 us
RMS_NORM_MUL RMS_NORM(256,4,512,1): 16 x 13.675 us = 218.8 us
RMS_NORM_MUL RMS_NORM(5120,512,1,1): 129 x 25.863 us = 3336.4 us
ROPE: 16 x 44.86 us = 717.76 us
ROPE_VIEW_SET_ROWS ROPE: 16 x 10.945 us = 175.12 us
SCALE: 96 x 12.528 us = 1202.72 us
SET_ROWS: 16 x 9.832 us = 157.32 us
SIGMOID: 48 x 4.495 us = 215.8 us
SIGMOID_MUL SIGMOID: 16 x 40.117 us = 641.88 us
SILU_MUL SILU: 48 x 36.974 us = 1774.76 us
SOFTPLUS_MUL SOFTPLUS: 48 x 4.403 us = 211.36 us
SSM_CONV_SILU SSM_CONV: 48 x 40.065 us = 1923.12 us
Total time: 722623 us.
----------------
Vulkan Timings:
ADD: 176 x 22.688 us = 3993.2 us
CONCAT: 48 x 137.944 us = 6621.32 us
CONT: 16 x 61.982 us = 991.72 us
CPY: 96 x 4.743 us = 455.36 us
FLASH_ATTN_EXT dst(256,24,512,1),  q(256,512,24,1),  k(256,28160,4,1),  v(256,28160,4,1),  m(28160,512,1,1): 16 x 12904.4 us = 206471 us (27458.4 GFLOPS/s)
GATED_DELTA_NET: 48 x 243.603 us = 11693 us
GET_ROWS: 96 x 8.997 us = 863.72 us
GLU: 64 x 139.041 us = 8898.64 us
MUL_MAT f32 m=48 n=512 k=5120: 96 x 40.69 us = 3906.24 us (6184.16 GFLOPS/s)
MUL_MAT q4_0 m=1024 n=512 k=5120: 32 x 71.292 us = 2281.36 us (75298 GFLOPS/s)
MUL_MAT q4_0 m=10240 n=512 k=5120: 48 x 1069.82 us = 51351.2 us (50178.5 GFLOPS/s)
MUL_MAT q4_0 m=12288 n=512 k=5120: 16 x 1168.42 us = 18694.7 us (55132.9 GFLOPS/s)
MUL_MAT q4_0 m=17408 n=512 k=5120: 128 x 1554.47 us = 198973 us (58707.4 GFLOPS/s)
MUL_MAT q4_0 m=5120 n=512 k=17408: 56 x 1774.7 us = 99383.1 us (51425.9 GFLOPS/s)
MUL_MAT q4_0 m=5120 n=512 k=6144: 16 x 662.18 us = 10594.9 us (48641.8 GFLOPS/s)
MUL_MAT q4_0 m=6144 n=512 k=5120: 48 x 567.44 us = 27237.2 us (56762.1 GFLOPS/s)
MUL_MAT q4_1 m=5120 n=512 k=17408: 8 x 1857.37 us = 14858.9 us (49137 GFLOPS/s)
MUL_MAT q5_K m=5120 n=512 k=6144: 48 x 733.365 us = 35201.5 us (43920.3 GFLOPS/s)
RMS_NORM(128,16,512,1): 96 x 29.807 us = 2861.56 us
RMS_NORM_MUL RMS_NORM(128,48,512,1): 48 x 98.644 us = 4734.92 us
RMS_NORM_MUL RMS_NORM(256,24,512,1): 16 x 58.112 us = 929.8 us
RMS_NORM_MUL RMS_NORM(256,4,512,1): 16 x 13.497 us = 215.96 us
RMS_NORM_MUL RMS_NORM(5120,512,1,1): 129 x 24.871 us = 3208.36 us
ROPE: 16 x 44.147 us = 706.36 us
ROPE_VIEW_SET_ROWS ROPE: 16 x 10.715 us = 171.44 us
SCALE: 96 x 12.217 us = 1172.84 us
SET_ROWS: 16 x 9.757 us = 156.12 us
SIGMOID: 48 x 4.441 us = 213.2 us
SIGMOID_MUL SIGMOID: 16 x 39.445 us = 631.12 us
SILU_MUL SILU: 48 x 36.489 us = 1751.48 us
SOFTPLUS_MUL SOFTPLUS: 48 x 4.498 us = 215.92 us
SSM_CONV_SILU SSM_CONV: 48 x 38.868 us = 1865.68 us
Total time: 721304 us.
----------------
Vulkan Timings:
ADD: 176 x 13.919 us = 2449.76 us
CONCAT: 48 x 132.225 us = 6346.8 us
CONT: 16 x 37.365 us = 597.84 us
CPY: 96 x 3.942 us = 378.52 us
FLASH_ATTN_EXT dst(256,24,512,1),  q(256,512,24,1),  k(256,28672,4,1),  v(256,28672,4,1),  m(28672,512,1,1): 16 x 13022.3 us = 208356 us (27704.6 GFLOPS/s)
GATED_DELTA_NET: 48 x 237.007 us = 11376.4 us
GET_ROWS: 96 x 7.214 us = 692.6 us
GLU: 64 x 93.636 us = 5992.72 us
MUL_MAT f32 m=48 n=512 k=5120: 96 x 35.41 us = 3399.4 us (7106.2 GFLOPS/s)
MUL_MAT q4_0 m=1024 n=512 k=5120: 32 x 70.817 us = 2266.16 us (75803.1 GFLOPS/s)
MUL_MAT q4_0 m=10240 n=512 k=5120: 48 x 1071.61 us = 51437.4 us (50094.5 GFLOPS/s)
MUL_MAT q4_0 m=12288 n=512 k=5120: 16 x 1156.04 us = 18496.6 us (55723.2 GFLOPS/s)
MUL_MAT q4_0 m=17408 n=512 k=5120: 128 x 1553.44 us = 198841 us (58746.3 GFLOPS/s)
MUL_MAT q4_0 m=5120 n=512 k=17408: 56 x 1773.78 us = 99331.7 us (51452.5 GFLOPS/s)
MUL_MAT q4_0 m=5120 n=512 k=6144: 16 x 658.472 us = 10535.6 us (48915.7 GFLOPS/s)
MUL_MAT q4_0 m=6144 n=512 k=5120: 48 x 557.673 us = 26768.3 us (57756.2 GFLOPS/s)
MUL_MAT q4_1 m=5120 n=512 k=17408: 8 x 1851.52 us = 14812.1 us (49292.3 GFLOPS/s)
MUL_MAT q5_K m=5120 n=512 k=6144: 48 x 728.431 us = 34964.7 us (44217.8 GFLOPS/s)
RMS_NORM(128,16,512,1): 96 x 27.588 us = 2648.52 us
RMS_NORM_MUL RMS_NORM(128,48,512,1): 48 x 97.119 us = 4661.72 us
RMS_NORM_MUL RMS_NORM(256,24,512,1): 16 x 54.432 us = 870.92 us
RMS_NORM_MUL RMS_NORM(256,4,512,1): 16 x 12.317 us = 197.08 us
RMS_NORM_MUL RMS_NORM(5120,512,1,1): 129 x 17.589 us = 2269.08 us
ROPE: 16 x 35.502 us = 568.04 us
ROPE_VIEW_SET_ROWS ROPE: 16 x 9.432 us = 150.92 us
SCALE: 96 x 9.517 us = 913.64 us
SET_ROWS: 16 x 9.32 us = 149.12 us
SIGMOID: 48 x 4.115 us = 197.52 us
SIGMOID_MUL SIGMOID: 16 x 34.577 us = 553.24 us
SILU_MUL SILU: 48 x 34.953 us = 1677.76 us
SOFTPLUS_MUL SOFTPLUS: 48 x 4.387 us = 210.6 us
SSM_CONV_SILU SSM_CONV: 48 x 29.575 us = 1419.64 us
Total time: 713532 us.
4.02.636.818 I slot print_timing: id  0 | task 47 | prompt processing, n_tokens =  28672, progress = 0.33, t =  34.99 s / 819.33 tokens per second
----------------
Vulkan Timings:
ADD: 176 x 18.22 us = 3206.84 us
CONCAT: 48 x 135.144 us = 6486.92 us
CONT: 16 x 48.075 us = 769.2 us
CPY: 96 x 4.342 us = 416.92 us
FLASH_ATTN_EXT dst(256,24,512,1),  q(256,512,24,1),  k(256,29184,4,1),  v(256,29184,4,1),  m(29184,512,1,1): 16 x 13280.1 us = 212482 us (27651.8 GFLOPS/s)
GATED_DELTA_NET: 48 x 242.537 us = 11641.8 us
GET_ROWS: 96 x 8.051 us = 772.92 us
GLU: 64 x 114.33 us = 7317.12 us
MUL_MAT f32 m=48 n=512 k=5120: 96 x 38.133 us = 3660.84 us (6598.71 GFLOPS/s)
MUL_MAT q4_0 m=1024 n=512 k=5120: 32 x 69.313 us = 2218.04 us (77447.6 GFLOPS/s)
MUL_MAT q4_0 m=10240 n=512 k=5120: 48 x 1073.58 us = 51531.7 us (50002.8 GFLOPS/s)
MUL_MAT q4_0 m=12288 n=512 k=5120: 16 x 1183.37 us = 18934 us (54436.1 GFLOPS/s)
MUL_MAT q4_0 m=17408 n=512 k=5120: 128 x 1560.41 us = 199732 us (58484.1 GFLOPS/s)
MUL_MAT q4_0 m=5120 n=512 k=17408: 56 x 1781.79 us = 99780 us (51221.3 GFLOPS/s)
MUL_MAT q4_0 m=5120 n=512 k=6144: 16 x 660.185 us = 10563 us (48788.8 GFLOPS/s)
MUL_MAT q4_0 m=6144 n=512 k=5120: 48 x 565.673 us = 27152.3 us (56939.4 GFLOPS/s)
MUL_MAT q4_1 m=5120 n=512 k=17408: 8 x 1864.08 us = 14912.6 us (48960.2 GFLOPS/s)
MUL_MAT q5_K m=5120 n=512 k=6144: 48 x 737.19 us = 35385.2 us (43692.4 GFLOPS/s)
RMS_NORM(128,16,512,1): 96 x 28.805 us = 2765.32 us
RMS_NORM_MUL RMS_NORM(128,48,512,1): 48 x 97.41 us = 4675.72 us
RMS_NORM_MUL RMS_NORM(256,24,512,1): 16 x 56.815 us = 909.04 us
RMS_NORM_MUL RMS_NORM(256,4,512,1): 16 x 12.87 us = 205.92 us
RMS_NORM_MUL RMS_NORM(5120,512,1,1): 129 x 20.985 us = 2707.16 us
ROPE: 16 x 39.037 us = 624.6 us
ROPE_VIEW_SET_ROWS ROPE: 16 x 10.052 us = 160.84 us
SCALE: 96 x 11.085 us = 1064.24 us
SET_ROWS: 16 x 9.552 us = 152.84 us
SIGMOID: 48 x 4.121 us = 197.84 us
SIGMOID_MUL SIGMOID: 16 x 36.92 us = 590.72 us
SILU_MUL SILU: 48 x 35.914 us = 1723.88 us
SOFTPLUS_MUL SOFTPLUS: 48 x 4.594 us = 220.52 us
SSM_CONV_SILU SSM_CONV: 48 x 34.221 us = 1642.64 us
Total time: 724605 us.
----------------
Vulkan Timings:
ADD: 176 x 13.288 us = 2338.84 us
CONCAT: 48 x 132.252 us = 6348.12 us
CONT: 16 x 37.06 us = 592.96 us
CPY: 96 x 3.935 us = 377.8 us
FLASH_ATTN_EXT dst(256,24,512,1),  q(256,512,24,1),  k(256,29696,4,1),  v(256,29696,4,1),  m(29696,512,1,1): 16 x 13510.2 us = 216163 us (27657.8 GFLOPS/s)
GATED_DELTA_NET: 48 x 237.209 us = 11386 us
GET_ROWS: 96 x 7.208 us = 692 us
GLU: 64 x 93.263 us = 5968.84 us
MUL_MAT f32 m=48 n=512 k=5120: 96 x 35.367 us = 3395.24 us (7114.91 GFLOPS/s)
MUL_MAT q4_0 m=1024 n=512 k=5120: 32 x 70.775 us = 2264.8 us (75848.6 GFLOPS/s)
MUL_MAT q4_0 m=10240 n=512 k=5120: 48 x 1071.07 us = 51411.3 us (50119.9 GFLOPS/s)
MUL_MAT q4_0 m=12288 n=512 k=5120: 16 x 1157.25 us = 18516 us (55664.8 GFLOPS/s)
MUL_MAT q4_0 m=17408 n=512 k=5120: 128 x 1557.67 us = 199382 us (58586.8 GFLOPS/s)
MUL_MAT q4_0 m=5120 n=512 k=17408: 56 x 1775.22 us = 99412.5 us (51410.7 GFLOPS/s)
MUL_MAT q4_0 m=5120 n=512 k=6144: 16 x 660.522 us = 10568.4 us (48763.9 GFLOPS/s)
MUL_MAT q4_0 m=6144 n=512 k=5120: 48 x 558.782 us = 26821.6 us (57641.6 GFLOPS/s)
MUL_MAT q4_1 m=5120 n=512 k=17408: 8 x 1854.11 us = 14832.8 us (49223.4 GFLOPS/s)
MUL_MAT q5_K m=5120 n=512 k=6144: 48 x 730.145 us = 35047 us (44114 GFLOPS/s)
RMS_NORM(128,16,512,1): 96 x 27.688 us = 2658.12 us
RMS_NORM_MUL RMS_NORM(128,48,512,1): 48 x 96.385 us = 4626.52 us
RMS_NORM_MUL RMS_NORM(256,24,512,1): 16 x 53.847 us = 861.56 us
RMS_NORM_MUL RMS_NORM(256,4,512,1): 16 x 12.27 us = 196.32 us
RMS_NORM_MUL RMS_NORM(5120,512,1,1): 129 x 17.673 us = 2279.84 us
ROPE: 16 x 35.287 us = 564.6 us
ROPE_VIEW_SET_ROWS ROPE: 16 x 9.435 us = 150.96 us
SCALE: 96 x 9.566 us = 918.36 us
SET_ROWS: 16 x 9.32 us = 149.12 us
SIGMOID: 48 x 4.219 us = 202.52 us
SIGMOID_MUL SIGMOID: 16 x 34.632 us = 554.12 us
SILU_MUL SILU: 48 x 35.22 us = 1690.56 us
SOFTPLUS_MUL SOFTPLUS: 48 x 4.28 us = 205.48 us
SSM_CONV_SILU SSM_CONV: 48 x 29.865 us = 1433.56 us
Total time: 722011 us.
----------------
Vulkan Timings:
ADD: 176 x 18.806 us = 3309.92 us
CONCAT: 48 x 134.516 us = 6456.8 us
CONT: 16 x 48.415 us = 774.64 us
CPY: 96 x 4.212 us = 404.44 us
FLASH_ATTN_EXT dst(256,24,512,1),  q(256,512,24,1),  k(256,30208,4,1),  v(256,30208,4,1),  m(30208,512,1,1): 16 x 13802.4 us = 220839 us (27539 GFLOPS/s)
GATED_DELTA_NET: 48 x 239.69 us = 11505.2 us
GET_ROWS: 96 x 7.829 us = 751.6 us
GLU: 64 x 111.928 us = 7163.44 us
MUL_MAT f32 m=48 n=512 k=5120: 96 x 37.54 us = 3603.92 us (6702.93 GFLOPS/s)
MUL_MAT q4_0 m=1024 n=512 k=5120: 32 x 68.978 us = 2207.32 us (77823.7 GFLOPS/s)
MUL_MAT q4_0 m=10240 n=512 k=5120: 48 x 1069.31 us = 51327 us (50202.2 GFLOPS/s)
MUL_MAT q4_0 m=12288 n=512 k=5120: 16 x 1168.16 us = 18690.5 us (55145.1 GFLOPS/s)
MUL_MAT q4_0 m=17408 n=512 k=5120: 128 x 1557.26 us = 199329 us (58602.5 GFLOPS/s)
MUL_MAT q4_0 m=5120 n=512 k=17408: 56 x 1781.76 us = 99778.3 us (51222.2 GFLOPS/s)
MUL_MAT q4_0 m=5120 n=512 k=6144: 16 x 663.185 us = 10611 us (48568.1 GFLOPS/s)
MUL_MAT q4_0 m=6144 n=512 k=5120: 48 x 563.475 us = 27046.8 us (57161.5 GFLOPS/s)
MUL_MAT q4_1 m=5120 n=512 k=17408: 8 x 1845.2 us = 14761.6 us (49460.9 GFLOPS/s)
MUL_MAT q5_K m=5120 n=512 k=6144: 48 x 732.644 us = 35166.9 us (43963.5 GFLOPS/s)
RMS_NORM(128,16,512,1): 96 x 28.449 us = 2731.12 us
RMS_NORM_MUL RMS_NORM(128,48,512,1): 48 x 97.15 us = 4663.24 us
RMS_NORM_MUL RMS_NORM(256,24,512,1): 16 x 56.095 us = 897.52 us
RMS_NORM_MUL RMS_NORM(256,4,512,1): 16 x 12.81 us = 204.96 us
RMS_NORM_MUL RMS_NORM(5120,512,1,1): 129 x 20.594 us = 2656.68 us
ROPE: 16 x 38.55 us = 616.8 us
ROPE_VIEW_SET_ROWS ROPE: 16 x 10.005 us = 160.08 us
SCALE: 96 x 10.542 us = 1012.04 us
SET_ROWS: 16 x 9.515 us = 152.24 us
SIGMOID: 48 x 4.325 us = 207.64 us
SIGMOID_MUL SIGMOID: 16 x 36.872 us = 589.96 us
SILU_MUL SILU: 48 x 35.63 us = 1710.24 us
SOFTPLUS_MUL SOFTPLUS: 48 x 4.289 us = 205.88 us
SSM_CONV_SILU SSM_CONV: 48 x 33.339 us = 1600.28 us
Total time: 731136 us.
----------------
Vulkan Timings:
ADD: 176 x 23.75 us = 4180.04 us
CONCAT: 48 x 137.888 us = 6618.64 us
CONT: 16 x 66.237 us = 1059.8 us
CPY: 96 x 4.841 us = 464.76 us
FLASH_ATTN_EXT dst(256,24,512,1),  q(256,512,24,1),  k(256,30720,4,1),  v(256,30720,4,1),  m(30720,512,1,1): 16 x 14401.8 us = 230430 us (26840.1 GFLOPS/s)
GATED_DELTA_NET: 48 x 242.935 us = 11660.9 us
GET_ROWS: 96 x 9.077 us = 871.44 us
GLU: 64 x 144.956 us = 9277.2 us
MUL_MAT f32 m=48 n=512 k=5120: 96 x 41.429 us = 3977.24 us (6073.77 GFLOPS/s)
MUL_MAT q4_0 m=1024 n=512 k=5120: 32 x 72.731 us = 2327.4 us (73808.5 GFLOPS/s)
MUL_MAT q4_0 m=10240 n=512 k=5120: 48 x 1066.47 us = 51190.8 us (50335.8 GFLOPS/s)
MUL_MAT q4_0 m=12288 n=512 k=5120: 16 x 1174.78 us = 18796.4 us (54834.4 GFLOPS/s)
MUL_MAT q4_0 m=17408 n=512 k=5120: 128 x 1551.9 us = 198644 us (58804.7 GFLOPS/s)
MUL_MAT q4_0 m=5120 n=512 k=17408: 56 x 1780.08 us = 99684.7 us (51270.3 GFLOPS/s)
MUL_MAT q4_0 m=5120 n=512 k=6144: 16 x 664.38 us = 10630.1 us (48480.7 GFLOPS/s)
MUL_MAT q4_0 m=6144 n=512 k=5120: 48 x 566.975 us = 27214.8 us (56808.7 GFLOPS/s)
MUL_MAT q4_1 m=5120 n=512 k=17408: 8 x 1864.71 us = 14917.7 us (48943.4 GFLOPS/s)
MUL_MAT q5_K m=5120 n=512 k=6144: 48 x 732.517 us = 35160.8 us (43971.1 GFLOPS/s)
RMS_NORM(128,16,512,1): 96 x 30.01 us = 2881 us
RMS_NORM_MUL RMS_NORM(128,48,512,1): 48 x 97.524 us = 4681.16 us
RMS_NORM_MUL RMS_NORM(256,24,512,1): 16 x 59.932 us = 958.92 us
RMS_NORM_MUL RMS_NORM(256,4,512,1): 16 x 13.737 us = 219.8 us
RMS_NORM_MUL RMS_NORM(5120,512,1,1): 129 x 25.819 us = 3330.68 us
ROPE: 16 x 45.017 us = 720.28 us
ROPE_VIEW_SET_ROWS ROPE: 16 x 10.957 us = 175.32 us
SCALE: 96 x 12.512 us = 1201.24 us
SET_ROWS: 16 x 9.86 us = 157.76 us
SIGMOID: 48 x 4.368 us = 209.68 us
SIGMOID_MUL SIGMOID: 16 x 40.982 us = 655.72 us
SILU_MUL SILU: 48 x 36.607 us = 1757.16 us
SOFTPLUS_MUL SOFTPLUS: 48 x 4.712 us = 226.2 us
SSM_CONV_SILU SSM_CONV: 48 x 39.97 us = 1918.6 us
Total time: 746199 us.
4.05.651.119 I slot print_timing: id  0 | task 47 | prompt processing, n_tokens =  30720, progress = 0.35, t =  38.01 s / 808.24 tokens per second
----------------
Vulkan Timings:
ADD: 176 x 23.542 us = 4143.52 us
CONCAT: 48 x 139.121 us = 6677.84 us
CONT: 16 x 65.612 us = 1049.8 us
CPY: 96 x 4.907 us = 471.16 us
FLASH_ATTN_EXT dst(256,24,512,1),  q(256,512,24,1),  k(256,31232,4,1),  v(256,31232,4,1),  m(31232,512,1,1): 16 x 14483.4 us = 231734 us (27133.8 GFLOPS/s)
GATED_DELTA_NET: 48 x 245.332 us = 11776 us
GET_ROWS: 96 x 9.122 us = 875.8 us
GLU: 64 x 144.982 us = 9278.88 us
MUL_MAT f32 m=48 n=512 k=5120: 96 x 41.349 us = 3969.56 us (6085.52 GFLOPS/s)
MUL_MAT q4_0 m=1024 n=512 k=5120: 32 x 72.812 us = 2330 us (73726.1 GFLOPS/s)
MUL_MAT q4_0 m=10240 n=512 k=5120: 48 x 1074.52 us = 51577 us (49958.8 GFLOPS/s)
MUL_MAT q4_0 m=12288 n=512 k=5120: 16 x 1184.06 us = 18944.9 us (54404.8 GFLOPS/s)
MUL_MAT q4_0 m=17408 n=512 k=5120: 128 x 1555.75 us = 199136 us (58659.2 GFLOPS/s)
MUL_MAT q4_0 m=5120 n=512 k=17408: 56 x 1789.2 us = 100195 us (51009 GFLOPS/s)
MUL_MAT q4_0 m=5120 n=512 k=6144: 16 x 663.125 us = 10610 us (48572.5 GFLOPS/s)
MUL_MAT q4_0 m=6144 n=512 k=5120: 48 x 569.86 us = 27353.3 us (56521.1 GFLOPS/s)
MUL_MAT q4_1 m=5120 n=512 k=17408: 8 x 1898.13 us = 15185.1 us (48081.6 GFLOPS/s)
MUL_MAT q5_K m=5120 n=512 k=6144: 48 x 736.185 us = 35336.9 us (43752 GFLOPS/s)
RMS_NORM(128,16,512,1): 96 x 30.282 us = 2907.12 us
RMS_NORM_MUL RMS_NORM(128,48,512,1): 48 x 97.883 us = 4698.4 us
RMS_NORM_MUL RMS_NORM(256,24,512,1): 16 x 59.882 us = 958.12 us
RMS_NORM_MUL RMS_NORM(256,4,512,1): 16 x 13.777 us = 220.44 us
RMS_NORM_MUL RMS_NORM(5120,512,1,1): 129 x 25.882 us = 3338.84 us
ROPE: 16 x 45.69 us = 731.04 us
ROPE_VIEW_SET_ROWS ROPE: 16 x 11.357 us = 181.72 us
SCALE: 96 x 12.56 us = 1205.8 us
SET_ROWS: 16 x 9.917 us = 158.68 us
SIGMOID: 48 x 4.356 us = 209.12 us
SIGMOID_MUL SIGMOID: 16 x 40.115 us = 641.84 us
SILU_MUL SILU: 48 x 36.695 us = 1761.36 us
SOFTPLUS_MUL SOFTPLUS: 48 x 4.55 us = 218.44 us
SSM_CONV_SILU SSM_CONV: 48 x 40.032 us = 1921.56 us
Total time: 749798 us.
----------------
Vulkan Timings:
ADD: 176 x 14.211 us = 2501.28 us
CONCAT: 48 x 132.429 us = 6356.6 us
CONT: 16 x 39.735 us = 635.76 us
CPY: 96 x 3.96 us = 380.2 us
FLASH_ATTN_EXT dst(256,24,512,1),  q(256,512,24,1),  k(256,31744,4,1),  v(256,31744,4,1),  m(31744,512,1,1): 16 x 14577.4 us = 233239 us (27400.7 GFLOPS/s)
GATED_DELTA_NET: 48 x 238 us = 11424 us
GET_ROWS: 96 x 7.457 us = 715.92 us
GLU: 64 x 97.681 us = 6251.6 us
MUL_MAT f32 m=48 n=512 k=5120: 96 x 36.02 us = 3457.96 us (6985.86 GFLOPS/s)
MUL_MAT q4_0 m=1024 n=512 k=5120: 32 x 68.033 us = 2177.08 us (78904.7 GFLOPS/s)
MUL_MAT q4_0 m=10240 n=512 k=5120: 48 x 1077.19 us = 51705 us (49835.2 GFLOPS/s)
MUL_MAT q4_0 m=12288 n=512 k=5120: 16 x 1170.09 us = 18721.4 us (55054.1 GFLOPS/s)
MUL_MAT q4_0 m=17408 n=512 k=5120: 128 x 1563.33 us = 200106 us (58375 GFLOPS/s)
MUL_MAT q4_0 m=5120 n=512 k=17408: 56 x 1774.7 us = 99383.2 us (51425.9 GFLOPS/s)
MUL_MAT q4_0 m=5120 n=512 k=6144: 16 x 661.01 us = 10576.2 us (48727.9 GFLOPS/s)
MUL_MAT q4_0 m=6144 n=512 k=5120: 48 x 563.779 us = 27061.4 us (57130.7 GFLOPS/s)
MUL_MAT q4_1 m=5120 n=512 k=17408: 8 x 1903.91 us = 15231.3 us (47935.8 GFLOPS/s)
MUL_MAT q5_K m=5120 n=512 k=6144: 48 x 737.714 us = 35410.3 us (43661.4 GFLOPS/s)
RMS_NORM(128,16,512,1): 96 x 27.88 us = 2676.52 us
RMS_NORM_MUL RMS_NORM(128,48,512,1): 48 x 98.155 us = 4711.44 us
RMS_NORM_MUL RMS_NORM(256,24,512,1): 16 x 54.642 us = 874.28 us
RMS_NORM_MUL RMS_NORM(256,4,512,1): 16 x 12.435 us = 198.96 us
RMS_NORM_MUL RMS_NORM(5120,512,1,1): 129 x 18.276 us = 2357.64 us
ROPE: 16 x 36.432 us = 582.92 us
ROPE_VIEW_SET_ROWS ROPE: 16 x 9.595 us = 153.52 us
SCALE: 96 x 9.957 us = 955.96 us
SET_ROWS: 16 x 9.405 us = 150.48 us
SIGMOID: 48 x 4.195 us = 201.4 us
SIGMOID_MUL SIGMOID: 16 x 36.185 us = 578.96 us
SILU_MUL SILU: 48 x 35.417 us = 1700.04 us
SOFTPLUS_MUL SOFTPLUS: 48 x 4.415 us = 211.92 us
SSM_CONV_SILU SSM_CONV: 48 x 30.109 us = 1445.24 us
Total time: 742133 us.
----------------
Vulkan Timings:
ADD: 176 x 16.384 us = 2883.68 us
CONCAT: 48 x 134.93 us = 6476.64 us
CONT: 16 x 43.997 us = 703.96 us
CPY: 96 x 4.148 us = 398.24 us
FLASH_ATTN_EXT dst(256,24,512,1),  q(256,512,24,1),  k(256,32256,4,1),  v(256,32256,4,1),  m(32256,512,1,1): 16 x 15090.6 us = 241449 us (26895.9 GFLOPS/s)
GATED_DELTA_NET: 48 x 240.378 us = 11538.2 us
GET_ROWS: 96 x 7.66 us = 735.4 us
GLU: 64 x 106.651 us = 6825.68 us
MUL_MAT f32 m=48 n=512 k=5120: 96 x 36.987 us = 3550.84 us (6803.13 GFLOPS/s)
MUL_MAT q4_0 m=1024 n=512 k=5120: 32 x 68.29 us = 2185.28 us (78608.7 GFLOPS/s)
MUL_MAT q4_0 m=10240 n=512 k=5120: 48 x 1077.75 us = 51732.1 us (49809.1 GFLOPS/s)
MUL_MAT q4_0 m=12288 n=512 k=5120: 16 x 1172.86 us = 18765.8 us (54923.9 GFLOPS/s)
MUL_MAT q4_0 m=17408 n=512 k=5120: 128 x 1552.1 us = 198668 us (58797.4 GFLOPS/s)
MUL_MAT q4_0 m=5120 n=512 k=17408: 56 x 1779.82 us = 99670.1 us (51277.8 GFLOPS/s)
MUL_MAT q4_0 m=5120 n=512 k=6144: 16 x 658.542 us = 10536.7 us (48910.5 GFLOPS/s)
MUL_MAT q4_0 m=6144 n=512 k=5120: 48 x 561.786 us = 26965.8 us (57333.3 GFLOPS/s)
MUL_MAT q4_1 m=5120 n=512 k=17408: 8 x 1857.7 us = 14861.6 us (49128.1 GFLOPS/s)
MUL_MAT q5_K m=5120 n=512 k=6144: 48 x 731.85 us = 35128.8 us (44011.2 GFLOPS/s)
RMS_NORM(128,16,512,1): 96 x 28.299 us = 2716.72 us
RMS_NORM_MUL RMS_NORM(128,48,512,1): 48 x 96.755 us = 4644.24 us
RMS_NORM_MUL RMS_NORM(256,24,512,1): 16 x 55.312 us = 885 us
RMS_NORM_MUL RMS_NORM(256,4,512,1): 16 x 12.97 us = 207.52 us
RMS_NORM_MUL RMS_NORM(5120,512,1,1): 129 x 19.737 us = 2546.08 us
ROPE: 16 x 38.26 us = 612.16 us
ROPE_VIEW_SET_ROWS ROPE: 16 x 9.837 us = 157.4 us
SCALE: 96 x 10.352 us = 993.88 us
SET_ROWS: 16 x 9.775 us = 156.4 us
SIGMOID: 48 x 4.271 us = 205.04 us
SIGMOID_MUL SIGMOID: 16 x 35.9 us = 574.4 us
SILU_MUL SILU: 48 x 35.514 us = 1704.68 us
SOFTPLUS_MUL SOFTPLUS: 48 x 4.385 us = 210.52 us
SSM_CONV_SILU SSM_CONV: 48 x 32.551 us = 1562.48 us
Total time: 750253 us.
----------------
Vulkan Timings:
ADD: 176 x 14.378 us = 2530.56 us
CONCAT: 48 x 132.047 us = 6338.28 us
CONT: 16 x 38.632 us = 618.12 us
CPY: 96 x 3.981 us = 382.2 us
FLASH_ATTN_EXT dst(256,24,512,1),  q(256,512,24,1),  k(256,32768,4,1),  v(256,32768,4,1),  m(32768,512,1,1): 16 x 15003.7 us = 240059 us (27481 GFLOPS/s)
GATED_DELTA_NET: 48 x 237.676 us = 11408.5 us
GET_ROWS: 96 x 7.38 us = 708.48 us
GLU: 64 x 96.108 us = 6150.92 us
MUL_MAT f32 m=48 n=512 k=5120: 96 x 35.55 us = 3412.88 us (7078.14 GFLOPS/s)
MUL_MAT q4_0 m=1024 n=512 k=5120: 32 x 68.027 us = 2176.88 us (78912 GFLOPS/s)
MUL_MAT q4_0 m=10240 n=512 k=5120: 48 x 1074.09 us = 51556.5 us (49978.8 GFLOPS/s)
MUL_MAT q4_0 m=12288 n=512 k=5120: 16 x 1170.35 us = 18725.5 us (55042.1 GFLOPS/s)
MUL_MAT q4_0 m=17408 n=512 k=5120: 128 x 1563.85 us = 200172 us (58355.5 GFLOPS/s)
MUL_MAT q4_0 m=5120 n=512 k=17408: 56 x 1775.93 us = 99452 us (51390.3 GFLOPS/s)
MUL_MAT q4_0 m=5120 n=512 k=6144: 16 x 662.82 us = 10605.1 us (48594.8 GFLOPS/s)
MUL_MAT q4_0 m=6144 n=512 k=5120: 48 x 563.755 us = 27060.3 us (57133.1 GFLOPS/s)
MUL_MAT q4_1 m=5120 n=512 k=17408: 8 x 1890.12 us = 15121 us (48285.4 GFLOPS/s)
MUL_MAT q5_K m=5120 n=512 k=6144: 48 x 737.667 us = 35408 us (43664.2 GFLOPS/s)
RMS_NORM(128,16,512,1): 96 x 27.825 us = 2671.2 us
RMS_NORM_MUL RMS_NORM(128,48,512,1): 48 x 98.19 us = 4713.12 us
RMS_NORM_MUL RMS_NORM(256,24,512,1): 16 x 54.545 us = 872.72 us
RMS_NORM_MUL RMS_NORM(256,4,512,1): 16 x 12.707 us = 203.32 us
RMS_NORM_MUL RMS_NORM(5120,512,1,1): 129 x 18.018 us = 2324.4 us
ROPE: 16 x 37.39 us = 598.24 us
ROPE_VIEW_SET_ROWS ROPE: 16 x 9.557 us = 152.92 us
SCALE: 96 x 9.749 us = 935.96 us
SET_ROWS: 16 x 9.7 us = 155.2 us
SIGMOID: 48 x 4.201 us = 201.68 us
SIGMOID_MUL SIGMOID: 16 x 36.695 us = 587.12 us
SILU_MUL SILU: 48 x 35.78 us = 1717.48 us
SOFTPLUS_MUL SOFTPLUS: 48 x 4.409 us = 211.64 us
SSM_CONV_SILU SSM_CONV: 48 x 29.95 us = 1437.64 us
Total time: 748670 us.
4.08.735.103 I slot print_timing: id  0 | task 47 | prompt processing, n_tokens =  32768, progress = 0.37, t =  41.09 s / 797.42 tokens per second
----------------
Vulkan Timings:
ADD: 176 x 16.557 us = 2914.12 us
CONCAT: 48 x 134.636 us = 6462.56 us
CONT: 16 x 44.397 us = 710.36 us
CPY: 96 x 4.11 us = 394.56 us
FLASH_ATTN_EXT dst(256,24,512,1),  q(256,512,24,1),  k(256,33280,4,1),  v(256,33280,4,1),  m(33280,512,1,1): 16 x 15185.4 us = 242966 us (27576.5 GFLOPS/s)
GATED_DELTA_NET: 48 x 240.905 us = 11563.5 us
GET_ROWS: 96 x 7.685 us = 737.76 us
GLU: 64 x 107.63 us = 6888.32 us
MUL_MAT f32 m=48 n=512 k=5120: 96 x 37.011 us = 3553.08 us (6798.84 GFLOPS/s)
MUL_MAT q4_0 m=1024 n=512 k=5120: 32 x 68.546 us = 2193.48 us (78314.8 GFLOPS/s)
MUL_MAT q4_0 m=10240 n=512 k=5120: 48 x 1078.17 us = 51752.2 us (49789.8 GFLOPS/s)
MUL_MAT q4_0 m=12288 n=512 k=5120: 16 x 1175.69 us = 18811.1 us (54791.6 GFLOPS/s)
MUL_MAT q4_0 m=17408 n=512 k=5120: 128 x 1563.68 us = 200152 us (58361.6 GFLOPS/s)
MUL_MAT q4_0 m=5120 n=512 k=17408: 56 x 1778.27 us = 99583 us (51322.7 GFLOPS/s)
MUL_MAT q4_0 m=5120 n=512 k=6144: 16 x 675.932 us = 10814.9 us (47652.1 GFLOPS/s)
MUL_MAT q4_0 m=6144 n=512 k=5120: 48 x 566.976 us = 27214.9 us (56808.5 GFLOPS/s)
MUL_MAT q4_1 m=5120 n=512 k=17408: 8 x 1894.07 us = 15152.6 us (48184.8 GFLOPS/s)
MUL_MAT q5_K m=5120 n=512 k=6144: 48 x 741.265 us = 35580.7 us (43452.3 GFLOPS/s)
RMS_NORM(128,16,512,1): 96 x 28.399 us = 2726.36 us
RMS_NORM_MUL RMS_NORM(128,48,512,1): 48 x 97.976 us = 4702.88 us
RMS_NORM_MUL RMS_NORM(256,24,512,1): 16 x 55.375 us = 886 us
RMS_NORM_MUL RMS_NORM(256,4,512,1): 16 x 12.977 us = 207.64 us
RMS_NORM_MUL RMS_NORM(5120,512,1,1): 129 x 19.725 us = 2544.6 us
ROPE: 16 x 38.59 us = 617.44 us
ROPE_VIEW_SET_ROWS ROPE: 16 x 9.85 us = 157.6 us
SCALE: 96 x 10.317 us = 990.48 us
SET_ROWS: 16 x 9.782 us = 156.52 us
SIGMOID: 48 x 4.34 us = 208.32 us
SIGMOID_MUL SIGMOID: 16 x 36.132 us = 578.12 us
SILU_MUL SILU: 48 x 35.855 us = 1721.04 us
SOFTPLUS_MUL SOFTPLUS: 48 x 4.31 us = 206.88 us
SSM_CONV_SILU SSM_CONV: 48 x 32.675 us = 1568.4 us
Total time: 754717 us.
----------------
Vulkan Timings:
ADD: 176 x 14.44 us = 2541.56 us
CONCAT: 48 x 133.709 us = 6418.04 us
CONT: 16 x 40.835 us = 653.36 us
CPY: 96 x 4.095 us = 393.12 us
FLASH_ATTN_EXT dst(256,24,512,1),  q(256,512,24,1),  k(256,33792,4,1),  v(256,33792,4,1),  m(33792,512,1,1): 16 x 15531.2 us = 248500 us (27377.2 GFLOPS/s)
GATED_DELTA_NET: 48 x 238.23 us = 11435.1 us
GET_ROWS: 96 x 7.31 us = 701.84 us
GLU: 64 x 98.019 us = 6273.24 us
MUL_MAT f32 m=48 n=512 k=5120: 96 x 35.762 us = 3433.24 us (7036.16 GFLOPS/s)
MUL_MAT q4_0 m=1024 n=512 k=5120: 32 x 67.925 us = 2173.6 us (79031.1 GFLOPS/s)
MUL_MAT q4_0 m=10240 n=512 k=5120: 48 x 1080.17 us = 51848 us (49697.7 GFLOPS/s)
MUL_MAT q4_0 m=12288 n=512 k=5120: 16 x 1167.17 us = 18674.7 us (55191.8 GFLOPS/s)
MUL_MAT q4_0 m=17408 n=512 k=5120: 128 x 1564.35 us = 200236 us (58336.9 GFLOPS/s)
MUL_MAT q4_0 m=5120 n=512 k=17408: 56 x 1778.65 us = 99604.7 us (51311.5 GFLOPS/s)
MUL_MAT q4_0 m=5120 n=512 k=6144: 16 x 660.665 us = 10570.6 us (48753.4 GFLOPS/s)
MUL_MAT q4_0 m=6144 n=512 k=5120: 48 x 566.133 us = 27174.4 us (56893.2 GFLOPS/s)
MUL_MAT q4_1 m=5120 n=512 k=17408: 8 x 1898.52 us = 15188.2 us (48071.9 GFLOPS/s)
MUL_MAT q5_K m=5120 n=512 k=6144: 48 x 736.058 us = 35330.8 us (43759.6 GFLOPS/s)
RMS_NORM(128,16,512,1): 96 x 28.004 us = 2688.44 us
RMS_NORM_MUL RMS_NORM(128,48,512,1): 48 x 97.68 us = 4688.64 us
RMS_NORM_MUL RMS_NORM(256,24,512,1): 16 x 54.002 us = 864.04 us
RMS_NORM_MUL RMS_NORM(256,4,512,1): 16 x 12.387 us = 198.2 us
RMS_NORM_MUL RMS_NORM(5120,512,1,1): 129 x 18.235 us = 2352.44 us
ROPE: 16 x 36.287 us = 580.6 us
ROPE_VIEW_SET_ROWS ROPE: 16 x 9.52 us = 152.32 us
SCALE: 96 x 9.816 us = 942.36 us
SET_ROWS: 16 x 9.337 us = 149.4 us
SIGMOID: 48 x 4.307 us = 206.76 us
SIGMOID_MUL SIGMOID: 16 x 35.742 us = 571.88 us
SILU_MUL SILU: 48 x 35.446 us = 1701.44 us
SOFTPLUS_MUL SOFTPLUS: 48 x 4.311 us = 206.96 us
SSM_CONV_SILU SSM_CONV: 48 x 30.22 us = 1450.56 us
Total time: 757905 us.
----------------
Vulkan Timings:
ADD: 176 x 16.795 us = 2955.92 us
CONCAT: 48 x 134.302 us = 6446.52 us
CONT: 16 x 46.837 us = 749.4 us
CPY: 96 x 4.196 us = 402.88 us
FLASH_ATTN_EXT dst(256,24,512,1),  q(256,512,24,1),  k(256,34304,4,1),  v(256,34304,4,1),  m(34304,512,1,1): 16 x 15694.4 us = 251110 us (27503.1 GFLOPS/s)
GATED_DELTA_NET: 48 x 240.419 us = 11540.1 us
GET_ROWS: 96 x 7.704 us = 739.6 us
GLU: 64 x 109.305 us = 6995.56 us
MUL_MAT f32 m=48 n=512 k=5120: 96 x 37.18 us = 3569.36 us (6767.83 GFLOPS/s)
MUL_MAT q4_0 m=1024 n=512 k=5120: 32 x 68.373 us = 2187.96 us (78512.4 GFLOPS/s)
MUL_MAT q4_0 m=10240 n=512 k=5120: 48 x 1071.38 us = 51426.1 us (50105.4 GFLOPS/s)
MUL_MAT q4_0 m=12288 n=512 k=5120: 16 x 1167.92 us = 18686.8 us (55156.1 GFLOPS/s)
MUL_MAT q4_0 m=17408 n=512 k=5120: 128 x 1564.89 us = 200307 us (58316.4 GFLOPS/s)
MUL_MAT q4_0 m=5120 n=512 k=17408: 56 x 1778.25 us = 99581.8 us (51323.3 GFLOPS/s)
MUL_MAT q4_0 m=5120 n=512 k=6144: 16 x 660.847 us = 10573.6 us (48739.9 GFLOPS/s)
MUL_MAT q4_0 m=6144 n=512 k=5120: 48 x 568.2 us = 27273.6 us (56686.1 GFLOPS/s)
MUL_MAT q4_1 m=5120 n=512 k=17408: 8 x 1899.05 us = 15192.4 us (48058.6 GFLOPS/s)
MUL_MAT q5_K m=5120 n=512 k=6144: 48 x 737.55 us = 35402.4 us (43671.1 GFLOPS/s)
RMS_NORM(128,16,512,1): 96 x 28.433 us = 2729.6 us
RMS_NORM_MUL RMS_NORM(128,48,512,1): 48 x 98.118 us = 4709.68 us
RMS_NORM_MUL RMS_NORM(256,24,512,1): 16 x 55.802 us = 892.84 us
RMS_NORM_MUL RMS_NORM(256,4,512,1): 16 x 12.665 us = 202.64 us
RMS_NORM_MUL RMS_NORM(5120,512,1,1): 129 x 19.894 us = 2566.4 us
ROPE: 16 x 37.925 us = 606.8 us
ROPE_VIEW_SET_ROWS ROPE: 16 x 9.867 us = 157.88 us
SCALE: 96 x 10.368 us = 995.36 us
SET_ROWS: 16 x 9.437 us = 151 us
SIGMOID: 48 x 4.165 us = 199.96 us
SIGMOID_MUL SIGMOID: 16 x 36.727 us = 587.64 us
SILU_MUL SILU: 48 x 36.009 us = 1728.44 us
SOFTPLUS_MUL SOFTPLUS: 48 x 4.464 us = 214.28 us
SSM_CONV_SILU SSM_CONV: 48 x 33.199 us = 1593.56 us
Total time: 762477 us.
----------------
Vulkan Timings:
ADD: 176 x 14.204 us = 2499.92 us
CONCAT: 48 x 133.363 us = 6401.44 us
CONT: 16 x 40.03 us = 640.48 us
CPY: 96 x 4.101 us = 393.76 us
FLASH_ATTN_EXT dst(256,24,512,1),  q(256,512,24,1),  k(256,34816,4,1),  v(256,34816,4,1),  m(34816,512,1,1): 16 x 15908.5 us = 254536 us (27537.9 GFLOPS/s)
GATED_DELTA_NET: 48 x 239.38 us = 11490.2 us
GET_ROWS: 96 x 7.449 us = 715.16 us
GLU: 64 x 98.635 us = 6312.64 us
MUL_MAT f32 m=48 n=512 k=5120: 96 x 35.922 us = 3448.52 us (7004.99 GFLOPS/s)
MUL_MAT q4_0 m=1024 n=512 k=5120: 32 x 70.923 us = 2269.56 us (75689.5 GFLOPS/s)
MUL_MAT q4_0 m=10240 n=512 k=5120: 48 x 1078.59 us = 51772.3 us (49770.4 GFLOPS/s)
MUL_MAT q4_0 m=12288 n=512 k=5120: 16 x 1155.81 us = 18493 us (55734.1 GFLOPS/s)
MUL_MAT q4_0 m=17408 n=512 k=5120: 128 x 1567.63 us = 200657 us (58214.6 GFLOPS/s)
MUL_MAT q4_0 m=5120 n=512 k=17408: 56 x 1772.34 us = 99251.2 us (51494.3 GFLOPS/s)
MUL_MAT q4_0 m=5120 n=512 k=6144: 16 x 661.35 us = 10581.6 us (48702.9 GFLOPS/s)
MUL_MAT q4_0 m=6144 n=512 k=5120: 48 x 565.573 us = 27147.5 us (56949.5 GFLOPS/s)
MUL_MAT q4_1 m=5120 n=512 k=17408: 8 x 1905.38 us = 15243 us (47898.8 GFLOPS/s)
MUL_MAT q5_K m=5120 n=512 k=6144: 48 x 737.003 us = 35376.2 us (43703.5 GFLOPS/s)
RMS_NORM(128,16,512,1): 96 x 28.032 us = 2691.08 us
RMS_NORM_MUL RMS_NORM(128,48,512,1): 48 x 98.356 us = 4721.12 us
RMS_NORM_MUL RMS_NORM(256,24,512,1): 16 x 54.17 us = 866.72 us
RMS_NORM_MUL RMS_NORM(256,4,512,1): 16 x 12.45 us = 199.2 us
RMS_NORM_MUL RMS_NORM(5120,512,1,1): 129 x 18.378 us = 2370.8 us
ROPE: 16 x 36.1 us = 577.6 us
ROPE_VIEW_SET_ROWS ROPE: 16 x 9.515 us = 152.24 us
SCALE: 96 x 9.832 us = 943.92 us
SET_ROWS: 16 x 9.452 us = 151.24 us
SIGMOID: 48 x 4.359 us = 209.24 us
SIGMOID_MUL SIGMOID: 16 x 35.092 us = 561.48 us
SILU_MUL SILU: 48 x 35.46 us = 1702.12 us
SOFTPLUS_MUL SOFTPLUS: 48 x 4.318 us = 207.28 us
SSM_CONV_SILU SSM_CONV: 48 x 30.385 us = 1458.48 us
Total time: 764043 us.
4.11.871.606 I slot print_timing: id  0 | task 47 | prompt processing, n_tokens =  34816, progress = 0.40, t =  44.23 s / 787.17 tokens per second
----------------
Vulkan Timings:
ADD: 176 x 16.745 us = 2947.28 us
CONCAT: 48 x 134.819 us = 6471.32 us
CONT: 16 x 45.445 us = 727.12 us
CPY: 96 x 4.165 us = 399.92 us
FLASH_ATTN_EXT dst(256,24,512,1),  q(256,512,24,1),  k(256,35328,4,1),  v(256,35328,4,1),  m(35328,512,1,1): 16 x 16179.5 us = 258871 us (27474.9 GFLOPS/s)
GATED_DELTA_NET: 48 x 240.663 us = 11551.8 us
GET_ROWS: 96 x 7.808 us = 749.64 us
GLU: 64 x 109.295 us = 6994.88 us
MUL_MAT f32 m=48 n=512 k=5120: 96 x 37.527 us = 3602.6 us (6705.39 GFLOPS/s)
MUL_MAT q4_0 m=1024 n=512 k=5120: 32 x 72.347 us = 2315.12 us (74200 GFLOPS/s)
MUL_MAT q4_0 m=10240 n=512 k=5120: 48 x 1081.9 us = 51931.4 us (49617.9 GFLOPS/s)
MUL_MAT q4_0 m=12288 n=512 k=5120: 16 x 1168.33 us = 18693.3 us (55136.9 GFLOPS/s)
MUL_MAT q4_0 m=17408 n=512 k=5120: 128 x 1563.43 us = 200119 us (58371.2 GFLOPS/s)
MUL_MAT q4_0 m=5120 n=512 k=17408: 56 x 1779.7 us = 99663.1 us (51281.4 GFLOPS/s)
MUL_MAT q4_0 m=5120 n=512 k=6144: 16 x 661.105 us = 10577.7 us (48720.9 GFLOPS/s)
MUL_MAT q4_0 m=6144 n=512 k=5120: 48 x 566.24 us = 27179.6 us (56882.3 GFLOPS/s)
MUL_MAT q4_1 m=5120 n=512 k=17408: 8 x 1896.45 us = 15171.6 us (48124.4 GFLOPS/s)
MUL_MAT q5_K m=5120 n=512 k=6144: 48 x 735.873 us = 35321.9 us (43770.6 GFLOPS/s)
RMS_NORM(128,16,512,1): 96 x 28.374 us = 2723.96 us
RMS_NORM_MUL RMS_NORM(128,48,512,1): 48 x 97.675 us = 4688.4 us
RMS_NORM_MUL RMS_NORM(256,24,512,1): 16 x 55.627 us = 890.04 us
RMS_NORM_MUL RMS_NORM(256,4,512,1): 16 x 12.942 us = 207.08 us
RMS_NORM_MUL RMS_NORM(5120,512,1,1): 129 x 20.103 us = 2593.32 us
ROPE: 16 x 39.117 us = 625.88 us
ROPE_VIEW_SET_ROWS ROPE: 16 x 9.925 us = 158.8 us
SCALE: 96 x 10.432 us = 1001.48 us
SET_ROWS: 16 x 9.675 us = 154.8 us
SIGMOID: 48 x 4.334 us = 208.04 us
SIGMOID_MUL SIGMOID: 16 x 36.775 us = 588.4 us
SILU_MUL SILU: 48 x 35.79 us = 1717.92 us
SOFTPLUS_MUL SOFTPLUS: 48 x 4.31 us = 206.88 us
SSM_CONV_SILU SSM_CONV: 48 x 33.268 us = 1596.88 us
Total time: 770650 us.
----------------
Vulkan Timings:
ADD: 176 x 23.986 us = 4221.68 us
CONCAT: 48 x 139.09 us = 6676.36 us
CONT: 16 x 65.7 us = 1051.2 us
CPY: 96 x 4.881 us = 468.64 us
FLASH_ATTN_EXT dst(256,24,512,1),  q(256,512,24,1),  k(256,35840,4,1),  v(256,35840,4,1),  m(35840,512,1,1): 16 x 17197.4 us = 275158 us (26223.3 GFLOPS/s)
GATED_DELTA_NET: 48 x 245.385 us = 11778.5 us
GET_ROWS: 96 x 9.102 us = 873.8 us
GLU: 64 x 144.24 us = 9231.4 us
MUL_MAT f32 m=48 n=512 k=5120: 96 x 41.407 us = 3975.08 us (6077.07 GFLOPS/s)
MUL_MAT q4_0 m=1024 n=512 k=5120: 32 x 72.583 us = 2322.68 us (73958.5 GFLOPS/s)
MUL_MAT q4_0 m=10240 n=512 k=5120: 48 x 1074.92 us = 51596.4 us (49940.1 GFLOPS/s)
MUL_MAT q4_0 m=12288 n=512 k=5120: 16 x 1183.78 us = 18940.5 us (54417.3 GFLOPS/s)
MUL_MAT q4_0 m=17408 n=512 k=5120: 128 x 1557.44 us = 199353 us (58595.5 GFLOPS/s)
MUL_MAT q4_0 m=5120 n=512 k=17408: 56 x 1776.22 us = 99468.5 us (51381.7 GFLOPS/s)
MUL_MAT q4_0 m=5120 n=512 k=6144: 16 x 657.08 us = 10513.3 us (49019.3 GFLOPS/s)
MUL_MAT q4_0 m=6144 n=512 k=5120: 48 x 574.8 us = 27590.4 us (56035.3 GFLOPS/s)
MUL_MAT q4_1 m=5120 n=512 k=17408: 8 x 1925.91 us = 15407.3 us (47388.2 GFLOPS/s)
MUL_MAT q5_K m=5120 n=512 k=6144: 48 x 740.585 us = 35548.1 us (43492.1 GFLOPS/s)
RMS_NORM(128,16,512,1): 96 x 30.148 us = 2894.24 us
RMS_NORM_MUL RMS_NORM(128,48,512,1): 48 x 99.519 us = 4776.92 us
RMS_NORM_MUL RMS_NORM(256,24,512,1): 16 x 60.23 us = 963.68 us
RMS_NORM_MUL RMS_NORM(256,4,512,1): 16 x 13.942 us = 223.08 us
RMS_NORM_MUL RMS_NORM(5120,512,1,1): 129 x 26.092 us = 3365.92 us
ROPE: 16 x 45.475 us = 727.6 us
ROPE_VIEW_SET_ROWS ROPE: 16 x 10.98 us = 175.68 us
SCALE: 96 x 12.558 us = 1205.6 us
SET_ROWS: 16 x 10.105 us = 161.68 us
SIGMOID: 48 x 4.275 us = 205.24 us
SIGMOID_MUL SIGMOID: 16 x 40.84 us = 653.44 us
SILU_MUL SILU: 48 x 36.984 us = 1775.24 us
SOFTPLUS_MUL SOFTPLUS: 48 x 4.7 us = 225.64 us
SSM_CONV_SILU SSM_CONV: 48 x 40.151 us = 1927.28 us
Total time: 793455 us.
----------------
Vulkan Timings:
ADD: 176 x 24.255 us = 4268.88 us
CONCAT: 48 x 138.818 us = 6663.28 us
CONT: 16 x 64.427 us = 1030.84 us
CPY: 96 x 4.861 us = 466.72 us
FLASH_ATTN_EXT dst(256,24,512,1),  q(256,512,24,1),  k(256,36352,4,1),  v(256,36352,4,1),  m(36352,512,1,1): 16 x 17457.2 us = 279316 us (26202 GFLOPS/s)
GATED_DELTA_NET: 48 x 245.304 us = 11774.6 us
GET_ROWS: 96 x 9.192 us = 882.44 us
GLU: 64 x 145.686 us = 9323.92 us
MUL_MAT f32 m=48 n=512 k=5120: 96 x 41.543 us = 3988.2 us (6057.08 GFLOPS/s)
MUL_MAT q4_0 m=1024 n=512 k=5120: 32 x 72.526 us = 2320.84 us (74017.1 GFLOPS/s)
MUL_MAT q4_0 m=10240 n=512 k=5120: 48 x 1077.13 us = 51702.3 us (49837.8 GFLOPS/s)
MUL_MAT q4_0 m=12288 n=512 k=5120: 16 x 1177.8 us = 18844.8 us (54693.6 GFLOPS/s)
MUL_MAT q4_0 m=17408 n=512 k=5120: 128 x 1558.7 us = 199514 us (58548.1 GFLOPS/s)
MUL_MAT q4_0 m=5120 n=512 k=17408: 56 x 1775.06 us = 99403.2 us (51415.5 GFLOPS/s)
MUL_MAT q4_0 m=5120 n=512 k=6144: 16 x 657.302 us = 10516.8 us (49002.8 GFLOPS/s)
MUL_MAT q4_0 m=6144 n=512 k=5120: 48 x 573.1 us = 27508.8 us (56201.6 GFLOPS/s)
MUL_MAT q4_1 m=5120 n=512 k=17408: 8 x 1928.38 us = 15427 us (47327.6 GFLOPS/s)
MUL_MAT q5_K m=5120 n=512 k=6144: 48 x 743.294 us = 35678.1 us (43333.6 GFLOPS/s)
RMS_NORM(128,16,512,1): 96 x 30.087 us = 2888.44 us
RMS_NORM_MUL RMS_NORM(128,48,512,1): 48 x 99.454 us = 4773.8 us
RMS_NORM_MUL RMS_NORM(256,24,512,1): 16 x 59.94 us = 959.04 us
RMS_NORM_MUL RMS_NORM(256,4,512,1): 16 x 13.95 us = 223.2 us
RMS_NORM_MUL RMS_NORM(5120,512,1,1): 129 x 25.785 us = 3326.28 us
ROPE: 16 x 46.265 us = 740.24 us
ROPE_VIEW_SET_ROWS ROPE: 16 x 10.965 us = 175.44 us
SCALE: 96 x 12.576 us = 1207.36 us
SET_ROWS: 16 x 10.05 us = 160.8 us
SIGMOID: 48 x 4.513 us = 216.64 us
SIGMOID_MUL SIGMOID: 16 x 41.107 us = 657.72 us
SILU_MUL SILU: 48 x 36.964 us = 1774.28 us
SOFTPLUS_MUL SOFTPLUS: 48 x 4.539 us = 217.88 us
SSM_CONV_SILU SSM_CONV: 48 x 40.14 us = 1926.72 us
Total time: 797879 us.
----------------
Vulkan Timings:
ADD: 176 x 24.351 us = 4285.8 us
CONCAT: 48 x 138.334 us = 6640.04 us
CONT: 16 x 64.235 us = 1027.76 us
CPY: 96 x 5 us = 480 us
FLASH_ATTN_EXT dst(256,24,512,1),  q(256,512,24,1),  k(256,36864,4,1),  v(256,36864,4,1),  m(36864,512,1,1): 16 x 18713.6 us = 299418 us (24787.1 GFLOPS/s)
GATED_DELTA_NET: 48 x 245.031 us = 11761.5 us
GET_ROWS: 96 x 9.193 us = 882.56 us
GLU: 64 x 145.086 us = 9285.56 us
MUL_MAT f32 m=48 n=512 k=5120: 96 x 41.6 us = 3993.6 us (6048.89 GFLOPS/s)
MUL_MAT q4_0 m=1024 n=512 k=5120: 32 x 72.315 us = 2314.08 us (74233.4 GFLOPS/s)
MUL_MAT q4_0 m=10240 n=512 k=5120: 48 x 1074.12 us = 51557.8 us (49977.5 GFLOPS/s)
MUL_MAT q4_0 m=12288 n=512 k=5120: 16 x 1175.36 us = 18805.8 us (54807.1 GFLOPS/s)
MUL_MAT q4_0 m=17408 n=512 k=5120: 128 x 1553.06 us = 198792 us (58760.7 GFLOPS/s)
MUL_MAT q4_0 m=5120 n=512 k=17408: 56 x 1769.11 us = 99070.2 us (51588.3 GFLOPS/s)
MUL_MAT q4_0 m=5120 n=512 k=6144: 16 x 650.837 us = 10413.4 us (49489.5 GFLOPS/s)
MUL_MAT q4_0 m=6144 n=512 k=5120: 48 x 573.19 us = 27513.1 us (56192.7 GFLOPS/s)
MUL_MAT q4_1 m=5120 n=512 k=17408: 8 x 1917.32 us = 15338.5 us (47600.6 GFLOPS/s)
MUL_MAT q5_K m=5120 n=512 k=6144: 48 x 740.74 us = 35555.6 us (43483 GFLOPS/s)
RMS_NORM(128,16,512,1): 96 x 30.19 us = 2898.28 us
RMS_NORM_MUL RMS_NORM(128,48,512,1): 48 x 99.488 us = 4775.44 us
RMS_NORM_MUL RMS_NORM(256,24,512,1): 16 x 59.957 us = 959.32 us
RMS_NORM_MUL RMS_NORM(256,4,512,1): 16 x 13.925 us = 222.8 us
RMS_NORM_MUL RMS_NORM(5120,512,1,1): 129 x 26.164 us = 3375.24 us
ROPE: 16 x 45.762 us = 732.2 us
ROPE_VIEW_SET_ROWS ROPE: 16 x 11.015 us = 176.24 us
SCALE: 96 x 12.592 us = 1208.92 us
SET_ROWS: 16 x 10.047 us = 160.76 us
SIGMOID: 48 x 4.372 us = 209.88 us
SIGMOID_MUL SIGMOID: 16 x 41.31 us = 660.96 us
SILU_MUL SILU: 48 x 36.981 us = 1775.12 us
SOFTPLUS_MUL SOFTPLUS: 48 x 4.578 us = 219.76 us
SSM_CONV_SILU SSM_CONV: 48 x 40.158 us = 1927.6 us
Total time: 816438 us.
4.15.152.196 I slot print_timing: id  0 | task 47 | prompt processing, n_tokens =  36864, progress = 0.42, t =  47.51 s / 775.92 tokens per second
----------------
Vulkan Timings:
ADD: 176 x 22.535 us = 3966.16 us
CONCAT: 48 x 138.695 us = 6657.36 us
CONT: 16 x 61.027 us = 976.44 us
CPY: 96 x 4.673 us = 448.68 us
FLASH_ATTN_EXT dst(256,24,512,1),  q(256,512,24,1),  k(256,37376,4,1),  v(256,37376,4,1),  m(37376,512,1,1): 16 x 17600.4 us = 281607 us (26720.9 GFLOPS/s)
GATED_DELTA_NET: 48 x 245.637 us = 11790.6 us
GET_ROWS: 96 x 8.958 us = 860 us
GLU: 64 x 139.424 us = 8923.16 us
MUL_MAT f32 m=48 n=512 k=5120: 96 x 40.722 us = 3909.32 us (6179.29 GFLOPS/s)
MUL_MAT q4_0 m=1024 n=512 k=5120: 32 x 75.482 us = 2415.44 us (71118.3 GFLOPS/s)
MUL_MAT q4_0 m=10240 n=512 k=5120: 48 x 1082.87 us = 51977.8 us (49573.7 GFLOPS/s)
MUL_MAT q4_0 m=12288 n=512 k=5120: 16 x 1172.82 us = 18765.2 us (54925.8 GFLOPS/s)
MUL_MAT q4_0 m=17408 n=512 k=5120: 128 x 1566.7 us = 200537 us (58249.4 GFLOPS/s)
MUL_MAT q4_0 m=5120 n=512 k=17408: 56 x 1780.84 us = 99726.9 us (51248.6 GFLOPS/s)
MUL_MAT q4_0 m=5120 n=512 k=6144: 16 x 661.425 us = 10582.8 us (48697.3 GFLOPS/s)
MUL_MAT q4_0 m=6144 n=512 k=5120: 48 x 573.148 us = 27511.1 us (56196.8 GFLOPS/s)
MUL_MAT q4_1 m=5120 n=512 k=17408: 8 x 1960.26 us = 15682 us (46557.9 GFLOPS/s)
MUL_MAT q5_K m=5120 n=512 k=6144: 48 x 743.215 us = 35674.3 us (43338.2 GFLOPS/s)
RMS_NORM(128,16,512,1): 96 x 29.843 us = 2865 us
RMS_NORM_MUL RMS_NORM(128,48,512,1): 48 x 99.741 us = 4787.6 us
RMS_NORM_MUL RMS_NORM(256,24,512,1): 16 x 58.602 us = 937.64 us
RMS_NORM_MUL RMS_NORM(256,4,512,1): 16 x 13.605 us = 217.68 us
RMS_NORM_MUL RMS_NORM(5120,512,1,1): 129 x 24.92 us = 3214.68 us
ROPE: 16 x 44.182 us = 706.92 us
ROPE_VIEW_SET_ROWS ROPE: 16 x 10.765 us = 172.24 us
SCALE: 96 x 12.223 us = 1173.48 us
SET_ROWS: 16 x 9.845 us = 157.52 us
SIGMOID: 48 x 4.243 us = 203.68 us
SIGMOID_MUL SIGMOID: 16 x 40.52 us = 648.32 us
SILU_MUL SILU: 48 x 36.817 us = 1767.24 us
SOFTPLUS_MUL SOFTPLUS: 48 x 4.635 us = 222.52 us
SSM_CONV_SILU SSM_CONV: 48 x 38.638 us = 1854.64 us
Total time: 800941 us.
----------------
Vulkan Timings:
ADD: 176 x 14.111 us = 2483.56 us
CONCAT: 48 x 133.488 us = 6407.44 us
CONT: 16 x 36.437 us = 583 us
CPY: 96 x 3.907 us = 375.12 us
FLASH_ATTN_EXT dst(256,24,512,1),  q(256,512,24,1),  k(256,37888,4,1),  v(256,37888,4,1),  m(37888,512,1,1): 16 x 17471.6 us = 279546 us (27286.6 GFLOPS/s)
GATED_DELTA_NET: 48 x 239.322 us = 11487.5 us
GET_ROWS: 96 x 7.289 us = 699.76 us
GLU: 64 x 93.693 us = 5996.36 us
MUL_MAT f32 m=48 n=512 k=5120: 96 x 35.435 us = 3401.76 us (7101.27 GFLOPS/s)
MUL_MAT q4_0 m=1024 n=512 k=5120: 32 x 67.762 us = 2168.4 us (79220.6 GFLOPS/s)
MUL_MAT q4_0 m=10240 n=512 k=5120: 48 x 1083.69 us = 52017.3 us (49536 GFLOPS/s)
MUL_MAT q4_0 m=12288 n=512 k=5120: 16 x 1174.27 us = 18788.4 us (54858 GFLOPS/s)
MUL_MAT q4_0 m=17408 n=512 k=5120: 128 x 1577.57 us = 201929 us (57847.8 GFLOPS/s)
MUL_MAT q4_0 m=5120 n=512 k=17408: 56 x 1778.68 us = 99606.3 us (51310.6 GFLOPS/s)
MUL_MAT q4_0 m=5120 n=512 k=6144: 16 x 661.81 us = 10589 us (48669 GFLOPS/s)
MUL_MAT q4_0 m=6144 n=512 k=5120: 48 x 565.402 us = 27139.3 us (56966.7 GFLOPS/s)
MUL_MAT q4_1 m=5120 n=512 k=17408: 8 x 1965.27 us = 15722.1 us (46439.3 GFLOPS/s)
MUL_MAT q5_K m=5120 n=512 k=6144: 48 x 740.208 us = 35530 us (43514.3 GFLOPS/s)
RMS_NORM(128,16,512,1): 96 x 27.837 us = 2672.44 us
RMS_NORM_MUL RMS_NORM(128,48,512,1): 48 x 97.922 us = 4700.28 us
RMS_NORM_MUL RMS_NORM(256,24,512,1): 16 x 55.027 us = 880.44 us
RMS_NORM_MUL RMS_NORM(256,4,512,1): 16 x 12.37 us = 197.92 us
RMS_NORM_MUL RMS_NORM(5120,512,1,1): 129 x 17.78 us = 2293.64 us
ROPE: 16 x 35.665 us = 570.64 us
ROPE_VIEW_SET_ROWS ROPE: 16 x 9.537 us = 152.6 us
SCALE: 96 x 9.581 us = 919.84 us
SET_ROWS: 16 x 9.395 us = 150.32 us
SIGMOID: 48 x 4.246 us = 203.84 us
SIGMOID_MUL SIGMOID: 16 x 34.792 us = 556.68 us
SILU_MUL SILU: 48 x 40.826 us = 1959.68 us
SOFTPLUS_MUL SOFTPLUS: 48 x 4.324 us = 207.56 us
SSM_CONV_SILU SSM_CONV: 48 x 29.84 us = 1432.32 us
Total time: 791368 us.
----------------
Vulkan Timings:
ADD: 176 x 17.763 us = 3126.44 us
CONCAT: 48 x 134.606 us = 6461.12 us
CONT: 16 x 46.537 us = 744.6 us
CPY: 96 x 4.326 us = 415.36 us
FLASH_ATTN_EXT dst(256,24,512,1),  q(256,512,24,1),  k(256,38400,4,1),  v(256,38400,4,1),  m(38400,512,1,1): 16 x 17646.5 us = 282344 us (27381.3 GFLOPS/s)
GATED_DELTA_NET: 48 x 241.477 us = 11590.9 us
GET_ROWS: 96 x 8.032 us = 771.08 us
GLU: 64 x 115.303 us = 7379.44 us
MUL_MAT f32 m=48 n=512 k=5120: 96 x 37.818 us = 3630.56 us (6653.75 GFLOPS/s)
MUL_MAT q4_0 m=1024 n=512 k=5120: 32 x 70.312 us = 2250 us (76347.5 GFLOPS/s)
MUL_MAT q4_0 m=10240 n=512 k=5120: 48 x 1076.76 us = 51684.4 us (49855 GFLOPS/s)
MUL_MAT q4_0 m=12288 n=512 k=5120: 16 x 1184.41 us = 18950.6 us (54388.4 GFLOPS/s)
MUL_MAT q4_0 m=17408 n=512 k=5120: 128 x 1566.19 us = 200473 us (58268.2 GFLOPS/s)
MUL_MAT q4_0 m=5120 n=512 k=17408: 56 x 1774.37 us = 99364.6 us (51435.5 GFLOPS/s)
MUL_MAT q4_0 m=5120 n=512 k=6144: 16 x 660.27 us = 10564.3 us (48782.5 GFLOPS/s)
MUL_MAT q4_0 m=6144 n=512 k=5120: 48 x 565.303 us = 27134.6 us (56976.7 GFLOPS/s)
MUL_MAT q4_1 m=5120 n=512 k=17408: 8 x 1915.19 us = 15321.6 us (47653.3 GFLOPS/s)
MUL_MAT q5_K m=5120 n=512 k=6144: 48 x 739.924 us = 35516.4 us (43531 GFLOPS/s)
RMS_NORM(128,16,512,1): 96 x 28.642 us = 2749.68 us
RMS_NORM_MUL RMS_NORM(128,48,512,1): 48 x 97.639 us = 4686.68 us
RMS_NORM_MUL RMS_NORM(256,24,512,1): 16 x 55.69 us = 891.04 us
RMS_NORM_MUL RMS_NORM(256,4,512,1): 16 x 12.87 us = 205.92 us
RMS_NORM_MUL RMS_NORM(5120,512,1,1): 129 x 20.832 us = 2687.44 us
ROPE: 16 x 39.73 us = 635.68 us
ROPE_VIEW_SET_ROWS ROPE: 16 x 10.032 us = 160.52 us
SCALE: 96 x 10.784 us = 1035.28 us
SET_ROWS: 16 x 9.56 us = 152.96 us
SIGMOID: 48 x 4.272 us = 205.08 us
SIGMOID_MUL SIGMOID: 16 x 37.18 us = 594.88 us
SILU_MUL SILU: 48 x 35.973 us = 1726.72 us
SOFTPLUS_MUL SOFTPLUS: 48 x 4.492 us = 215.64 us
SSM_CONV_SILU SSM_CONV: 48 x 33.987 us = 1631.4 us
Total time: 795302 us.
----------------
Vulkan Timings:
ADD: 176 x 13.885 us = 2443.8 us
CONCAT: 48 x 132.587 us = 6364.2 us
CONT: 16 x 37.015 us = 592.24 us
CPY: 96 x 3.951 us = 379.36 us
FLASH_ATTN_EXT dst(256,24,512,1),  q(256,512,24,1),  k(256,38912,4,1),  v(256,38912,4,1),  m(38912,512,1,1): 16 x 17839.1 us = 285425 us (27446.9 GFLOPS/s)
GATED_DELTA_NET: 48 x 237.823 us = 11415.5 us
GET_ROWS: 96 x 7.26 us = 697 us
GLU: 64 x 93.143 us = 5961.16 us
MUL_MAT f32 m=48 n=512 k=5120: 96 x 35.546 us = 3412.48 us (7078.97 GFLOPS/s)
MUL_MAT q4_0 m=1024 n=512 k=5120: 32 x 68.06 us = 2177.92 us (78874.3 GFLOPS/s)
MUL_MAT q4_0 m=10240 n=512 k=5120: 48 x 1075.3 us = 51614.4 us (49922.6 GFLOPS/s)
MUL_MAT q4_0 m=12288 n=512 k=5120: 16 x 1168.56 us = 18696.9 us (55126.4 GFLOPS/s)
MUL_MAT q4_0 m=17408 n=512 k=5120: 128 x 1559.35 us = 199596 us (58524 GFLOPS/s)
MUL_MAT q4_0 m=5120 n=512 k=17408: 56 x 1774.19 us = 99354.8 us (51440.5 GFLOPS/s)
MUL_MAT q4_0 m=5120 n=512 k=6144: 16 x 658.42 us = 10534.7 us (48919.6 GFLOPS/s)
MUL_MAT q4_0 m=6144 n=512 k=5120: 48 x 561.912 us = 26971.8 us (57320.5 GFLOPS/s)
MUL_MAT q4_1 m=5120 n=512 k=17408: 8 x 1900.88 us = 15207.1 us (48012.1 GFLOPS/s)
MUL_MAT q5_K m=5120 n=512 k=6144: 48 x 732.089 us = 35140.3 us (43996.9 GFLOPS/s)
RMS_NORM(128,16,512,1): 96 x 27.732 us = 2662.28 us
RMS_NORM_MUL RMS_NORM(128,48,512,1): 48 x 97.24 us = 4667.56 us
RMS_NORM_MUL RMS_NORM(256,24,512,1): 16 x 54.172 us = 866.76 us
RMS_NORM_MUL RMS_NORM(256,4,512,1): 16 x 12.367 us = 197.88 us
RMS_NORM_MUL RMS_NORM(5120,512,1,1): 129 x 17.671 us = 2279.6 us
ROPE: 16 x 35.71 us = 571.36 us
ROPE_VIEW_SET_ROWS ROPE: 16 x 9.505 us = 152.08 us
SCALE: 96 x 9.553 us = 917.12 us
SET_ROWS: 16 x 9.382 us = 150.12 us
SIGMOID: 48 x 4.287 us = 205.8 us
SIGMOID_MUL SIGMOID: 16 x 34.68 us = 554.88 us
SILU_MUL SILU: 48 x 35.399 us = 1699.16 us
SOFTPLUS_MUL SOFTPLUS: 48 x 4.289 us = 205.88 us
SSM_CONV_SILU SSM_CONV: 48 x 29.91 us = 1435.68 us
Total time: 792551 us.
4.18.438.159 I slot print_timing: id  0 | task 47 | prompt processing, n_tokens =  38912, progress = 0.44, t =  50.80 s / 766.05 tokens per second
----------------
Vulkan Timings:
ADD: 176 x 21.499 us = 3783.88 us
CONCAT: 48 x 137.944 us = 6621.32 us
CONT: 16 x 58.502 us = 936.04 us
CPY: 96 x 4.514 us = 433.36 us
FLASH_ATTN_EXT dst(256,24,512,1),  q(256,512,24,1),  k(256,39424,4,1),  v(256,39424,4,1),  m(39424,512,1,1): 16 x 18860.9 us = 301774 us (26301.4 GFLOPS/s)
GATED_DELTA_NET: 48 x 243.795 us = 11702.2 us
GET_ROWS: 96 x 8.614 us = 827 us
GLU: 64 x 130.445 us = 8348.52 us
MUL_MAT f32 m=48 n=512 k=5120: 96 x 39.472 us = 3789.32 us (6374.98 GFLOPS/s)
MUL_MAT q4_0 m=1024 n=512 k=5120: 32 x 74.791 us = 2393.32 us (71775.6 GFLOPS/s)
MUL_MAT q4_0 m=10240 n=512 k=5120: 48 x 1079.43 us = 51812.8 us (49731.5 GFLOPS/s)
MUL_MAT q4_0 m=12288 n=512 k=5120: 16 x 1181.66 us = 18906.5 us (54515.1 GFLOPS/s)
MUL_MAT q4_0 m=17408 n=512 k=5120: 128 x 1561.32 us = 199848 us (58450.1 GFLOPS/s)
MUL_MAT q4_0 m=5120 n=512 k=17408: 56 x 1780.21 us = 99691.8 us (51266.7 GFLOPS/s)
MUL_MAT q4_0 m=5120 n=512 k=6144: 16 x 655.94 us = 10495 us (49104.5 GFLOPS/s)
MUL_MAT q4_0 m=6144 n=512 k=5120: 48 x 570.087 us = 27364.2 us (56498.5 GFLOPS/s)
MUL_MAT q4_1 m=5120 n=512 k=17408: 8 x 1947.92 us = 15583.4 us (46852.8 GFLOPS/s)
MUL_MAT q5_K m=5120 n=512 k=6144: 48 x 737.931 us = 35420.7 us (43648.5 GFLOPS/s)
RMS_NORM(128,16,512,1): 96 x 29.421 us = 2824.44 us
RMS_NORM_MUL RMS_NORM(128,48,512,1): 48 x 97.807 us = 4694.76 us
RMS_NORM_MUL RMS_NORM(256,24,512,1): 16 x 58.582 us = 937.32 us
RMS_NORM_MUL RMS_NORM(256,4,512,1): 16 x 13.38 us = 214.08 us
RMS_NORM_MUL RMS_NORM(5120,512,1,1): 129 x 23.523 us = 3034.52 us
ROPE: 16 x 41.51 us = 664.16 us
ROPE_VIEW_SET_ROWS ROPE: 16 x 10.52 us = 168.32 us
SCALE: 96 x 11.667 us = 1120.04 us
SET_ROWS: 16 x 9.767 us = 156.28 us
SIGMOID: 48 x 4.25 us = 204.04 us
SIGMOID_MUL SIGMOID: 16 x 39.645 us = 634.32 us
SILU_MUL SILU: 48 x 36.497 us = 1751.88 us
SOFTPLUS_MUL SOFTPLUS: 48 x 4.541 us = 218 us
SSM_CONV_SILU SSM_CONV: 48 x 37.795 us = 1814.2 us
Total time: 818169 us.
----------------
Vulkan Timings:
ADD: 176 x 23.894 us = 4205.48 us
CONCAT: 48 x 138.873 us = 6665.92 us
CONT: 16 x 67.77 us = 1084.32 us
CPY: 96 x 4.853 us = 465.96 us
FLASH_ATTN_EXT dst(256,24,512,1),  q(256,512,24,1),  k(256,39936,4,1),  v(256,39936,4,1),  m(39936,512,1,1): 16 x 20545.3 us = 328724 us (24458.7 GFLOPS/s)
GATED_DELTA_NET: 48 x 244.8 us = 11750.4 us
GET_ROWS: 96 x 9.219 us = 885.04 us
GLU: 64 x 144.786 us = 9266.36 us
MUL_MAT f32 m=48 n=512 k=5120: 96 x 41.325 us = 3967.28 us (6089.02 GFLOPS/s)
MUL_MAT q4_0 m=1024 n=512 k=5120: 32 x 78.561 us = 2513.96 us (68331.2 GFLOPS/s)
MUL_MAT q4_0 m=10240 n=512 k=5120: 48 x 1075.11 us = 51605.2 us (49931.6 GFLOPS/s)
MUL_MAT q4_0 m=12288 n=512 k=5120: 16 x 1172.09 us = 18753.5 us (54960 GFLOPS/s)
MUL_MAT q4_0 m=17408 n=512 k=5120: 128 x 1550.13 us = 198417 us (58871.9 GFLOPS/s)
MUL_MAT q4_0 m=5120 n=512 k=17408: 56 x 1776.12 us = 99462.9 us (51384.6 GFLOPS/s)
MUL_MAT q4_0 m=5120 n=512 k=6144: 16 x 636.71 us = 10187.4 us (50587.6 GFLOPS/s)
MUL_MAT q4_0 m=6144 n=512 k=5120: 48 x 569.804 us = 27350.6 us (56526.6 GFLOPS/s)
MUL_MAT q4_1 m=5120 n=512 k=17408: 8 x 1957.85 us = 15662.8 us (46615.1 GFLOPS/s)
MUL_MAT q5_K m=5120 n=512 k=6144: 48 x 738.231 us = 35435.1 us (43630.8 GFLOPS/s)
RMS_NORM(128,16,512,1): 96 x 30.04 us = 2883.92 us
RMS_NORM_MUL RMS_NORM(128,48,512,1): 48 x 98.44 us = 4725.16 us
RMS_NORM_MUL RMS_NORM(256,24,512,1): 16 x 59.872 us = 957.96 us
RMS_NORM_MUL RMS_NORM(256,4,512,1): 16 x 13.822 us = 221.16 us
RMS_NORM_MUL RMS_NORM(5120,512,1,1): 129 x 25.814 us = 3330.04 us
ROPE: 16 x 45.212 us = 723.4 us
ROPE_VIEW_SET_ROWS ROPE: 16 x 11.05 us = 176.8 us
SCALE: 96 x 12.568 us = 1206.56 us
SET_ROWS: 16 x 9.935 us = 158.96 us
SIGMOID: 48 x 4.447 us = 213.48 us
SIGMOID_MUL SIGMOID: 16 x 41.847 us = 669.56 us
SILU_MUL SILU: 48 x 36.795 us = 1766.2 us
SOFTPLUS_MUL SOFTPLUS: 48 x 4.42 us = 212.2 us
SSM_CONV_SILU SSM_CONV: 48 x 40.451 us = 1941.68 us
Total time: 845590 us.
----------------
Vulkan Timings:
ADD: 176 x 23.535 us = 4142.32 us
CONCAT: 48 x 138.957 us = 6669.96 us
CONT: 16 x 65.745 us = 1051.92 us
CPY: 96 x 4.793 us = 460.16 us
FLASH_ATTN_EXT dst(256,24,512,1),  q(256,512,24,1),  k(256,40448,4,1),  v(256,40448,4,1),  m(40448,512,1,1): 16 x 19988.4 us = 319815 us (25462.4 GFLOPS/s)
GATED_DELTA_NET: 48 x 245.482 us = 11783.2 us
GET_ROWS: 96 x 9.144 us = 877.88 us
GLU: 64 x 145.05 us = 9283.2 us
MUL_MAT f32 m=48 n=512 k=5120: 96 x 41.434 us = 3977.68 us (6073.1 GFLOPS/s)
MUL_MAT q4_0 m=1024 n=512 k=5120: 32 x 76.556 us = 2449.8 us (70120.8 GFLOPS/s)
MUL_MAT q4_0 m=10240 n=512 k=5120: 48 x 1074.83 us = 51592 us (49944.3 GFLOPS/s)
MUL_MAT q4_0 m=12288 n=512 k=5120: 16 x 1175.18 us = 18802.9 us (54815.5 GFLOPS/s)
MUL_MAT q4_0 m=17408 n=512 k=5120: 128 x 1551.21 us = 198555 us (58831 GFLOPS/s)
MUL_MAT q4_0 m=5120 n=512 k=17408: 56 x 1771.17 us = 99185.5 us (51528.3 GFLOPS/s)
MUL_MAT q4_0 m=5120 n=512 k=6144: 16 x 647.585 us = 10361.4 us (49738.1 GFLOPS/s)
MUL_MAT q4_0 m=6144 n=512 k=5120: 48 x 570.513 us = 27384.6 us (56456.4 GFLOPS/s)
MUL_MAT q4_1 m=5120 n=512 k=17408: 8 x 1939.59 us = 15516.7 us (47054 GFLOPS/s)
MUL_MAT q5_K m=5120 n=512 k=6144: 48 x 740.635 us = 35550.5 us (43489.2 GFLOPS/s)
RMS_NORM(128,16,512,1): 96 x 30.148 us = 2894.28 us
RMS_NORM_MUL RMS_NORM(128,48,512,1): 48 x 99.208 us = 4762 us
RMS_NORM_MUL RMS_NORM(256,24,512,1): 16 x 62.197 us = 995.16 us
RMS_NORM_MUL RMS_NORM(256,4,512,1): 16 x 13.84 us = 221.44 us
RMS_NORM_MUL RMS_NORM(5120,512,1,1): 129 x 25.941 us = 3346.48 us
ROPE: 16 x 45.722 us = 731.56 us
ROPE_VIEW_SET_ROWS ROPE: 16 x 11.037 us = 176.6 us
SCALE: 96 x 12.59 us = 1208.64 us
SET_ROWS: 16 x 9.947 us = 159.16 us
SIGMOID: 48 x 4.337 us = 208.2 us
SIGMOID_MUL SIGMOID: 16 x 40.99 us = 655.84 us
SILU_MUL SILU: 48 x 37.44 us = 1797.16 us
SOFTPLUS_MUL SOFTPLUS: 48 x 4.692 us = 225.24 us
SSM_CONV_SILU SSM_CONV: 48 x 40.23 us = 1931.04 us
Total time: 836772 us.
----------------
Vulkan Timings:
ADD: 176 x 23.999 us = 4223.84 us
CONCAT: 48 x 138.026 us = 6625.28 us
CONT: 16 x 67.64 us = 1082.24 us
CPY: 96 x 4.782 us = 459.08 us
FLASH_ATTN_EXT dst(256,24,512,1),  q(256,512,24,1),  k(256,40960,4,1),  v(256,40960,4,1),  m(40960,512,1,1): 16 x 21562 us = 344992 us (23903 GFLOPS/s)
GATED_DELTA_NET: 48 x 243.84 us = 11704.4 us
GET_ROWS: 96 x 9.095 us = 873.2 us
GLU: 64 x 144.915 us = 9274.6 us
MUL_MAT f32 m=48 n=512 k=5120: 96 x 41.297 us = 3964.6 us (6093.13 GFLOPS/s)
MUL_MAT q4_0 m=1024 n=512 k=5120: 32 x 72.471 us = 2319.08 us (74073.3 GFLOPS/s)
MUL_MAT q4_0 m=10240 n=512 k=5120: 48 x 1064.49 us = 51095.8 us (50429.4 GFLOPS/s)
MUL_MAT q4_0 m=12288 n=512 k=5120: 16 x 1178.71 us = 18859.4 us (54651.5 GFLOPS/s)
MUL_MAT q4_0 m=17408 n=512 k=5120: 128 x 1542.74 us = 197471 us (59153.9 GFLOPS/s)
MUL_MAT q4_0 m=5120 n=512 k=17408: 56 x 1765.96 us = 98894 us (51680.2 GFLOPS/s)
MUL_MAT q4_0 m=5120 n=512 k=6144: 16 x 627.982 us = 10047.7 us (51290.7 GFLOPS/s)
MUL_MAT q4_0 m=6144 n=512 k=5120: 48 x 572.441 us = 27477.2 us (56266.2 GFLOPS/s)
MUL_MAT q4_1 m=5120 n=512 k=17408: 8 x 1926.92 us = 15415.4 us (47363.3 GFLOPS/s)
MUL_MAT q5_K m=5120 n=512 k=6144: 48 x 741.557 us = 35594.8 us (43435.1 GFLOPS/s)
RMS_NORM(128,16,512,1): 96 x 29.934 us = 2873.68 us
RMS_NORM_MUL RMS_NORM(128,48,512,1): 48 x 98.978 us = 4750.96 us
RMS_NORM_MUL RMS_NORM(256,24,512,1): 16 x 59.885 us = 958.16 us
RMS_NORM_MUL RMS_NORM(256,4,512,1): 16 x 13.7 us = 219.2 us
RMS_NORM_MUL RMS_NORM(5120,512,1,1): 129 x 25.847 us = 3334.32 us
ROPE: 16 x 45.385 us = 726.16 us
ROPE_VIEW_SET_ROWS ROPE: 16 x 10.89 us = 174.24 us
SCALE: 96 x 12.585 us = 1208.24 us
SET_ROWS: 16 x 9.89 us = 158.24 us
SIGMOID: 48 x 4.493 us = 215.68 us
SIGMOID_MUL SIGMOID: 16 x 40.62 us = 649.92 us
SILU_MUL SILU: 48 x 36.945 us = 1773.36 us
SOFTPLUS_MUL SOFTPLUS: 48 x 4.409 us = 211.64 us
SSM_CONV_SILU SSM_CONV: 48 x 40.3 us = 1934.4 us
Total time: 859561 us.
4.21.905.915 I slot print_timing: id  0 | task 47 | prompt processing, n_tokens =  40960, progress = 0.47, t =  54.26 s / 754.84 tokens per second
----------------
Vulkan Timings:
ADD: 176 x 15.498 us = 2727.68 us
CONCAT: 48 x 143.17 us = 6872.16 us
CONT: 16 x 43.597 us = 697.56 us
CPY: 96 x 4.052 us = 389.08 us
FLASH_ATTN_EXT dst(256,24,512,1),  q(256,512,24,1),  k(256,41472,4,1),  v(256,41472,4,1),  m(41472,512,1,1): 16 x 19947.7 us = 319164 us (26160.3 GFLOPS/s)
GATED_DELTA_NET: 48 x 241.361 us = 11585.4 us
GET_ROWS: 96 x 7.581 us = 727.8 us
GLU: 64 x 103.585 us = 6629.44 us
MUL_MAT f32 m=48 n=512 k=5120: 96 x 36.846 us = 3537.24 us (6829.29 GFLOPS/s)
MUL_MAT q4_0 m=1024 n=512 k=5120: 32 x 68.43 us = 2189.76 us (78447.8 GFLOPS/s)
MUL_MAT q4_0 m=10240 n=512 k=5120: 48 x 1088.35 us = 52240.8 us (49324.1 GFLOPS/s)
MUL_MAT q4_0 m=12288 n=512 k=5120: 16 x 1216.35 us = 19461.5 us (52960.5 GFLOPS/s)
MUL_MAT q4_0 m=17408 n=512 k=5120: 128 x 1564.77 us = 200291 us (58321.1 GFLOPS/s)
MUL_MAT q4_0 m=5120 n=512 k=17408: 56 x 1777.23 us = 99525.2 us (51352.5 GFLOPS/s)
MUL_MAT q4_0 m=5120 n=512 k=6144: 16 x 649.05 us = 10384.8 us (49625.8 GFLOPS/s)
MUL_MAT q4_0 m=6144 n=512 k=5120: 48 x 565.626 us = 27150.1 us (56944.1 GFLOPS/s)
MUL_MAT q4_1 m=5120 n=512 k=17408: 8 x 1969.34 us = 15754.7 us (46343.2 GFLOPS/s)
MUL_MAT q5_K m=5120 n=512 k=6144: 48 x 741.445 us = 35589.4 us (43441.7 GFLOPS/s)
RMS_NORM(128,16,512,1): 96 x 28.257 us = 2712.76 us
RMS_NORM_MUL RMS_NORM(128,48,512,1): 48 x 98.533 us = 4729.6 us
RMS_NORM_MUL RMS_NORM(256,24,512,1): 16 x 55.53 us = 888.48 us
RMS_NORM_MUL RMS_NORM(256,4,512,1): 16 x 12.627 us = 202.04 us
RMS_NORM_MUL RMS_NORM(5120,512,1,1): 129 x 19.21 us = 2478.2 us
ROPE: 16 x 37.992 us = 607.88 us
ROPE_VIEW_SET_ROWS ROPE: 16 x 9.78 us = 156.48 us
SCALE: 96 x 10.207 us = 979.96 us
SET_ROWS: 16 x 9.44 us = 151.04 us
SIGMOID: 48 x 4.397 us = 211.08 us
SIGMOID_MUL SIGMOID: 16 x 35.617 us = 569.88 us
SILU_MUL SILU: 48 x 35.77 us = 1716.96 us
SOFTPLUS_MUL SOFTPLUS: 48 x 4.305 us = 206.64 us
SSM_CONV_SILU SSM_CONV: 48 x 31.427 us = 1508.52 us
Total time: 832037 us.
----------------
Vulkan Timings:
ADD: 176 x 17.075 us = 3005.28 us
CONCAT: 48 x 133.657 us = 6415.56 us
CONT: 16 x 48.315 us = 773.04 us
CPY: 96 x 4.125 us = 396.08 us
FLASH_ATTN_EXT dst(256,24,512,1),  q(256,512,24,1),  k(256,41984,4,1),  v(256,41984,4,1),  m(41984,512,1,1): 16 x 20527.3 us = 328437 us (25735.5 GFLOPS/s)
GATED_DELTA_NET: 48 x 239.703 us = 11505.8 us
GET_ROWS: 96 x 7.679 us = 737.2 us
GLU: 64 x 108.049 us = 6915.16 us
MUL_MAT f32 m=48 n=512 k=5120: 96 x 37 us = 3552.04 us (6800.83 GFLOPS/s)
MUL_MAT q4_0 m=1024 n=512 k=5120: 32 x 68.655 us = 2196.96 us (78190.7 GFLOPS/s)
MUL_MAT q4_0 m=10240 n=512 k=5120: 48 x 1071.81 us = 51446.8 us (50085.3 GFLOPS/s)
MUL_MAT q4_0 m=12288 n=512 k=5120: 16 x 1170.01 us = 18720.2 us (55057.8 GFLOPS/s)
MUL_MAT q4_0 m=17408 n=512 k=5120: 128 x 1562.59 us = 200012 us (58402.5 GFLOPS/s)
MUL_MAT q4_0 m=5120 n=512 k=17408: 56 x 1767.24 us = 98965.6 us (51642.8 GFLOPS/s)
MUL_MAT q4_0 m=5120 n=512 k=6144: 16 x 642.445 us = 10279.1 us (50136 GFLOPS/s)
MUL_MAT q4_0 m=6144 n=512 k=5120: 48 x 563.731 us = 27059.1 us (57135.5 GFLOPS/s)
MUL_MAT q4_1 m=5120 n=512 k=17408: 8 x 1958.93 us = 15671.4 us (46589.4 GFLOPS/s)
MUL_MAT q5_K m=5120 n=512 k=6144: 48 x 736.899 us = 35371.2 us (43709.7 GFLOPS/s)
RMS_NORM(128,16,512,1): 96 x 28.372 us = 2723.8 us
RMS_NORM_MUL RMS_NORM(128,48,512,1): 48 x 97.702 us = 4689.72 us
RMS_NORM_MUL RMS_NORM(256,24,512,1): 16 x 55.675 us = 890.8 us
RMS_NORM_MUL RMS_NORM(256,4,512,1): 16 x 12.755 us = 204.08 us
RMS_NORM_MUL RMS_NORM(5120,512,1,1): 129 x 19.978 us = 2577.28 us
ROPE: 16 x 38.037 us = 608.6 us
ROPE_VIEW_SET_ROWS ROPE: 16 x 9.88 us = 158.08 us
SCALE: 96 x 10.45 us = 1003.28 us
SET_ROWS: 16 x 9.497 us = 151.96 us
SIGMOID: 48 x 4.266 us = 204.8 us
SIGMOID_MUL SIGMOID: 16 x 36.83 us = 589.28 us
SILU_MUL SILU: 48 x 36.096 us = 1732.64 us
SOFTPLUS_MUL SOFTPLUS: 48 x 4.325 us = 207.64 us
SSM_CONV_SILU SSM_CONV: 48 x 32.954 us = 1581.8 us
Total time: 838783 us.
----------------
Vulkan Timings:
ADD: 176 x 13.877 us = 2442.52 us
CONCAT: 48 x 134.307 us = 6446.76 us
CONT: 16 x 36.91 us = 590.56 us
CPY: 96 x 4.025 us = 386.44 us
FLASH_ATTN_EXT dst(256,24,512,1),  q(256,512,24,1),  k(256,42496,4,1),  v(256,42496,4,1),  m(42496,512,1,1): 16 x 19527.7 us = 312444 us (27382.8 GFLOPS/s)
GATED_DELTA_NET: 48 x 241.147 us = 11575.1 us
GET_ROWS: 96 x 7.3 us = 700.88 us
GLU: 64 x 94.633 us = 6056.52 us
MUL_MAT f32 m=48 n=512 k=5120: 96 x 35.812 us = 3437.96 us (7026.5 GFLOPS/s)
MUL_MAT q4_0 m=1024 n=512 k=5120: 32 x 67.83 us = 2170.56 us (79141.7 GFLOPS/s)
MUL_MAT q4_0 m=10240 n=512 k=5120: 48 x 1089.48 us = 52295 us (49272.9 GFLOPS/s)
MUL_MAT q4_0 m=12288 n=512 k=5120: 16 x 1179.97 us = 18879.5 us (54593.2 GFLOPS/s)
MUL_MAT q4_0 m=17408 n=512 k=5120: 128 x 1581.3 us = 202406 us (57711.5 GFLOPS/s)
MUL_MAT q4_0 m=5120 n=512 k=17408: 56 x 1785.02 us = 99961.3 us (51128.4 GFLOPS/s)
MUL_MAT q4_0 m=5120 n=512 k=6144: 16 x 663.472 us = 10615.6 us (48547.1 GFLOPS/s)
MUL_MAT q4_0 m=6144 n=512 k=5120: 48 x 569.78 us = 27349.4 us (56529 GFLOPS/s)
MUL_MAT q4_1 m=5120 n=512 k=17408: 8 x 2026.7 us = 16213.6 us (45031.5 GFLOPS/s)
MUL_MAT q5_K m=5120 n=512 k=6144: 48 x 746.049 us = 35810.4 us (43173.6 GFLOPS/s)
RMS_NORM(128,16,512,1): 96 x 28.042 us = 2692.12 us
RMS_NORM_MUL RMS_NORM(128,48,512,1): 48 x 98.961 us = 4750.16 us
RMS_NORM_MUL RMS_NORM(256,24,512,1): 16 x 55.372 us = 885.96 us
RMS_NORM_MUL RMS_NORM(256,4,512,1): 16 x 12.377 us = 198.04 us
RMS_NORM_MUL RMS_NORM(5120,512,1,1): 129 x 17.891 us = 2308.04 us
ROPE: 16 x 35.802 us = 572.84 us
ROPE_VIEW_SET_ROWS ROPE: 16 x 9.455 us = 151.28 us
SCALE: 96 x 9.71 us = 932.24 us
SET_ROWS: 16 x 9.39 us = 150.24 us
SIGMOID: 48 x 4.271 us = 205.04 us
SIGMOID_MUL SIGMOID: 16 x 34.842 us = 557.48 us
SILU_MUL SILU: 48 x 36.033 us = 1729.6 us
SOFTPLUS_MUL SOFTPLUS: 48 x 4.339 us = 208.28 us
SSM_CONV_SILU SSM_CONV: 48 x 29.98 us = 1439.04 us
Total time: 826562 us.
----------------
Vulkan Timings:
ADD: 176 x 16.261 us = 2862.04 us
CONCAT: 48 x 134.249 us = 6443.96 us
CONT: 16 x 44.535 us = 712.56 us
CPY: 96 x 4.11 us = 394.56 us
FLASH_ATTN_EXT dst(256,24,512,1),  q(256,512,24,1),  k(256,43008,4,1),  v(256,43008,4,1),  m(43008,512,1,1): 16 x 20517.6 us = 328282 us (26375.7 GFLOPS/s)
GATED_DELTA_NET: 48 x 239.627 us = 11502.1 us
GET_ROWS: 96 x 7.61 us = 730.56 us
GLU: 64 x 105.346 us = 6742.16 us
MUL_MAT f32 m=48 n=512 k=5120: 96 x 36.579 us = 3511.64 us (6879.07 GFLOPS/s)
MUL_MAT q4_0 m=1024 n=512 k=5120: 32 x 72.037 us = 2305.2 us (74519.3 GFLOPS/s)
MUL_MAT q4_0 m=10240 n=512 k=5120: 48 x 1076.45 us = 51669.8 us (49869.2 GFLOPS/s)
MUL_MAT q4_0 m=12288 n=512 k=5120: 16 x 1168.3 us = 18692.8 us (55138.4 GFLOPS/s)
MUL_MAT q4_0 m=17408 n=512 k=5120: 128 x 1560.83 us = 199787 us (58468.2 GFLOPS/s)
MUL_MAT q4_0 m=5120 n=512 k=17408: 56 x 1774.15 us = 99352.3 us (51441.8 GFLOPS/s)
MUL_MAT q4_0 m=5120 n=512 k=6144: 16 x 651.182 us = 10418.9 us (49463.3 GFLOPS/s)
MUL_MAT q4_0 m=6144 n=512 k=5120: 48 x 564.182 us = 27080.8 us (57089.9 GFLOPS/s)
MUL_MAT q4_1 m=5120 n=512 k=17408: 8 x 1946.62 us = 15572.9 us (46884.2 GFLOPS/s)
MUL_MAT q5_K m=5120 n=512 k=6144: 48 x 737.76 us = 35412.5 us (43658.6 GFLOPS/s)
RMS_NORM(128,16,512,1): 96 x 28.184 us = 2705.72 us
RMS_NORM_MUL RMS_NORM(128,48,512,1): 48 x 97.681 us = 4688.72 us
RMS_NORM_MUL RMS_NORM(256,24,512,1): 16 x 55.45 us = 887.2 us
RMS_NORM_MUL RMS_NORM(256,4,512,1): 16 x 12.607 us = 201.72 us
RMS_NORM_MUL RMS_NORM(5120,512,1,1): 129 x 19.453 us = 2509.44 us
ROPE: 16 x 37.117 us = 593.88 us
ROPE_VIEW_SET_ROWS ROPE: 16 x 9.705 us = 155.28 us
SCALE: 96 x 10.207 us = 979.92 us
SET_ROWS: 16 x 9.472 us = 151.56 us
SIGMOID: 48 x 4.402 us = 211.32 us
SIGMOID_MUL SIGMOID: 16 x 36.787 us = 588.6 us
SILU_MUL SILU: 48 x 35.735 us = 1715.32 us
SOFTPLUS_MUL SOFTPLUS: 48 x 4.338 us = 208.24 us
SSM_CONV_SILU SSM_CONV: 48 x 32.111 us = 1541.36 us
Total time: 838612 us.
4.25.352.245 I slot print_timing: id  0 | task 47 | prompt processing, n_tokens =  43008, progress = 0.49, t =  57.71 s / 745.25 tokens per second
----------------
Vulkan Timings:
ADD: 176 x 13.841 us = 2436.04 us
CONCAT: 48 x 133.506 us = 6408.32 us
CONT: 16 x 36.637 us = 586.2 us
CPY: 96 x 3.94 us = 378.28 us
FLASH_ATTN_EXT dst(256,24,512,1),  q(256,512,24,1),  k(256,43520,4,1),  v(256,43520,4,1),  m(43520,512,1,1): 16 x 19945.7 us = 319131 us (27455 GFLOPS/s)
GATED_DELTA_NET: 48 x 241.187 us = 11577 us
GET_ROWS: 96 x 7.39 us = 709.48 us
GLU: 64 x 94.638 us = 6056.88 us
MUL_MAT f32 m=48 n=512 k=5120: 96 x 35.65 us = 3422.44 us (7058.37 GFLOPS/s)
MUL_MAT q4_0 m=1024 n=512 k=5120: 32 x 67.963 us = 2174.84 us (78986 GFLOPS/s)
MUL_MAT q4_0 m=10240 n=512 k=5120: 48 x 1083.53 us = 52009.3 us (49543.6 GFLOPS/s)
MUL_MAT q4_0 m=12288 n=512 k=5120: 16 x 1174.26 us = 18788.1 us (54858.8 GFLOPS/s)
MUL_MAT q4_0 m=17408 n=512 k=5120: 128 x 1578.2 us = 202010 us (57824.8 GFLOPS/s)
MUL_MAT q4_0 m=5120 n=512 k=17408: 56 x 1779.01 us = 99624.5 us (51301.3 GFLOPS/s)
MUL_MAT q4_0 m=5120 n=512 k=6144: 16 x 661.072 us = 10577.2 us (48723.3 GFLOPS/s)
MUL_MAT q4_0 m=6144 n=512 k=5120: 48 x 564.977 us = 27118.9 us (57009.5 GFLOPS/s)
MUL_MAT q4_1 m=5120 n=512 k=17408: 8 x 1997.55 us = 15980.4 us (45688.8 GFLOPS/s)
MUL_MAT q5_K m=5120 n=512 k=6144: 48 x 742.83 us = 35655.9 us (43360.7 GFLOPS/s)
RMS_NORM(128,16,512,1): 96 x 27.957 us = 2683.88 us
RMS_NORM_MUL RMS_NORM(128,48,512,1): 48 x 98.153 us = 4711.36 us
RMS_NORM_MUL RMS_NORM(256,24,512,1): 16 x 54.915 us = 878.64 us
RMS_NORM_MUL RMS_NORM(256,4,512,1): 16 x 12.385 us = 198.16 us
RMS_NORM_MUL RMS_NORM(5120,512,1,1): 129 x 17.936 us = 2313.84 us
ROPE: 16 x 35.51 us = 568.16 us
ROPE_VIEW_SET_ROWS ROPE: 16 x 9.465 us = 151.44 us
SCALE: 96 x 9.617 us = 923.28 us
SET_ROWS: 16 x 9.425 us = 150.8 us
SIGMOID: 48 x 4.21 us = 202.12 us
SIGMOID_MUL SIGMOID: 16 x 35.06 us = 560.96 us
SILU_MUL SILU: 48 x 35.678 us = 1712.56 us
SOFTPLUS_MUL SOFTPLUS: 48 x 4.395 us = 211 us
SSM_CONV_SILU SSM_CONV: 48 x 29.885 us = 1434.52 us
Total time: 831345 us.
----------------
Vulkan Timings:
ADD: 176 x 17.553 us = 3089.4 us
CONCAT: 48 x 135.338 us = 6496.24 us
CONT: 16 x 45.952 us = 735.24 us
CPY: 96 x 4.255 us = 408.48 us
FLASH_ATTN_EXT dst(256,24,512,1),  q(256,512,24,1),  k(256,44032,4,1),  v(256,44032,4,1),  m(44032,512,1,1): 16 x 22092.1 us = 353474 us (25079.1 GFLOPS/s)
GATED_DELTA_NET: 48 x 241.509 us = 11592.4 us
GET_ROWS: 96 x 7.9 us = 758.48 us
GLU: 64 x 112.694 us = 7212.44 us
MUL_MAT f32 m=48 n=512 k=5120: 96 x 37.965 us = 3644.64 us (6628.04 GFLOPS/s)
MUL_MAT q4_0 m=1024 n=512 k=5120: 32 x 72.46 us = 2318.72 us (74084.8 GFLOPS/s)
MUL_MAT q4_0 m=10240 n=512 k=5120: 48 x 1078.98 us = 51791.3 us (49752.1 GFLOPS/s)
MUL_MAT q4_0 m=12288 n=512 k=5120: 16 x 1159.77 us = 18556.2 us (55544.2 GFLOPS/s)
MUL_MAT q4_0 m=17408 n=512 k=5120: 128 x 1563.32 us = 200105 us (58375.1 GFLOPS/s)
MUL_MAT q4_0 m=5120 n=512 k=17408: 56 x 1774.17 us = 99353.6 us (51441.2 GFLOPS/s)
MUL_MAT q4_0 m=5120 n=512 k=6144: 16 x 640.512 us = 10248.2 us (50287.3 GFLOPS/s)
MUL_MAT q4_0 m=6144 n=512 k=5120: 48 x 567.794 us = 27254.1 us (56726.7 GFLOPS/s)
MUL_MAT q4_1 m=5120 n=512 k=17408: 8 x 2012.2 us = 16097.6 us (45356 GFLOPS/s)
MUL_MAT q5_K m=5120 n=512 k=6144: 48 x 740.285 us = 35533.7 us (43509.7 GFLOPS/s)
RMS_NORM(128,16,512,1): 96 x 28.594 us = 2745.04 us
RMS_NORM_MUL RMS_NORM(128,48,512,1): 48 x 98.653 us = 4735.36 us
RMS_NORM_MUL RMS_NORM(256,24,512,1): 16 x 55.45 us = 887.2 us
RMS_NORM_MUL RMS_NORM(256,4,512,1): 16 x 12.74 us = 203.84 us
RMS_NORM_MUL RMS_NORM(5120,512,1,1): 129 x 20.65 us = 2663.92 us
ROPE: 16 x 38.037 us = 608.6 us
ROPE_VIEW_SET_ROWS ROPE: 16 x 9.845 us = 157.52 us
SCALE: 96 x 10.792 us = 1036.04 us
SET_ROWS: 16 x 9.482 us = 151.72 us
SIGMOID: 48 x 4.33 us = 207.88 us
SIGMOID_MUL SIGMOID: 16 x 36.875 us = 590 us
SILU_MUL SILU: 48 x 36.1 us = 1732.8 us
SOFTPLUS_MUL SOFTPLUS: 48 x 4.539 us = 217.88 us
SSM_CONV_SILU SSM_CONV: 48 x 33.653 us = 1615.36 us
Total time: 866223 us.
----------------
Vulkan Timings:
ADD: 176 x 13.733 us = 2417.12 us
CONCAT: 48 x 133.539 us = 6409.88 us
CONT: 16 x 36.605 us = 585.68 us
CPY: 96 x 3.911 us = 375.52 us
FLASH_ATTN_EXT dst(256,24,512,1),  q(256,512,24,1),  k(256,44544,4,1),  v(256,44544,4,1),  m(44544,512,1,1): 16 x 20457 us = 327312 us (27398.6 GFLOPS/s)
GATED_DELTA_NET: 48 x 240.544 us = 11546.1 us
GET_ROWS: 96 x 7.267 us = 697.68 us
GLU: 64 x 93.948 us = 6012.68 us
MUL_MAT f32 m=48 n=512 k=5120: 96 x 35.578 us = 3415.56 us (7072.58 GFLOPS/s)
MUL_MAT q4_0 m=1024 n=512 k=5120: 32 x 67.867 us = 2171.76 us (79098 GFLOPS/s)
MUL_MAT q4_0 m=10240 n=512 k=5120: 48 x 1084.65 us = 52063.1 us (49492.4 GFLOPS/s)
MUL_MAT q4_0 m=12288 n=512 k=5120: 16 x 1180.41 us = 18886.6 us (54572.7 GFLOPS/s)
MUL_MAT q4_0 m=17408 n=512 k=5120: 128 x 1582.48 us = 202558 us (57668.3 GFLOPS/s)
MUL_MAT q4_0 m=5120 n=512 k=17408: 56 x 1780.68 us = 99718.1 us (51253.1 GFLOPS/s)
MUL_MAT q4_0 m=5120 n=512 k=6144: 16 x 661.42 us = 10582.7 us (48697.7 GFLOPS/s)
MUL_MAT q4_0 m=6144 n=512 k=5120: 48 x 566.82 us = 27207.4 us (56824.2 GFLOPS/s)
MUL_MAT q4_1 m=5120 n=512 k=17408: 8 x 1995.92 us = 15967.4 us (45726 GFLOPS/s)
MUL_MAT q5_K m=5120 n=512 k=6144: 48 x 743.868 us = 35705.7 us (43300.2 GFLOPS/s)
RMS_NORM(128,16,512,1): 96 x 27.865 us = 2675.08 us
RMS_NORM_MUL RMS_NORM(128,48,512,1): 48 x 97.935 us = 4700.92 us
RMS_NORM_MUL RMS_NORM(256,24,512,1): 16 x 55.047 us = 880.76 us
RMS_NORM_MUL RMS_NORM(256,4,512,1): 16 x 12.387 us = 198.2 us
RMS_NORM_MUL RMS_NORM(5120,512,1,1): 129 x 17.783 us = 2294.08 us
ROPE: 16 x 35.495 us = 567.92 us
ROPE_VIEW_SET_ROWS ROPE: 16 x 9.547 us = 152.76 us
SCALE: 96 x 9.608 us = 922.4 us
SET_ROWS: 16 x 9.407 us = 150.52 us
SIGMOID: 48 x 4.295 us = 206.2 us
SIGMOID_MUL SIGMOID: 16 x 34.87 us = 557.92 us
SILU_MUL SILU: 48 x 35.656 us = 1711.52 us
SOFTPLUS_MUL SOFTPLUS: 48 x 4.37 us = 209.76 us
SSM_CONV_SILU SSM_CONV: 48 x 29.89 us = 1434.76 us
Total time: 840296 us.
----------------
Vulkan Timings:
ADD: 176 x 23.888 us = 4204.44 us
CONCAT: 48 x 138.122 us = 6629.88 us
CONT: 16 x 64.047 us = 1024.76 us
CPY: 96 x 4.796 us = 460.48 us
FLASH_ATTN_EXT dst(256,24,512,1),  q(256,512,24,1),  k(256,45056,4,1),  v(256,45056,4,1),  m(45056,512,1,1): 16 x 26064.4 us = 417031 us (21751.3 GFLOPS/s)
GATED_DELTA_NET: 48 x 244.297 us = 11726.3 us
GET_ROWS: 96 x 8.975 us = 861.68 us
GLU: 64 x 141.25 us = 9040.04 us
MUL_MAT f32 m=48 n=512 k=5120: 96 x 40.691 us = 3906.4 us (6183.91 GFLOPS/s)
MUL_MAT q4_0 m=1024 n=512 k=5120: 32 x 72.691 us = 2326.12 us (73849.1 GFLOPS/s)
MUL_MAT q4_0 m=10240 n=512 k=5120: 48 x 1071.2 us = 51417.7 us (50113.6 GFLOPS/s)
MUL_MAT q4_0 m=12288 n=512 k=5120: 16 x 1186.49 us = 18983.9 us (54293 GFLOPS/s)
MUL_MAT q4_0 m=17408 n=512 k=5120: 128 x 1529.24 us = 195743 us (59676.2 GFLOPS/s)
MUL_MAT q4_0 m=5120 n=512 k=17408: 56 x 1756.27 us = 98350.9 us (51965.6 GFLOPS/s)
MUL_MAT q4_0 m=5120 n=512 k=6144: 16 x 596.087 us = 9537.4 us (54035.1 GFLOPS/s)
MUL_MAT q4_0 m=6144 n=512 k=5120: 48 x 566.407 us = 27187.6 us (56865.6 GFLOPS/s)
MUL_MAT q4_1 m=5120 n=512 k=17408: 8 x 2030.19 us = 16241.5 us (44954.1 GFLOPS/s)
MUL_MAT q5_K m=5120 n=512 k=6144: 48 x 734.655 us = 35263.4 us (43843.2 GFLOPS/s)
RMS_NORM(128,16,512,1): 96 x 29.76 us = 2857.04 us
RMS_NORM_MUL RMS_NORM(128,48,512,1): 48 x 97.655 us = 4687.48 us
RMS_NORM_MUL RMS_NORM(256,24,512,1): 16 x 59.525 us = 952.4 us
RMS_NORM_MUL RMS_NORM(256,4,512,1): 16 x 13.735 us = 219.76 us
RMS_NORM_MUL RMS_NORM(5120,512,1,1): 129 x 25.475 us = 3286.4 us
ROPE: 16 x 44.592 us = 713.48 us
ROPE_VIEW_SET_ROWS ROPE: 16 x 10.91 us = 174.56 us
SCALE: 96 x 12.34 us = 1184.68 us
SET_ROWS: 16 x 9.897 us = 158.36 us
SIGMOID: 48 x 4.229 us = 203 us
SIGMOID_MUL SIGMOID: 16 x 40.922 us = 654.76 us
SILU_MUL SILU: 48 x 36.709 us = 1762.04 us
SOFTPLUS_MUL SOFTPLUS: 48 x 4.597 us = 220.68 us
SSM_CONV_SILU SSM_CONV: 48 x 39.648 us = 1903.12 us
Total time: 928914 us.
4.28.936.053 I slot print_timing: id  0 | task 47 | prompt processing, n_tokens =  45056, progress = 0.51, t =  61.29 s / 735.08 tokens per second
----------------
Vulkan Timings:
ADD: 176 x 24.652 us = 4338.92 us
CONCAT: 48 x 138.735 us = 6659.28 us
CONT: 16 x 63.627 us = 1018.04 us
CPY: 96 x 4.938 us = 474.08 us
FLASH_ATTN_EXT dst(256,24,512,1),  q(256,512,24,1),  k(256,45568,4,1),  v(256,45568,4,1),  m(45568,512,1,1): 16 x 25786.1 us = 412577 us (22236 GFLOPS/s)
GATED_DELTA_NET: 48 x 247.347 us = 11872.7 us
GET_ROWS: 96 x 9.122 us = 875.72 us
GLU: 64 x 145.805 us = 9331.52 us
MUL_MAT f32 m=48 n=512 k=5120: 96 x 41.428 us = 3977.16 us (6073.89 GFLOPS/s)
MUL_MAT q4_0 m=1024 n=512 k=5120: 32 x 80.893 us = 2588.6 us (66360.9 GFLOPS/s)
MUL_MAT q4_0 m=10240 n=512 k=5120: 48 x 1073.18 us = 51512.7 us (50021.2 GFLOPS/s)
MUL_MAT q4_0 m=12288 n=512 k=5120: 16 x 1175.79 us = 18812.6 us (54787.4 GFLOPS/s)
MUL_MAT q4_0 m=17408 n=512 k=5120: 128 x 1538.07 us = 196873 us (59333.4 GFLOPS/s)
MUL_MAT q4_0 m=5120 n=512 k=17408: 56 x 1756.92 us = 98387.6 us (51946.2 GFLOPS/s)
MUL_MAT q4_0 m=5120 n=512 k=6144: 16 x 602.247 us = 9635.96 us (53482.4 GFLOPS/s)
MUL_MAT q4_0 m=6144 n=512 k=5120: 48 x 572.623 us = 27485.9 us (56248.3 GFLOPS/s)
MUL_MAT q4_1 m=5120 n=512 k=17408: 8 x 2016.68 us = 16133.5 us (45255.2 GFLOPS/s)
MUL_MAT q5_K m=5120 n=512 k=6144: 48 x 740.612 us = 35549.4 us (43490.5 GFLOPS/s)
RMS_NORM(128,16,512,1): 96 x 30.063 us = 2886.08 us
RMS_NORM_MUL RMS_NORM(128,48,512,1): 48 x 99.685 us = 4784.92 us
RMS_NORM_MUL RMS_NORM(256,24,512,1): 16 x 60.762 us = 972.2 us
RMS_NORM_MUL RMS_NORM(256,4,512,1): 16 x 13.805 us = 220.88 us
RMS_NORM_MUL RMS_NORM(5120,512,1,1): 129 x 25.995 us = 3353.36 us
ROPE: 16 x 44.972 us = 719.56 us
ROPE_VIEW_SET_ROWS ROPE: 16 x 10.975 us = 175.6 us
SCALE: 96 x 12.594 us = 1209.08 us
SET_ROWS: 16 x 9.93 us = 158.88 us
SIGMOID: 48 x 4.278 us = 205.36 us
SIGMOID_MUL SIGMOID: 16 x 41.625 us = 666 us
SILU_MUL SILU: 48 x 37.295 us = 1790.16 us
SOFTPLUS_MUL SOFTPLUS: 48 x 4.72 us = 226.56 us
SSM_CONV_SILU SSM_CONV: 48 x 40.157 us = 1927.56 us
Total time: 927400 us.
----------------
Vulkan Timings:
ADD: 176 x 15.226 us = 2679.84 us
CONCAT: 48 x 134.457 us = 6453.96 us
CONT: 16 x 38.925 us = 622.8 us
CPY: 96 x 4.088 us = 392.48 us
FLASH_ATTN_EXT dst(256,24,512,1),  q(256,512,24,1),  k(256,46080,4,1),  v(256,46080,4,1),  m(46080,512,1,1): 16 x 21570.2 us = 345124 us (26880.6 GFLOPS/s)
GATED_DELTA_NET: 48 x 241.308 us = 11582.8 us
GET_ROWS: 96 x 7.389 us = 709.4 us
GLU: 64 x 94.718 us = 6061.96 us
MUL_MAT f32 m=48 n=512 k=5120: 96 x 35.184 us = 3377.68 us (7151.9 GFLOPS/s)
MUL_MAT q4_0 m=1024 n=512 k=5120: 32 x 68.603 us = 2195.32 us (78249.1 GFLOPS/s)
MUL_MAT q4_0 m=10240 n=512 k=5120: 48 x 1090.7 us = 52353.8 us (49217.6 GFLOPS/s)
MUL_MAT q4_0 m=12288 n=512 k=5120: 16 x 1182.99 us = 18927.9 us (54453.5 GFLOPS/s)
MUL_MAT q4_0 m=17408 n=512 k=5120: 128 x 1581.78 us = 202468 us (57693.9 GFLOPS/s)
MUL_MAT q4_0 m=5120 n=512 k=17408: 56 x 1790.4 us = 100263 us (50974.7 GFLOPS/s)
MUL_MAT q4_0 m=5120 n=512 k=6144: 16 x 661.477 us = 10583.6 us (48693.5 GFLOPS/s)
MUL_MAT q4_0 m=6144 n=512 k=5120: 48 x 568.018 us = 27264.9 us (56704.3 GFLOPS/s)
MUL_MAT q4_1 m=5120 n=512 k=17408: 8 x 2069.18 us = 16553.4 us (44107.2 GFLOPS/s)
MUL_MAT q5_K m=5120 n=512 k=6144: 48 x 743.759 us = 35700.4 us (43306.5 GFLOPS/s)
RMS_NORM(128,16,512,1): 96 x 27.993 us = 2687.4 us
RMS_NORM_MUL RMS_NORM(128,48,512,1): 48 x 98.679 us = 4736.6 us
RMS_NORM_MUL RMS_NORM(256,24,512,1): 16 x 54.312 us = 869 us
RMS_NORM_MUL RMS_NORM(256,4,512,1): 16 x 12.322 us = 197.16 us
RMS_NORM_MUL RMS_NORM(5120,512,1,1): 129 x 17.891 us = 2307.96 us
ROPE: 16 x 35.385 us = 566.16 us
ROPE_VIEW_SET_ROWS ROPE: 16 x 9.627 us = 154.04 us
SCALE: 96 x 9.613 us = 922.92 us
SET_ROWS: 16 x 9.545 us = 152.72 us
SIGMOID: 48 x 4.183 us = 200.8 us
SIGMOID_MUL SIGMOID: 16 x 35.475 us = 567.6 us
SILU_MUL SILU: 48 x 36.023 us = 1729.12 us
SOFTPLUS_MUL SOFTPLUS: 48 x 4.982 us = 239.16 us
SSM_CONV_SILU SSM_CONV: 48 x 29.907 us = 1435.56 us
Total time: 860081 us.
----------------
Vulkan Timings:
ADD: 176 x 17.946 us = 3158.52 us
CONCAT: 48 x 135.683 us = 6512.8 us
CONT: 16 x 48.45 us = 775.2 us
CPY: 96 x 4.435 us = 425.8 us
FLASH_ATTN_EXT dst(256,24,512,1),  q(256,512,24,1),  k(256,46592,4,1),  v(256,46592,4,1),  m(46592,512,1,1): 16 x 22705.8 us = 363293 us (25820 GFLOPS/s)
GATED_DELTA_NET: 48 x 242.628 us = 11646.2 us
GET_ROWS: 96 x 7.964 us = 764.56 us
GLU: 64 x 110.547 us = 7075.04 us
MUL_MAT f32 m=48 n=512 k=5120: 96 x 37.269 us = 3577.84 us (6751.79 GFLOPS/s)
MUL_MAT q4_0 m=1024 n=512 k=5120: 32 x 72.643 us = 2324.6 us (73897.4 GFLOPS/s)
MUL_MAT q4_0 m=10240 n=512 k=5120: 48 x 1080.3 us = 51854.6 us (49691.5 GFLOPS/s)
MUL_MAT q4_0 m=12288 n=512 k=5120: 16 x 1165.13 us = 18642 us (55288.6 GFLOPS/s)
MUL_MAT q4_0 m=17408 n=512 k=5120: 128 x 1574.41 us = 201525 us (57963.9 GFLOPS/s)
MUL_MAT q4_0 m=5120 n=512 k=17408: 56 x 1764.72 us = 98824.3 us (51716.7 GFLOPS/s)
MUL_MAT q4_0 m=5120 n=512 k=6144: 16 x 649.15 us = 10386.4 us (49618.2 GFLOPS/s)
MUL_MAT q4_0 m=6144 n=512 k=5120: 48 x 569.625 us = 27342 us (56544.4 GFLOPS/s)
MUL_MAT q4_1 m=5120 n=512 k=17408: 8 x 2018.72 us = 16149.8 us (45209.6 GFLOPS/s)
MUL_MAT q5_K m=5120 n=512 k=6144: 48 x 745.043 us = 35762.1 us (43231.9 GFLOPS/s)
RMS_NORM(128,16,512,1): 96 x 28.655 us = 2750.96 us
RMS_NORM_MUL RMS_NORM(128,48,512,1): 48 x 98.541 us = 4730 us
RMS_NORM_MUL RMS_NORM(256,24,512,1): 16 x 56.49 us = 903.84 us
RMS_NORM_MUL RMS_NORM(256,4,512,1): 16 x 12.64 us = 202.24 us
RMS_NORM_MUL RMS_NORM(5120,512,1,1): 129 x 20.109 us = 2594.16 us
ROPE: 16 x 38.462 us = 615.4 us
ROPE_VIEW_SET_ROWS ROPE: 16 x 10.372 us = 165.96 us
SCALE: 96 x 10.404 us = 998.84 us
SET_ROWS: 16 x 9.737 us = 155.8 us
SIGMOID: 48 x 3.925 us = 188.44 us
SIGMOID_MUL SIGMOID: 16 x 37.452 us = 599.24 us
SILU_MUL SILU: 48 x 36.15 us = 1735.2 us
SOFTPLUS_MUL SOFTPLUS: 48 x 5.776 us = 277.28 us
SSM_CONV_SILU SSM_CONV: 48 x 32.998 us = 1583.92 us
Total time: 877541 us.
----------------
Vulkan Timings:
ADD: 176 x 15.751 us = 2772.28 us
CONCAT: 48 x 136.964 us = 6574.28 us
CONT: 16 x 39.167 us = 626.68 us
CPY: 96 x 4.111 us = 394.68 us
FLASH_ATTN_EXT dst(256,24,512,1),  q(256,512,24,1),  k(256,47104,4,1),  v(256,47104,4,1),  m(47104,512,1,1): 16 x 22334.6 us = 357354 us (26537.5 GFLOPS/s)
GATED_DELTA_NET: 48 x 244.415 us = 11732 us
GET_ROWS: 96 x 7.475 us = 717.6 us
GLU: 64 x 93.831 us = 6005.2 us
MUL_MAT f32 m=48 n=512 k=5120: 96 x 35.279 us = 3386.84 us (7132.56 GFLOPS/s)
MUL_MAT q4_0 m=1024 n=512 k=5120: 32 x 69.252 us = 2216.08 us (77516.1 GFLOPS/s)
MUL_MAT q4_0 m=10240 n=512 k=5120: 48 x 1106.7 us = 53121.6 us (48506.3 GFLOPS/s)
MUL_MAT q4_0 m=12288 n=512 k=5120: 16 x 1202.1 us = 19233.6 us (53588 GFLOPS/s)
MUL_MAT q4_0 m=17408 n=512 k=5120: 128 x 1611.77 us = 206306 us (56620.5 GFLOPS/s)
MUL_MAT q4_0 m=5120 n=512 k=17408: 56 x 1810.92 us = 101412 us (50397.2 GFLOPS/s)
MUL_MAT q4_0 m=5120 n=512 k=6144: 16 x 672.245 us = 10755.9 us (47913.5 GFLOPS/s)
MUL_MAT q4_0 m=6144 n=512 k=5120: 48 x 579.47 us = 27814.6 us (55583.7 GFLOPS/s)
MUL_MAT q4_1 m=5120 n=512 k=17408: 8 x 2063.32 us = 16506.5 us (44232.4 GFLOPS/s)
MUL_MAT q5_K m=5120 n=512 k=6144: 48 x 757.772 us = 36373.1 us (42505.7 GFLOPS/s)
RMS_NORM(128,16,512,1): 96 x 28.362 us = 2722.76 us
RMS_NORM_MUL RMS_NORM(128,48,512,1): 48 x 100.079 us = 4803.8 us
RMS_NORM_MUL RMS_NORM(256,24,512,1): 16 x 56.065 us = 897.04 us
RMS_NORM_MUL RMS_NORM(256,4,512,1): 16 x 12.55 us = 200.8 us
RMS_NORM_MUL RMS_NORM(5120,512,1,1): 129 x 17.683 us = 2281.16 us
ROPE: 16 x 36.062 us = 577 us
ROPE_VIEW_SET_ROWS ROPE: 16 x 10.337 us = 165.4 us
SCALE: 96 x 9.706 us = 931.8 us
SET_ROWS: 16 x 9.665 us = 154.64 us
SIGMOID: 48 x 4.296 us = 206.24 us
SIGMOID_MUL SIGMOID: 16 x 35.545 us = 568.72 us
SILU_MUL SILU: 48 x 36.516 us = 1752.8 us
SOFTPLUS_MUL SOFTPLUS: 48 x 5.508 us = 264.4 us
SSM_CONV_SILU SSM_CONV: 48 x 30.349 us = 1456.76 us
Total time: 880287 us.
4.32.730.473 I slot print_timing: id  0 | task 47 | prompt processing, n_tokens =  47104, progress = 0.54, t =  65.09 s / 723.70 tokens per second
----------------
Vulkan Timings:
ADD: 176 x 17.218 us = 3030.44 us
CONCAT: 48 x 137.63 us = 6606.28 us
CONT: 16 x 44.222 us = 707.56 us
CPY: 96 x 4.396 us = 422.04 us
FLASH_ATTN_EXT dst(256,24,512,1),  q(256,512,24,1),  k(256,47616,4,1),  v(256,47616,4,1),  m(47616,512,1,1): 16 x 22731.5 us = 363703 us (26357.7 GFLOPS/s)
GATED_DELTA_NET: 48 x 245.179 us = 11768.6 us
GET_ROWS: 96 x 8.024 us = 770.32 us
GLU: 64 x 109.531 us = 7010.04 us
MUL_MAT f32 m=48 n=512 k=5120: 96 x 37.5 us = 3600 us (6710.23 GFLOPS/s)
MUL_MAT q4_0 m=1024 n=512 k=5120: 32 x 70.482 us = 2255.44 us (76163.4 GFLOPS/s)
MUL_MAT q4_0 m=10240 n=512 k=5120: 48 x 1094.3 us = 52526.6 us (49055.7 GFLOPS/s)
MUL_MAT q4_0 m=12288 n=512 k=5120: 16 x 1210.86 us = 19373.7 us (53200.6 GFLOPS/s)
MUL_MAT q4_0 m=17408 n=512 k=5120: 128 x 1597.49 us = 204479 us (57126.4 GFLOPS/s)
MUL_MAT q4_0 m=5120 n=512 k=17408: 56 x 1790.99 us = 100295 us (50958.1 GFLOPS/s)
MUL_MAT q4_0 m=5120 n=512 k=6144: 16 x 663.747 us = 10620 us (48526.9 GFLOPS/s)
MUL_MAT q4_0 m=6144 n=512 k=5120: 48 x 576.06 us = 27650.9 us (55912.7 GFLOPS/s)
MUL_MAT q4_1 m=5120 n=512 k=17408: 8 x 2063.73 us = 16509.8 us (44223.5 GFLOPS/s)
MUL_MAT q5_K m=5120 n=512 k=6144: 48 x 754.25 us = 36204 us (42704.1 GFLOPS/s)
RMS_NORM(128,16,512,1): 96 x 28.942 us = 2778.44 us
RMS_NORM_MUL RMS_NORM(128,48,512,1): 48 x 101.056 us = 4850.72 us
RMS_NORM_MUL RMS_NORM(256,24,512,1): 16 x 57.157 us = 914.52 us
RMS_NORM_MUL RMS_NORM(256,4,512,1): 16 x 12.735 us = 203.76 us
RMS_NORM_MUL RMS_NORM(5120,512,1,1): 129 x 20.136 us = 2597.64 us
ROPE: 16 x 38.66 us = 618.56 us
ROPE_VIEW_SET_ROWS ROPE: 16 x 10.062 us = 161 us
SCALE: 96 x 10.553 us = 1013.16 us
SET_ROWS: 16 x 9.827 us = 157.24 us
SIGMOID: 48 x 3.985 us = 191.28 us
SIGMOID_MUL SIGMOID: 16 x 36.697 us = 587.16 us
SILU_MUL SILU: 48 x 36.749 us = 1763.96 us
SOFTPLUS_MUL SOFTPLUS: 48 x 5.59 us = 268.36 us
SSM_CONV_SILU SSM_CONV: 48 x 32.375 us = 1554 us
Total time: 885194 us.
----------------
Vulkan Timings:
ADD: 176 x 17.775 us = 3128.48 us
CONCAT: 48 x 136.035 us = 6529.68 us
CONT: 16 x 45.475 us = 727.6 us
CPY: 96 x 4.392 us = 421.72 us
FLASH_ATTN_EXT dst(256,24,512,1),  q(256,512,24,1),  k(256,48128,4,1),  v(256,48128,4,1),  m(48128,512,1,1): 16 x 24651.3 us = 394421 us (24566.2 GFLOPS/s)
GATED_DELTA_NET: 48 x 242.757 us = 11652.4 us
GET_ROWS: 96 x 8.03 us = 770.96 us
GLU: 64 x 110.351 us = 7062.48 us
MUL_MAT f32 m=48 n=512 k=5120: 96 x 37.213 us = 3572.52 us (6761.85 GFLOPS/s)
MUL_MAT q4_0 m=1024 n=512 k=5120: 32 x 75.318 us = 2410.2 us (71272.9 GFLOPS/s)
MUL_MAT q4_0 m=10240 n=512 k=5120: 48 x 1089.73 us = 52307 us (49261.6 GFLOPS/s)
MUL_MAT q4_0 m=12288 n=512 k=5120: 16 x 1195.76 us = 19132.2 us (53872.2 GFLOPS/s)
MUL_MAT q4_0 m=17408 n=512 k=5120: 128 x 1579.53 us = 202180 us (57776.2 GFLOPS/s)
MUL_MAT q4_0 m=5120 n=512 k=17408: 56 x 1779.46 us = 99649.6 us (51288.4 GFLOPS/s)
MUL_MAT q4_0 m=5120 n=512 k=6144: 16 x 638.912 us = 10222.6 us (50413.2 GFLOPS/s)
MUL_MAT q4_0 m=6144 n=512 k=5120: 48 x 572.492 us = 27479.6 us (56261.2 GFLOPS/s)
MUL_MAT q4_1 m=5120 n=512 k=17408: 8 x 2055.39 us = 16443.1 us (44403.1 GFLOPS/s)
MUL_MAT q5_K m=5120 n=512 k=6144: 48 x 750.421 us = 36020.2 us (42922 GFLOPS/s)
RMS_NORM(128,16,512,1): 96 x 28.564 us = 2742.2 us
RMS_NORM_MUL RMS_NORM(128,48,512,1): 48 x 98.926 us = 4748.48 us
RMS_NORM_MUL RMS_NORM(256,24,512,1): 16 x 55.805 us = 892.88 us
RMS_NORM_MUL RMS_NORM(256,4,512,1): 16 x 12.815 us = 205.04 us
RMS_NORM_MUL RMS_NORM(5120,512,1,1): 129 x 20.2 us = 2605.8 us
ROPE: 16 x 37.522 us = 600.36 us
ROPE_VIEW_SET_ROWS ROPE: 16 x 10.165 us = 162.64 us
SCALE: 96 x 10.471 us = 1005.28 us
SET_ROWS: 16 x 9.725 us = 155.6 us
SIGMOID: 48 x 3.998 us = 191.92 us
SIGMOID_MUL SIGMOID: 16 x 37.175 us = 594.8 us
SILU_MUL SILU: 48 x 36.449 us = 1749.56 us
SOFTPLUS_MUL SOFTPLUS: 48 x 5.575 us = 267.6 us
SSM_CONV_SILU SSM_CONV: 48 x 33.508 us = 1608.4 us
Total time: 911662 us.
----------------
Vulkan Timings:
ADD: 176 x 14.621 us = 2573.44 us
CONCAT: 48 x 133.5 us = 6408 us
CONT: 16 x 37.475 us = 599.6 us
CPY: 96 x 4.011 us = 385.08 us
FLASH_ATTN_EXT dst(256,24,512,1),  q(256,512,24,1),  k(256,48640,4,1),  v(256,48640,4,1),  m(48640,512,1,1): 16 x 22471.9 us = 359550 us (27235.5 GFLOPS/s)
GATED_DELTA_NET: 48 x 240.48 us = 11543.1 us
GET_ROWS: 96 x 7.369 us = 707.48 us
GLU: 64 x 93.946 us = 6012.6 us
MUL_MAT f32 m=48 n=512 k=5120: 96 x 35.302 us = 3389.08 us (7127.84 GFLOPS/s)
MUL_MAT q4_0 m=1024 n=512 k=5120: 32 x 74.617 us = 2387.76 us (71942.7 GFLOPS/s)
MUL_MAT q4_0 m=10240 n=512 k=5120: 48 x 1088.7 us = 52257.8 us (49308 GFLOPS/s)
MUL_MAT q4_0 m=12288 n=512 k=5120: 16 x 1171.54 us = 18744.6 us (54985.9 GFLOPS/s)
MUL_MAT q4_0 m=17408 n=512 k=5120: 128 x 1581.37 us = 202416 us (57708.8 GFLOPS/s)
MUL_MAT q4_0 m=5120 n=512 k=17408: 56 x 1782.21 us = 99803.9 us (51209.1 GFLOPS/s)
MUL_MAT q4_0 m=5120 n=512 k=6144: 16 x 658.64 us = 10538.2 us (48903.2 GFLOPS/s)
MUL_MAT q4_0 m=6144 n=512 k=5120: 48 x 567.565 us = 27243.1 us (56749.6 GFLOPS/s)
MUL_MAT q4_1 m=5120 n=512 k=17408: 8 x 2029.73 us = 16237.9 us (44964.2 GFLOPS/s)
MUL_MAT q5_K m=5120 n=512 k=6144: 48 x 742.441 us = 35637.2 us (43383.4 GFLOPS/s)
RMS_NORM(128,16,512,1): 96 x 27.982 us = 2686.32 us
RMS_NORM_MUL RMS_NORM(128,48,512,1): 48 x 98.595 us = 4732.6 us
RMS_NORM_MUL RMS_NORM(256,24,512,1): 16 x 54.795 us = 876.72 us
RMS_NORM_MUL RMS_NORM(256,4,512,1): 16 x 13.56 us = 216.96 us
RMS_NORM_MUL RMS_NORM(5120,512,1,1): 129 x 17.618 us = 2272.8 us
ROPE: 16 x 35.702 us = 571.24 us
ROPE_VIEW_SET_ROWS ROPE: 16 x 9.58 us = 153.28 us
SCALE: 96 x 9.555 us = 917.32 us
SET_ROWS: 16 x 9.587 us = 153.4 us
SIGMOID: 48 x 4.068 us = 195.28 us
SIGMOID_MUL SIGMOID: 16 x 34.76 us = 556.16 us
SILU_MUL SILU: 48 x 35.665 us = 1711.92 us
SOFTPLUS_MUL SOFTPLUS: 48 x 4.887 us = 234.6 us
SSM_CONV_SILU SSM_CONV: 48 x 29.841 us = 1432.4 us
Total time: 873146 us.
----------------
Vulkan Timings:
ADD: 176 x 17.521 us = 3083.72 us
CONCAT: 48 x 135.115 us = 6485.56 us
CONT: 16 x 46.25 us = 740 us
CPY: 96 x 4.505 us = 432.56 us
FLASH_ATTN_EXT dst(256,24,512,1),  q(256,512,24,1),  k(256,49152,4,1),  v(256,49152,4,1),  m(49152,512,1,1): 16 x 24537.3 us = 392596 us (25205.5 GFLOPS/s)
GATED_DELTA_NET: 48 x 240.325 us = 11535.6 us
GET_ROWS: 96 x 8.034 us = 771.28 us
GLU: 64 x 112.316 us = 7188.24 us
MUL_MAT f32 m=48 n=512 k=5120: 96 x 37.629 us = 3612.4 us (6687.2 GFLOPS/s)
MUL_MAT q4_0 m=1024 n=512 k=5120: 32 x 69.791 us = 2233.32 us (76917.7 GFLOPS/s)
MUL_MAT q4_0 m=10240 n=512 k=5120: 48 x 1085.54 us = 52106 us (49451.7 GFLOPS/s)
MUL_MAT q4_0 m=12288 n=512 k=5120: 16 x 1185.17 us = 18962.7 us (54353.7 GFLOPS/s)
MUL_MAT q4_0 m=17408 n=512 k=5120: 128 x 1570.62 us = 201039 us (58103.9 GFLOPS/s)
MUL_MAT q4_0 m=5120 n=512 k=17408: 56 x 1771.74 us = 99217.4 us (51511.8 GFLOPS/s)
MUL_MAT q4_0 m=5120 n=512 k=6144: 16 x 662.562 us = 10601 us (48613.7 GFLOPS/s)
MUL_MAT q4_0 m=6144 n=512 k=5120: 48 x 567.444 us = 27237.3 us (56761.7 GFLOPS/s)
MUL_MAT q4_1 m=5120 n=512 k=17408: 8 x 2042.67 us = 16341.4 us (44679.4 GFLOPS/s)
MUL_MAT q5_K m=5120 n=512 k=6144: 48 x 739.799 us = 35510.4 us (43538.3 GFLOPS/s)
RMS_NORM(128,16,512,1): 96 x 28.631 us = 2748.6 us
RMS_NORM_MUL RMS_NORM(128,48,512,1): 48 x 97.795 us = 4694.2 us
RMS_NORM_MUL RMS_NORM(256,24,512,1): 16 x 56.792 us = 908.68 us
RMS_NORM_MUL RMS_NORM(256,4,512,1): 16 x 12.877 us = 206.04 us
RMS_NORM_MUL RMS_NORM(5120,512,1,1): 129 x 20.457 us = 2639 us
ROPE: 16 x 38.947 us = 623.16 us
ROPE_VIEW_SET_ROWS ROPE: 16 x 9.992 us = 159.88 us
SCALE: 96 x 10.573 us = 1015.04 us
SET_ROWS: 16 x 9.617 us = 153.88 us
SIGMOID: 48 x 4.122 us = 197.88 us
SIGMOID_MUL SIGMOID: 16 x 36.827 us = 589.24 us
SILU_MUL SILU: 48 x 36.651 us = 1759.28 us
SOFTPLUS_MUL SOFTPLUS: 48 x 4.949 us = 237.56 us
SSM_CONV_SILU SSM_CONV: 48 x 33.994 us = 1631.72 us
Total time: 907259 us.
4.36.496.055 I slot print_timing: id  0 | task 47 | prompt processing, n_tokens =  49152, progress = 0.56, t =  68.85 s / 713.86 tokens per second
----------------
Vulkan Timings:
ADD: 176 x 14.825 us = 2609.28 us
CONCAT: 48 x 133.668 us = 6416.08 us
CONT: 16 x 38.277 us = 612.44 us
CPY: 96 x 4.016 us = 385.6 us
FLASH_ATTN_EXT dst(256,24,512,1),  q(256,512,24,1),  k(256,49664,4,1),  v(256,49664,4,1),  m(49664,512,1,1): 16 x 23026 us = 368416 us (27139.7 GFLOPS/s)
GATED_DELTA_NET: 48 x 248.77 us = 11941 us
GET_ROWS: 96 x 7.287 us = 699.64 us
GLU: 64 x 94.055 us = 6019.52 us
MUL_MAT f32 m=48 n=512 k=5120: 96 x 35.604 us = 3418.04 us (7067.45 GFLOPS/s)
MUL_MAT q4_0 m=1024 n=512 k=5120: 32 x 67.491 us = 2159.72 us (79539 GFLOPS/s)
MUL_MAT q4_0 m=10240 n=512 k=5120: 48 x 1085.9 us = 52123.1 us (49435.4 GFLOPS/s)
MUL_MAT q4_0 m=12288 n=512 k=5120: 16 x 1170.91 us = 18734.6 us (55015.3 GFLOPS/s)
MUL_MAT q4_0 m=17408 n=512 k=5120: 128 x 1587.73 us = 203230 us (57477.6 GFLOPS/s)
MUL_MAT q4_0 m=5120 n=512 k=17408: 56 x 1772.93 us = 99283.9 us (51477.3 GFLOPS/s)
MUL_MAT q4_0 m=5120 n=512 k=6144: 16 x 656.7 us = 10507.2 us (49047.7 GFLOPS/s)
MUL_MAT q4_0 m=6144 n=512 k=5120: 48 x 567.082 us = 27220 us (56797.9 GFLOPS/s)
MUL_MAT q4_1 m=5120 n=512 k=17408: 8 x 2036.51 us = 16292 us (44814.7 GFLOPS/s)
MUL_MAT q5_K m=5120 n=512 k=6144: 48 x 743.302 us = 35678.5 us (43333.1 GFLOPS/s)
RMS_NORM(128,16,512,1): 96 x 27.942 us = 2682.48 us
RMS_NORM_MUL RMS_NORM(128,48,512,1): 48 x 98.509 us = 4728.44 us
RMS_NORM_MUL RMS_NORM(256,24,512,1): 16 x 54.387 us = 870.2 us
RMS_NORM_MUL RMS_NORM(256,4,512,1): 16 x 12.312 us = 197 us
RMS_NORM_MUL RMS_NORM(5120,512,1,1): 129 x 17.696 us = 2282.8 us
ROPE: 16 x 35.617 us = 569.88 us
ROPE_VIEW_SET_ROWS ROPE: 16 x 9.565 us = 153.04 us
SCALE: 96 x 9.506 us = 912.64 us
SET_ROWS: 16 x 9.36 us = 149.76 us
SIGMOID: 48 x 4.277 us = 205.32 us
SIGMOID_MUL SIGMOID: 16 x 34.647 us = 554.36 us
SILU_MUL SILU: 48 x 35.68 us = 1712.68 us
SOFTPLUS_MUL SOFTPLUS: 48 x 4.904 us = 235.4 us
SSM_CONV_SILU SSM_CONV: 48 x 30.215 us = 1450.32 us
Total time: 882451 us.
----------------
Vulkan Timings:
ADD: 176 x 17.244 us = 3034.96 us
CONCAT: 48 x 136.488 us = 6551.44 us
CONT: 16 x 45.837 us = 733.4 us
CPY: 96 x 4.308 us = 413.64 us
FLASH_ATTN_EXT dst(256,24,512,1),  q(256,512,24,1),  k(256,50176,4,1),  v(256,50176,4,1),  m(50176,512,1,1): 16 x 24951.9 us = 399231 us (25303.1 GFLOPS/s)
GATED_DELTA_NET: 48 x 240.615 us = 11549.5 us
GET_ROWS: 96 x 7.973 us = 765.48 us
GLU: 64 x 111.253 us = 7120.24 us
MUL_MAT f32 m=48 n=512 k=5120: 96 x 37.085 us = 3560.16 us (6785.32 GFLOPS/s)
MUL_MAT q4_0 m=1024 n=512 k=5120: 32 x 73.098 us = 2339.16 us (73437.4 GFLOPS/s)
MUL_MAT q4_0 m=10240 n=512 k=5120: 48 x 1084.59 us = 52060.2 us (49495.1 GFLOPS/s)
MUL_MAT q4_0 m=12288 n=512 k=5120: 16 x 1173.21 us = 18771.4 us (54907.5 GFLOPS/s)
MUL_MAT q4_0 m=17408 n=512 k=5120: 128 x 1572.5 us = 201280 us (58034.5 GFLOPS/s)
MUL_MAT q4_0 m=5120 n=512 k=17408: 56 x 1762.69 us = 98710.6 us (51776.3 GFLOPS/s)
MUL_MAT q4_0 m=5120 n=512 k=6144: 16 x 642.682 us = 10282.9 us (50117.5 GFLOPS/s)
MUL_MAT q4_0 m=6144 n=512 k=5120: 48 x 567.2 us = 27225.6 us (56786.2 GFLOPS/s)
MUL_MAT q4_1 m=5120 n=512 k=17408: 8 x 2026.64 us = 16213.1 us (45032.9 GFLOPS/s)
MUL_MAT q5_K m=5120 n=512 k=6144: 48 x 744.429 us = 35732.6 us (43267.6 GFLOPS/s)
RMS_NORM(128,16,512,1): 96 x 28.685 us = 2753.84 us
RMS_NORM_MUL RMS_NORM(128,48,512,1): 48 x 99.279 us = 4765.4 us
RMS_NORM_MUL RMS_NORM(256,24,512,1): 16 x 55.61 us = 889.76 us
RMS_NORM_MUL RMS_NORM(256,4,512,1): 16 x 12.77 us = 204.32 us
RMS_NORM_MUL RMS_NORM(5120,512,1,1): 129 x 20.051 us = 2586.64 us
ROPE: 16 x 38.465 us = 615.44 us
ROPE_VIEW_SET_ROWS ROPE: 16 x 9.935 us = 158.96 us
SCALE: 96 x 10.464 us = 1004.56 us
SET_ROWS: 16 x 9.582 us = 153.32 us
SIGMOID: 48 x 4.153 us = 199.36 us
SIGMOID_MUL SIGMOID: 16 x 36.667 us = 586.68 us
SILU_MUL SILU: 48 x 36.302 us = 1742.52 us
SOFTPLUS_MUL SOFTPLUS: 48 x 5.205 us = 249.88 us
SSM_CONV_SILU SSM_CONV: 48 x 33.367 us = 1601.64 us
Total time: 913087 us.
----------------
Vulkan Timings:
ADD: 176 x 17.561 us = 3090.84 us
CONCAT: 48 x 135.115 us = 6485.52 us
CONT: 16 x 46.57 us = 745.12 us
CPY: 96 x 4.298 us = 412.68 us
FLASH_ATTN_EXT dst(256,24,512,1),  q(256,512,24,1),  k(256,50688,4,1),  v(256,50688,4,1),  m(50688,512,1,1): 16 x 25399.3 us = 406389 us (25111 GFLOPS/s)
GATED_DELTA_NET: 48 x 241.905 us = 11611.4 us
GET_ROWS: 96 x 7.797 us = 748.52 us
GLU: 64 x 108.263 us = 6928.88 us
MUL_MAT f32 m=48 n=512 k=5120: 96 x 36.666 us = 3520 us (6862.74 GFLOPS/s)
MUL_MAT q4_0 m=1024 n=512 k=5120: 32 x 68.691 us = 2198.12 us (78149.5 GFLOPS/s)
MUL_MAT q4_0 m=10240 n=512 k=5120: 48 x 1084.81 us = 52070.8 us (49485.1 GFLOPS/s)
MUL_MAT q4_0 m=12288 n=512 k=5120: 16 x 1174.78 us = 18796.5 us (54834.2 GFLOPS/s)
MUL_MAT q4_0 m=17408 n=512 k=5120: 128 x 1564.63 us = 200273 us (58326.4 GFLOPS/s)
MUL_MAT q4_0 m=5120 n=512 k=17408: 56 x 1768.51 us = 99036.7 us (51605.8 GFLOPS/s)
MUL_MAT q4_0 m=5120 n=512 k=6144: 16 x 631.922 us = 10110.8 us (50970.9 GFLOPS/s)
MUL_MAT q4_0 m=6144 n=512 k=5120: 48 x 566.274 us = 27181.2 us (56879 GFLOPS/s)
MUL_MAT q4_1 m=5120 n=512 k=17408: 8 x 2016.66 us = 16133.3 us (45255.7 GFLOPS/s)
MUL_MAT q5_K m=5120 n=512 k=6144: 48 x 741.197 us = 35577.5 us (43456.2 GFLOPS/s)
RMS_NORM(128,16,512,1): 96 x 28.528 us = 2738.72 us
RMS_NORM_MUL RMS_NORM(128,48,512,1): 48 x 97.909 us = 4699.64 us
RMS_NORM_MUL RMS_NORM(256,24,512,1): 16 x 55.53 us = 888.48 us
RMS_NORM_MUL RMS_NORM(256,4,512,1): 16 x 12.577 us = 201.24 us
RMS_NORM_MUL RMS_NORM(5120,512,1,1): 129 x 19.77 us = 2550.4 us
ROPE: 16 x 37.66 us = 602.56 us
ROPE_VIEW_SET_ROWS ROPE: 16 x 9.98 us = 159.68 us
SCALE: 96 x 10.293 us = 988.2 us
SET_ROWS: 16 x 9.625 us = 154 us
SIGMOID: 48 x 4.182 us = 200.76 us
SIGMOID_MUL SIGMOID: 16 x 36.965 us = 591.44 us
SILU_MUL SILU: 48 x 35.928 us = 1724.56 us
SOFTPLUS_MUL SOFTPLUS: 48 x 5.123 us = 245.92 us
SSM_CONV_SILU SSM_CONV: 48 x 32.495 us = 1559.76 us
Total time: 918615 us.
----------------
Vulkan Timings:
ADD: 176 x 24.579 us = 4325.92 us
CONCAT: 48 x 137.981 us = 6623.12 us
CONT: 16 x 65.182 us = 1042.92 us
CPY: 96 x 4.978 us = 477.92 us
FLASH_ATTN_EXT dst(256,24,512,1),  q(256,512,24,1),  k(256,51200,4,1),  v(256,51200,4,1),  m(51200,512,1,1): 16 x 30668.5 us = 490696 us (21006.7 GFLOPS/s)
GATED_DELTA_NET: 48 x 243.601 us = 11692.9 us
GET_ROWS: 96 x 9.235 us = 886.56 us
GLU: 64 x 144.536 us = 9250.32 us
MUL_MAT f32 m=48 n=512 k=5120: 96 x 41.142 us = 3949.68 us (6116.15 GFLOPS/s)
MUL_MAT q4_0 m=1024 n=512 k=5120: 32 x 71.977 us = 2303.28 us (74581.4 GFLOPS/s)
MUL_MAT q4_0 m=10240 n=512 k=5120: 48 x 1069.34 us = 51328.5 us (50200.8 GFLOPS/s)
MUL_MAT q4_0 m=12288 n=512 k=5120: 16 x 1175.51 us = 18808.1 us (54800.5 GFLOPS/s)
MUL_MAT q4_0 m=17408 n=512 k=5120: 128 x 1534.21 us = 196379 us (59482.7 GFLOPS/s)
MUL_MAT q4_0 m=5120 n=512 k=17408: 56 x 1744.62 us = 97698.8 us (52312.5 GFLOPS/s)
MUL_MAT q4_0 m=5120 n=512 k=6144: 16 x 583.815 us = 9341.04 us (55171 GFLOPS/s)
MUL_MAT q4_0 m=6144 n=512 k=5120: 48 x 569.165 us = 27319.9 us (56590.1 GFLOPS/s)
MUL_MAT q4_1 m=5120 n=512 k=17408: 8 x 2051.88 us = 16415 us (44479 GFLOPS/s)
MUL_MAT q5_K m=5120 n=512 k=6144: 48 x 740.225 us = 35530.8 us (43513.3 GFLOPS/s)
RMS_NORM(128,16,512,1): 96 x 29.923 us = 2872.64 us
RMS_NORM_MUL RMS_NORM(128,48,512,1): 48 x 99.399 us = 4771.16 us
RMS_NORM_MUL RMS_NORM(256,24,512,1): 16 x 59.807 us = 956.92 us
RMS_NORM_MUL RMS_NORM(256,4,512,1): 16 x 13.792 us = 220.68 us
RMS_NORM_MUL RMS_NORM(5120,512,1,1): 129 x 25.763 us = 3323.48 us
ROPE: 16 x 44.767 us = 716.28 us
ROPE_VIEW_SET_ROWS ROPE: 16 x 11.09 us = 177.44 us
SCALE: 96 x 12.489 us = 1198.96 us
SET_ROWS: 16 x 9.89 us = 158.24 us
SIGMOID: 48 x 3.873 us = 185.92 us
SIGMOID_MUL SIGMOID: 16 x 41.922 us = 670.76 us
SILU_MUL SILU: 48 x 37.028 us = 1777.36 us
SOFTPLUS_MUL SOFTPLUS: 48 x 5.695 us = 273.36 us
SSM_CONV_SILU SSM_CONV: 48 x 39.93 us = 1916.64 us
Total time: 1.00329e+06 us.
4.40.601.795 I slot print_timing: id  0 | task 47 | prompt processing, n_tokens =  51200, progress = 0.58, t =  72.96 s / 701.76 tokens per second
----------------
Vulkan Timings:
ADD: 176 x 15.105 us = 2658.48 us
CONCAT: 48 x 137.165 us = 6583.92 us
CONT: 16 x 38.277 us = 612.44 us
CPY: 96 x 4.21 us = 404.2 us
FLASH_ATTN_EXT dst(256,24,512,1),  q(256,512,24,1),  k(256,51712,4,1),  v(256,51712,4,1),  m(51712,512,1,1): 16 x 24817.8 us = 397085 us (26218.6 GFLOPS/s)
GATED_DELTA_NET: 48 x 246.735 us = 11843.3 us
GET_ROWS: 96 x 7.436 us = 713.92 us
GLU: 64 x 99.335 us = 6357.48 us
MUL_MAT f32 m=48 n=512 k=5120: 96 x 36.534 us = 3507.28 us (6887.63 GFLOPS/s)
MUL_MAT q4_0 m=1024 n=512 k=5120: 32 x 73.502 us = 2352.08 us (73034 GFLOPS/s)
MUL_MAT q4_0 m=10240 n=512 k=5120: 48 x 1110.21 us = 53289.9 us (48353 GFLOPS/s)
MUL_MAT q4_0 m=12288 n=512 k=5120: 16 x 1190.24 us = 19043.9 us (54121.9 GFLOPS/s)
MUL_MAT q4_0 m=17408 n=512 k=5120: 128 x 1611.5 us = 206272 us (56629.8 GFLOPS/s)
MUL_MAT q4_0 m=5120 n=512 k=17408: 56 x 1809.99 us = 101359 us (50423.2 GFLOPS/s)
MUL_MAT q4_0 m=5120 n=512 k=6144: 16 x 669.39 us = 10710.2 us (48117.9 GFLOPS/s)
MUL_MAT q4_0 m=6144 n=512 k=5120: 48 x 579.055 us = 27794.6 us (55623.6 GFLOPS/s)
MUL_MAT q4_1 m=5120 n=512 k=17408: 8 x 2111.75 us = 16894 us (43217.9 GFLOPS/s)
MUL_MAT q5_K m=5120 n=512 k=6144: 48 x 758.425 us = 36404.4 us (42469.1 GFLOPS/s)
RMS_NORM(128,16,512,1): 96 x 28.773 us = 2762.28 us
RMS_NORM_MUL RMS_NORM(128,48,512,1): 48 x 100.392 us = 4818.84 us
RMS_NORM_MUL RMS_NORM(256,24,512,1): 16 x 56.977 us = 911.64 us
RMS_NORM_MUL RMS_NORM(256,4,512,1): 16 x 12.62 us = 201.92 us
RMS_NORM_MUL RMS_NORM(5120,512,1,1): 129 x 18.384 us = 2371.6 us
ROPE: 16 x 36.26 us = 580.16 us
ROPE_VIEW_SET_ROWS ROPE: 16 x 9.862 us = 157.8 us
SCALE: 96 x 9.947 us = 955 us
SET_ROWS: 16 x 9.635 us = 154.16 us
SIGMOID: 48 x 4.235 us = 203.32 us
SIGMOID_MUL SIGMOID: 16 x 35.9 us = 574.4 us
SILU_MUL SILU: 48 x 36.596 us = 1756.64 us
SOFTPLUS_MUL SOFTPLUS: 48 x 4.886 us = 234.56 us
SSM_CONV_SILU SSM_CONV: 48 x 30.817 us = 1479.24 us
Total time: 921049 us.
----------------
Vulkan Timings:
ADD: 176 x 14.564 us = 2563.4 us
CONCAT: 48 x 134.48 us = 6455.04 us
CONT: 16 x 37.34 us = 597.44 us
CPY: 96 x 4.232 us = 406.32 us
FLASH_ATTN_EXT dst(256,24,512,1),  q(256,512,24,1),  k(256,52224,4,1),  v(256,52224,4,1),  m(52224,512,1,1): 16 x 24414.8 us = 390636 us (26915.3 GFLOPS/s)
GATED_DELTA_NET: 48 x 241.407 us = 11587.6 us
GET_ROWS: 96 x 7.345 us = 705.2 us
GLU: 64 x 94.95 us = 6076.8 us
MUL_MAT f32 m=48 n=512 k=5120: 96 x 35.643 us = 3421.8 us (7059.69 GFLOPS/s)
MUL_MAT q4_0 m=1024 n=512 k=5120: 32 x 72.11 us = 2307.52 us (74444.4 GFLOPS/s)
MUL_MAT q4_0 m=10240 n=512 k=5120: 48 x 1089.15 us = 52279.3 us (49287.8 GFLOPS/s)
MUL_MAT q4_0 m=12288 n=512 k=5120: 16 x 1172.77 us = 18764.4 us (54928.1 GFLOPS/s)
MUL_MAT q4_0 m=17408 n=512 k=5120: 128 x 1582.51 us = 202562 us (57667.2 GFLOPS/s)
MUL_MAT q4_0 m=5120 n=512 k=17408: 56 x 1779.22 us = 99636.5 us (51295.1 GFLOPS/s)
MUL_MAT q4_0 m=5120 n=512 k=6144: 16 x 657.402 us = 10518.4 us (48995.3 GFLOPS/s)
MUL_MAT q4_0 m=6144 n=512 k=5120: 48 x 568.477 us = 27286.9 us (56658.5 GFLOPS/s)
MUL_MAT q4_1 m=5120 n=512 k=17408: 8 x 2042.16 us = 16337.3 us (44690.5 GFLOPS/s)
MUL_MAT q5_K m=5120 n=512 k=6144: 48 x 746.118 us = 35813.7 us (43169.6 GFLOPS/s)
RMS_NORM(128,16,512,1): 96 x 28.043 us = 2692.2 us
RMS_NORM_MUL RMS_NORM(128,48,512,1): 48 x 98.866 us = 4745.6 us
RMS_NORM_MUL RMS_NORM(256,24,512,1): 16 x 54.685 us = 874.96 us
RMS_NORM_MUL RMS_NORM(256,4,512,1): 16 x 12.412 us = 198.6 us
RMS_NORM_MUL RMS_NORM(5120,512,1,1): 129 x 17.713 us = 2285.04 us
ROPE: 16 x 35.815 us = 573.04 us
ROPE_VIEW_SET_ROWS ROPE: 16 x 9.51 us = 152.16 us
SCALE: 96 x 9.59 us = 920.68 us
SET_ROWS: 16 x 9.49 us = 151.84 us
SIGMOID: 48 x 4.043 us = 194.08 us
SIGMOID_MUL SIGMOID: 16 x 34.727 us = 555.64 us
SILU_MUL SILU: 48 x 35.791 us = 1718 us
SOFTPLUS_MUL SOFTPLUS: 48 x 4.66 us = 223.72 us
SSM_CONV_SILU SSM_CONV: 48 x 29.969 us = 1438.52 us
Total time: 904680 us.
----------------
Vulkan Timings:
ADD: 176 x 13.764 us = 2422.56 us
CONCAT: 48 x 133.747 us = 6419.88 us
CONT: 16 x 36.91 us = 590.56 us
CPY: 96 x 4.068 us = 390.6 us
FLASH_ATTN_EXT dst(256,24,512,1),  q(256,512,24,1),  k(256,52736,4,1),  v(256,52736,4,1),  m(52736,512,1,1): 16 x 24590.5 us = 393448 us (26984.9 GFLOPS/s)
GATED_DELTA_NET: 48 x 240.577 us = 11547.7 us
GET_ROWS: 96 x 7.399 us = 710.36 us
GLU: 64 x 96.047 us = 6147.04 us
MUL_MAT f32 m=48 n=512 k=5120: 96 x 35.514 us = 3409.36 us (7085.44 GFLOPS/s)
MUL_MAT q4_0 m=1024 n=512 k=5120: 32 x 68.271 us = 2184.68 us (78630.2 GFLOPS/s)
MUL_MAT q4_0 m=10240 n=512 k=5120: 48 x 1081.76 us = 51924.5 us (49624.5 GFLOPS/s)
MUL_MAT q4_0 m=12288 n=512 k=5120: 16 x 1172.33 us = 18757.2 us (54949 GFLOPS/s)
MUL_MAT q4_0 m=17408 n=512 k=5120: 128 x 1576.99 us = 201854 us (57869.3 GFLOPS/s)
MUL_MAT q4_0 m=5120 n=512 k=17408: 56 x 1763.12 us = 98734.8 us (51763.5 GFLOPS/s)
MUL_MAT q4_0 m=5120 n=512 k=6144: 16 x 651.277 us = 10420.4 us (49456.1 GFLOPS/s)
MUL_MAT q4_0 m=6144 n=512 k=5120: 48 x 566.895 us = 27211 us (56816.7 GFLOPS/s)
MUL_MAT q4_1 m=5120 n=512 k=17408: 8 x 2042.54 us = 16340.3 us (44682.4 GFLOPS/s)
MUL_MAT q5_K m=5120 n=512 k=6144: 48 x 745.175 us = 35768.4 us (43224.3 GFLOPS/s)
RMS_NORM(128,16,512,1): 96 x 28.077 us = 2695.4 us
RMS_NORM_MUL RMS_NORM(128,48,512,1): 48 x 98.704 us = 4737.8 us
RMS_NORM_MUL RMS_NORM(256,24,512,1): 16 x 53.857 us = 861.72 us
RMS_NORM_MUL RMS_NORM(256,4,512,1): 16 x 12.405 us = 198.48 us
RMS_NORM_MUL RMS_NORM(5120,512,1,1): 129 x 17.711 us = 2284.84 us
ROPE: 16 x 35.71 us = 571.36 us
ROPE_VIEW_SET_ROWS ROPE: 16 x 9.455 us = 151.28 us
SCALE: 96 x 9.919 us = 952.24 us
SET_ROWS: 16 x 9.417 us = 150.68 us
SIGMOID: 48 x 4.215 us = 202.32 us
SIGMOID_MUL SIGMOID: 16 x 34.452 us = 551.24 us
SILU_MUL SILU: 48 x 35.68 us = 1712.68 us
SOFTPLUS_MUL SOFTPLUS: 48 x 4.329 us = 207.8 us
SSM_CONV_SILU SSM_CONV: 48 x 29.849 us = 1432.76 us
Total time: 904993 us.
----------------
Vulkan Timings:
ADD: 176 x 22.457 us = 3952.48 us
CONCAT: 48 x 138.248 us = 6635.92 us
CONT: 16 x 60.04 us = 960.64 us
CPY: 96 x 4.622 us = 443.8 us
FLASH_ATTN_EXT dst(256,24,512,1),  q(256,512,24,1),  k(256,53248,4,1),  v(256,53248,4,1),  m(53248,512,1,1): 16 x 30732.4 us = 491719 us (21801.6 GFLOPS/s)
GATED_DELTA_NET: 48 x 244.576 us = 11739.7 us
GET_ROWS: 96 x 8.662 us = 831.64 us
GLU: 64 x 134.646 us = 8617.36 us
MUL_MAT f32 m=48 n=512 k=5120: 96 x 40.142 us = 3853.72 us (6268.44 GFLOPS/s)
MUL_MAT q4_0 m=1024 n=512 k=5120: 32 x 71.423 us = 2285.56 us (75159.7 GFLOPS/s)
MUL_MAT q4_0 m=10240 n=512 k=5120: 48 x 1075.26 us = 51612.5 us (49924.5 GFLOPS/s)
MUL_MAT q4_0 m=12288 n=512 k=5120: 16 x 1181.22 us = 18899.5 us (54535.4 GFLOPS/s)
MUL_MAT q4_0 m=17408 n=512 k=5120: 128 x 1530.13 us = 195857 us (59641.4 GFLOPS/s)
MUL_MAT q4_0 m=5120 n=512 k=17408: 56 x 1744.51 us = 97692.4 us (52315.9 GFLOPS/s)
MUL_MAT q4_0 m=5120 n=512 k=6144: 16 x 591.86 us = 9469.76 us (54421 GFLOPS/s)
MUL_MAT q4_0 m=6144 n=512 k=5120: 48 x 571.324 us = 27423.6 us (56376.2 GFLOPS/s)
MUL_MAT q4_1 m=5120 n=512 k=17408: 8 x 2033.23 us = 16265.9 us (44886.8 GFLOPS/s)
MUL_MAT q5_K m=5120 n=512 k=6144: 48 x 738.625 us = 35454 us (43607.5 GFLOPS/s)
RMS_NORM(128,16,512,1): 96 x 29.608 us = 2842.44 us
RMS_NORM_MUL RMS_NORM(128,48,512,1): 48 x 102.842 us = 4936.44 us
RMS_NORM_MUL RMS_NORM(256,24,512,1): 16 x 58.992 us = 943.88 us
RMS_NORM_MUL RMS_NORM(256,4,512,1): 16 x 13.505 us = 216.08 us
RMS_NORM_MUL RMS_NORM(5120,512,1,1): 129 x 24.213 us = 3123.48 us
ROPE: 16 x 42.887 us = 686.2 us
ROPE_VIEW_SET_ROWS ROPE: 16 x 10.662 us = 170.6 us
SCALE: 96 x 11.932 us = 1145.56 us
SET_ROWS: 16 x 9.797 us = 156.76 us
SIGMOID: 48 x 3.984 us = 191.24 us
SIGMOID_MUL SIGMOID: 16 x 40.627 us = 650.04 us
SILU_MUL SILU: 48 x 36.72 us = 1762.6 us
SOFTPLUS_MUL SOFTPLUS: 48 x 4.855 us = 233.04 us
SSM_CONV_SILU SSM_CONV: 48 x 38.255 us = 1836.24 us
Total time: 1.00261e+06 us.
4.44.482.938 I slot print_timing: id  0 | task 47 | prompt processing, n_tokens =  53248, progress = 0.60, t =  76.84 s / 692.97 tokens per second
----------------
Vulkan Timings:
ADD: 176 x 24.49 us = 4310.32 us
CONCAT: 48 x 138.688 us = 6657.04 us
CONT: 16 x 63.96 us = 1023.36 us
CPY: 96 x 4.927 us = 473.04 us
FLASH_ATTN_EXT dst(256,24,512,1),  q(256,512,24,1),  k(256,53760,4,1),  v(256,53760,4,1),  m(53760,512,1,1): 16 x 31866.7 us = 509868 us (21227.7 GFLOPS/s)
GATED_DELTA_NET: 48 x 244.632 us = 11742.4 us
GET_ROWS: 96 x 9.047 us = 868.56 us
GLU: 64 x 144.653 us = 9257.84 us
MUL_MAT f32 m=48 n=512 k=5120: 96 x 41.229 us = 3958.04 us (6103.23 GFLOPS/s)
MUL_MAT q4_0 m=1024 n=512 k=5120: 32 x 72.381 us = 2316.2 us (74165.4 GFLOPS/s)
MUL_MAT q4_0 m=10240 n=512 k=5120: 48 x 1067.67 us = 51248.2 us (50279.4 GFLOPS/s)
MUL_MAT q4_0 m=12288 n=512 k=5120: 16 x 1183.83 us = 18941.3 us (54415 GFLOPS/s)
MUL_MAT q4_0 m=17408 n=512 k=5120: 128 x 1522.99 us = 194943 us (59921 GFLOPS/s)
MUL_MAT q4_0 m=5120 n=512 k=17408: 56 x 1742.25 us = 97565.8 us (52383.8 GFLOPS/s)
MUL_MAT q4_0 m=5120 n=512 k=6144: 16 x 576.347 us = 9221.56 us (55885.8 GFLOPS/s)
MUL_MAT q4_0 m=6144 n=512 k=5120: 48 x 571.746 us = 27443.8 us (56334.6 GFLOPS/s)
MUL_MAT q4_1 m=5120 n=512 k=17408: 8 x 2016.63 us = 16133 us (45256.4 GFLOPS/s)
MUL_MAT q5_K m=5120 n=512 k=6144: 48 x 738.595 us = 35452.6 us (43609.3 GFLOPS/s)
RMS_NORM(128,16,512,1): 96 x 30.157 us = 2895.16 us
RMS_NORM_MUL RMS_NORM(128,48,512,1): 48 x 99.163 us = 4759.84 us
RMS_NORM_MUL RMS_NORM(256,24,512,1): 16 x 60.037 us = 960.6 us
RMS_NORM_MUL RMS_NORM(256,4,512,1): 16 x 13.75 us = 220 us
RMS_NORM_MUL RMS_NORM(5120,512,1,1): 129 x 26.202 us = 3380.12 us
ROPE: 16 x 45.032 us = 720.52 us
ROPE_VIEW_SET_ROWS ROPE: 16 x 10.932 us = 174.92 us
SCALE: 96 x 12.567 us = 1206.44 us
SET_ROWS: 16 x 9.907 us = 158.52 us
SIGMOID: 48 x 4.464 us = 214.28 us
SIGMOID_MUL SIGMOID: 16 x 42.095 us = 673.52 us
SILU_MUL SILU: 48 x 37.075 us = 1779.6 us
SOFTPLUS_MUL SOFTPLUS: 48 x 4.466 us = 214.4 us
SSM_CONV_SILU SSM_CONV: 48 x 40.802 us = 1958.52 us
Total time: 1.02074e+06 us.
----------------
Vulkan Timings:
ADD: 176 x 24.336 us = 4283.28 us
CONCAT: 48 x 138.879 us = 6666.2 us
CONT: 16 x 64.077 us = 1025.24 us
CPY: 96 x 4.784 us = 459.32 us
FLASH_ATTN_EXT dst(256,24,512,1),  q(256,512,24,1),  k(256,54272,4,1),  v(256,54272,4,1),  m(54272,512,1,1): 16 x 32529.6 us = 520473 us (20993.2 GFLOPS/s)
GATED_DELTA_NET: 48 x 244.781 us = 11749.5 us
GET_ROWS: 96 x 9.047 us = 868.52 us
GLU: 64 x 144.832 us = 9269.28 us
MUL_MAT f32 m=48 n=512 k=5120: 96 x 41.32 us = 3966.72 us (6089.88 GFLOPS/s)
MUL_MAT q4_0 m=1024 n=512 k=5120: 32 x 72.435 us = 2317.92 us (74110.4 GFLOPS/s)
MUL_MAT q4_0 m=10240 n=512 k=5120: 48 x 1071.05 us = 51410.4 us (50120.8 GFLOPS/s)
MUL_MAT q4_0 m=12288 n=512 k=5120: 16 x 1183.52 us = 18936.3 us (54429.5 GFLOPS/s)
MUL_MAT q4_0 m=17408 n=512 k=5120: 128 x 1519.67 us = 194519 us (60051.7 GFLOPS/s)
MUL_MAT q4_0 m=5120 n=512 k=17408: 56 x 1746.9 us = 97826.2 us (52244.3 GFLOPS/s)
MUL_MAT q4_0 m=5120 n=512 k=6144: 16 x 574.152 us = 9186.44 us (56099.4 GFLOPS/s)
MUL_MAT q4_0 m=6144 n=512 k=5120: 48 x 568.54 us = 27290 us (56652.2 GFLOPS/s)
MUL_MAT q4_1 m=5120 n=512 k=17408: 8 x 2037.87 us = 16302.9 us (44784.8 GFLOPS/s)
MUL_MAT q5_K m=5120 n=512 k=6144: 48 x 734.689 us = 35265.1 us (43841.2 GFLOPS/s)
RMS_NORM(128,16,512,1): 96 x 30.029 us = 2882.8 us
RMS_NORM_MUL RMS_NORM(128,48,512,1): 48 x 98.09 us = 4708.36 us
RMS_NORM_MUL RMS_NORM(256,24,512,1): 16 x 61.16 us = 978.56 us
RMS_NORM_MUL RMS_NORM(256,4,512,1): 16 x 13.75 us = 220 us
RMS_NORM_MUL RMS_NORM(5120,512,1,1): 129 x 25.832 us = 3332.36 us
ROPE: 16 x 44.72 us = 715.52 us
ROPE_VIEW_SET_ROWS ROPE: 16 x 10.95 us = 175.2 us
SCALE: 96 x 12.588 us = 1208.52 us
SET_ROWS: 16 x 9.902 us = 158.44 us
SIGMOID: 48 x 4.44 us = 213.12 us
SIGMOID_MUL SIGMOID: 16 x 42.242 us = 675.88 us
SILU_MUL SILU: 48 x 36.844 us = 1768.52 us
SOFTPLUS_MUL SOFTPLUS: 48 x 4.43 us = 212.64 us
SSM_CONV_SILU SSM_CONV: 48 x 40.223 us = 1930.72 us
Total time: 1.031e+06 us.
----------------
Vulkan Timings:
ADD: 176 x 14.643 us = 2577.24 us
CONCAT: 48 x 134.093 us = 6436.48 us
CONT: 16 x 38.47 us = 615.52 us
CPY: 96 x 4.19 us = 402.24 us
FLASH_ATTN_EXT dst(256,24,512,1),  q(256,512,24,1),  k(256,54784,4,1),  v(256,54784,4,1),  m(54784,512,1,1): 16 x 25955.7 us = 415290 us (26558.5 GFLOPS/s)
GATED_DELTA_NET: 48 x 240.805 us = 11558.7 us
GET_ROWS: 96 x 7.606 us = 730.24 us
GLU: 64 x 100.704 us = 6445.08 us
MUL_MAT f32 m=48 n=512 k=5120: 96 x 36.308 us = 3485.6 us (6930.47 GFLOPS/s)
MUL_MAT q4_0 m=1024 n=512 k=5120: 32 x 68.505 us = 2192.16 us (78361.9 GFLOPS/s)
MUL_MAT q4_0 m=10240 n=512 k=5120: 48 x 1080.12 us = 51845.8 us (49699.8 GFLOPS/s)
MUL_MAT q4_0 m=12288 n=512 k=5120: 16 x 1193.74 us = 19099.9 us (53963.1 GFLOPS/s)
MUL_MAT q4_0 m=17408 n=512 k=5120: 128 x 1573.71 us = 201436 us (57989.6 GFLOPS/s)
MUL_MAT q4_0 m=5120 n=512 k=17408: 56 x 1772.08 us = 99236.3 us (51502 GFLOPS/s)
MUL_MAT q4_0 m=5120 n=512 k=6144: 16 x 649.282 us = 10388.5 us (49608 GFLOPS/s)
MUL_MAT q4_0 m=6144 n=512 k=5120: 48 x 566.184 us = 27176.8 us (56888 GFLOPS/s)
MUL_MAT q4_1 m=5120 n=512 k=17408: 8 x 2025.13 us = 16201.1 us (45066.3 GFLOPS/s)
MUL_MAT q5_K m=5120 n=512 k=6144: 48 x 743.315 us = 35679.1 us (43332.4 GFLOPS/s)
RMS_NORM(128,16,512,1): 96 x 28.137 us = 2701.24 us
RMS_NORM_MUL RMS_NORM(128,48,512,1): 48 x 99.255 us = 4764.24 us
RMS_NORM_MUL RMS_NORM(256,24,512,1): 16 x 55.687 us = 891 us
RMS_NORM_MUL RMS_NORM(256,4,512,1): 16 x 12.547 us = 200.76 us
RMS_NORM_MUL RMS_NORM(5120,512,1,1): 129 x 18.76 us = 2420.08 us
ROPE: 16 x 36.712 us = 587.4 us
ROPE_VIEW_SET_ROWS ROPE: 16 x 9.62 us = 153.92 us
SCALE: 96 x 9.976 us = 957.76 us
SET_ROWS: 16 x 9.492 us = 151.88 us
SIGMOID: 48 x 4.337 us = 208.2 us
SIGMOID_MUL SIGMOID: 16 x 34.762 us = 556.2 us
SILU_MUL SILU: 48 x 36.074 us = 1731.56 us
SOFTPLUS_MUL SOFTPLUS: 48 x 4.393 us = 210.88 us
SSM_CONV_SILU SSM_CONV: 48 x 31.047 us = 1490.28 us
Total time: 927822 us.
----------------
Vulkan Timings:
ADD: 176 x 20.292 us = 3571.48 us
CONCAT: 48 x 136.196 us = 6537.44 us
CONT: 16 x 53.992 us = 863.88 us
CPY: 96 x 4.432 us = 425.56 us
FLASH_ATTN_EXT dst(256,24,512,1),  q(256,512,24,1),  k(256,55296,4,1),  v(256,55296,4,1),  m(55296,512,1,1): 16 x 30430.7 us = 486892 us (22864.5 GFLOPS/s)
GATED_DELTA_NET: 48 x 244.33 us = 11727.9 us
GET_ROWS: 96 x 8.338 us = 800.52 us
GLU: 64 x 123.472 us = 7902.24 us
MUL_MAT f32 m=48 n=512 k=5120: 96 x 38.931 us = 3737.44 us (6463.47 GFLOPS/s)
MUL_MAT q4_0 m=1024 n=512 k=5120: 32 x 70.522 us = 2256.72 us (76120.2 GFLOPS/s)
MUL_MAT q4_0 m=10240 n=512 k=5120: 48 x 1078.5 us = 51767.9 us (49774.7 GFLOPS/s)
MUL_MAT q4_0 m=12288 n=512 k=5120: 16 x 1184.53 us = 18952.5 us (54382.9 GFLOPS/s)
MUL_MAT q4_0 m=17408 n=512 k=5120: 128 x 1544.27 us = 197667 us (59095.2 GFLOPS/s)
MUL_MAT q4_0 m=5120 n=512 k=17408: 56 x 1752.63 us = 98147.4 us (52073.4 GFLOPS/s)
MUL_MAT q4_0 m=5120 n=512 k=6144: 16 x 604.017 us = 9664.28 us (53325.7 GFLOPS/s)
MUL_MAT q4_0 m=6144 n=512 k=5120: 48 x 571.427 us = 27428.5 us (56366 GFLOPS/s)
MUL_MAT q4_1 m=5120 n=512 k=17408: 8 x 2043.02 us = 16344.2 us (44671.8 GFLOPS/s)
MUL_MAT q5_K m=5120 n=512 k=6144: 48 x 743.333 us = 35680 us (43331.3 GFLOPS/s)
RMS_NORM(128,16,512,1): 96 x 29.309 us = 2813.72 us
RMS_NORM_MUL RMS_NORM(128,48,512,1): 48 x 98.532 us = 4729.56 us
RMS_NORM_MUL RMS_NORM(256,24,512,1): 16 x 58.382 us = 934.12 us
RMS_NORM_MUL RMS_NORM(256,4,512,1): 16 x 13.205 us = 211.28 us
RMS_NORM_MUL RMS_NORM(5120,512,1,1): 129 x 22.506 us = 2903.28 us
ROPE: 16 x 40.635 us = 650.16 us
ROPE_VIEW_SET_ROWS ROPE: 16 x 10.322 us = 165.16 us
SCALE: 96 x 11.327 us = 1087.44 us
SET_ROWS: 16 x 9.717 us = 155.48 us
SIGMOID: 48 x 4.352 us = 208.92 us
SIGMOID_MUL SIGMOID: 16 x 39.627 us = 634.04 us
SILU_MUL SILU: 48 x 36.558 us = 1754.8 us
SOFTPLUS_MUL SOFTPLUS: 48 x 4.461 us = 214.16 us
SSM_CONV_SILU SSM_CONV: 48 x 36.349 us = 1744.76 us
Total time: 998574 us.
4.48.593.030 I slot print_timing: id  0 | task 47 | prompt processing, n_tokens =  55296, progress = 0.63, t =  80.95 s / 683.08 tokens per second
----------------
Vulkan Timings:
ADD: 176 x 15.048 us = 2648.48 us
CONCAT: 48 x 134.433 us = 6452.8 us
CONT: 16 x 39.357 us = 629.72 us
CPY: 96 x 4.28 us = 410.92 us
FLASH_ATTN_EXT dst(256,24,512,1),  q(256,512,24,1),  k(256,55808,4,1),  v(256,55808,4,1),  m(55808,512,1,1): 16 x 26561.3 us = 424980 us (26438 GFLOPS/s)
GATED_DELTA_NET: 48 x 240.283 us = 11533.6 us
GET_ROWS: 96 x 7.61 us = 730.64 us
GLU: 64 x 98.487 us = 6303.2 us
MUL_MAT f32 m=48 n=512 k=5120: 96 x 36.35 us = 3489.64 us (6922.44 GFLOPS/s)
MUL_MAT q4_0 m=1024 n=512 k=5120: 32 x 68.76 us = 2200.32 us (78071.3 GFLOPS/s)
MUL_MAT q4_0 m=10240 n=512 k=5120: 48 x 1087.8 us = 52214.3 us (49349.1 GFLOPS/s)
MUL_MAT q4_0 m=12288 n=512 k=5120: 16 x 1182.43 us = 18918.9 us (54479.5 GFLOPS/s)
MUL_MAT q4_0 m=17408 n=512 k=5120: 128 x 1574.07 us = 201481 us (57976.6 GFLOPS/s)
MUL_MAT q4_0 m=5120 n=512 k=17408: 56 x 1766.28 us = 98911.6 us (51671.1 GFLOPS/s)
MUL_MAT q4_0 m=5120 n=512 k=6144: 16 x 648.922 us = 10382.8 us (49635.6 GFLOPS/s)
MUL_MAT q4_0 m=6144 n=512 k=5120: 48 x 568.759 us = 27300.4 us (56630.5 GFLOPS/s)
MUL_MAT q4_1 m=5120 n=512 k=17408: 8 x 2035.86 us = 16286.9 us (44828.9 GFLOPS/s)
MUL_MAT q5_K m=5120 n=512 k=6144: 48 x 742.046 us = 35618.2 us (43406.5 GFLOPS/s)
RMS_NORM(128,16,512,1): 96 x 28.159 us = 2703.28 us
RMS_NORM_MUL RMS_NORM(128,48,512,1): 48 x 98.781 us = 4741.52 us
RMS_NORM_MUL RMS_NORM(256,24,512,1): 16 x 55.757 us = 892.12 us
RMS_NORM_MUL RMS_NORM(256,4,512,1): 16 x 12.422 us = 198.76 us
RMS_NORM_MUL RMS_NORM(5120,512,1,1): 129 x 18.733 us = 2416.6 us
ROPE: 16 x 36.752 us = 588.04 us
ROPE_VIEW_SET_ROWS ROPE: 16 x 9.697 us = 155.16 us
SCALE: 96 x 9.782 us = 939.16 us
SET_ROWS: 16 x 9.57 us = 153.12 us
SIGMOID: 48 x 4.204 us = 201.8 us
SIGMOID_MUL SIGMOID: 16 x 34.942 us = 559.08 us
SILU_MUL SILU: 48 x 36.213 us = 1738.24 us
SOFTPLUS_MUL SOFTPLUS: 48 x 5.1 us = 244.8 us
SSM_CONV_SILU SSM_CONV: 48 x 30.521 us = 1465.04 us
Total time: 937490 us.
----------------
Vulkan Timings:
ADD: 176 x 20.771 us = 3655.72 us
CONCAT: 48 x 137.186 us = 6584.96 us
CONT: 16 x 54.162 us = 866.6 us
CPY: 96 x 4.578 us = 439.56 us
FLASH_ATTN_EXT dst(256,24,512,1),  q(256,512,24,1),  k(256,56320,4,1),  v(256,56320,4,1),  m(56320,512,1,1): 16 x 31543.5 us = 504695 us (22466.4 GFLOPS/s)
GATED_DELTA_NET: 48 x 243.371 us = 11681.8 us
GET_ROWS: 96 x 8.425 us = 808.88 us
GLU: 64 x 125.96 us = 8061.48 us
MUL_MAT f32 m=48 n=512 k=5120: 96 x 38.724 us = 3717.52 us (6498.1 GFLOPS/s)
MUL_MAT q4_0 m=1024 n=512 k=5120: 32 x 74.336 us = 2378.76 us (72214.9 GFLOPS/s)
MUL_MAT q4_0 m=10240 n=512 k=5120: 48 x 1079.47 us = 51814.7 us (49729.7 GFLOPS/s)
MUL_MAT q4_0 m=12288 n=512 k=5120: 16 x 1173.5 us = 18776 us (54894.2 GFLOPS/s)
MUL_MAT q4_0 m=17408 n=512 k=5120: 128 x 1544.33 us = 197674 us (59093.2 GFLOPS/s)
MUL_MAT q4_0 m=5120 n=512 k=17408: 56 x 1759.15 us = 98512.2 us (51880.5 GFLOPS/s)
MUL_MAT q4_0 m=5120 n=512 k=6144: 16 x 604.087 us = 9665.4 us (53319.5 GFLOPS/s)
MUL_MAT q4_0 m=6144 n=512 k=5120: 48 x 568.86 us = 27305.3 us (56620.4 GFLOPS/s)
MUL_MAT q4_1 m=5120 n=512 k=17408: 8 x 2022.02 us = 16176.2 us (45135.8 GFLOPS/s)
MUL_MAT q5_K m=5120 n=512 k=6144: 48 x 745.326 us = 35775.7 us (43215.5 GFLOPS/s)
RMS_NORM(128,16,512,1): 96 x 29.257 us = 2808.72 us
RMS_NORM_MUL RMS_NORM(128,48,512,1): 48 x 98.049 us = 4706.36 us
RMS_NORM_MUL RMS_NORM(256,24,512,1): 16 x 57.685 us = 922.96 us
RMS_NORM_MUL RMS_NORM(256,4,512,1): 16 x 13.397 us = 214.36 us
RMS_NORM_MUL RMS_NORM(5120,512,1,1): 129 x 22.541 us = 2907.88 us
ROPE: 16 x 41.865 us = 669.84 us
ROPE_VIEW_SET_ROWS ROPE: 16 x 10.545 us = 168.72 us
SCALE: 96 x 11.31 us = 1085.84 us
SET_ROWS: 16 x 9.89 us = 158.24 us
SIGMOID: 48 x 4.322 us = 207.48 us
SIGMOID_MUL SIGMOID: 16 x 39.715 us = 635.44 us
SILU_MUL SILU: 48 x 36.436 us = 1748.96 us
SOFTPLUS_MUL SOFTPLUS: 48 x 4.92 us = 236.16 us
SSM_CONV_SILU SSM_CONV: 48 x 36.205 us = 1737.84 us
Total time: 1.0168e+06 us.
----------------
Vulkan Timings:
ADD: 176 x 24.677 us = 4343.28 us
CONCAT: 48 x 138.719 us = 6658.52 us
CONT: 16 x 65.392 us = 1046.28 us
CPY: 96 x 4.882 us = 468.72 us
FLASH_ATTN_EXT dst(256,24,512,1),  q(256,512,24,1),  k(256,56832,4,1),  v(256,56832,4,1),  m(56832,512,1,1): 16 x 34536.6 us = 552585 us (20705.9 GFLOPS/s)
GATED_DELTA_NET: 48 x 245.181 us = 11768.7 us
GET_ROWS: 96 x 9.189 us = 882.16 us
GLU: 64 x 145.651 us = 9321.72 us
MUL_MAT f32 m=48 n=512 k=5120: 96 x 40.765 us = 3913.52 us (6172.66 GFLOPS/s)
MUL_MAT q4_0 m=1024 n=512 k=5120: 32 x 81.171 us = 2597.48 us (66134.1 GFLOPS/s)
MUL_MAT q4_0 m=10240 n=512 k=5120: 48 x 1073.48 us = 51527 us (50007.4 GFLOPS/s)
MUL_MAT q4_0 m=12288 n=512 k=5120: 16 x 1166.66 us = 18666.6 us (55215.9 GFLOPS/s)
MUL_MAT q4_0 m=17408 n=512 k=5120: 128 x 1526.32 us = 195369 us (59790.4 GFLOPS/s)
MUL_MAT q4_0 m=5120 n=512 k=17408: 56 x 1744.21 us = 97675.6 us (52324.9 GFLOPS/s)
MUL_MAT q4_0 m=5120 n=512 k=6144: 16 x 574.095 us = 9185.52 us (56105.1 GFLOPS/s)
MUL_MAT q4_0 m=6144 n=512 k=5120: 48 x 570.376 us = 27378.1 us (56469.9 GFLOPS/s)
MUL_MAT q4_1 m=5120 n=512 k=17408: 8 x 2033.31 us = 16266.4 us (44885.3 GFLOPS/s)
MUL_MAT q5_K m=5120 n=512 k=6144: 48 x 735.385 us = 35298.5 us (43799.7 GFLOPS/s)
RMS_NORM(128,16,512,1): 96 x 30.051 us = 2884.96 us
RMS_NORM_MUL RMS_NORM(128,48,512,1): 48 x 98.672 us = 4736.28 us
RMS_NORM_MUL RMS_NORM(256,24,512,1): 16 x 62.402 us = 998.44 us
RMS_NORM_MUL RMS_NORM(256,4,512,1): 16 x 14.035 us = 224.56 us
RMS_NORM_MUL RMS_NORM(5120,512,1,1): 129 x 25.688 us = 3313.88 us
ROPE: 16 x 45.052 us = 720.84 us
ROPE_VIEW_SET_ROWS ROPE: 16 x 10.977 us = 175.64 us
SCALE: 96 x 12.458 us = 1196 us
SET_ROWS: 16 x 9.962 us = 159.4 us
SIGMOID: 48 x 4.005 us = 192.28 us
SIGMOID_MUL SIGMOID: 16 x 42.26 us = 676.16 us
SILU_MUL SILU: 48 x 36.871 us = 1769.84 us
SOFTPLUS_MUL SOFTPLUS: 48 x 5.314 us = 255.08 us
SSM_CONV_SILU SSM_CONV: 48 x 40.08 us = 1923.84 us
Total time: 1.06418e+06 us.
----------------
Vulkan Timings:
ADD: 176 x 14.24 us = 2506.24 us
CONCAT: 48 x 134.266 us = 6444.8 us
CONT: 16 x 38.272 us = 612.36 us
CPY: 96 x 4.079 us = 391.6 us
FLASH_ATTN_EXT dst(256,24,512,1),  q(256,512,24,1),  k(256,57344,4,1),  v(256,57344,4,1),  m(57344,512,1,1): 16 x 26888.1 us = 430210 us (26835.5 GFLOPS/s)
GATED_DELTA_NET: 48 x 240.106 us = 11525.1 us
GET_ROWS: 96 x 7.499 us = 719.92 us
GLU: 64 x 95.408 us = 6106.12 us
MUL_MAT f32 m=48 n=512 k=5120: 96 x 35.485 us = 3406.56 us (7091.27 GFLOPS/s)
MUL_MAT q4_0 m=1024 n=512 k=5120: 32 x 67.928 us = 2173.72 us (79026.7 GFLOPS/s)
MUL_MAT q4_0 m=10240 n=512 k=5120: 48 x 1087.71 us = 52210.2 us (49353 GFLOPS/s)
MUL_MAT q4_0 m=12288 n=512 k=5120: 16 x 1177.17 us = 18834.7 us (54723 GFLOPS/s)
MUL_MAT q4_0 m=17408 n=512 k=5120: 128 x 1578.72 us = 202077 us (57805.6 GFLOPS/s)
MUL_MAT q4_0 m=5120 n=512 k=17408: 56 x 1775.3 us = 99417 us (51408.4 GFLOPS/s)
MUL_MAT q4_0 m=5120 n=512 k=6144: 16 x 653.942 us = 10463.1 us (49254.5 GFLOPS/s)
MUL_MAT q4_0 m=6144 n=512 k=5120: 48 x 567.616 us = 27245.6 us (56744.5 GFLOPS/s)
MUL_MAT q4_1 m=5120 n=512 k=17408: 8 x 2061.64 us = 16493.2 us (44268.3 GFLOPS/s)
MUL_MAT q5_K m=5120 n=512 k=6144: 48 x 744.177 us = 35720.5 us (43282.2 GFLOPS/s)
RMS_NORM(128,16,512,1): 96 x 28.041 us = 2691.96 us
RMS_NORM_MUL RMS_NORM(128,48,512,1): 48 x 98.746 us = 4739.84 us
RMS_NORM_MUL RMS_NORM(256,24,512,1): 16 x 54.667 us = 874.68 us
RMS_NORM_MUL RMS_NORM(256,4,512,1): 16 x 12.405 us = 198.48 us
RMS_NORM_MUL RMS_NORM(5120,512,1,1): 129 x 17.744 us = 2289.08 us
ROPE: 16 x 35.837 us = 573.4 us
ROPE_VIEW_SET_ROWS ROPE: 16 x 9.617 us = 153.88 us
SCALE: 96 x 9.651 us = 926.56 us
SET_ROWS: 16 x 9.622 us = 153.96 us
SIGMOID: 48 x 4.32 us = 207.36 us
SIGMOID_MUL SIGMOID: 16 x 34.4 us = 550.4 us
SILU_MUL SILU: 48 x 36.644 us = 1758.92 us
SOFTPLUS_MUL SOFTPLUS: 48 x 5.148 us = 247.12 us
SSM_CONV_SILU SSM_CONV: 48 x 29.818 us = 1431.28 us
Total time: 943354 us.
4.52.709.113 I slot print_timing: id  0 | task 47 | prompt processing, n_tokens =  57344, progress = 0.65, t =  85.07 s / 674.11 tokens per second
----------------
Vulkan Timings:
ADD: 176 x 17.326 us = 3049.52 us
CONCAT: 48 x 134.99 us = 6479.52 us
CONT: 16 x 44.887 us = 718.2 us
CPY: 96 x 4.234 us = 406.48 us
FLASH_ATTN_EXT dst(256,24,512,1),  q(256,512,24,1),  k(256,57856,4,1),  v(256,57856,4,1),  m(57856,512,1,1): 16 x 29918.6 us = 478698 us (24332.6 GFLOPS/s)
GATED_DELTA_NET: 48 x 241.253 us = 11580.2 us
GET_ROWS: 96 x 7.888 us = 757.28 us
GLU: 64 x 119.167 us = 7626.72 us
MUL_MAT f32 m=48 n=512 k=5120: 96 x 36.894 us = 3541.84 us (6820.42 GFLOPS/s)
MUL_MAT q4_0 m=1024 n=512 k=5120: 32 x 69.488 us = 2223.64 us (77252.6 GFLOPS/s)
MUL_MAT q4_0 m=10240 n=512 k=5120: 48 x 1076.01 us = 51648.4 us (49889.8 GFLOPS/s)
MUL_MAT q4_0 m=12288 n=512 k=5120: 16 x 1180.33 us = 18885.2 us (54576.6 GFLOPS/s)
MUL_MAT q4_0 m=17408 n=512 k=5120: 128 x 1563.03 us = 200068 us (58386.1 GFLOPS/s)
MUL_MAT q4_0 m=5120 n=512 k=17408: 56 x 1766.71 us = 98935.9 us (51658.3 GFLOPS/s)
MUL_MAT q4_0 m=5120 n=512 k=6144: 16 x 622.662 us = 9962.6 us (51728.9 GFLOPS/s)
MUL_MAT q4_0 m=6144 n=512 k=5120: 48 x 567.132 us = 27222.4 us (56792.9 GFLOPS/s)
MUL_MAT q4_1 m=5120 n=512 k=17408: 8 x 2028.26 us = 16226 us (44997 GFLOPS/s)
MUL_MAT q5_K m=5120 n=512 k=6144: 48 x 741.08 us = 35571.9 us (43463 GFLOPS/s)
RMS_NORM(128,16,512,1): 96 x 28.622 us = 2747.72 us
RMS_NORM_MUL RMS_NORM(128,48,512,1): 48 x 98.262 us = 4716.6 us
RMS_NORM_MUL RMS_NORM(256,24,512,1): 16 x 55.557 us = 888.92 us
RMS_NORM_MUL RMS_NORM(256,4,512,1): 16 x 12.837 us = 205.4 us
RMS_NORM_MUL RMS_NORM(5120,512,1,1): 129 x 21.48 us = 2770.92 us
ROPE: 16 x 38.785 us = 620.56 us
ROPE_VIEW_SET_ROWS ROPE: 16 x 10.147 us = 162.36 us
SCALE: 96 x 10.435 us = 1001.8 us
SET_ROWS: 16 x 9.65 us = 154.4 us
SIGMOID: 48 x 4.145 us = 198.96 us
SIGMOID_MUL SIGMOID: 16 x 36.427 us = 582.84 us
SILU_MUL SILU: 48 x 35.906 us = 1723.52 us
SOFTPLUS_MUL SOFTPLUS: 48 x 5.373 us = 257.92 us
SSM_CONV_SILU SSM_CONV: 48 x 32.981 us = 1583.12 us
Total time: 991217 us.
----------------
Vulkan Timings:
ADD: 176 x 16.507 us = 2905.4 us
CONCAT: 48 x 134.388 us = 6450.64 us
CONT: 16 x 41.717 us = 667.48 us
CPY: 96 x 4.215 us = 404.64 us
FLASH_ATTN_EXT dst(256,24,512,1),  q(256,512,24,1),  k(256,58368,4,1),  v(256,58368,4,1),  m(58368,512,1,1): 16 x 28947.9 us = 463167 us (25371.1 GFLOPS/s)
GATED_DELTA_NET: 48 x 239.614 us = 11501.5 us
GET_ROWS: 96 x 7.674 us = 736.72 us
GLU: 64 x 100.729 us = 6446.68 us
MUL_MAT f32 m=48 n=512 k=5120: 96 x 35.756 us = 3432.6 us (7037.47 GFLOPS/s)
MUL_MAT q4_0 m=1024 n=512 k=5120: 32 x 71.957 us = 2302.64 us (74602.2 GFLOPS/s)
MUL_MAT q4_0 m=10240 n=512 k=5120: 48 x 1091.76 us = 52404.5 us (49170 GFLOPS/s)
MUL_MAT q4_0 m=12288 n=512 k=5120: 16 x 1171.83 us = 18749.3 us (54972.3 GFLOPS/s)
MUL_MAT q4_0 m=17408 n=512 k=5120: 128 x 1578.32 us = 202024 us (57820.6 GFLOPS/s)
MUL_MAT q4_0 m=5120 n=512 k=17408: 56 x 1770.48 us = 99146.9 us (51548.4 GFLOPS/s)
MUL_MAT q4_0 m=5120 n=512 k=6144: 16 x 635.492 us = 10167.9 us (50684.5 GFLOPS/s)
MUL_MAT q4_0 m=6144 n=512 k=5120: 48 x 564.195 us = 27081.4 us (57088.5 GFLOPS/s)
MUL_MAT q4_1 m=5120 n=512 k=17408: 8 x 2020.7 us = 16165.6 us (45165.3 GFLOPS/s)
MUL_MAT q5_K m=5120 n=512 k=6144: 48 x 740.387 us = 35538.6 us (43503.8 GFLOPS/s)
RMS_NORM(128,16,512,1): 96 x 28.132 us = 2700.68 us
RMS_NORM_MUL RMS_NORM(128,48,512,1): 48 x 97.792 us = 4694.04 us
RMS_NORM_MUL RMS_NORM(256,24,512,1): 16 x 56.115 us = 897.84 us
RMS_NORM_MUL RMS_NORM(256,4,512,1): 16 x 12.697 us = 203.16 us
RMS_NORM_MUL RMS_NORM(5120,512,1,1): 129 x 18.682 us = 2410 us
ROPE: 16 x 64.675 us = 1034.8 us
ROPE_VIEW_SET_ROWS ROPE: 16 x 9.93 us = 158.88 us
SCALE: 96 x 10.108 us = 970.44 us
SET_ROWS: 16 x 9.785 us = 156.56 us
SIGMOID: 48 x 4.01 us = 192.48 us
SIGMOID_MUL SIGMOID: 16 x 35.037 us = 560.6 us
SILU_MUL SILU: 48 x 35.765 us = 1716.72 us
SOFTPLUS_MUL SOFTPLUS: 48 x 5.616 us = 269.6 us
SSM_CONV_SILU SSM_CONV: 48 x 30.845 us = 1480.56 us
Total time: 976740 us.
----------------
Vulkan Timings:
ADD: 176 x 25.04 us = 4407.08 us
CONCAT: 48 x 138.965 us = 6670.36 us
CONT: 16 x 63.382 us = 1014.12 us
CPY: 96 x 5.088 us = 488.48 us
FLASH_ATTN_EXT dst(256,24,512,1),  q(256,512,24,1),  k(256,58880,4,1),  v(256,58880,4,1),  m(58880,512,1,1): 16 x 36720.6 us = 587529 us (20176.2 GFLOPS/s)
GATED_DELTA_NET: 48 x 246.996 us = 11855.8 us
GET_ROWS: 96 x 9.08 us = 871.68 us
GLU: 64 x 148.331 us = 9493.2 us
MUL_MAT f32 m=48 n=512 k=5120: 96 x 41.03 us = 3938.96 us (6132.79 GFLOPS/s)
MUL_MAT q4_0 m=1024 n=512 k=5120: 32 x 76.191 us = 2438.12 us (70456.7 GFLOPS/s)
MUL_MAT q4_0 m=10240 n=512 k=5120: 48 x 1074.13 us = 51558.5 us (49976.8 GFLOPS/s)
MUL_MAT q4_0 m=12288 n=512 k=5120: 16 x 1184.28 us = 18948.4 us (54394.6 GFLOPS/s)
MUL_MAT q4_0 m=17408 n=512 k=5120: 128 x 1530.37 us = 195888 us (59632 GFLOPS/s)
MUL_MAT q4_0 m=5120 n=512 k=17408: 56 x 1747.54 us = 97862.3 us (52225 GFLOPS/s)
MUL_MAT q4_0 m=5120 n=512 k=6144: 16 x 569.157 us = 9106.52 us (56591.8 GFLOPS/s)
MUL_MAT q4_0 m=6144 n=512 k=5120: 48 x 571.125 us = 27414 us (56395.8 GFLOPS/s)
MUL_MAT q4_1 m=5120 n=512 k=17408: 8 x 2045.76 us = 16366.1 us (44612 GFLOPS/s)
MUL_MAT q5_K m=5120 n=512 k=6144: 48 x 738.886 us = 35466.6 us (43592.1 GFLOPS/s)
RMS_NORM(128,16,512,1): 96 x 30.15 us = 2894.4 us
RMS_NORM_MUL RMS_NORM(128,48,512,1): 48 x 99.984 us = 4799.24 us
RMS_NORM_MUL RMS_NORM(256,24,512,1): 16 x 61.582 us = 985.32 us
RMS_NORM_MUL RMS_NORM(256,4,512,1): 16 x 14.395 us = 230.32 us
RMS_NORM_MUL RMS_NORM(5120,512,1,1): 129 x 25.849 us = 3334.56 us
ROPE: 16 x 45.005 us = 720.08 us
ROPE_VIEW_SET_ROWS ROPE: 16 x 10.91 us = 174.56 us
SCALE: 96 x 12.528 us = 1202.72 us
SET_ROWS: 16 x 10.017 us = 160.28 us
SIGMOID: 48 x 4.262 us = 204.6 us
SIGMOID_MUL SIGMOID: 16 x 42.492 us = 679.88 us
SILU_MUL SILU: 48 x 37.26 us = 1788.48 us
SOFTPLUS_MUL SOFTPLUS: 48 x 5.32 us = 255.36 us
SSM_CONV_SILU SSM_CONV: 48 x 39.899 us = 1915.16 us
Total time: 1.10066e+06 us.
----------------
Vulkan Timings:
ADD: 176 x 23.064 us = 4059.4 us
CONCAT: 48 x 138.003 us = 6624.16 us
CONT: 16 x 57.882 us = 926.12 us
CPY: 96 x 4.827 us = 463.4 us
FLASH_ATTN_EXT dst(256,24,512,1),  q(256,512,24,1),  k(256,59392,4,1),  v(256,59392,4,1),  m(59392,512,1,1): 16 x 35757.4 us = 572118 us (20899.9 GFLOPS/s)
GATED_DELTA_NET: 48 x 242.025 us = 11617.2 us
GET_ROWS: 96 x 9.036 us = 867.52 us
GLU: 64 x 138.174 us = 8843.16 us
MUL_MAT f32 m=48 n=512 k=5120: 96 x 39.973 us = 3837.44 us (6295.04 GFLOPS/s)
MUL_MAT q4_0 m=1024 n=512 k=5120: 32 x 75.372 us = 2411.92 us (71222.1 GFLOPS/s)
MUL_MAT q4_0 m=10240 n=512 k=5120: 48 x 1064.64 us = 51103 us (50422.3 GFLOPS/s)
MUL_MAT q4_0 m=12288 n=512 k=5120: 16 x 1183.38 us = 18934.1 us (54435.8 GFLOPS/s)
MUL_MAT q4_0 m=17408 n=512 k=5120: 128 x 1525.07 us = 195208 us (59839.5 GFLOPS/s)
MUL_MAT q4_0 m=5120 n=512 k=17408: 56 x 1732.69 us = 97030.7 us (52672.6 GFLOPS/s)
MUL_MAT q4_0 m=5120 n=512 k=6144: 16 x 578.055 us = 9248.88 us (55720.7 GFLOPS/s)
MUL_MAT q4_0 m=6144 n=512 k=5120: 48 x 566.542 us = 27194 us (56852.1 GFLOPS/s)
MUL_MAT q4_1 m=5120 n=512 k=17408: 8 x 2037.63 us = 16301 us (44790 GFLOPS/s)
MUL_MAT q5_K m=5120 n=512 k=6144: 48 x 736.795 us = 35366.2 us (43715.9 GFLOPS/s)
RMS_NORM(128,16,512,1): 96 x 29.498 us = 2831.88 us
RMS_NORM_MUL RMS_NORM(128,48,512,1): 48 x 98.496 us = 4727.84 us
RMS_NORM_MUL RMS_NORM(256,24,512,1): 16 x 59.427 us = 950.84 us
RMS_NORM_MUL RMS_NORM(256,4,512,1): 16 x 13.487 us = 215.8 us
RMS_NORM_MUL RMS_NORM(5120,512,1,1): 129 x 24.491 us = 3159.44 us
ROPE: 16 x 42.917 us = 686.68 us
ROPE_VIEW_SET_ROWS ROPE: 16 x 10.712 us = 171.4 us
SCALE: 96 x 12.051 us = 1156.92 us
SET_ROWS: 16 x 9.78 us = 156.48 us
SIGMOID: 48 x 4.145 us = 199 us
SIGMOID_MUL SIGMOID: 16 x 40.555 us = 648.88 us
SILU_MUL SILU: 48 x 36.576 us = 1755.68 us
SOFTPLUS_MUL SOFTPLUS: 48 x 5.236 us = 251.36 us
SSM_CONV_SILU SSM_CONV: 48 x 38.38 us = 1842.24 us
Total time: 1.08091e+06 us.
4.57.024.303 I slot print_timing: id  0 | task 47 | prompt processing, n_tokens =  59392, progress = 0.67, t =  89.38 s / 664.47 tokens per second
----------------
Vulkan Timings:
ADD: 176 x 14.132 us = 2487.36 us
CONCAT: 48 x 133.04 us = 6385.96 us
CONT: 16 x 36.84 us = 589.44 us
CPY: 96 x 4.035 us = 387.44 us
FLASH_ATTN_EXT dst(256,24,512,1),  q(256,512,24,1),  k(256,59904,4,1),  v(256,59904,4,1),  m(59904,512,1,1): 16 x 28535.1 us = 456561 us (26415.4 GFLOPS/s)
GATED_DELTA_NET: 48 x 239.903 us = 11515.4 us
GET_ROWS: 96 x 7.338 us = 704.48 us
GLU: 64 x 95.941 us = 6140.24 us
MUL_MAT f32 m=48 n=512 k=5120: 96 x 35.383 us = 3396.84 us (7111.56 GFLOPS/s)
MUL_MAT q4_0 m=1024 n=512 k=5120: 32 x 68.313 us = 2186.04 us (78581.3 GFLOPS/s)
MUL_MAT q4_0 m=10240 n=512 k=5120: 48 x 1081.73 us = 51923 us (49626 GFLOPS/s)
MUL_MAT q4_0 m=12288 n=512 k=5120: 16 x 1184.96 us = 18959.4 us (54363 GFLOPS/s)
MUL_MAT q4_0 m=17408 n=512 k=5120: 128 x 1570.82 us = 201064 us (58096.7 GFLOPS/s)
MUL_MAT q4_0 m=5120 n=512 k=17408: 56 x 1772.41 us = 99254.8 us (51492.3 GFLOPS/s)
MUL_MAT q4_0 m=5120 n=512 k=6144: 16 x 645.322 us = 10325.2 us (49912.5 GFLOPS/s)
MUL_MAT q4_0 m=6144 n=512 k=5120: 48 x 564.563 us = 27099 us (57051.4 GFLOPS/s)
MUL_MAT q4_1 m=5120 n=512 k=17408: 8 x 2020.58 us = 16164.6 us (45167.9 GFLOPS/s)
MUL_MAT q5_K m=5120 n=512 k=6144: 48 x 740.92 us = 35564.2 us (43472.4 GFLOPS/s)
RMS_NORM(128,16,512,1): 96 x 27.754 us = 2664.44 us
RMS_NORM_MUL RMS_NORM(128,48,512,1): 48 x 97.936 us = 4700.96 us
RMS_NORM_MUL RMS_NORM(256,24,512,1): 16 x 55.347 us = 885.56 us
RMS_NORM_MUL RMS_NORM(256,4,512,1): 16 x 12.475 us = 199.6 us
RMS_NORM_MUL RMS_NORM(5120,512,1,1): 129 x 17.638 us = 2275.32 us
ROPE: 16 x 35.812 us = 573 us
ROPE_VIEW_SET_ROWS ROPE: 16 x 9.56 us = 152.96 us
SCALE: 96 x 9.571 us = 918.88 us
SET_ROWS: 16 x 9.48 us = 151.68 us
SIGMOID: 48 x 4.097 us = 196.68 us
SIGMOID_MUL SIGMOID: 16 x 34.165 us = 546.64 us
SILU_MUL SILU: 48 x 35.545 us = 1706.16 us
SOFTPLUS_MUL SOFTPLUS: 48 x 4.975 us = 238.84 us
SSM_CONV_SILU SSM_CONV: 48 x 29.575 us = 1419.6 us
Total time: 967340 us.
----------------
Vulkan Timings:
ADD: 176 x 24.521 us = 4315.76 us
CONCAT: 48 x 138.635 us = 6654.48 us
CONT: 16 x 62.345 us = 997.52 us
CPY: 96 x 4.925 us = 472.8 us
FLASH_ATTN_EXT dst(256,24,512,1),  q(256,512,24,1),  k(256,60416,4,1),  v(256,60416,4,1),  m(60416,512,1,1): 16 x 38068.6 us = 609098 us (19969.4 GFLOPS/s)
GATED_DELTA_NET: 48 x 248.273 us = 11917.1 us
GET_ROWS: 96 x 9.061 us = 869.92 us
GLU: 64 x 142.936 us = 9147.96 us
MUL_MAT f32 m=48 n=512 k=5120: 96 x 40.566 us = 3894.4 us (6202.97 GFLOPS/s)
MUL_MAT q4_0 m=1024 n=512 k=5120: 32 x 76.402 us = 2444.88 us (70261.9 GFLOPS/s)
MUL_MAT q4_0 m=10240 n=512 k=5120: 48 x 1072.58 us = 51483.7 us (50049.4 GFLOPS/s)
MUL_MAT q4_0 m=12288 n=512 k=5120: 16 x 1180.9 us = 18894.5 us (54549.9 GFLOPS/s)
MUL_MAT q4_0 m=17408 n=512 k=5120: 128 x 1517.03 us = 194180 us (60156.3 GFLOPS/s)
MUL_MAT q4_0 m=5120 n=512 k=17408: 56 x 1743.21 us = 97619.8 us (52354.8 GFLOPS/s)
MUL_MAT q4_0 m=5120 n=512 k=6144: 16 x 567.022 us = 9072.36 us (56804.9 GFLOPS/s)
MUL_MAT q4_0 m=6144 n=512 k=5120: 48 x 568.794 us = 27302.1 us (56627 GFLOPS/s)
MUL_MAT q4_1 m=5120 n=512 k=17408: 8 x 2011.93 us = 16095.4 us (45362.1 GFLOPS/s)
MUL_MAT q5_K m=5120 n=512 k=6144: 48 x 736.946 us = 35373.4 us (43706.9 GFLOPS/s)
RMS_NORM(128,16,512,1): 96 x 30.035 us = 2883.4 us
RMS_NORM_MUL RMS_NORM(128,48,512,1): 48 x 99.921 us = 4796.24 us
RMS_NORM_MUL RMS_NORM(256,24,512,1): 16 x 59.61 us = 953.76 us
RMS_NORM_MUL RMS_NORM(256,4,512,1): 16 x 13.602 us = 217.64 us
RMS_NORM_MUL RMS_NORM(5120,512,1,1): 129 x 25.356 us = 3271.04 us
ROPE: 16 x 44.682 us = 714.92 us
ROPE_VIEW_SET_ROWS ROPE: 16 x 11.015 us = 176.24 us
SCALE: 96 x 12.367 us = 1187.24 us
SET_ROWS: 16 x 10.012 us = 160.2 us
SIGMOID: 48 x 4.022 us = 193.08 us
SIGMOID_MUL SIGMOID: 16 x 42.28 us = 676.48 us
SILU_MUL SILU: 48 x 37.092 us = 1780.44 us
SOFTPLUS_MUL SOFTPLUS: 48 x 5.475 us = 262.84 us
SSM_CONV_SILU SSM_CONV: 48 x 39.95 us = 1917.64 us
Total time: 1.11903e+06 us.
----------------
Vulkan Timings:
ADD: 176 x 16.634 us = 2927.72 us
CONCAT: 48 x 134.405 us = 6451.48 us
CONT: 16 x 41.9 us = 670.4 us
CPY: 96 x 4.235 us = 406.56 us
FLASH_ATTN_EXT dst(256,24,512,1),  q(256,512,24,1),  k(256,60928,4,1),  v(256,60928,4,1),  m(60928,512,1,1): 16 x 31944.7 us = 511116 us (23999.3 GFLOPS/s)
GATED_DELTA_NET: 48 x 239.949 us = 11517.6 us
GET_ROWS: 96 x 7.921 us = 760.44 us
GLU: 64 x 108.175 us = 6923.24 us
MUL_MAT f32 m=48 n=512 k=5120: 96 x 36.964 us = 3548.56 us (6807.5 GFLOPS/s)
MUL_MAT q4_0 m=1024 n=512 k=5120: 32 x 72.456 us = 2318.6 us (74088.6 GFLOPS/s)
MUL_MAT q4_0 m=10240 n=512 k=5120: 48 x 1070.97 us = 51406.4 us (50124.7 GFLOPS/s)
MUL_MAT q4_0 m=12288 n=512 k=5120: 16 x 1169.93 us = 18718.9 us (55061.5 GFLOPS/s)
MUL_MAT q4_0 m=17408 n=512 k=5120: 128 x 1554.42 us = 198965 us (58709.6 GFLOPS/s)
MUL_MAT q4_0 m=5120 n=512 k=17408: 56 x 1755.07 us = 98284 us (52001 GFLOPS/s)
MUL_MAT q4_0 m=5120 n=512 k=6144: 16 x 614.715 us = 9835.44 us (52397.7 GFLOPS/s)
MUL_MAT q4_0 m=6144 n=512 k=5120: 48 x 570.64 us = 27390.7 us (56443.8 GFLOPS/s)
MUL_MAT q4_1 m=5120 n=512 k=17408: 8 x 2029.54 us = 16236.3 us (44968.6 GFLOPS/s)
MUL_MAT q5_K m=5120 n=512 k=6144: 48 x 739.01 us = 35472.5 us (43584.8 GFLOPS/s)
RMS_NORM(128,16,512,1): 96 x 28.156 us = 2703 us
RMS_NORM_MUL RMS_NORM(128,48,512,1): 48 x 99.429 us = 4772.6 us
RMS_NORM_MUL RMS_NORM(256,24,512,1): 16 x 56.895 us = 910.32 us
RMS_NORM_MUL RMS_NORM(256,4,512,1): 16 x 12.62 us = 201.92 us
RMS_NORM_MUL RMS_NORM(5120,512,1,1): 129 x 19.659 us = 2536.04 us
ROPE: 16 x 37.79 us = 604.64 us
ROPE_VIEW_SET_ROWS ROPE: 16 x 9.832 us = 157.32 us
SCALE: 96 x 10.426 us = 1000.96 us
SET_ROWS: 16 x 9.527 us = 152.44 us
SIGMOID: 48 x 4.117 us = 197.64 us
SIGMOID_MUL SIGMOID: 16 x 34.672 us = 554.76 us
SILU_MUL SILU: 48 x 35.776 us = 1717.28 us
SOFTPLUS_MUL SOFTPLUS: 48 x 5.033 us = 241.6 us
SSM_CONV_SILU SSM_CONV: 48 x 31.66 us = 1519.68 us
Total time: 1.02022e+06 us.
----------------
Vulkan Timings:
ADD: 176 x 17.502 us = 3080.36 us
CONCAT: 48 x 135.05 us = 6482.4 us
CONT: 16 x 44.247 us = 707.96 us
CPY: 96 x 4.362 us = 418.76 us
FLASH_ATTN_EXT dst(256,24,512,1),  q(256,512,24,1),  k(256,61440,4,1),  v(256,61440,4,1),  m(61440,512,1,1): 16 x 32277.4 us = 516438 us (23951.6 GFLOPS/s)
GATED_DELTA_NET: 48 x 241.051 us = 11570.5 us
GET_ROWS: 96 x 7.908 us = 759.2 us
GLU: 64 x 111.165 us = 7114.56 us
MUL_MAT f32 m=48 n=512 k=5120: 96 x 37.096 us = 3561.28 us (6783.19 GFLOPS/s)
MUL_MAT q4_0 m=1024 n=512 k=5120: 32 x 69.505 us = 2224.16 us (77234.5 GFLOPS/s)
MUL_MAT q4_0 m=10240 n=512 k=5120: 48 x 1083.29 us = 51998 us (49554.4 GFLOPS/s)
MUL_MAT q4_0 m=12288 n=512 k=5120: 16 x 1182.28 us = 18916.5 us (54486.3 GFLOPS/s)
MUL_MAT q4_0 m=17408 n=512 k=5120: 128 x 1555.05 us = 199046 us (58685.8 GFLOPS/s)
MUL_MAT q4_0 m=5120 n=512 k=17408: 56 x 1756.89 us = 98386 us (51947.1 GFLOPS/s)
MUL_MAT q4_0 m=5120 n=512 k=6144: 16 x 616.957 us = 9871.32 us (52207.2 GFLOPS/s)
MUL_MAT q4_0 m=6144 n=512 k=5120: 48 x 566.136 us = 27174.6 us (56892.8 GFLOPS/s)
MUL_MAT q4_1 m=5120 n=512 k=17408: 8 x 2012.78 us = 16102.2 us (45343 GFLOPS/s)
MUL_MAT q5_K m=5120 n=512 k=6144: 48 x 741.148 us = 35575.1 us (43459.1 GFLOPS/s)
RMS_NORM(128,16,512,1): 96 x 28.415 us = 2727.88 us
RMS_NORM_MUL RMS_NORM(128,48,512,1): 48 x 98.455 us = 4725.88 us
RMS_NORM_MUL RMS_NORM(256,24,512,1): 16 x 56.517 us = 904.28 us
RMS_NORM_MUL RMS_NORM(256,4,512,1): 16 x 12.76 us = 204.16 us
RMS_NORM_MUL RMS_NORM(5120,512,1,1): 129 x 20.132 us = 2597.04 us
ROPE: 16 x 37.942 us = 607.08 us
ROPE_VIEW_SET_ROWS ROPE: 16 x 9.935 us = 158.96 us
SCALE: 96 x 10.488 us = 1006.92 us
SET_ROWS: 16 x 9.607 us = 153.72 us
SIGMOID: 48 x 4.102 us = 196.92 us
SIGMOID_MUL SIGMOID: 16 x 36.932 us = 590.92 us
SILU_MUL SILU: 48 x 36.468 us = 1750.48 us
SOFTPLUS_MUL SOFTPLUS: 48 x 5.401 us = 259.28 us
SSM_CONV_SILU SSM_CONV: 48 x 33.154 us = 1591.4 us
Total time: 1.0269e+06 us.
5.01.333.764 I slot print_timing: id  0 | task 47 | prompt processing, n_tokens =  61440, progress = 0.70, t =  93.69 s / 655.77 tokens per second
----------------
Vulkan Timings:
ADD: 176 x 14.287 us = 2514.68 us
CONCAT: 48 x 133.017 us = 6384.84 us
CONT: 16 x 35.435 us = 566.96 us
CPY: 96 x 4.083 us = 392 us
FLASH_ATTN_EXT dst(256,24,512,1),  q(256,512,24,1),  k(256,61952,4,1),  v(256,61952,4,1),  m(61952,512,1,1): 16 x 31653.8 us = 506460 us (24627 GFLOPS/s)
GATED_DELTA_NET: 48 x 241.428 us = 11588.6 us
GET_ROWS: 96 x 7.354 us = 706 us
GLU: 64 x 96.398 us = 6169.52 us
MUL_MAT f32 m=48 n=512 k=5120: 96 x 35.002 us = 3360.24 us (7189.02 GFLOPS/s)
MUL_MAT q4_0 m=1024 n=512 k=5120: 32 x 71.101 us = 2275.24 us (75500.6 GFLOPS/s)
MUL_MAT q4_0 m=10240 n=512 k=5120: 48 x 1072.4 us = 51475.4 us (50057.5 GFLOPS/s)
MUL_MAT q4_0 m=12288 n=512 k=5120: 16 x 1167.42 us = 18678.8 us (55179.9 GFLOPS/s)
MUL_MAT q4_0 m=17408 n=512 k=5120: 128 x 1554.23 us = 198942 us (58716.6 GFLOPS/s)
MUL_MAT q4_0 m=5120 n=512 k=17408: 56 x 1750.61 us = 98033.9 us (52133.7 GFLOPS/s)
MUL_MAT q4_0 m=5120 n=512 k=6144: 16 x 619.43 us = 9910.88 us (51998.8 GFLOPS/s)
MUL_MAT q4_0 m=6144 n=512 k=5120: 48 x 561.29 us = 26941.9 us (57384.1 GFLOPS/s)
MUL_MAT q4_1 m=5120 n=512 k=17408: 8 x 2012.44 us = 16099.5 us (45350.6 GFLOPS/s)
MUL_MAT q5_K m=5120 n=512 k=6144: 48 x 738.654 us = 35455.4 us (43605.8 GFLOPS/s)
RMS_NORM(128,16,512,1): 96 x 28.02 us = 2689.96 us
RMS_NORM_MUL RMS_NORM(128,48,512,1): 48 x 98.694 us = 4737.32 us
RMS_NORM_MUL RMS_NORM(256,24,512,1): 16 x 55.517 us = 888.28 us
RMS_NORM_MUL RMS_NORM(256,4,512,1): 16 x 12.192 us = 195.08 us
RMS_NORM_MUL RMS_NORM(5120,512,1,1): 129 x 17.636 us = 2275.08 us
ROPE: 16 x 36.197 us = 579.16 us
ROPE_VIEW_SET_ROWS ROPE: 16 x 9.612 us = 153.8 us
SCALE: 96 x 9.779 us = 938.84 us
SET_ROWS: 16 x 10.45 us = 167.2 us
SIGMOID: 48 x 4.172 us = 200.28 us
SIGMOID_MUL SIGMOID: 16 x 32.77 us = 524.32 us
SILU_MUL SILU: 48 x 35.56 us = 1706.88 us
SOFTPLUS_MUL SOFTPLUS: 48 x 5.051 us = 242.48 us
SSM_CONV_SILU SSM_CONV: 48 x 29.821 us = 1431.44 us
Total time: 1.01269e+06 us.
----------------
Vulkan Timings:
ADD: 176 x 14.342 us = 2524.36 us
CONCAT: 48 x 134.466 us = 6454.4 us
CONT: 16 x 37.902 us = 606.44 us
CPY: 96 x 4.108 us = 394.44 us
FLASH_ATTN_EXT dst(256,24,512,1),  q(256,512,24,1),  k(256,62464,4,1),  v(256,62464,4,1),  m(62464,512,1,1): 16 x 30543.4 us = 488694 us (25733.2 GFLOPS/s)
GATED_DELTA_NET: 48 x 239.974 us = 11518.8 us
GET_ROWS: 96 x 7.351 us = 705.76 us
GLU: 64 x 95.091 us = 6085.88 us
MUL_MAT f32 m=48 n=512 k=5120: 96 x 35.572 us = 3415 us (7073.74 GFLOPS/s)
MUL_MAT q4_0 m=1024 n=512 k=5120: 32 x 71.5 us = 2288 us (75079.5 GFLOPS/s)
MUL_MAT q4_0 m=10240 n=512 k=5120: 48 x 1084.49 us = 52055.4 us (49499.7 GFLOPS/s)
MUL_MAT q4_0 m=12288 n=512 k=5120: 16 x 1166.98 us = 18671.7 us (55200.8 GFLOPS/s)
MUL_MAT q4_0 m=17408 n=512 k=5120: 128 x 1565.69 us = 200408 us (58286.9 GFLOPS/s)
MUL_MAT q4_0 m=5120 n=512 k=17408: 56 x 1760.21 us = 98571.7 us (51849.2 GFLOPS/s)
MUL_MAT q4_0 m=5120 n=512 k=6144: 16 x 630.04 us = 10080.6 us (51123.2 GFLOPS/s)
MUL_MAT q4_0 m=6144 n=512 k=5120: 48 x 567.124 us = 27222 us (56793.8 GFLOPS/s)
MUL_MAT q4_1 m=5120 n=512 k=17408: 8 x 2048.32 us = 16386.6 us (44556.1 GFLOPS/s)
MUL_MAT q5_K m=5120 n=512 k=6144: 48 x 746.841 us = 35848.4 us (43127.8 GFLOPS/s)
RMS_NORM(128,16,512,1): 96 x 27.841 us = 2672.76 us
RMS_NORM_MUL RMS_NORM(128,48,512,1): 48 x 98.882 us = 4746.36 us
RMS_NORM_MUL RMS_NORM(256,24,512,1): 16 x 53.907 us = 862.52 us
RMS_NORM_MUL RMS_NORM(256,4,512,1): 16 x 12.242 us = 195.88 us
RMS_NORM_MUL RMS_NORM(5120,512,1,1): 129 x 17.594 us = 2269.68 us
ROPE: 16 x 35.247 us = 563.96 us
ROPE_VIEW_SET_ROWS ROPE: 16 x 9.625 us = 154 us
SCALE: 96 x 9.515 us = 913.52 us
SET_ROWS: 16 x 9.522 us = 152.36 us
SIGMOID: 48 x 4.175 us = 200.44 us
SIGMOID_MUL SIGMOID: 16 x 33.422 us = 534.76 us
SILU_MUL SILU: 48 x 35.924 us = 1724.36 us
SOFTPLUS_MUL SOFTPLUS: 48 x 5.167 us = 248.04 us
SSM_CONV_SILU SSM_CONV: 48 x 29.568 us = 1419.28 us
Total time: 998590 us.
----------------
Vulkan Timings:
ADD: 176 x 14.914 us = 2624.92 us
CONCAT: 48 x 132.835 us = 6376.12 us
CONT: 16 x 37.852 us = 605.64 us
CPY: 96 x 4.093 us = 392.96 us
FLASH_ATTN_EXT dst(256,24,512,1),  q(256,512,24,1),  k(256,62976,4,1),  v(256,62976,4,1),  m(62976,512,1,1): 16 x 31616 us = 505857 us (25063.9 GFLOPS/s)
GATED_DELTA_NET: 48 x 239.175 us = 11480.4 us
GET_ROWS: 96 x 7.36 us = 706.6 us
GLU: 64 x 95.492 us = 6111.52 us
MUL_MAT f32 m=48 n=512 k=5120: 96 x 35.048 us = 3364.64 us (7179.62 GFLOPS/s)
MUL_MAT q4_0 m=1024 n=512 k=5120: 32 x 67.775 us = 2168.8 us (79206 GFLOPS/s)
MUL_MAT q4_0 m=10240 n=512 k=5120: 48 x 1077.53 us = 51721.4 us (49819.4 GFLOPS/s)
MUL_MAT q4_0 m=12288 n=512 k=5120: 16 x 1172.87 us = 18765.8 us (54923.8 GFLOPS/s)
MUL_MAT q4_0 m=17408 n=512 k=5120: 128 x 1559.52 us = 199619 us (58517.5 GFLOPS/s)
MUL_MAT q4_0 m=5120 n=512 k=17408: 56 x 1753.73 us = 98209 us (52040.7 GFLOPS/s)
MUL_MAT q4_0 m=5120 n=512 k=6144: 16 x 623.025 us = 9968.4 us (51698.8 GFLOPS/s)
MUL_MAT q4_0 m=6144 n=512 k=5120: 48 x 566.962 us = 27214.2 us (56809.9 GFLOPS/s)
MUL_MAT q4_1 m=5120 n=512 k=17408: 8 x 2012.3 us = 16098.4 us (45353.9 GFLOPS/s)
MUL_MAT q5_K m=5120 n=512 k=6144: 48 x 743.485 us = 35687.3 us (43322.5 GFLOPS/s)
RMS_NORM(128,16,512,1): 96 x 27.745 us = 2663.56 us
RMS_NORM_MUL RMS_NORM(128,48,512,1): 48 x 99.23 us = 4763.04 us
RMS_NORM_MUL RMS_NORM(256,24,512,1): 16 x 53.632 us = 858.12 us
RMS_NORM_MUL RMS_NORM(256,4,512,1): 16 x 12.237 us = 195.8 us
RMS_NORM_MUL RMS_NORM(5120,512,1,1): 129 x 17.543 us = 2263.16 us
ROPE: 16 x 35.517 us = 568.28 us
ROPE_VIEW_SET_ROWS ROPE: 16 x 9.575 us = 153.2 us
SCALE: 96 x 9.557 us = 917.52 us
SET_ROWS: 16 x 9.42 us = 150.72 us
SIGMOID: 48 x 3.989 us = 191.48 us
SIGMOID_MUL SIGMOID: 16 x 32.947 us = 527.16 us
SILU_MUL SILU: 48 x 35.997 us = 1727.88 us
SOFTPLUS_MUL SOFTPLUS: 48 x 5.435 us = 260.88 us
SSM_CONV_SILU SSM_CONV: 48 x 29.916 us = 1436 us
Total time: 1.01365e+06 us.
----------------
Vulkan Timings:
ADD: 176 x 18.583 us = 3270.76 us
CONCAT: 48 x 136.253 us = 6540.16 us
CONT: 16 x 48.845 us = 781.52 us
CPY: 96 x 4.445 us = 426.8 us
FLASH_ATTN_EXT dst(256,24,512,1),  q(256,512,24,1),  k(256,63488,4,1),  v(256,63488,4,1),  m(63488,512,1,1): 16 x 34741.1 us = 555857 us (22994.8 GFLOPS/s)
GATED_DELTA_NET: 48 x 244.532 us = 11737.6 us
GET_ROWS: 96 x 8.036 us = 771.52 us
GLU: 64 x 116.1 us = 7430.4 us
MUL_MAT f32 m=48 n=512 k=5120: 96 x 37.727 us = 3621.8 us (6669.84 GFLOPS/s)
MUL_MAT q4_0 m=1024 n=512 k=5120: 32 x 69.518 us = 2224.6 us (77219.2 GFLOPS/s)
MUL_MAT q4_0 m=10240 n=512 k=5120: 48 x 1086.31 us = 52142.8 us (49416.7 GFLOPS/s)
MUL_MAT q4_0 m=12288 n=512 k=5120: 16 x 1179.45 us = 18871.2 us (54617.1 GFLOPS/s)
MUL_MAT q4_0 m=17408 n=512 k=5120: 128 x 1549.27 us = 198307 us (58904.4 GFLOPS/s)
MUL_MAT q4_0 m=5120 n=512 k=17408: 56 x 1764.85 us = 98831.4 us (51712.9 GFLOPS/s)
MUL_MAT q4_0 m=5120 n=512 k=6144: 16 x 612.84 us = 9805.44 us (52558 GFLOPS/s)
MUL_MAT q4_0 m=6144 n=512 k=5120: 48 x 571.123 us = 27413.9 us (56396.1 GFLOPS/s)
MUL_MAT q4_1 m=5120 n=512 k=17408: 8 x 2042.14 us = 16337.1 us (44691.1 GFLOPS/s)
MUL_MAT q5_K m=5120 n=512 k=6144: 48 x 746.167 us = 35816 us (43166.8 GFLOPS/s)
RMS_NORM(128,16,512,1): 96 x 28.753 us = 2760.36 us
RMS_NORM_MUL RMS_NORM(128,48,512,1): 48 x 99.686 us = 4784.96 us
RMS_NORM_MUL RMS_NORM(256,24,512,1): 16 x 56.62 us = 905.92 us
RMS_NORM_MUL RMS_NORM(256,4,512,1): 16 x 13.845 us = 221.52 us
RMS_NORM_MUL RMS_NORM(5120,512,1,1): 129 x 20.81 us = 2684.52 us
ROPE: 16 x 42.625 us = 682 us
ROPE_VIEW_SET_ROWS ROPE: 16 x 10.135 us = 162.16 us
SCALE: 96 x 10.707 us = 1027.88 us
SET_ROWS: 16 x 10.585 us = 169.36 us
SIGMOID: 48 x 4.58 us = 219.84 us
SIGMOID_MUL SIGMOID: 16 x 37.895 us = 606.32 us
SILU_MUL SILU: 48 x 36.262 us = 1740.6 us
SOFTPLUS_MUL SOFTPLUS: 48 x 4.948 us = 237.52 us
SSM_CONV_SILU SSM_CONV: 48 x 33.804 us = 1622.6 us
Total time: 1.06801e+06 us.
5.05.601.915 I slot print_timing: id  0 | task 47 | prompt processing, n_tokens =  63488, progress = 0.72, t =  97.96 s / 648.10 tokens per second
----------------
Vulkan Timings:
ADD: 176 x 15.447 us = 2718.68 us
CONCAT: 48 x 133.987 us = 6431.4 us
CONT: 16 x 39.187 us = 627 us
CPY: 96 x 4.274 us = 410.36 us
FLASH_ATTN_EXT dst(256,24,512,1),  q(256,512,24,1),  k(256,64000,4,1),  v(256,64000,4,1),  m(64000,512,1,1): 16 x 33130.8 us = 530093 us (24306.9 GFLOPS/s)
GATED_DELTA_NET: 48 x 239.475 us = 11494.8 us
GET_ROWS: 96 x 7.666 us = 736 us
GLU: 64 x 102.377 us = 6552.16 us
MUL_MAT f32 m=48 n=512 k=5120: 96 x 36.172 us = 3472.6 us (6956.41 GFLOPS/s)
MUL_MAT q4_0 m=1024 n=512 k=5120: 32 x 68.79 us = 2201.28 us (78037.3 GFLOPS/s)
MUL_MAT q4_0 m=10240 n=512 k=5120: 48 x 1077.06 us = 51699.1 us (49840.9 GFLOPS/s)
MUL_MAT q4_0 m=12288 n=512 k=5120: 16 x 1183.85 us = 18941.6 us (54414.2 GFLOPS/s)
MUL_MAT q4_0 m=17408 n=512 k=5120: 128 x 1550.45 us = 198458 us (58859.8 GFLOPS/s)
MUL_MAT q4_0 m=5120 n=512 k=17408: 56 x 1751.78 us = 98099.5 us (52098.8 GFLOPS/s)
MUL_MAT q4_0 m=5120 n=512 k=6144: 16 x 622.795 us = 9964.72 us (51717.9 GFLOPS/s)
MUL_MAT q4_0 m=6144 n=512 k=5120: 48 x 570.664 us = 27391.9 us (56441.4 GFLOPS/s)
MUL_MAT q4_1 m=5120 n=512 k=17408: 8 x 2044.65 us = 16357.2 us (44636.2 GFLOPS/s)
MUL_MAT q5_K m=5120 n=512 k=6144: 48 x 742.359 us = 35633.2 us (43388.2 GFLOPS/s)
RMS_NORM(128,16,512,1): 96 x 28.162 us = 2703.6 us
RMS_NORM_MUL RMS_NORM(128,48,512,1): 48 x 99.946 us = 4797.44 us
RMS_NORM_MUL RMS_NORM(256,24,512,1): 16 x 55.097 us = 881.56 us
RMS_NORM_MUL RMS_NORM(256,4,512,1): 16 x 13.65 us = 218.4 us
RMS_NORM_MUL RMS_NORM(5120,512,1,1): 129 x 18.695 us = 2411.76 us
ROPE: 16 x 40.345 us = 645.52 us
ROPE_VIEW_SET_ROWS ROPE: 16 x 9.852 us = 157.64 us
SCALE: 96 x 9.932 us = 953.52 us
SET_ROWS: 16 x 10.002 us = 160.04 us
SIGMOID: 48 x 4.27 us = 205 us
SIGMOID_MUL SIGMOID: 16 x 33.857 us = 541.72 us
SILU_MUL SILU: 48 x 36.121 us = 1733.84 us
SOFTPLUS_MUL SOFTPLUS: 48 x 5.116 us = 245.6 us
SSM_CONV_SILU SSM_CONV: 48 x 30.714 us = 1474.28 us
Total time: 1.03841e+06 us.
----------------
Vulkan Timings:
ADD: 176 x 15.555 us = 2737.84 us
CONCAT: 48 x 132.92 us = 6380.16 us
CONT: 16 x 38.617 us = 617.88 us
CPY: 96 x 4.04 us = 387.84 us
FLASH_ATTN_EXT dst(256,24,512,1),  q(256,512,24,1),  k(256,64512,4,1),  v(256,64512,4,1),  m(64512,512,1,1): 16 x 32004.6 us = 512074 us (25363.5 GFLOPS/s)
GATED_DELTA_NET: 48 x 241.903 us = 11611.4 us
GET_ROWS: 96 x 7.55 us = 724.8 us
GLU: 64 x 97.287 us = 6226.4 us
MUL_MAT f32 m=48 n=512 k=5120: 96 x 35.117 us = 3371.24 us (7165.56 GFLOPS/s)
MUL_MAT q4_0 m=1024 n=512 k=5120: 32 x 74.782 us = 2393.04 us (71784 GFLOPS/s)
MUL_MAT q4_0 m=10240 n=512 k=5120: 48 x 1078.84 us = 51784.2 us (49758.9 GFLOPS/s)
MUL_MAT q4_0 m=12288 n=512 k=5120: 16 x 1162.65 us = 18602.4 us (55406.3 GFLOPS/s)
MUL_MAT q4_0 m=17408 n=512 k=5120: 128 x 1558.03 us = 199428 us (58573.4 GFLOPS/s)
MUL_MAT q4_0 m=5120 n=512 k=17408: 56 x 1762.86 us = 98720.1 us (51771.3 GFLOPS/s)
MUL_MAT q4_0 m=5120 n=512 k=6144: 16 x 634.247 us = 10148 us (50784 GFLOPS/s)
MUL_MAT q4_0 m=6144 n=512 k=5120: 48 x 561.115 us = 26933.5 us (57402 GFLOPS/s)
MUL_MAT q4_1 m=5120 n=512 k=17408: 8 x 2011.36 us = 16090.8 us (45375.1 GFLOPS/s)
MUL_MAT q5_K m=5120 n=512 k=6144: 48 x 740.394 us = 35538.9 us (43503.4 GFLOPS/s)
RMS_NORM(128,16,512,1): 96 x 28.316 us = 2718.36 us
RMS_NORM_MUL RMS_NORM(128,48,512,1): 48 x 99.168 us = 4760.08 us
RMS_NORM_MUL RMS_NORM(256,24,512,1): 16 x 56.525 us = 904.4 us
RMS_NORM_MUL RMS_NORM(256,4,512,1): 16 x 13.265 us = 212.24 us
RMS_NORM_MUL RMS_NORM(5120,512,1,1): 129 x 17.928 us = 2312.8 us
ROPE: 16 x 39.297 us = 628.76 us
ROPE_VIEW_SET_ROWS ROPE: 16 x 9.65 us = 154.4 us
SCALE: 96 x 9.592 us = 920.92 us
SET_ROWS: 16 x 10.182 us = 162.92 us
SIGMOID: 48 x 3.752 us = 180.12 us
SIGMOID_MUL SIGMOID: 16 x 33.972 us = 543.56 us
SILU_MUL SILU: 48 x 35.689 us = 1713.08 us
SOFTPLUS_MUL SOFTPLUS: 48 x 5.378 us = 258.16 us
SSM_CONV_SILU SSM_CONV: 48 x 30.294 us = 1454.12 us
Total time: 1.02069e+06 us.
----------------
Vulkan Timings:
ADD: 176 x 15.666 us = 2757.36 us
CONCAT: 48 x 133.453 us = 6405.76 us
CONT: 16 x 40.95 us = 655.2 us
CPY: 96 x 4.378 us = 420.36 us
FLASH_ATTN_EXT dst(256,24,512,1),  q(256,512,24,1),  k(256,65024,4,1),  v(256,65024,4,1),  m(65024,512,1,1): 16 x 34064.9 us = 545038 us (24018.6 GFLOPS/s)
GATED_DELTA_NET: 48 x 239.47 us = 11494.6 us
GET_ROWS: 96 x 7.545 us = 724.32 us
GLU: 64 x 99.94 us = 6396.16 us
MUL_MAT f32 m=48 n=512 k=5120: 96 x 35.549 us = 3412.72 us (7078.47 GFLOPS/s)
MUL_MAT q4_0 m=1024 n=512 k=5120: 32 x 75.518 us = 2416.6 us (71084.1 GFLOPS/s)
MUL_MAT q4_0 m=10240 n=512 k=5120: 48 x 1077.73 us = 51731 us (49810.2 GFLOPS/s)
MUL_MAT q4_0 m=12288 n=512 k=5120: 16 x 1171.79 us = 18748.6 us (54974.3 GFLOPS/s)
MUL_MAT q4_0 m=17408 n=512 k=5120: 128 x 1556.59 us = 199243 us (58627.6 GFLOPS/s)
MUL_MAT q4_0 m=5120 n=512 k=17408: 56 x 1767.07 us = 98955.8 us (51648 GFLOPS/s)
MUL_MAT q4_0 m=5120 n=512 k=6144: 16 x 615.227 us = 9843.64 us (52354 GFLOPS/s)
MUL_MAT q4_0 m=6144 n=512 k=5120: 48 x 567.62 us = 27245.8 us (56744.1 GFLOPS/s)
MUL_MAT q4_1 m=5120 n=512 k=17408: 8 x 2032.91 us = 16263.3 us (44893.9 GFLOPS/s)
MUL_MAT q5_K m=5120 n=512 k=6144: 48 x 741.17 us = 35576.2 us (43457.8 GFLOPS/s)
RMS_NORM(128,16,512,1): 96 x 27.895 us = 2677.92 us
RMS_NORM_MUL RMS_NORM(128,48,512,1): 48 x 99.482 us = 4775.16 us
RMS_NORM_MUL RMS_NORM(256,24,512,1): 16 x 55.387 us = 886.2 us
RMS_NORM_MUL RMS_NORM(256,4,512,1): 16 x 12.417 us = 198.68 us
RMS_NORM_MUL RMS_NORM(5120,512,1,1): 129 x 18.13 us = 2338.84 us
ROPE: 16 x 36.357 us = 581.72 us
ROPE_VIEW_SET_ROWS ROPE: 16 x 9.567 us = 153.08 us
SCALE: 96 x 9.749 us = 935.96 us
SET_ROWS: 16 x 9.597 us = 153.56 us
SIGMOID: 48 x 4.007 us = 192.36 us
SIGMOID_MUL SIGMOID: 16 x 34.392 us = 550.28 us
SILU_MUL SILU: 48 x 36.783 us = 1765.6 us
SOFTPLUS_MUL SOFTPLUS: 48 x 5.396 us = 259.04 us
SSM_CONV_SILU SSM_CONV: 48 x 30.165 us = 1447.92 us
Total time: 1.05425e+06 us.
----------------
Vulkan Timings:
ADD: 176 x 15.086 us = 2655.2 us
CONCAT: 48 x 133.543 us = 6410.08 us
CONT: 16 x 40.832 us = 653.32 us
CPY: 96 x 4.134 us = 396.88 us
FLASH_ATTN_EXT dst(256,24,512,1),  q(256,512,24,1),  k(256,65536,4,1),  v(256,65536,4,1),  m(65536,512,1,1): 16 x 31129.7 us = 498076 us (26490.2 GFLOPS/s)
GATED_DELTA_NET: 48 x 240.158 us = 11527.6 us
GET_ROWS: 96 x 7.328 us = 703.52 us
GLU: 64 x 97.794 us = 6258.84 us
MUL_MAT f32 m=48 n=512 k=5120: 96 x 35.375 us = 3396 us (7113.32 GFLOPS/s)
MUL_MAT q4_0 m=1024 n=512 k=5120: 32 x 74.593 us = 2387 us (71965.6 GFLOPS/s)
MUL_MAT q4_0 m=10240 n=512 k=5120: 48 x 1085.04 us = 52082 us (49474.4 GFLOPS/s)
MUL_MAT q4_0 m=12288 n=512 k=5120: 16 x 1169.3 us = 18708.8 us (55091.1 GFLOPS/s)
MUL_MAT q4_0 m=17408 n=512 k=5120: 128 x 1580.74 us = 202334 us (57732 GFLOPS/s)
MUL_MAT q4_0 m=5120 n=512 k=17408: 56 x 1761.87 us = 98664.8 us (51800.3 GFLOPS/s)
MUL_MAT q4_0 m=5120 n=512 k=6144: 16 x 644.58 us = 10313.3 us (49970 GFLOPS/s)
MUL_MAT q4_0 m=6144 n=512 k=5120: 48 x 568.606 us = 27293.1 us (56645.7 GFLOPS/s)
MUL_MAT q4_1 m=5120 n=512 k=17408: 8 x 2051.02 us = 16408.2 us (44497.6 GFLOPS/s)
MUL_MAT q5_K m=5120 n=512 k=6144: 48 x 746.515 us = 35832.8 us (43146.6 GFLOPS/s)
RMS_NORM(128,16,512,1): 96 x 27.814 us = 2670.16 us
RMS_NORM_MUL RMS_NORM(128,48,512,1): 48 x 99.178 us = 4760.56 us
RMS_NORM_MUL RMS_NORM(256,24,512,1): 16 x 55.125 us = 882 us
RMS_NORM_MUL RMS_NORM(256,4,512,1): 16 x 12.21 us = 195.36 us
RMS_NORM_MUL RMS_NORM(5120,512,1,1): 129 x 17.677 us = 2280.36 us
ROPE: 16 x 35.592 us = 569.48 us
ROPE_VIEW_SET_ROWS ROPE: 16 x 9.722 us = 155.56 us
SCALE: 96 x 9.577 us = 919.48 us
SET_ROWS: 16 x 9.747 us = 155.96 us
SIGMOID: 48 x 4.19 us = 201.12 us
SIGMOID_MUL SIGMOID: 16 x 34.137 us = 546.2 us
SILU_MUL SILU: 48 x 35.776 us = 1717.28 us
SOFTPLUS_MUL SOFTPLUS: 48 x 5.232 us = 251.16 us
SSM_CONV_SILU SSM_CONV: 48 x 29.88 us = 1434.24 us
Total time: 1.01084e+06 us.
5.09.902.299 I slot print_timing: id  0 | task 47 | prompt processing, n_tokens =  65536, progress = 0.74, t = 102.26 s / 640.88 tokens per second
----------------
Vulkan Timings:
ADD: 176 x 18.091 us = 3184.16 us
CONCAT: 48 x 135.082 us = 6483.96 us
CONT: 16 x 46.537 us = 744.6 us
CPY: 96 x 4.402 us = 422.64 us
FLASH_ATTN_EXT dst(256,24,512,1),  q(256,512,24,1),  k(256,66048,4,1),  v(256,66048,4,1),  m(66048,512,1,1): 16 x 37191.4 us = 595062 us (22345.9 GFLOPS/s)
GATED_DELTA_NET: 48 x 241.103 us = 11573 us
GET_ROWS: 96 x 7.907 us = 759.16 us
GLU: 64 x 112.178 us = 7179.4 us
MUL_MAT f32 m=48 n=512 k=5120: 96 x 37.331 us = 3583.84 us (6740.49 GFLOPS/s)
MUL_MAT q4_0 m=1024 n=512 k=5120: 32 x 73.671 us = 2357.48 us (72866.8 GFLOPS/s)
MUL_MAT q4_0 m=10240 n=512 k=5120: 48 x 1079.09 us = 51796.3 us (49747.4 GFLOPS/s)
MUL_MAT q4_0 m=12288 n=512 k=5120: 16 x 1170.8 us = 18732.8 us (55020.6 GFLOPS/s)
MUL_MAT q4_0 m=17408 n=512 k=5120: 128 x 1535.35 us = 196525 us (59438.6 GFLOPS/s)
MUL_MAT q4_0 m=5120 n=512 k=17408: 56 x 1740.83 us = 97486.3 us (52426.5 GFLOPS/s)
MUL_MAT q4_0 m=5120 n=512 k=6144: 16 x 592.242 us = 9475.88 us (54385.9 GFLOPS/s)
MUL_MAT q4_0 m=6144 n=512 k=5120: 48 x 568.259 us = 27276.4 us (56680.3 GFLOPS/s)
MUL_MAT q4_1 m=5120 n=512 k=17408: 8 x 2030.67 us = 16245.4 us (44943.4 GFLOPS/s)
MUL_MAT q5_K m=5120 n=512 k=6144: 48 x 738.248 us = 35435.9 us (43629.8 GFLOPS/s)
RMS_NORM(128,16,512,1): 96 x 28.43 us = 2729.28 us
RMS_NORM_MUL RMS_NORM(128,48,512,1): 48 x 98.122 us = 4709.88 us
RMS_NORM_MUL RMS_NORM(256,24,512,1): 16 x 57.497 us = 919.96 us
RMS_NORM_MUL RMS_NORM(256,4,512,1): 16 x 12.882 us = 206.12 us
RMS_NORM_MUL RMS_NORM(5120,512,1,1): 129 x 20.091 us = 2591.76 us
ROPE: 16 x 38.6 us = 617.6 us
ROPE_VIEW_SET_ROWS ROPE: 16 x 10.045 us = 160.72 us
SCALE: 96 x 10.564 us = 1014.16 us
SET_ROWS: 16 x 10.41 us = 166.56 us
SIGMOID: 48 x 3.97 us = 190.6 us
SIGMOID_MUL SIGMOID: 16 x 36.11 us = 577.76 us
SILU_MUL SILU: 48 x 35.864 us = 1721.48 us
SOFTPLUS_MUL SOFTPLUS: 48 x 5.253 us = 252.16 us
SSM_CONV_SILU SSM_CONV: 48 x 32.881 us = 1578.32 us
Total time: 1.10176e+06 us.
----------------
Vulkan Timings:
ADD: 176 x 17.622 us = 3101.56 us
CONCAT: 48 x 135.221 us = 6490.64 us
CONT: 16 x 43.192 us = 691.08 us
CPY: 96 x 4.325 us = 415.24 us
FLASH_ATTN_EXT dst(256,24,512,1),  q(256,512,24,1),  k(256,66560,4,1),  v(256,66560,4,1),  m(66560,512,1,1): 16 x 35991.1 us = 575858 us (23270.2 GFLOPS/s)
GATED_DELTA_NET: 48 x 241.9 us = 11611.2 us
GET_ROWS: 96 x 7.762 us = 745.24 us
GLU: 64 x 108.863 us = 6967.24 us
MUL_MAT f32 m=48 n=512 k=5120: 96 x 36.445 us = 3498.72 us (6904.48 GFLOPS/s)
MUL_MAT q4_0 m=1024 n=512 k=5120: 32 x 69.462 us = 2222.8 us (77281.8 GFLOPS/s)
MUL_MAT q4_0 m=10240 n=512 k=5120: 48 x 1084 us = 52031.9 us (49522.1 GFLOPS/s)
MUL_MAT q4_0 m=12288 n=512 k=5120: 16 x 1184.09 us = 18945.4 us (54403.3 GFLOPS/s)
MUL_MAT q4_0 m=17408 n=512 k=5120: 128 x 1556.62 us = 199248 us (58626.4 GFLOPS/s)
MUL_MAT q4_0 m=5120 n=512 k=17408: 56 x 1762.62 us = 98706.7 us (51778.3 GFLOPS/s)
MUL_MAT q4_0 m=5120 n=512 k=6144: 16 x 612.887 us = 9806.2 us (52553.9 GFLOPS/s)
MUL_MAT q4_0 m=6144 n=512 k=5120: 48 x 572.671 us = 27488.2 us (56243.6 GFLOPS/s)
MUL_MAT q4_1 m=5120 n=512 k=17408: 8 x 2037.87 us = 16303 us (44784.7 GFLOPS/s)
MUL_MAT q5_K m=5120 n=512 k=6144: 48 x 739.28 us = 35485.4 us (43568.9 GFLOPS/s)
RMS_NORM(128,16,512,1): 96 x 28.397 us = 2726.2 us
RMS_NORM_MUL RMS_NORM(128,48,512,1): 48 x 98.424 us = 4724.36 us
RMS_NORM_MUL RMS_NORM(256,24,512,1): 16 x 55.767 us = 892.28 us
RMS_NORM_MUL RMS_NORM(256,4,512,1): 16 x 12.795 us = 204.72 us
RMS_NORM_MUL RMS_NORM(5120,512,1,1): 129 x 19.616 us = 2530.48 us
ROPE: 16 x 38.005 us = 608.08 us
ROPE_VIEW_SET_ROWS ROPE: 16 x 9.862 us = 157.8 us
SCALE: 96 x 10.29 us = 987.88 us
SET_ROWS: 16 x 9.68 us = 154.88 us
SIGMOID: 48 x 4.288 us = 205.84 us
SIGMOID_MUL SIGMOID: 16 x 35.895 us = 574.32 us
SILU_MUL SILU: 48 x 36.287 us = 1741.8 us
SOFTPLUS_MUL SOFTPLUS: 48 x 5.262 us = 252.6 us
SSM_CONV_SILU SSM_CONV: 48 x 32.708 us = 1570 us
Total time: 1.08695e+06 us.
----------------
Vulkan Timings:
ADD: 176 x 14.434 us = 2540.48 us
CONCAT: 48 x 133.701 us = 6417.68 us
CONT: 16 x 36.377 us = 582.04 us
CPY: 96 x 5.488 us = 526.88 us
FLASH_ATTN_EXT dst(256,24,512,1),  q(256,512,24,1),  k(256,67072,4,1),  v(256,67072,4,1),  m(67072,512,1,1): 16 x 33423.6 us = 534778 us (25250.4 GFLOPS/s)
GATED_DELTA_NET: 48 x 239.362 us = 11489.4 us
GET_ROWS: 96 x 7.339 us = 704.56 us
GLU: 64 x 95.541 us = 6114.68 us
MUL_MAT f32 m=48 n=512 k=5120: 96 x 35.149 us = 3374.32 us (7159.02 GFLOPS/s)
MUL_MAT q4_0 m=1024 n=512 k=5120: 32 x 71.927 us = 2301.68 us (74633.3 GFLOPS/s)
MUL_MAT q4_0 m=10240 n=512 k=5120: 48 x 1078.14 us = 51750.9 us (49791 GFLOPS/s)
MUL_MAT q4_0 m=12288 n=512 k=5120: 16 x 1172.49 us = 18759.8 us (54941.4 GFLOPS/s)
MUL_MAT q4_0 m=17408 n=512 k=5120: 128 x 1568.2 us = 200729 us (58193.6 GFLOPS/s)
MUL_MAT q4_0 m=5120 n=512 k=17408: 56 x 1758.44 us = 98472.9 us (51901.2 GFLOPS/s)
MUL_MAT q4_0 m=5120 n=512 k=6144: 16 x 625.652 us = 10010.4 us (51481.7 GFLOPS/s)
MUL_MAT q4_0 m=6144 n=512 k=5120: 48 x 569.34 us = 27328.4 us (56572.6 GFLOPS/s)
MUL_MAT q4_1 m=5120 n=512 k=17408: 8 x 2008.68 us = 16069.5 us (45435.4 GFLOPS/s)
MUL_MAT q5_K m=5120 n=512 k=6144: 48 x 743.136 us = 35670.6 us (43342.8 GFLOPS/s)
RMS_NORM(128,16,512,1): 96 x 27.725 us = 2661.68 us
RMS_NORM_MUL RMS_NORM(128,48,512,1): 48 x 99.44 us = 4773.16 us
RMS_NORM_MUL RMS_NORM(256,24,512,1): 16 x 55.392 us = 886.28 us
RMS_NORM_MUL RMS_NORM(256,4,512,1): 16 x 12.162 us = 194.6 us
RMS_NORM_MUL RMS_NORM(5120,512,1,1): 129 x 17.805 us = 2296.88 us
ROPE: 16 x 35.87 us = 573.92 us
ROPE_VIEW_SET_ROWS ROPE: 16 x 9.912 us = 158.6 us
SCALE: 96 x 9.646 us = 926.04 us
SET_ROWS: 16 x 9.63 us = 154.08 us
SIGMOID: 48 x 3.773 us = 181.12 us
SIGMOID_MUL SIGMOID: 16 x 33.087 us = 529.4 us
SILU_MUL SILU: 48 x 35.591 us = 1708.4 us
SOFTPLUS_MUL SOFTPLUS: 48 x 5.645 us = 271 us
SSM_CONV_SILU SSM_CONV: 48 x 29.904 us = 1435.4 us
Total time: 1.04437e+06 us.
----------------
Vulkan Timings:
ADD: 176 x 16.046 us = 2824.12 us
CONCAT: 48 x 134.783 us = 6469.6 us
CONT: 16 x 36.067 us = 577.08 us
CPY: 96 x 4.075 us = 391.28 us
FLASH_ATTN_EXT dst(256,24,512,1),  q(256,512,24,1),  k(256,67584,4,1),  v(256,67584,4,1),  m(67584,512,1,1): 16 x 33344.4 us = 533511 us (25503.6 GFLOPS/s)
GATED_DELTA_NET: 48 x 241.327 us = 11583.7 us
GET_ROWS: 96 x 7.516 us = 721.6 us
GLU: 64 x 98.348 us = 6294.28 us
MUL_MAT f32 m=48 n=512 k=5120: 96 x 36.091 us = 3464.76 us (6972.15 GFLOPS/s)
MUL_MAT q4_0 m=1024 n=512 k=5120: 32 x 72.555 us = 2321.76 us (73987.8 GFLOPS/s)
MUL_MAT q4_0 m=10240 n=512 k=5120: 48 x 1087.41 us = 52195.8 us (49366.6 GFLOPS/s)
MUL_MAT q4_0 m=12288 n=512 k=5120: 16 x 1181.34 us = 18901.4 us (54529.8 GFLOPS/s)
MUL_MAT q4_0 m=17408 n=512 k=5120: 128 x 1567.7 us = 200666 us (58212 GFLOPS/s)
MUL_MAT q4_0 m=5120 n=512 k=17408: 56 x 1755.31 us = 98297.5 us (51993.8 GFLOPS/s)
MUL_MAT q4_0 m=5120 n=512 k=6144: 16 x 627.562 us = 10041 us (51325 GFLOPS/s)
MUL_MAT q4_0 m=6144 n=512 k=5120: 48 x 567.507 us = 27240.4 us (56755.4 GFLOPS/s)
MUL_MAT q4_1 m=5120 n=512 k=17408: 8 x 2043.64 us = 16349.2 us (44658.2 GFLOPS/s)
MUL_MAT q5_K m=5120 n=512 k=6144: 48 x 745.912 us = 35803.8 us (43181.5 GFLOPS/s)
RMS_NORM(128,16,512,1): 96 x 28.031 us = 2691 us
RMS_NORM_MUL RMS_NORM(128,48,512,1): 48 x 98.159 us = 4711.64 us
RMS_NORM_MUL RMS_NORM(256,24,512,1): 16 x 55.77 us = 892.32 us
RMS_NORM_MUL RMS_NORM(256,4,512,1): 16 x 12.365 us = 197.84 us
RMS_NORM_MUL RMS_NORM(5120,512,1,1): 129 x 17.774 us = 2292.92 us
ROPE: 16 x 35.75 us = 572 us
ROPE_VIEW_SET_ROWS ROPE: 16 x 9.505 us = 152.08 us
SCALE: 96 x 9.69 us = 930.24 us
SET_ROWS: 16 x 9.565 us = 153.04 us
SIGMOID: 48 x 4.256 us = 204.32 us
SIGMOID_MUL SIGMOID: 16 x 33.692 us = 539.08 us
SILU_MUL SILU: 48 x 35.786 us = 1717.76 us
SOFTPLUS_MUL SOFTPLUS: 48 x 5.08 us = 243.88 us
SSM_CONV_SILU SSM_CONV: 48 x 30.193 us = 1449.28 us
Total time: 1.0444e+06 us.
5.14.381.353 I slot print_timing: id  0 | task 47 | prompt processing, n_tokens =  67584, progress = 0.77, t = 106.74 s / 633.17 tokens per second
----------------
Vulkan Timings:
ADD: 176 x 16.923 us = 2978.6 us
CONCAT: 48 x 134.339 us = 6448.28 us
CONT: 16 x 42.88 us = 686.08 us
CPY: 96 x 6.897 us = 662.16 us
FLASH_ATTN_EXT dst(256,24,512,1),  q(256,512,24,1),  k(256,68096,4,1),  v(256,68096,4,1),  m(68096,512,1,1): 16 x 37383.6 us = 598138 us (22920.4 GFLOPS/s)
GATED_DELTA_NET: 48 x 240.28 us = 11533.5 us
GET_ROWS: 96 x 7.932 us = 761.52 us
GLU: 64 x 107.898 us = 6905.52 us
MUL_MAT f32 m=48 n=512 k=5120: 96 x 36.746 us = 3527.64 us (6847.87 GFLOPS/s)
MUL_MAT q4_0 m=1024 n=512 k=5120: 32 x 69.521 us = 2224.68 us (77216.5 GFLOPS/s)
MUL_MAT q4_0 m=10240 n=512 k=5120: 48 x 1082.65 us = 51967.3 us (49583.6 GFLOPS/s)
MUL_MAT q4_0 m=12288 n=512 k=5120: 16 x 1180.88 us = 18894.1 us (54550.9 GFLOPS/s)
MUL_MAT q4_0 m=17408 n=512 k=5120: 128 x 1546.4 us = 197940 us (59013.8 GFLOPS/s)
MUL_MAT q4_0 m=5120 n=512 k=17408: 56 x 1755.76 us = 98322.4 us (51980.7 GFLOPS/s)
MUL_MAT q4_0 m=5120 n=512 k=6144: 16 x 605.885 us = 9694.16 us (53161.3 GFLOPS/s)
MUL_MAT q4_0 m=6144 n=512 k=5120: 48 x 564.027 us = 27073.3 us (57105.6 GFLOPS/s)
MUL_MAT q4_1 m=5120 n=512 k=17408: 8 x 2032.2 us = 16257.6 us (44909.7 GFLOPS/s)
MUL_MAT q5_K m=5120 n=512 k=6144: 48 x 738.156 us = 35431.5 us (43635.2 GFLOPS/s)
RMS_NORM(128,16,512,1): 96 x 28.322 us = 2718.92 us
RMS_NORM_MUL RMS_NORM(128,48,512,1): 48 x 99.878 us = 4794.16 us
RMS_NORM_MUL RMS_NORM(256,24,512,1): 16 x 57.535 us = 920.56 us
RMS_NORM_MUL RMS_NORM(256,4,512,1): 16 x 12.642 us = 202.28 us
RMS_NORM_MUL RMS_NORM(5120,512,1,1): 129 x 19.572 us = 2524.84 us
ROPE: 16 x 38.012 us = 608.2 us
ROPE_VIEW_SET_ROWS ROPE: 16 x 9.94 us = 159.04 us
SCALE: 96 x 10.358 us = 994.4 us
SET_ROWS: 16 x 9.615 us = 153.84 us
SIGMOID: 48 x 4.208 us = 202 us
SIGMOID_MUL SIGMOID: 16 x 35.332 us = 565.32 us
SILU_MUL SILU: 48 x 36.065 us = 1731.16 us
SOFTPLUS_MUL SOFTPLUS: 48 x 5.313 us = 255.04 us
SSM_CONV_SILU SSM_CONV: 48 x 33.105 us = 1589.08 us
Total time: 1.10686e+06 us.
----------------
Vulkan Timings:
ADD: 176 x 15.32 us = 2696.4 us
CONCAT: 48 x 134.535 us = 6457.68 us
CONT: 16 x 39.48 us = 631.68 us
CPY: 96 x 4.129 us = 396.44 us
FLASH_ATTN_EXT dst(256,24,512,1),  q(256,512,24,1),  k(256,68608,4,1),  v(256,68608,4,1),  m(68608,512,1,1): 16 x 35442.4 us = 567079 us (24357.5 GFLOPS/s)
GATED_DELTA_NET: 48 x 240.376 us = 11538.1 us
GET_ROWS: 96 x 7.586 us = 728.32 us
GLU: 64 x 99.285 us = 6354.28 us
MUL_MAT f32 m=48 n=512 k=5120: 96 x 35.808 us = 3437.64 us (7027.16 GFLOPS/s)
MUL_MAT q4_0 m=1024 n=512 k=5120: 32 x 75.118 us = 2403.8 us (71462.6 GFLOPS/s)
MUL_MAT q4_0 m=10240 n=512 k=5120: 48 x 1081.33 us = 51903.6 us (49644.5 GFLOPS/s)
MUL_MAT q4_0 m=12288 n=512 k=5120: 16 x 1170.91 us = 18734.6 us (55015.5 GFLOPS/s)
MUL_MAT q4_0 m=17408 n=512 k=5120: 128 x 1563.28 us = 200100 us (58376.8 GFLOPS/s)
MUL_MAT q4_0 m=5120 n=512 k=17408: 56 x 1758.65 us = 98484.6 us (51895 GFLOPS/s)
MUL_MAT q4_0 m=5120 n=512 k=6144: 16 x 616.9 us = 9870.4 us (52212.1 GFLOPS/s)
MUL_MAT q4_0 m=6144 n=512 k=5120: 48 x 566.031 us = 27169.5 us (56903.4 GFLOPS/s)
MUL_MAT q4_1 m=5120 n=512 k=17408: 8 x 2042.51 us = 16340.1 us (44683 GFLOPS/s)
MUL_MAT q5_K m=5120 n=512 k=6144: 48 x 743.807 us = 35702.8 us (43303.7 GFLOPS/s)
RMS_NORM(128,16,512,1): 96 x 28.263 us = 2713.32 us
RMS_NORM_MUL RMS_NORM(128,48,512,1): 48 x 99.055 us = 4754.64 us
RMS_NORM_MUL RMS_NORM(256,24,512,1): 16 x 54.68 us = 874.88 us
RMS_NORM_MUL RMS_NORM(256,4,512,1): 16 x 12.487 us = 199.8 us
RMS_NORM_MUL RMS_NORM(5120,512,1,1): 129 x 18.219 us = 2350.28 us
ROPE: 16 x 35.96 us = 575.36 us
ROPE_VIEW_SET_ROWS ROPE: 16 x 9.662 us = 154.6 us
SCALE: 96 x 9.728 us = 933.96 us
SET_ROWS: 16 x 9.42 us = 150.72 us
SIGMOID: 48 x 4.237 us = 203.4 us
SIGMOID_MUL SIGMOID: 16 x 34.442 us = 551.08 us
SILU_MUL SILU: 48 x 35.93 us = 1724.68 us
SOFTPLUS_MUL SOFTPLUS: 48 x 5.031 us = 241.52 us
SSM_CONV_SILU SSM_CONV: 48 x 30.446 us = 1461.44 us
Total time: 1.07692e+06 us.
----------------
Vulkan Timings:
ADD: 176 x 17.312 us = 3046.92 us
CONCAT: 48 x 134.133 us = 6438.4 us
CONT: 16 x 45.37 us = 725.92 us
CPY: 96 x 4.342 us = 416.88 us
FLASH_ATTN_EXT dst(256,24,512,1),  q(256,512,24,1),  k(256,69120,4,1),  v(256,69120,4,1),  m(69120,512,1,1): 16 x 38907 us = 622511 us (22354.1 GFLOPS/s)
GATED_DELTA_NET: 48 x 239.995 us = 11519.8 us
GET_ROWS: 96 x 8.102 us = 777.8 us
GLU: 64 x 112.718 us = 7214 us
MUL_MAT f32 m=48 n=512 k=5120: 96 x 37.419 us = 3592.28 us (6724.65 GFLOPS/s)
MUL_MAT q4_0 m=1024 n=512 k=5120: 32 x 72.852 us = 2331.28 us (73685.7 GFLOPS/s)
MUL_MAT q4_0 m=10240 n=512 k=5120: 48 x 1073.04 us = 51505.9 us (50027.9 GFLOPS/s)
MUL_MAT q4_0 m=12288 n=512 k=5120: 16 x 1165.82 us = 18653.1 us (55255.8 GFLOPS/s)
MUL_MAT q4_0 m=17408 n=512 k=5120: 128 x 1528.32 us = 195625 us (59711.9 GFLOPS/s)
MUL_MAT q4_0 m=5120 n=512 k=17408: 56 x 1730.95 us = 96933.2 us (52725.6 GFLOPS/s)
MUL_MAT q4_0 m=5120 n=512 k=6144: 16 x 592.987 us = 9487.8 us (54317.6 GFLOPS/s)
MUL_MAT q4_0 m=6144 n=512 k=5120: 48 x 563.25 us = 27036 us (57184.4 GFLOPS/s)
MUL_MAT q4_1 m=5120 n=512 k=17408: 8 x 2026.45 us = 16211.6 us (45037.1 GFLOPS/s)
MUL_MAT q5_K m=5120 n=512 k=6144: 48 x 738.091 us = 35428.4 us (43639.1 GFLOPS/s)
RMS_NORM(128,16,512,1): 96 x 28.366 us = 2723.16 us
RMS_NORM_MUL RMS_NORM(128,48,512,1): 48 x 98.443 us = 4725.28 us
RMS_NORM_MUL RMS_NORM(256,24,512,1): 16 x 56.047 us = 896.76 us
RMS_NORM_MUL RMS_NORM(256,4,512,1): 16 x 12.82 us = 205.12 us
RMS_NORM_MUL RMS_NORM(5120,512,1,1): 129 x 20.155 us = 2600.04 us
ROPE: 16 x 38.7 us = 619.2 us
ROPE_VIEW_SET_ROWS ROPE: 16 x 9.912 us = 158.6 us
SCALE: 96 x 10.495 us = 1007.52 us
SET_ROWS: 16 x 9.595 us = 153.52 us
SIGMOID: 48 x 4.31 us = 206.92 us
SIGMOID_MUL SIGMOID: 16 x 35.71 us = 571.36 us
SILU_MUL SILU: 48 x 35.906 us = 1723.52 us
SOFTPLUS_MUL SOFTPLUS: 48 x 4.941 us = 237.2 us
SSM_CONV_SILU SSM_CONV: 48 x 32.635 us = 1566.52 us
Total time: 1.12685e+06 us.
----------------
Vulkan Timings:
ADD: 176 x 14.374 us = 2529.92 us
CONCAT: 48 x 132.115 us = 6341.56 us
CONT: 16 x 35.83 us = 573.28 us
CPY: 96 x 4.145 us = 397.96 us
FLASH_ATTN_EXT dst(256,24,512,1),  q(256,512,24,1),  k(256,69632,4,1),  v(256,69632,4,1),  m(69632,512,1,1): 16 x 35656.9 us = 570510 us (24572.3 GFLOPS/s)
GATED_DELTA_NET: 48 x 237.306 us = 11390.7 us
GET_ROWS: 96 x 7.371 us = 707.68 us
GLU: 64 x 95.183 us = 6091.72 us
MUL_MAT f32 m=48 n=512 k=5120: 96 x 35.103 us = 3369.96 us (7168.28 GFLOPS/s)
MUL_MAT q4_0 m=1024 n=512 k=5120: 32 x 78.846 us = 2523.08 us (68084.2 GFLOPS/s)
MUL_MAT q4_0 m=10240 n=512 k=5120: 48 x 1076.15 us = 51655.2 us (49883.2 GFLOPS/s)
MUL_MAT q4_0 m=12288 n=512 k=5120: 16 x 1156.04 us = 18496.6 us (55723.4 GFLOPS/s)
MUL_MAT q4_0 m=17408 n=512 k=5120: 128 x 1551.7 us = 198618 us (58812.4 GFLOPS/s)
MUL_MAT q4_0 m=5120 n=512 k=17408: 56 x 1752.11 us = 98118.2 us (52088.9 GFLOPS/s)
MUL_MAT q4_0 m=5120 n=512 k=6144: 16 x 611.93 us = 9790.88 us (52636.1 GFLOPS/s)
MUL_MAT q4_0 m=6144 n=512 k=5120: 48 x 562.668 us = 27008.1 us (57243.5 GFLOPS/s)
MUL_MAT q4_1 m=5120 n=512 k=17408: 8 x 2012.87 us = 16102.9 us (45341.1 GFLOPS/s)
MUL_MAT q5_K m=5120 n=512 k=6144: 48 x 738.143 us = 35430.9 us (43636 GFLOPS/s)
RMS_NORM(128,16,512,1): 96 x 27.492 us = 2639.32 us
RMS_NORM_MUL RMS_NORM(128,48,512,1): 48 x 98.118 us = 4709.68 us
RMS_NORM_MUL RMS_NORM(256,24,512,1): 16 x 54.84 us = 877.44 us
RMS_NORM_MUL RMS_NORM(256,4,512,1): 16 x 12.145 us = 194.32 us
RMS_NORM_MUL RMS_NORM(5120,512,1,1): 129 x 17.502 us = 2257.84 us
ROPE: 16 x 35.237 us = 563.8 us
ROPE_VIEW_SET_ROWS ROPE: 16 x 9.562 us = 153 us
SCALE: 96 x 9.521 us = 914.08 us
SET_ROWS: 16 x 9.517 us = 152.28 us
SIGMOID: 48 x 4.335 us = 208.08 us
SIGMOID_MUL SIGMOID: 16 x 32.417 us = 518.68 us
SILU_MUL SILU: 48 x 35.367 us = 1697.64 us
SOFTPLUS_MUL SOFTPLUS: 48 x 5.24 us = 251.56 us
SSM_CONV_SILU SSM_CONV: 48 x 29.395 us = 1411 us
Total time: 1.07621e+06 us.
5.18.951.308 I slot print_timing: id  0 | task 47 | prompt processing, n_tokens =  69632, progress = 0.79, t = 111.31 s / 625.57 tokens per second
----------------
Vulkan Timings:
ADD: 176 x 16.385 us = 2883.88 us
CONCAT: 48 x 135.265 us = 6492.72 us
CONT: 16 x 44.82 us = 717.12 us
CPY: 96 x 4.33 us = 415.68 us
FLASH_ATTN_EXT dst(256,24,512,1),  q(256,512,24,1),  k(256,70144,4,1),  v(256,70144,4,1),  m(70144,512,1,1): 16 x 39223.9 us = 627582 us (22502 GFLOPS/s)
GATED_DELTA_NET: 48 x 240.066 us = 11523.2 us
GET_ROWS: 96 x 7.928 us = 761.16 us
GLU: 64 x 106.295 us = 6802.88 us
MUL_MAT f32 m=48 n=512 k=5120: 96 x 36.587 us = 3512.4 us (6877.59 GFLOPS/s)
MUL_MAT q4_0 m=1024 n=512 k=5120: 32 x 69.252 us = 2216.08 us (77516.1 GFLOPS/s)
MUL_MAT q4_0 m=10240 n=512 k=5120: 48 x 1089.59 us = 52300.3 us (49268 GFLOPS/s)
MUL_MAT q4_0 m=12288 n=512 k=5120: 16 x 1178.9 us = 18862.4 us (54642.6 GFLOPS/s)
MUL_MAT q4_0 m=17408 n=512 k=5120: 128 x 1544.95 us = 197753 us (59069.4 GFLOPS/s)
MUL_MAT q4_0 m=5120 n=512 k=17408: 56 x 1757.83 us = 98438.2 us (51919.5 GFLOPS/s)
MUL_MAT q4_0 m=5120 n=512 k=6144: 16 x 603.617 us = 9657.88 us (53361 GFLOPS/s)
MUL_MAT q4_0 m=6144 n=512 k=5120: 48 x 564.772 us = 27109.1 us (57030.2 GFLOPS/s)
MUL_MAT q4_1 m=5120 n=512 k=17408: 8 x 2052.79 us = 16422.3 us (44459.2 GFLOPS/s)
MUL_MAT q5_K m=5120 n=512 k=6144: 48 x 745.126 us = 35766.1 us (43227.1 GFLOPS/s)
RMS_NORM(128,16,512,1): 96 x 28.33 us = 2719.76 us
RMS_NORM_MUL RMS_NORM(128,48,512,1): 48 x 97.875 us = 4698.04 us
RMS_NORM_MUL RMS_NORM(256,24,512,1): 16 x 55.845 us = 893.52 us
RMS_NORM_MUL RMS_NORM(256,4,512,1): 16 x 12.53 us = 200.48 us
RMS_NORM_MUL RMS_NORM(5120,512,1,1): 129 x 19.313 us = 2491.44 us
ROPE: 16 x 36.927 us = 590.84 us
ROPE_VIEW_SET_ROWS ROPE: 16 x 9.885 us = 158.16 us
SCALE: 96 x 10.43 us = 1001.36 us
SET_ROWS: 16 x 9.575 us = 153.2 us
SIGMOID: 48 x 3.914 us = 187.88 us
SIGMOID_MUL SIGMOID: 16 x 35.98 us = 575.68 us
SILU_MUL SILU: 48 x 35.843 us = 1720.48 us
SOFTPLUS_MUL SOFTPLUS: 48 x 5.379 us = 258.2 us
SSM_CONV_SILU SSM_CONV: 48 x 32.493 us = 1559.68 us
Total time: 1.13643e+06 us.
----------------
Vulkan Timings:
ADD: 176 x 14.622 us = 2573.48 us
CONCAT: 48 x 133.27 us = 6396.96 us
CONT: 16 x 38.315 us = 613.04 us
CPY: 96 x 4.095 us = 393.2 us
FLASH_ATTN_EXT dst(256,24,512,1),  q(256,512,24,1),  k(256,70656,4,1),  v(256,70656,4,1),  m(70656,512,1,1): 16 x 36915.9 us = 590654 us (24083.4 GFLOPS/s)
GATED_DELTA_NET: 48 x 240.928 us = 11564.6 us
GET_ROWS: 96 x 7.59 us = 728.64 us
GLU: 64 x 95.687 us = 6124 us
MUL_MAT f32 m=48 n=512 k=5120: 96 x 35.211 us = 3380.28 us (7146.4 GFLOPS/s)
MUL_MAT q4_0 m=1024 n=512 k=5120: 32 x 76.323 us = 2442.36 us (70334.4 GFLOPS/s)
MUL_MAT q4_0 m=10240 n=512 k=5120: 48 x 1079.69 us = 51825.2 us (49719.6 GFLOPS/s)
MUL_MAT q4_0 m=12288 n=512 k=5120: 16 x 1163.59 us = 18617.4 us (55361.7 GFLOPS/s)
MUL_MAT q4_0 m=17408 n=512 k=5120: 128 x 1558.17 us = 199446 us (58568.1 GFLOPS/s)
MUL_MAT q4_0 m=5120 n=512 k=17408: 56 x 1754.57 us = 98256 us (52015.8 GFLOPS/s)
MUL_MAT q4_0 m=5120 n=512 k=6144: 16 x 613.585 us = 9817.36 us (52494.2 GFLOPS/s)
MUL_MAT q4_0 m=6144 n=512 k=5120: 48 x 564.224 us = 27082.8 us (57085.7 GFLOPS/s)
MUL_MAT q4_1 m=5120 n=512 k=17408: 8 x 2050.91 us = 16407.3 us (44500 GFLOPS/s)
MUL_MAT q5_K m=5120 n=512 k=6144: 48 x 742.675 us = 35648.4 us (43369.8 GFLOPS/s)
RMS_NORM(128,16,512,1): 96 x 27.765 us = 2665.48 us
RMS_NORM_MUL RMS_NORM(128,48,512,1): 48 x 98.437 us = 4725 us
RMS_NORM_MUL RMS_NORM(256,24,512,1): 16 x 55.582 us = 889.32 us
RMS_NORM_MUL RMS_NORM(256,4,512,1): 16 x 12.427 us = 198.84 us
RMS_NORM_MUL RMS_NORM(5120,512,1,1): 129 x 17.734 us = 2287.72 us
ROPE: 16 x 35.415 us = 566.64 us
ROPE_VIEW_SET_ROWS ROPE: 16 x 9.475 us = 151.6 us
SCALE: 96 x 9.471 us = 909.28 us
SET_ROWS: 16 x 9.437 us = 151 us
SIGMOID: 48 x 4.278 us = 205.36 us
SIGMOID_MUL SIGMOID: 16 x 33.407 us = 534.52 us
SILU_MUL SILU: 48 x 36.14 us = 1734.72 us
SOFTPLUS_MUL SOFTPLUS: 48 x 5.159 us = 247.64 us
SSM_CONV_SILU SSM_CONV: 48 x 29.899 us = 1435.16 us
Total time: 1.09867e+06 us.
----------------
Vulkan Timings:
ADD: 176 x 15.092 us = 2656.32 us
CONCAT: 48 x 133.457 us = 6405.96 us
CONT: 16 x 41.265 us = 660.24 us
CPY: 96 x 4.285 us = 411.4 us
FLASH_ATTN_EXT dst(256,24,512,1),  q(256,512,24,1),  k(256,71168,4,1),  v(256,71168,4,1),  m(71168,512,1,1): 16 x 37411.4 us = 598582 us (23936.6 GFLOPS/s)
GATED_DELTA_NET: 48 x 239.293 us = 11486.1 us
GET_ROWS: 96 x 7.702 us = 739.4 us
GLU: 64 x 99.671 us = 6378.96 us
MUL_MAT f32 m=48 n=512 k=5120: 96 x 36.05 us = 3460.8 us (6980.13 GFLOPS/s)
MUL_MAT q4_0 m=1024 n=512 k=5120: 32 x 68.451 us = 2190.44 us (78423.5 GFLOPS/s)
MUL_MAT q4_0 m=10240 n=512 k=5120: 48 x 1080.62 us = 51870 us (49676.7 GFLOPS/s)
MUL_MAT q4_0 m=12288 n=512 k=5120: 16 x 1173.46 us = 18775.4 us (54896 GFLOPS/s)
MUL_MAT q4_0 m=17408 n=512 k=5120: 128 x 1550.85 us = 198509 us (58844.7 GFLOPS/s)
MUL_MAT q4_0 m=5120 n=512 k=17408: 56 x 1749.24 us = 97957.4 us (52174.4 GFLOPS/s)
MUL_MAT q4_0 m=5120 n=512 k=6144: 16 x 608.91 us = 9742.56 us (52897.2 GFLOPS/s)
MUL_MAT q4_0 m=6144 n=512 k=5120: 48 x 564.725 us = 27106.8 us (57035 GFLOPS/s)
MUL_MAT q4_1 m=5120 n=512 k=17408: 8 x 2034.92 us = 16279.4 us (44849.5 GFLOPS/s)
MUL_MAT q5_K m=5120 n=512 k=6144: 48 x 744.929 us = 35756.6 us (43238.5 GFLOPS/s)
RMS_NORM(128,16,512,1): 96 x 27.921 us = 2680.44 us
RMS_NORM_MUL RMS_NORM(128,48,512,1): 48 x 99.845 us = 4792.6 us
RMS_NORM_MUL RMS_NORM(256,24,512,1): 16 x 54.882 us = 878.12 us
RMS_NORM_MUL RMS_NORM(256,4,512,1): 16 x 12.415 us = 198.64 us
RMS_NORM_MUL RMS_NORM(5120,512,1,1): 129 x 18.49 us = 2385.28 us
ROPE: 16 x 37.075 us = 593.2 us
ROPE_VIEW_SET_ROWS ROPE: 16 x 9.687 us = 155 us
SCALE: 96 x 9.831 us = 943.84 us
SET_ROWS: 16 x 9.49 us = 151.84 us
SIGMOID: 48 x 3.972 us = 190.68 us
SIGMOID_MUL SIGMOID: 16 x 33.652 us = 538.44 us
SILU_MUL SILU: 48 x 35.723 us = 1714.72 us
SOFTPLUS_MUL SOFTPLUS: 48 x 5.186 us = 248.96 us
SSM_CONV_SILU SSM_CONV: 48 x 30.306 us = 1454.72 us
Total time: 1.1059e+06 us.
----------------
Vulkan Timings:
ADD: 176 x 16.516 us = 2906.84 us
CONCAT: 48 x 133.704 us = 6417.8 us
CONT: 16 x 44.25 us = 708 us
CPY: 96 x 4.18 us = 401.36 us
FLASH_ATTN_EXT dst(256,24,512,1),  q(256,512,24,1),  k(256,71680,4,1),  v(256,71680,4,1),  m(71680,512,1,1): 16 x 39191.2 us = 627058 us (23013.9 GFLOPS/s)
GATED_DELTA_NET: 48 x 238.815 us = 11463.1 us
GET_ROWS: 96 x 7.691 us = 738.36 us
GLU: 64 x 105.668 us = 6762.76 us
MUL_MAT f32 m=48 n=512 k=5120: 96 x 35.964 us = 3452.6 us (6996.71 GFLOPS/s)
MUL_MAT q4_0 m=1024 n=512 k=5120: 32 x 69.205 us = 2214.56 us (77569.3 GFLOPS/s)
MUL_MAT q4_0 m=10240 n=512 k=5120: 48 x 1069.76 us = 51348.6 us (50181.1 GFLOPS/s)
MUL_MAT q4_0 m=12288 n=512 k=5120: 16 x 1180.06 us = 18881 us (54588.8 GFLOPS/s)
MUL_MAT q4_0 m=17408 n=512 k=5120: 128 x 1543.73 us = 197598 us (59115.8 GFLOPS/s)
MUL_MAT q4_0 m=5120 n=512 k=17408: 56 x 1749.85 us = 97991.6 us (52156.2 GFLOPS/s)
MUL_MAT q4_0 m=5120 n=512 k=6144: 16 x 601.59 us = 9625.44 us (53540.8 GFLOPS/s)
MUL_MAT q4_0 m=6144 n=512 k=5120: 48 x 570.144 us = 27366.9 us (56492.9 GFLOPS/s)
MUL_MAT q4_1 m=5120 n=512 k=17408: 8 x 2015.6 us = 16124.8 us (45279.6 GFLOPS/s)
MUL_MAT q5_K m=5120 n=512 k=6144: 48 x 739.595 us = 35500.6 us (43550.3 GFLOPS/s)
RMS_NORM(128,16,512,1): 96 x 28.067 us = 2694.44 us
RMS_NORM_MUL RMS_NORM(128,48,512,1): 48 x 97.925 us = 4700.44 us
RMS_NORM_MUL RMS_NORM(256,24,512,1): 16 x 55.757 us = 892.12 us
RMS_NORM_MUL RMS_NORM(256,4,512,1): 16 x 12.692 us = 203.08 us
RMS_NORM_MUL RMS_NORM(5120,512,1,1): 129 x 19.257 us = 2484.16 us
ROPE: 16 x 37.605 us = 601.68 us
ROPE_VIEW_SET_ROWS ROPE: 16 x 10.037 us = 160.6 us
SCALE: 96 x 10.144 us = 973.88 us
SET_ROWS: 16 x 9.565 us = 153.04 us
SIGMOID: 48 x 4.189 us = 201.08 us
SIGMOID_MUL SIGMOID: 16 x 34.517 us = 552.28 us
SILU_MUL SILU: 48 x 35.708 us = 1714 us
SOFTPLUS_MUL SOFTPLUS: 48 x 5.059 us = 242.84 us
SSM_CONV_SILU SSM_CONV: 48 x 32.255 us = 1548.28 us
Total time: 1.13368e+06 us.
5.23.635.070 I slot print_timing: id  0 | task 47 | prompt processing, n_tokens =  71680, progress = 0.81, t = 115.99 s / 617.97 tokens per second
----------------
Vulkan Timings:
ADD: 176 x 17.156 us = 3019.52 us
CONCAT: 48 x 134.915 us = 6475.96 us
CONT: 16 x 43.202 us = 691.24 us
CPY: 96 x 4.284 us = 411.32 us
FLASH_ATTN_EXT dst(256,24,512,1),  q(256,512,24,1),  k(256,72192,4,1),  v(256,72192,4,1),  m(72192,512,1,1): 16 x 39909 us = 638544 us (22761.4 GFLOPS/s)
GATED_DELTA_NET: 48 x 241.965 us = 11614.4 us
GET_ROWS: 96 x 7.938 us = 762.12 us
GLU: 64 x 106.951 us = 6844.92 us
MUL_MAT f32 m=48 n=512 k=5120: 96 x 36.975 us = 3549.64 us (6805.43 GFLOPS/s)
MUL_MAT q4_0 m=1024 n=512 k=5120: 32 x 69.061 us = 2209.96 us (77730.8 GFLOPS/s)
MUL_MAT q4_0 m=10240 n=512 k=5120: 48 x 1082.02 us = 51936.9 us (49612.7 GFLOPS/s)
MUL_MAT q4_0 m=12288 n=512 k=5120: 16 x 1178.51 us = 18856.2 us (54660.7 GFLOPS/s)
MUL_MAT q4_0 m=17408 n=512 k=5120: 128 x 1545.9 us = 197876 us (59032.8 GFLOPS/s)
MUL_MAT q4_0 m=5120 n=512 k=17408: 56 x 1772.41 us = 99255.1 us (51492.2 GFLOPS/s)
MUL_MAT q4_0 m=5120 n=512 k=6144: 16 x 603.517 us = 9656.28 us (53369.8 GFLOPS/s)
MUL_MAT q4_0 m=6144 n=512 k=5120: 48 x 564.979 us = 27119 us (57009.4 GFLOPS/s)
MUL_MAT q4_1 m=5120 n=512 k=17408: 8 x 2023.97 us = 16191.8 us (45092.2 GFLOPS/s)
MUL_MAT q5_K m=5120 n=512 k=6144: 48 x 738.69 us = 35457.1 us (43603.7 GFLOPS/s)
RMS_NORM(128,16,512,1): 96 x 28.449 us = 2731.16 us
RMS_NORM_MUL RMS_NORM(128,48,512,1): 48 x 98.136 us = 4710.56 us
RMS_NORM_MUL RMS_NORM(256,24,512,1): 16 x 56.142 us = 898.28 us
RMS_NORM_MUL RMS_NORM(256,4,512,1): 16 x 12.745 us = 203.92 us
RMS_NORM_MUL RMS_NORM(5120,512,1,1): 129 x 19.751 us = 2547.88 us
ROPE: 16 x 37.342 us = 597.48 us
ROPE_VIEW_SET_ROWS ROPE: 16 x 9.86 us = 157.76 us
SCALE: 96 x 10.266 us = 985.6 us
SET_ROWS: 16 x 9.542 us = 152.68 us
SIGMOID: 48 x 3.61 us = 173.28 us
SIGMOID_MUL SIGMOID: 16 x 35.87 us = 573.92 us
SILU_MUL SILU: 48 x 35.914 us = 1723.88 us
SOFTPLUS_MUL SOFTPLUS: 48 x 5.76 us = 276.48 us
SSM_CONV_SILU SSM_CONV: 48 x 33.285 us = 1597.68 us
Total time: 1.1478e+06 us.
----------------
Vulkan Timings:
ADD: 176 x 14.395 us = 2533.64 us
CONCAT: 48 x 132.35 us = 6352.8 us
CONT: 16 x 38.22 us = 611.52 us
CPY: 96 x 4.217 us = 404.84 us
FLASH_ATTN_EXT dst(256,24,512,1),  q(256,512,24,1),  k(256,72704,4,1),  v(256,72704,4,1),  m(72704,512,1,1): 16 x 38502.1 us = 616033 us (23760.5 GFLOPS/s)
GATED_DELTA_NET: 48 x 238.84 us = 11464.4 us
GET_ROWS: 96 x 7.29 us = 699.92 us
GLU: 64 x 96.219 us = 6158.04 us
MUL_MAT f32 m=48 n=512 k=5120: 96 x 34.989 us = 3358.96 us (7191.76 GFLOPS/s)
MUL_MAT q4_0 m=1024 n=512 k=5120: 32 x 67.39 us = 2156.48 us (79658.5 GFLOPS/s)
MUL_MAT q4_0 m=10240 n=512 k=5120: 48 x 1071.89 us = 51450.7 us (50081.5 GFLOPS/s)
MUL_MAT q4_0 m=12288 n=512 k=5120: 16 x 1165.35 us = 18645.6 us (55278.1 GFLOPS/s)
MUL_MAT q4_0 m=17408 n=512 k=5120: 128 x 1552.2 us = 198682 us (58793.4 GFLOPS/s)
MUL_MAT q4_0 m=5120 n=512 k=17408: 56 x 1750.11 us = 98005.9 us (52148.5 GFLOPS/s)
MUL_MAT q4_0 m=5120 n=512 k=6144: 16 x 608.89 us = 9742.24 us (52898.9 GFLOPS/s)
MUL_MAT q4_0 m=6144 n=512 k=5120: 48 x 562.608 us = 27005.2 us (57249.6 GFLOPS/s)
MUL_MAT q4_1 m=5120 n=512 k=17408: 8 x 2016.63 us = 16133.1 us (45256.3 GFLOPS/s)
MUL_MAT q5_K m=5120 n=512 k=6144: 48 x 738.698 us = 35457.5 us (43603.2 GFLOPS/s)
RMS_NORM(128,16,512,1): 96 x 27.614 us = 2650.96 us
RMS_NORM_MUL RMS_NORM(128,48,512,1): 48 x 98.135 us = 4710.52 us
RMS_NORM_MUL RMS_NORM(256,24,512,1): 16 x 54.352 us = 869.64 us
RMS_NORM_MUL RMS_NORM(256,4,512,1): 16 x 12.152 us = 194.44 us
RMS_NORM_MUL RMS_NORM(5120,512,1,1): 129 x 17.746 us = 2289.32 us
ROPE: 16 x 35.44 us = 567.04 us
ROPE_VIEW_SET_ROWS ROPE: 16 x 9.51 us = 152.16 us
SCALE: 96 x 9.47 us = 909.16 us
SET_ROWS: 16 x 9.435 us = 150.96 us
SIGMOID: 48 x 3.846 us = 184.64 us
SIGMOID_MUL SIGMOID: 16 x 33.137 us = 530.2 us
SILU_MUL SILU: 48 x 35.457 us = 1701.96 us
SOFTPLUS_MUL SOFTPLUS: 48 x 5.211 us = 250.16 us
SSM_CONV_SILU SSM_CONV: 48 x 29.556 us = 1418.72 us
Total time: 1.12148e+06 us.
----------------
Vulkan Timings:
ADD: 176 x 18.317 us = 3223.96 us
CONCAT: 48 x 133.702 us = 6417.72 us
CONT: 16 x 50.487 us = 807.8 us
CPY: 96 x 4.49 us = 431.12 us
FLASH_ATTN_EXT dst(256,24,512,1),  q(256,512,24,1),  k(256,73216,4,1),  v(256,73216,4,1),  m(73216,512,1,1): 16 x 43891.9 us = 702271 us (20989.5 GFLOPS/s)
GATED_DELTA_NET: 48 x 239.345 us = 11488.6 us
GET_ROWS: 96 x 8.115 us = 779.04 us
GLU: 64 x 115.74 us = 7407.36 us
MUL_MAT f32 m=48 n=512 k=5120: 96 x 38.016 us = 3649.56 us (6619.11 GFLOPS/s)
MUL_MAT q4_0 m=1024 n=512 k=5120: 32 x 69.776 us = 2232.84 us (76934.3 GFLOPS/s)
MUL_MAT q4_0 m=10240 n=512 k=5120: 48 x 1055.57 us = 50667.2 us (50855.9 GFLOPS/s)
MUL_MAT q4_0 m=12288 n=512 k=5120: 16 x 1168.93 us = 18702.8 us (55108.8 GFLOPS/s)
MUL_MAT q4_0 m=17408 n=512 k=5120: 128 x 1519.35 us = 194477 us (60064.6 GFLOPS/s)
MUL_MAT q4_0 m=5120 n=512 k=17408: 56 x 1720.16 us = 96328.9 us (53056.4 GFLOPS/s)
MUL_MAT q4_0 m=5120 n=512 k=6144: 16 x 579.655 us = 9274.48 us (55566.9 GFLOPS/s)
MUL_MAT q4_0 m=6144 n=512 k=5120: 48 x 560.128 us = 26886.2 us (57503.1 GFLOPS/s)
MUL_MAT q4_1 m=5120 n=512 k=17408: 8 x 2010.36 us = 16082.8 us (45397.7 GFLOPS/s)
MUL_MAT q5_K m=5120 n=512 k=6144: 48 x 733.853 us = 35225 us (43891.1 GFLOPS/s)
RMS_NORM(128,16,512,1): 96 x 28.546 us = 2740.44 us
RMS_NORM_MUL RMS_NORM(128,48,512,1): 48 x 98.446 us = 4725.44 us
RMS_NORM_MUL RMS_NORM(256,24,512,1): 16 x 56.512 us = 904.2 us
RMS_NORM_MUL RMS_NORM(256,4,512,1): 16 x 12.912 us = 206.6 us
RMS_NORM_MUL RMS_NORM(5120,512,1,1): 129 x 21.208 us = 2735.88 us
ROPE: 16 x 40.285 us = 644.56 us
ROPE_VIEW_SET_ROWS ROPE: 16 x 10.157 us = 162.52 us
SCALE: 96 x 10.746 us = 1031.68 us
SET_ROWS: 16 x 9.572 us = 153.16 us
SIGMOID: 48 x 4.085 us = 196.12 us
SIGMOID_MUL SIGMOID: 16 x 36.275 us = 580.4 us
SILU_MUL SILU: 48 x 35.918 us = 1724.08 us
SOFTPLUS_MUL SOFTPLUS: 48 x 5.25 us = 252.04 us
SSM_CONV_SILU SSM_CONV: 48 x 33.799 us = 1622.36 us
Total time: 1.20403e+06 us.
----------------
Vulkan Timings:
ADD: 176 x 14.277 us = 2512.8 us
CONCAT: 48 x 132.675 us = 6368.4 us
CONT: 16 x 36.777 us = 588.44 us
CPY: 96 x 3.929 us = 377.24 us
FLASH_ATTN_EXT dst(256,24,512,1),  q(256,512,24,1),  k(256,73728,4,1),  v(256,73728,4,1),  m(73728,512,1,1): 16 x 37911.3 us = 606581 us (24470.6 GFLOPS/s)
GATED_DELTA_NET: 48 x 244.298 us = 11726.3 us
GET_ROWS: 96 x 7.374 us = 707.96 us
GLU: 64 x 94.408 us = 6042.12 us
MUL_MAT f32 m=48 n=512 k=5120: 96 x 34.961 us = 3356.28 us (7197.5 GFLOPS/s)
MUL_MAT q4_0 m=1024 n=512 k=5120: 32 x 67.945 us = 2174.24 us (79007.8 GFLOPS/s)
MUL_MAT q4_0 m=10240 n=512 k=5120: 48 x 1073.5 us = 51528 us (50006.4 GFLOPS/s)
MUL_MAT q4_0 m=12288 n=512 k=5120: 16 x 1176.14 us = 18818.3 us (54770.8 GFLOPS/s)
MUL_MAT q4_0 m=17408 n=512 k=5120: 128 x 1551.54 us = 198597 us (58818.6 GFLOPS/s)
MUL_MAT q4_0 m=5120 n=512 k=17408: 56 x 1751.57 us = 98088.1 us (52104.8 GFLOPS/s)
MUL_MAT q4_0 m=5120 n=512 k=6144: 16 x 609.1 us = 9745.6 us (52880.7 GFLOPS/s)
MUL_MAT q4_0 m=6144 n=512 k=5120: 48 x 565.69 us = 27153.2 us (56937.7 GFLOPS/s)
MUL_MAT q4_1 m=5120 n=512 k=17408: 8 x 2013.31 us = 16106.4 us (45331.2 GFLOPS/s)
MUL_MAT q5_K m=5120 n=512 k=6144: 48 x 740.583 us = 35548 us (43492.2 GFLOPS/s)
RMS_NORM(128,16,512,1): 96 x 27.66 us = 2655.36 us
RMS_NORM_MUL RMS_NORM(128,48,512,1): 48 x 98.03 us = 4705.48 us
RMS_NORM_MUL RMS_NORM(256,24,512,1): 16 x 55.07 us = 881.12 us
RMS_NORM_MUL RMS_NORM(256,4,512,1): 16 x 12.13 us = 194.08 us
RMS_NORM_MUL RMS_NORM(5120,512,1,1): 129 x 17.595 us = 2269.8 us
ROPE: 16 x 34.94 us = 559.04 us
ROPE_VIEW_SET_ROWS ROPE: 16 x 9.82 us = 157.12 us
SCALE: 96 x 9.514 us = 913.4 us
SET_ROWS: 16 x 9.542 us = 152.68 us
SIGMOID: 48 x 4.015 us = 192.76 us
SIGMOID_MUL SIGMOID: 16 x 32.372 us = 517.96 us
SILU_MUL SILU: 48 x 35.485 us = 1703.28 us
SOFTPLUS_MUL SOFTPLUS: 48 x 5.376 us = 258.08 us
SSM_CONV_SILU SSM_CONV: 48 x 29.538 us = 1417.84 us
Total time: 1.1126e+06 us.
5.28.411.779 I slot print_timing: id  0 | task 47 | prompt processing, n_tokens =  73728, progress = 0.84, t = 120.77 s / 610.49 tokens per second
----------------
Vulkan Timings:
ADD: 176 x 21.17 us = 3726 us
CONCAT: 48 x 134.36 us = 6449.32 us
CONT: 16 x 54.495 us = 871.92 us
CPY: 96 x 4.633 us = 444.84 us
FLASH_ATTN_EXT dst(256,24,512,1),  q(256,512,24,1),  k(256,74240,4,1),  v(256,74240,4,1),  m(74240,512,1,1): 16 x 49093 us = 785488 us (19028.3 GFLOPS/s)
GATED_DELTA_NET: 48 x 240.239 us = 11531.5 us
GET_ROWS: 96 x 8.537 us = 819.56 us
GLU: 64 x 126.059 us = 8067.8 us
MUL_MAT f32 m=48 n=512 k=5120: 96 x 38.904 us = 3734.8 us (6468.04 GFLOPS/s)
MUL_MAT q4_0 m=1024 n=512 k=5120: 32 x 70.462 us = 2254.8 us (76185 GFLOPS/s)
MUL_MAT q4_0 m=10240 n=512 k=5120: 48 x 1060.73 us = 50915.2 us (50608.2 GFLOPS/s)
MUL_MAT q4_0 m=12288 n=512 k=5120: 16 x 1167.74 us = 18683.8 us (55164.9 GFLOPS/s)
MUL_MAT q4_0 m=17408 n=512 k=5120: 128 x 1515.04 us = 193925 us (60235.4 GFLOPS/s)
MUL_MAT q4_0 m=5120 n=512 k=17408: 56 x 1730.36 us = 96900.3 us (52743.5 GFLOPS/s)
MUL_MAT q4_0 m=5120 n=512 k=6144: 16 x 568.197 us = 9091.16 us (56687.4 GFLOPS/s)
MUL_MAT q4_0 m=6144 n=512 k=5120: 48 x 562.277 us = 26989.3 us (57283.3 GFLOPS/s)
MUL_MAT q4_1 m=5120 n=512 k=17408: 8 x 1999.62 us = 15996.9 us (45641.5 GFLOPS/s)
MUL_MAT q5_K m=5120 n=512 k=6144: 48 x 733.806 us = 35222.7 us (43893.9 GFLOPS/s)
RMS_NORM(128,16,512,1): 96 x 28.835 us = 2768.2 us
RMS_NORM_MUL RMS_NORM(128,48,512,1): 48 x 97.52 us = 4681 us
RMS_NORM_MUL RMS_NORM(256,24,512,1): 16 x 57.645 us = 922.32 us
RMS_NORM_MUL RMS_NORM(256,4,512,1): 16 x 13.465 us = 215.44 us
RMS_NORM_MUL RMS_NORM(5120,512,1,1): 129 x 22.682 us = 2926.08 us
ROPE: 16 x 42.047 us = 672.76 us
ROPE_VIEW_SET_ROWS ROPE: 16 x 10.325 us = 165.2 us
SCALE: 96 x 11.373 us = 1091.88 us
SET_ROWS: 16 x 9.667 us = 154.68 us
SIGMOID: 48 x 4.497 us = 215.88 us
SIGMOID_MUL SIGMOID: 16 x 38.612 us = 617.8 us
SILU_MUL SILU: 48 x 36.098 us = 1732.72 us
SOFTPLUS_MUL SOFTPLUS: 48 x 5.118 us = 245.68 us
SSM_CONV_SILU SSM_CONV: 48 x 35.473 us = 1702.72 us
Total time: 1.28923e+06 us.
----------------
Vulkan Timings:
ADD: 176 x 16.234 us = 2857.28 us
CONCAT: 48 x 134.072 us = 6435.48 us
CONT: 16 x 44.04 us = 704.64 us
CPY: 96 x 4.2 us = 403.28 us
FLASH_ATTN_EXT dst(256,24,512,1),  q(256,512,24,1),  k(256,74752,4,1),  v(256,74752,4,1),  m(74752,512,1,1): 16 x 42332.3 us = 677317 us (22219.4 GFLOPS/s)
GATED_DELTA_NET: 48 x 240.118 us = 11525.7 us
GET_ROWS: 96 x 7.684 us = 737.72 us
GLU: 64 x 105.017 us = 6721.12 us
MUL_MAT f32 m=48 n=512 k=5120: 96 x 36.215 us = 3476.68 us (6948.25 GFLOPS/s)
MUL_MAT q4_0 m=1024 n=512 k=5120: 32 x 68.847 us = 2203.12 us (77972.1 GFLOPS/s)
MUL_MAT q4_0 m=10240 n=512 k=5120: 48 x 1080.24 us = 51851.7 us (49694.2 GFLOPS/s)
MUL_MAT q4_0 m=12288 n=512 k=5120: 16 x 1174.86 us = 18797.8 us (54830.4 GFLOPS/s)
MUL_MAT q4_0 m=17408 n=512 k=5120: 128 x 1543.15 us = 197523 us (59138.3 GFLOPS/s)
MUL_MAT q4_0 m=5120 n=512 k=17408: 56 x 1747.22 us = 97844.1 us (52234.8 GFLOPS/s)
MUL_MAT q4_0 m=5120 n=512 k=6144: 16 x 599.532 us = 9592.52 us (53724.6 GFLOPS/s)
MUL_MAT q4_0 m=6144 n=512 k=5120: 48 x 565.725 us = 27154.8 us (56934.1 GFLOPS/s)
MUL_MAT q4_1 m=5120 n=512 k=17408: 8 x 2051.2 us = 16409.6 us (44493.7 GFLOPS/s)
MUL_MAT q5_K m=5120 n=512 k=6144: 48 x 740.06 us = 35522.9 us (43523 GFLOPS/s)
RMS_NORM(128,16,512,1): 96 x 28.202 us = 2707.44 us
RMS_NORM_MUL RMS_NORM(128,48,512,1): 48 x 97.879 us = 4698.2 us
RMS_NORM_MUL RMS_NORM(256,24,512,1): 16 x 55.005 us = 880.08 us
RMS_NORM_MUL RMS_NORM(256,4,512,1): 16 x 12.465 us = 199.44 us
RMS_NORM_MUL RMS_NORM(5120,512,1,1): 129 x 19.338 us = 2494.64 us
ROPE: 16 x 36.542 us = 584.68 us
ROPE_VIEW_SET_ROWS ROPE: 16 x 9.865 us = 157.84 us
SCALE: 96 x 10.146 us = 974.04 us
SET_ROWS: 16 x 9.627 us = 154.04 us
SIGMOID: 48 x 4.087 us = 196.2 us
SIGMOID_MUL SIGMOID: 16 x 35.36 us = 565.76 us
SILU_MUL SILU: 48 x 36.585 us = 1756.08 us
SOFTPLUS_MUL SOFTPLUS: 48 x 5.261 us = 252.56 us
SSM_CONV_SILU SSM_CONV: 48 x 31.974 us = 1534.76 us
Total time: 1.18423e+06 us.
----------------
Vulkan Timings:
ADD: 176 x 14.392 us = 2533.16 us
CONCAT: 48 x 132.795 us = 6374.2 us
CONT: 16 x 36.505 us = 584.08 us
CPY: 96 x 4.006 us = 384.64 us
FLASH_ATTN_EXT dst(256,24,512,1),  q(256,512,24,1),  k(256,75264,4,1),  v(256,75264,4,1),  m(75264,512,1,1): 16 x 38558.3 us = 616933 us (24561.2 GFLOPS/s)
GATED_DELTA_NET: 48 x 239.017 us = 11472.8 us
GET_ROWS: 96 x 7.317 us = 702.52 us
GLU: 64 x 93.441 us = 5980.24 us
MUL_MAT f32 m=48 n=512 k=5120: 96 x 35.315 us = 3390.32 us (7125.24 GFLOPS/s)
MUL_MAT q4_0 m=1024 n=512 k=5120: 32 x 67.746 us = 2167.88 us (79239.6 GFLOPS/s)
MUL_MAT q4_0 m=10240 n=512 k=5120: 48 x 1074.92 us = 51596.3 us (49940.2 GFLOPS/s)
MUL_MAT q4_0 m=12288 n=512 k=5120: 16 x 1174.71 us = 18795.3 us (54837.7 GFLOPS/s)
MUL_MAT q4_0 m=17408 n=512 k=5120: 128 x 1551.14 us = 198546 us (58833.6 GFLOPS/s)
MUL_MAT q4_0 m=5120 n=512 k=17408: 56 x 1754.89 us = 98273.9 us (52006.3 GFLOPS/s)
MUL_MAT q4_0 m=5120 n=512 k=6144: 16 x 612.52 us = 9800.32 us (52585.4 GFLOPS/s)
MUL_MAT q4_0 m=6144 n=512 k=5120: 48 x 562.747 us = 27011.9 us (57235.5 GFLOPS/s)
MUL_MAT q4_1 m=5120 n=512 k=17408: 8 x 2018.55 us = 16148.4 us (45213.4 GFLOPS/s)
MUL_MAT q5_K m=5120 n=512 k=6144: 48 x 739.459 us = 35494 us (43558.4 GFLOPS/s)
RMS_NORM(128,16,512,1): 96 x 27.727 us = 2661.8 us
RMS_NORM_MUL RMS_NORM(128,48,512,1): 48 x 97.513 us = 4680.64 us
RMS_NORM_MUL RMS_NORM(256,24,512,1): 16 x 54.342 us = 869.48 us
RMS_NORM_MUL RMS_NORM(256,4,512,1): 16 x 12.317 us = 197.08 us
RMS_NORM_MUL RMS_NORM(5120,512,1,1): 129 x 17.614 us = 2272.32 us
ROPE: 16 x 35.712 us = 571.4 us
ROPE_VIEW_SET_ROWS ROPE: 16 x 9.45 us = 151.2 us
SCALE: 96 x 9.525 us = 914.44 us
SET_ROWS: 16 x 9.455 us = 151.28 us
SIGMOID: 48 x 3.941 us = 189.2 us
SIGMOID_MUL SIGMOID: 16 x 32.585 us = 521.36 us
SILU_MUL SILU: 48 x 35.556 us = 1706.72 us
SOFTPLUS_MUL SOFTPLUS: 48 x 5.274 us = 253.16 us
SSM_CONV_SILU SSM_CONV: 48 x 29.712 us = 1426.2 us
Total time: 1.12276e+06 us.
----------------
Vulkan Timings:
ADD: 176 x 15.514 us = 2730.48 us
CONCAT: 48 x 133.695 us = 6417.4 us
CONT: 16 x 39.6 us = 633.6 us
CPY: 96 x 4.25 us = 408.08 us
FLASH_ATTN_EXT dst(256,24,512,1),  q(256,512,24,1),  k(256,75776,4,1),  v(256,75776,4,1),  m(75776,512,1,1): 16 x 41783.4 us = 668534 us (22819.7 GFLOPS/s)
GATED_DELTA_NET: 48 x 238.29 us = 11438 us
GET_ROWS: 96 x 7.678 us = 737.12 us
GLU: 64 x 102.795 us = 6578.92 us
MUL_MAT f32 m=48 n=512 k=5120: 96 x 36.264 us = 3481.4 us (6938.83 GFLOPS/s)
MUL_MAT q4_0 m=1024 n=512 k=5120: 32 x 68.115 us = 2179.68 us (78810.6 GFLOPS/s)
MUL_MAT q4_0 m=10240 n=512 k=5120: 48 x 1070.41 us = 51379.8 us (50150.6 GFLOPS/s)
MUL_MAT q4_0 m=12288 n=512 k=5120: 16 x 1176.5 us = 18824 us (54754.2 GFLOPS/s)
MUL_MAT q4_0 m=17408 n=512 k=5120: 128 x 1538.06 us = 196871 us (59334 GFLOPS/s)
MUL_MAT q4_0 m=5120 n=512 k=17408: 56 x 1751.99 us = 98111.4 us (52092.5 GFLOPS/s)
MUL_MAT q4_0 m=5120 n=512 k=6144: 16 x 593.93 us = 9502.88 us (54231.4 GFLOPS/s)
MUL_MAT q4_0 m=6144 n=512 k=5120: 48 x 561.368 us = 26945.7 us (57376.1 GFLOPS/s)
MUL_MAT q4_1 m=5120 n=512 k=17408: 8 x 2028.21 us = 16225.7 us (44997.9 GFLOPS/s)
MUL_MAT q5_K m=5120 n=512 k=6144: 48 x 737.635 us = 35406.5 us (43666.1 GFLOPS/s)
RMS_NORM(128,16,512,1): 96 x 28.093 us = 2696.96 us
RMS_NORM_MUL RMS_NORM(128,48,512,1): 48 x 98.46 us = 4726.12 us
RMS_NORM_MUL RMS_NORM(256,24,512,1): 16 x 54.63 us = 874.08 us
RMS_NORM_MUL RMS_NORM(256,4,512,1): 16 x 12.415 us = 198.64 us
RMS_NORM_MUL RMS_NORM(5120,512,1,1): 129 x 18.878 us = 2435.28 us
ROPE: 16 x 36.717 us = 587.48 us
ROPE_VIEW_SET_ROWS ROPE: 16 x 9.68 us = 154.88 us
SCALE: 96 x 10.053 us = 965.16 us
SET_ROWS: 16 x 9.485 us = 151.76 us
SIGMOID: 48 x 3.845 us = 184.56 us
SIGMOID_MUL SIGMOID: 16 x 33.08 us = 529.28 us
SILU_MUL SILU: 48 x 35.587 us = 1708.2 us
SOFTPLUS_MUL SOFTPLUS: 48 x 5.415 us = 259.96 us
SSM_CONV_SILU SSM_CONV: 48 x 31.097 us = 1492.68 us
Total time: 1.17337e+06 us.
5.33.387.870 I slot print_timing: id  0 | task 47 | prompt processing, n_tokens =  75776, progress = 0.86, t = 125.75 s / 602.61 tokens per second
----------------
Vulkan Timings:
ADD: 176 x 22.656 us = 3987.48 us
CONCAT: 48 x 136.861 us = 6569.36 us
CONT: 16 x 58.977 us = 943.64 us
CPY: 96 x 4.692 us = 450.44 us
FLASH_ATTN_EXT dst(256,24,512,1),  q(256,512,24,1),  k(256,76288,4,1),  v(256,76288,4,1),  m(76288,512,1,1): 16 x 53938.5 us = 863016 us (17796.7 GFLOPS/s)
GATED_DELTA_NET: 48 x 242.595 us = 11644.6 us
GET_ROWS: 96 x 8.681 us = 833.4 us
GLU: 64 x 133.365 us = 8535.36 us
MUL_MAT f32 m=48 n=512 k=5120: 96 x 39.538 us = 3795.68 us (6364.3 GFLOPS/s)
MUL_MAT q4_0 m=1024 n=512 k=5120: 32 x 78.746 us = 2519.88 us (68170.7 GFLOPS/s)
MUL_MAT q4_0 m=10240 n=512 k=5120: 48 x 1074.64 us = 51582.8 us (49953.2 GFLOPS/s)
MUL_MAT q4_0 m=12288 n=512 k=5120: 16 x 1162.53 us = 18600.5 us (55412.1 GFLOPS/s)
MUL_MAT q4_0 m=17408 n=512 k=5120: 128 x 1520.14 us = 194578 us (60033.5 GFLOPS/s)
MUL_MAT q4_0 m=5120 n=512 k=17408: 56 x 1747.27 us = 97847.2 us (52233.1 GFLOPS/s)
MUL_MAT q4_0 m=5120 n=512 k=6144: 16 x 577.517 us = 9240.28 us (55772.6 GFLOPS/s)
MUL_MAT q4_0 m=6144 n=512 k=5120: 48 x 567.625 us = 27246 us (56743.6 GFLOPS/s)
MUL_MAT q4_1 m=5120 n=512 k=17408: 8 x 2027.54 us = 16220.3 us (45012.9 GFLOPS/s)
MUL_MAT q5_K m=5120 n=512 k=6144: 48 x 734.479 us = 35255 us (43853.7 GFLOPS/s)
RMS_NORM(128,16,512,1): 96 x 29.383 us = 2820.8 us
RMS_NORM_MUL RMS_NORM(128,48,512,1): 48 x 98.744 us = 4739.72 us
RMS_NORM_MUL RMS_NORM(256,24,512,1): 16 x 58.842 us = 941.48 us
RMS_NORM_MUL RMS_NORM(256,4,512,1): 16 x 13.38 us = 214.08 us
RMS_NORM_MUL RMS_NORM(5120,512,1,1): 129 x 23.742 us = 3062.8 us
ROPE: 16 x 42.285 us = 676.56 us
ROPE_VIEW_SET_ROWS ROPE: 16 x 10.462 us = 167.4 us
SCALE: 96 x 11.792 us = 1132.12 us
SET_ROWS: 16 x 9.75 us = 156 us
SIGMOID: 48 x 4.485 us = 215.32 us
SIGMOID_MUL SIGMOID: 16 x 41.892 us = 670.28 us
SILU_MUL SILU: 48 x 37.293 us = 1790.08 us
SOFTPLUS_MUL SOFTPLUS: 48 x 5.336 us = 256.16 us
SSM_CONV_SILU SSM_CONV: 48 x 38.561 us = 1850.96 us
Total time: 1.37156e+06 us.
----------------
Vulkan Timings:
ADD: 176 x 25.065 us = 4411.44 us
CONCAT: 48 x 138.945 us = 6669.4 us
CONT: 16 x 62.94 us = 1007.04 us
CPY: 96 x 4.973 us = 477.48 us
FLASH_ATTN_EXT dst(256,24,512,1),  q(256,512,24,1),  k(256,76800,4,1),  v(256,76800,4,1),  m(76800,512,1,1): 16 x 59927 us = 958831 us (16125.8 GFLOPS/s)
GATED_DELTA_NET: 48 x 244.162 us = 11719.8 us
GET_ROWS: 96 x 9.152 us = 878.6 us
GLU: 64 x 147.049 us = 9411.16 us
MUL_MAT f32 m=48 n=512 k=5120: 96 x 41.09 us = 3944.64 us (6123.96 GFLOPS/s)
MUL_MAT q4_0 m=1024 n=512 k=5120: 32 x 75.745 us = 2423.84 us (70871.8 GFLOPS/s)
MUL_MAT q4_0 m=10240 n=512 k=5120: 48 x 1069.48 us = 51335.2 us (50194.2 GFLOPS/s)
MUL_MAT q4_0 m=12288 n=512 k=5120: 16 x 1171.38 us = 18742.1 us (54993.4 GFLOPS/s)
MUL_MAT q4_0 m=17408 n=512 k=5120: 128 x 1508.12 us = 193040 us (60511.6 GFLOPS/s)
MUL_MAT q4_0 m=5120 n=512 k=17408: 56 x 1744.35 us = 97683.6 us (52320.6 GFLOPS/s)
MUL_MAT q4_0 m=5120 n=512 k=6144: 16 x 563.597 us = 9017.56 us (57150.1 GFLOPS/s)
MUL_MAT q4_0 m=6144 n=512 k=5120: 48 x 570.167 us = 27368 us (56490.6 GFLOPS/s)
MUL_MAT q4_1 m=5120 n=512 k=17408: 8 x 2009.98 us = 16079.9 us (45406 GFLOPS/s)
MUL_MAT q5_K m=5120 n=512 k=6144: 48 x 730.794 us = 35078.1 us (44074.8 GFLOPS/s)
RMS_NORM(128,16,512,1): 96 x 30.291 us = 2907.96 us
RMS_NORM_MUL RMS_NORM(128,48,512,1): 48 x 98.333 us = 4720 us
RMS_NORM_MUL RMS_NORM(256,24,512,1): 16 x 59.215 us = 947.44 us
RMS_NORM_MUL RMS_NORM(256,4,512,1): 16 x 13.67 us = 218.72 us
RMS_NORM_MUL RMS_NORM(5120,512,1,1): 129 x 25.717 us = 3317.56 us
ROPE: 16 x 44.445 us = 711.12 us
ROPE_VIEW_SET_ROWS ROPE: 16 x 10.87 us = 173.92 us
SCALE: 96 x 12.428 us = 1193.16 us
SET_ROWS: 16 x 9.872 us = 157.96 us
SIGMOID: 48 x 4.285 us = 205.68 us
SIGMOID_MUL SIGMOID: 16 x 43.39 us = 694.24 us
SILU_MUL SILU: 48 x 36.756 us = 1764.32 us
SOFTPLUS_MUL SOFTPLUS: 48 x 5.464 us = 262.28 us
SSM_CONV_SILU SSM_CONV: 48 x 40.181 us = 1928.72 us
Total time: 1.46732e+06 us.
----------------
Vulkan Timings:
ADD: 176 x 19.377 us = 3410.48 us
CONCAT: 48 x 134.376 us = 6450.08 us
CONT: 16 x 50.425 us = 806.8 us
CPY: 96 x 4.431 us = 425.44 us
FLASH_ATTN_EXT dst(256,24,512,1),  q(256,512,24,1),  k(256,77312,4,1),  v(256,77312,4,1),  m(77312,512,1,1): 16 x 49134.3 us = 786149 us (19799 GFLOPS/s)
GATED_DELTA_NET: 48 x 239.077 us = 11475.7 us
GET_ROWS: 96 x 8.217 us = 788.88 us
GLU: 64 x 119.183 us = 7627.72 us
MUL_MAT f32 m=48 n=512 k=5120: 96 x 37.807 us = 3629.56 us (6655.58 GFLOPS/s)
MUL_MAT q4_0 m=1024 n=512 k=5120: 32 x 69.726 us = 2231.24 us (76989.4 GFLOPS/s)
MUL_MAT q4_0 m=10240 n=512 k=5120: 48 x 1053.31 us = 50558.7 us (50965.1 GFLOPS/s)
MUL_MAT q4_0 m=12288 n=512 k=5120: 16 x 1168.18 us = 18690.9 us (55144.1 GFLOPS/s)
MUL_MAT q4_0 m=17408 n=512 k=5120: 128 x 1516.79 us = 194150 us (60165.8 GFLOPS/s)
MUL_MAT q4_0 m=5120 n=512 k=17408: 56 x 1718.78 us = 96251.8 us (53098.9 GFLOPS/s)
MUL_MAT q4_0 m=5120 n=512 k=6144: 16 x 571.547 us = 9144.76 us (56355.1 GFLOPS/s)
MUL_MAT q4_0 m=6144 n=512 k=5120: 48 x 562.519 us = 27000.9 us (57258.7 GFLOPS/s)
MUL_MAT q4_1 m=5120 n=512 k=17408: 8 x 2028.38 us = 16227 us (44994.2 GFLOPS/s)
MUL_MAT q5_K m=5120 n=512 k=6144: 48 x 734.01 us = 35232.5 us (43881.7 GFLOPS/s)
RMS_NORM(128,16,512,1): 96 x 28.47 us = 2733.2 us
RMS_NORM_MUL RMS_NORM(128,48,512,1): 48 x 97.954 us = 4701.8 us
RMS_NORM_MUL RMS_NORM(256,24,512,1): 16 x 56.505 us = 904.08 us
RMS_NORM_MUL RMS_NORM(256,4,512,1): 16 x 12.895 us = 206.32 us
RMS_NORM_MUL RMS_NORM(5120,512,1,1): 129 x 21.525 us = 2776.76 us
ROPE: 16 x 40.227 us = 643.64 us
ROPE_VIEW_SET_ROWS ROPE: 16 x 10.2 us = 163.2 us
SCALE: 96 x 10.921 us = 1048.48 us
SET_ROWS: 16 x 9.667 us = 154.68 us
SIGMOID: 48 x 4.341 us = 208.4 us
SIGMOID_MUL SIGMOID: 16 x 36.962 us = 591.4 us
SILU_MUL SILU: 48 x 35.951 us = 1725.68 us
SOFTPLUS_MUL SOFTPLUS: 48 x 5.082 us = 243.96 us
SSM_CONV_SILU SSM_CONV: 48 x 34.268 us = 1644.88 us
Total time: 1.288e+06 us.
----------------
Vulkan Timings:
ADD: 176 x 14.315 us = 2519.52 us
CONCAT: 48 x 133.198 us = 6393.52 us
CONT: 16 x 38.347 us = 613.56 us
CPY: 96 x 4.059 us = 389.68 us
FLASH_ATTN_EXT dst(256,24,512,1),  q(256,512,24,1),  k(256,77824,4,1),  v(256,77824,4,1),  m(77824,512,1,1): 16 x 40889.9 us = 654239 us (23948.5 GFLOPS/s)
GATED_DELTA_NET: 48 x 238.48 us = 11447 us
GET_ROWS: 96 x 7.304 us = 701.24 us
GLU: 64 x 96.241 us = 6159.48 us
MUL_MAT f32 m=48 n=512 k=5120: 96 x 35.294 us = 3388.24 us (7129.61 GFLOPS/s)
MUL_MAT q4_0 m=1024 n=512 k=5120: 32 x 72.302 us = 2313.68 us (74246.2 GFLOPS/s)
MUL_MAT q4_0 m=10240 n=512 k=5120: 48 x 1074.2 us = 51561.8 us (49973.6 GFLOPS/s)
MUL_MAT q4_0 m=12288 n=512 k=5120: 16 x 1175.55 us = 18808.7 us (54798.6 GFLOPS/s)
MUL_MAT q4_0 m=17408 n=512 k=5120: 128 x 1548.77 us = 198242 us (58923.7 GFLOPS/s)
MUL_MAT q4_0 m=5120 n=512 k=17408: 56 x 1750.53 us = 98029.8 us (52135.8 GFLOPS/s)
MUL_MAT q4_0 m=5120 n=512 k=6144: 16 x 606.885 us = 9710.16 us (53073.7 GFLOPS/s)
MUL_MAT q4_0 m=6144 n=512 k=5120: 48 x 564.293 us = 27086.1 us (57078.7 GFLOPS/s)
MUL_MAT q4_1 m=5120 n=512 k=17408: 8 x 2039.54 us = 16316.3 us (44748.2 GFLOPS/s)
MUL_MAT q5_K m=5120 n=512 k=6144: 48 x 739.304 us = 35486.6 us (43567.5 GFLOPS/s)
RMS_NORM(128,16,512,1): 96 x 28.023 us = 2690.24 us
RMS_NORM_MUL RMS_NORM(128,48,512,1): 48 x 97.619 us = 4685.72 us
RMS_NORM_MUL RMS_NORM(256,24,512,1): 16 x 54.835 us = 877.36 us
RMS_NORM_MUL RMS_NORM(256,4,512,1): 16 x 12.347 us = 197.56 us
RMS_NORM_MUL RMS_NORM(5120,512,1,1): 129 x 17.723 us = 2286.36 us
ROPE: 16 x 35.447 us = 567.16 us
ROPE_VIEW_SET_ROWS ROPE: 16 x 9.502 us = 152.04 us
SCALE: 96 x 9.518 us = 913.8 us
SET_ROWS: 16 x 9.477 us = 151.64 us
SIGMOID: 48 x 4.112 us = 197.4 us
SIGMOID_MUL SIGMOID: 16 x 32.085 us = 513.36 us
SILU_MUL SILU: 48 x 35.92 us = 1724.16 us
SOFTPLUS_MUL SOFTPLUS: 48 x 5.292 us = 254.04 us
SSM_CONV_SILU SSM_CONV: 48 x 29.773 us = 1429.12 us
Total time: 1.16005e+06 us.
5.38.890.296 I slot print_timing: id  0 | task 47 | prompt processing, n_tokens =  77824, progress = 0.88, t = 131.25 s / 592.95 tokens per second
----------------
Vulkan Timings:
ADD: 176 x 16.091 us = 2832.12 us
CONCAT: 48 x 133.849 us = 6424.76 us
CONT: 16 x 42.452 us = 679.24 us
CPY: 96 x 4.134 us = 396.88 us
FLASH_ATTN_EXT dst(256,24,512,1),  q(256,512,24,1),  k(256,78336,4,1),  v(256,78336,4,1),  m(78336,512,1,1): 16 x 44310.4 us = 708966 us (22245.2 GFLOPS/s)
GATED_DELTA_NET: 48 x 240.725 us = 11554.8 us
GET_ROWS: 96 x 7.555 us = 725.32 us
GLU: 64 x 102.086 us = 6533.52 us
MUL_MAT f32 m=48 n=512 k=5120: 96 x 36.129 us = 3468.44 us (6964.75 GFLOPS/s)
MUL_MAT q4_0 m=1024 n=512 k=5120: 32 x 69.328 us = 2218.52 us (77430.9 GFLOPS/s)
MUL_MAT q4_0 m=10240 n=512 k=5120: 48 x 1080.54 us = 51865.8 us (49680.7 GFLOPS/s)
MUL_MAT q4_0 m=12288 n=512 k=5120: 16 x 1181.44 us = 18903.1 us (54525.1 GFLOPS/s)
MUL_MAT q4_0 m=17408 n=512 k=5120: 128 x 1548.85 us = 198253 us (58920.5 GFLOPS/s)
MUL_MAT q4_0 m=5120 n=512 k=17408: 56 x 1748.03 us = 97889.9 us (52210.3 GFLOPS/s)
MUL_MAT q4_0 m=5120 n=512 k=6144: 16 x 601.89 us = 9630.24 us (53514.2 GFLOPS/s)
MUL_MAT q4_0 m=6144 n=512 k=5120: 48 x 566.816 us = 27207.2 us (56824.6 GFLOPS/s)
MUL_MAT q4_1 m=5120 n=512 k=17408: 8 x 2037.86 us = 16302.9 us (44784.9 GFLOPS/s)
MUL_MAT q5_K m=5120 n=512 k=6144: 48 x 740.705 us = 35553.8 us (43485.1 GFLOPS/s)
RMS_NORM(128,16,512,1): 96 x 28.117 us = 2699.28 us
RMS_NORM_MUL RMS_NORM(128,48,512,1): 48 x 98.005 us = 4704.28 us
RMS_NORM_MUL RMS_NORM(256,24,512,1): 16 x 56.425 us = 902.8 us
RMS_NORM_MUL RMS_NORM(256,4,512,1): 16 x 12.665 us = 202.64 us
RMS_NORM_MUL RMS_NORM(5120,512,1,1): 129 x 18.999 us = 2450.88 us
ROPE: 16 x 37.817 us = 605.08 us
ROPE_VIEW_SET_ROWS ROPE: 16 x 9.977 us = 159.64 us
SCALE: 96 x 9.957 us = 955.88 us
SET_ROWS: 16 x 9.625 us = 154 us
SIGMOID: 48 x 4.491 us = 215.6 us
SIGMOID_MUL SIGMOID: 16 x 34.422 us = 550.76 us
SILU_MUL SILU: 48 x 35.757 us = 1716.36 us
SOFTPLUS_MUL SOFTPLUS: 48 x 4.904 us = 235.4 us
SSM_CONV_SILU SSM_CONV: 48 x 31.262 us = 1500.6 us
Total time: 1.21646e+06 us.
----------------
Vulkan Timings:
ADD: 176 x 15.976 us = 2811.88 us
CONCAT: 48 x 133.328 us = 6399.76 us
CONT: 16 x 39.565 us = 633.04 us
CPY: 96 x 4.218 us = 404.96 us
FLASH_ATTN_EXT dst(256,24,512,1),  q(256,512,24,1),  k(256,78848,4,1),  v(256,78848,4,1),  m(78848,512,1,1): 16 x 44158.7 us = 706540 us (22467.5 GFLOPS/s)
GATED_DELTA_NET: 48 x 238.44 us = 11445.1 us
GET_ROWS: 96 x 7.471 us = 717.24 us
GLU: 64 x 100.879 us = 6456.28 us
MUL_MAT f32 m=48 n=512 k=5120: 96 x 35.773 us = 3434.28 us (7034.03 GFLOPS/s)
MUL_MAT q4_0 m=1024 n=512 k=5120: 32 x 72.457 us = 2318.64 us (74087.4 GFLOPS/s)
MUL_MAT q4_0 m=10240 n=512 k=5120: 48 x 1071.22 us = 51418.7 us (50112.7 GFLOPS/s)
MUL_MAT q4_0 m=12288 n=512 k=5120: 16 x 1171.01 us = 18736.2 us (55010.7 GFLOPS/s)
MUL_MAT q4_0 m=17408 n=512 k=5120: 128 x 1543.25 us = 197536 us (59134.5 GFLOPS/s)
MUL_MAT q4_0 m=5120 n=512 k=17408: 56 x 1751.33 us = 98074.4 us (52112.1 GFLOPS/s)
MUL_MAT q4_0 m=5120 n=512 k=6144: 16 x 598.125 us = 9570 us (53851 GFLOPS/s)
MUL_MAT q4_0 m=6144 n=512 k=5120: 48 x 562.386 us = 26994.6 us (57272.2 GFLOPS/s)
MUL_MAT q4_1 m=5120 n=512 k=17408: 8 x 2014.16 us = 16113.3 us (45311.8 GFLOPS/s)
MUL_MAT q5_K m=5120 n=512 k=6144: 48 x 738.39 us = 35442.7 us (43621.4 GFLOPS/s)
RMS_NORM(128,16,512,1): 96 x 27.907 us = 2679.12 us
RMS_NORM_MUL RMS_NORM(128,48,512,1): 48 x 98.667 us = 4736.04 us
RMS_NORM_MUL RMS_NORM(256,24,512,1): 16 x 54.777 us = 876.44 us
RMS_NORM_MUL RMS_NORM(256,4,512,1): 16 x 12.52 us = 200.32 us
RMS_NORM_MUL RMS_NORM(5120,512,1,1): 129 x 18.905 us = 2438.76 us
ROPE: 16 x 36.647 us = 586.36 us
ROPE_VIEW_SET_ROWS ROPE: 16 x 9.687 us = 155 us
SCALE: 96 x 9.868 us = 947.36 us
SET_ROWS: 16 x 9.487 us = 151.8 us
SIGMOID: 48 x 3.83 us = 183.88 us
SIGMOID_MUL SIGMOID: 16 x 33.535 us = 536.56 us
SILU_MUL SILU: 48 x 35.703 us = 1713.76 us
SOFTPLUS_MUL SOFTPLUS: 48 x 5.381 us = 258.32 us
SSM_CONV_SILU SSM_CONV: 48 x 31 us = 1488.04 us
Total time: 1.212e+06 us.
----------------
Vulkan Timings:
ADD: 176 x 24.84 us = 4372 us
CONCAT: 48 x 137.152 us = 6583.32 us
CONT: 16 x 63.597 us = 1017.56 us
CPY: 96 x 4.847 us = 465.36 us
FLASH_ATTN_EXT dst(256,24,512,1),  q(256,512,24,1),  k(256,79360,4,1),  v(256,79360,4,1),  m(79360,512,1,1): 16 x 62561.1 us = 1.00098e+06 us (15961.7 GFLOPS/s)
GATED_DELTA_NET: 48 x 242.64 us = 11646.7 us
GET_ROWS: 96 x 9.148 us = 878.24 us
GLU: 64 x 145.496 us = 9311.76 us
MUL_MAT f32 m=48 n=512 k=5120: 96 x 40.715 us = 3908.72 us (6180.24 GFLOPS/s)
MUL_MAT q4_0 m=1024 n=512 k=5120: 32 x 76.602 us = 2451.28 us (70078.5 GFLOPS/s)
MUL_MAT q4_0 m=10240 n=512 k=5120: 48 x 1060.7 us = 50913.7 us (50609.7 GFLOPS/s)
MUL_MAT q4_0 m=12288 n=512 k=5120: 16 x 1171.14 us = 18738.2 us (55004.8 GFLOPS/s)
MUL_MAT q4_0 m=17408 n=512 k=5120: 128 x 1508.97 us = 193148 us (60477.7 GFLOPS/s)
MUL_MAT q4_0 m=5120 n=512 k=17408: 56 x 1732.4 us = 97014.7 us (52681.3 GFLOPS/s)
MUL_MAT q4_0 m=5120 n=512 k=6144: 16 x 560.572 us = 8969.16 us (57458.5 GFLOPS/s)
MUL_MAT q4_0 m=6144 n=512 k=5120: 48 x 564.459 us = 27094 us (57061.9 GFLOPS/s)
MUL_MAT q4_1 m=5120 n=512 k=17408: 8 x 1992.06 us = 15936.4 us (45814.7 GFLOPS/s)
MUL_MAT q5_K m=5120 n=512 k=6144: 48 x 729.627 us = 35022.1 us (44145.3 GFLOPS/s)
RMS_NORM(128,16,512,1): 96 x 29.707 us = 2851.96 us
RMS_NORM_MUL RMS_NORM(128,48,512,1): 48 x 99.41 us = 4771.72 us
RMS_NORM_MUL RMS_NORM(256,24,512,1): 16 x 60.185 us = 962.96 us
RMS_NORM_MUL RMS_NORM(256,4,512,1): 16 x 13.717 us = 219.48 us
RMS_NORM_MUL RMS_NORM(5120,512,1,1): 129 x 25.696 us = 3314.8 us
ROPE: 16 x 44.757 us = 716.12 us
ROPE_VIEW_SET_ROWS ROPE: 16 x 10.885 us = 174.16 us
SCALE: 96 x 12.432 us = 1193.48 us
SET_ROWS: 16 x 9.922 us = 158.76 us
SIGMOID: 48 x 4.292 us = 206.04 us
SIGMOID_MUL SIGMOID: 16 x 44.095 us = 705.52 us
SILU_MUL SILU: 48 x 36.705 us = 1761.84 us
SOFTPLUS_MUL SOFTPLUS: 48 x 5.43 us = 260.68 us
SSM_CONV_SILU SSM_CONV: 48 x 39.884 us = 1914.44 us
Total time: 1.50766e+06 us.
----------------
Vulkan Timings:
ADD: 176 x 24.802 us = 4365.24 us
CONCAT: 48 x 138.151 us = 6631.28 us
CONT: 16 x 66.69 us = 1067.04 us
CPY: 96 x 4.912 us = 471.6 us
FLASH_ATTN_EXT dst(256,24,512,1),  q(256,512,24,1),  k(256,79872,4,1),  v(256,79872,4,1),  m(79872,512,1,1): 16 x 61745.1 us = 987922 us (16277 GFLOPS/s)
GATED_DELTA_NET: 48 x 243.865 us = 11705.6 us
GET_ROWS: 96 x 9.142 us = 877.72 us
GLU: 64 x 145.842 us = 9333.92 us
MUL_MAT f32 m=48 n=512 k=5120: 96 x 41.015 us = 3937.44 us (6135.16 GFLOPS/s)
MUL_MAT q4_0 m=1024 n=512 k=5120: 32 x 80.463 us = 2574.84 us (66715.6 GFLOPS/s)
MUL_MAT q4_0 m=10240 n=512 k=5120: 48 x 1068.76 us = 51300.6 us (50228.1 GFLOPS/s)
MUL_MAT q4_0 m=12288 n=512 k=5120: 16 x 1163.98 us = 18623.7 us (55342.9 GFLOPS/s)
MUL_MAT q4_0 m=17408 n=512 k=5120: 128 x 1506.29 us = 192805 us (60585.5 GFLOPS/s)
MUL_MAT q4_0 m=5120 n=512 k=17408: 56 x 1740.84 us = 97487 us (52426.1 GFLOPS/s)
MUL_MAT q4_0 m=5120 n=512 k=6144: 16 x 556.395 us = 8902.32 us (57889.9 GFLOPS/s)
MUL_MAT q4_0 m=6144 n=512 k=5120: 48 x 565.83 us = 27159.8 us (56923.7 GFLOPS/s)
MUL_MAT q4_1 m=5120 n=512 k=17408: 8 x 2011.44 us = 16091.5 us (45373.2 GFLOPS/s)
MUL_MAT q5_K m=5120 n=512 k=6144: 48 x 732.385 us = 35154.5 us (43979.1 GFLOPS/s)
RMS_NORM(128,16,512,1): 96 x 29.919 us = 2872.24 us
RMS_NORM_MUL RMS_NORM(128,48,512,1): 48 x 98.66 us = 4735.72 us
RMS_NORM_MUL RMS_NORM(256,24,512,1): 16 x 59.842 us = 957.48 us
RMS_NORM_MUL RMS_NORM(256,4,512,1): 16 x 13.61 us = 217.76 us
RMS_NORM_MUL RMS_NORM(5120,512,1,1): 129 x 25.999 us = 3353.88 us
ROPE: 16 x 44.535 us = 712.56 us
ROPE_VIEW_SET_ROWS ROPE: 16 x 11.192 us = 179.08 us
SCALE: 96 x 12.479 us = 1198.04 us
SET_ROWS: 16 x 9.902 us = 158.44 us
SIGMOID: 48 x 4.276 us = 205.28 us
SIGMOID_MUL SIGMOID: 16 x 43.445 us = 695.12 us
SILU_MUL SILU: 48 x 37.121 us = 1781.84 us
SOFTPLUS_MUL SOFTPLUS: 48 x 5.165 us = 247.96 us
SSM_CONV_SILU SSM_CONV: 48 x 39.86 us = 1913.32 us
Total time: 1.49564e+06 us.
5.44.523.866 I slot print_timing: id  0 | task 47 | prompt processing, n_tokens =  79872, progress = 0.91, t = 136.88 s / 583.51 tokens per second
----------------
Vulkan Timings:
ADD: 176 x 16.93 us = 2979.68 us
CONCAT: 48 x 134.608 us = 6461.2 us
CONT: 16 x 45.257 us = 724.12 us
CPY: 96 x 4.367 us = 419.24 us
FLASH_ATTN_EXT dst(256,24,512,1),  q(256,512,24,1),  k(256,80384,4,1),  v(256,80384,4,1),  m(80384,512,1,1): 16 x 48061.2 us = 768980 us (21045.3 GFLOPS/s)
GATED_DELTA_NET: 48 x 238.369 us = 11441.7 us
GET_ROWS: 96 x 7.796 us = 748.44 us
GLU: 64 x 110.156 us = 7050 us
MUL_MAT f32 m=48 n=512 k=5120: 96 x 36.947 us = 3547 us (6810.5 GFLOPS/s)
MUL_MAT q4_0 m=1024 n=512 k=5120: 32 x 76.128 us = 2436.12 us (70514.6 GFLOPS/s)
MUL_MAT q4_0 m=10240 n=512 k=5120: 48 x 1064.55 us = 51098.4 us (50426.8 GFLOPS/s)
MUL_MAT q4_0 m=12288 n=512 k=5120: 16 x 1155.99 us = 18495.9 us (55725.3 GFLOPS/s)
MUL_MAT q4_0 m=17408 n=512 k=5120: 128 x 1520.22 us = 194588 us (60030.3 GFLOPS/s)
MUL_MAT q4_0 m=5120 n=512 k=17408: 56 x 1720.9 us = 96370.2 us (53033.7 GFLOPS/s)
MUL_MAT q4_0 m=5120 n=512 k=6144: 16 x 577.742 us = 9243.88 us (55750.8 GFLOPS/s)
MUL_MAT q4_0 m=6144 n=512 k=5120: 48 x 561.028 us = 26929.4 us (57410.8 GFLOPS/s)
MUL_MAT q4_1 m=5120 n=512 k=17408: 8 x 2006.93 us = 16055.4 us (45475.1 GFLOPS/s)
MUL_MAT q5_K m=5120 n=512 k=6144: 48 x 734.231 us = 35243.1 us (43868.5 GFLOPS/s)
RMS_NORM(128,16,512,1): 96 x 28.29 us = 2715.84 us
RMS_NORM_MUL RMS_NORM(128,48,512,1): 48 x 97.681 us = 4688.72 us
RMS_NORM_MUL RMS_NORM(256,24,512,1): 16 x 54.892 us = 878.28 us
RMS_NORM_MUL RMS_NORM(256,4,512,1): 16 x 12.445 us = 199.12 us
RMS_NORM_MUL RMS_NORM(5120,512,1,1): 129 x 19.689 us = 2539.96 us
ROPE: 16 x 37.285 us = 596.56 us
ROPE_VIEW_SET_ROWS ROPE: 16 x 9.962 us = 159.4 us
SCALE: 96 x 10.283 us = 987.2 us
SET_ROWS: 16 x 9.59 us = 153.44 us
SIGMOID: 48 x 4.105 us = 197.08 us
SIGMOID_MUL SIGMOID: 16 x 33.872 us = 541.96 us
SILU_MUL SILU: 48 x 35.622 us = 1709.88 us
SOFTPLUS_MUL SOFTPLUS: 48 x 5.243 us = 251.68 us
SSM_CONV_SILU SSM_CONV: 48 x 31.847 us = 1528.68 us
Total time: 1.26996e+06 us.
----------------
Vulkan Timings:
ADD: 176 x 19.683 us = 3464.28 us
CONCAT: 48 x 134.895 us = 6475 us
CONT: 16 x 50.41 us = 806.56 us
CPY: 96 x 4.392 us = 421.68 us
FLASH_ATTN_EXT dst(256,24,512,1),  q(256,512,24,1),  k(256,80896,4,1),  v(256,80896,4,1),  m(80896,512,1,1): 16 x 53953.6 us = 863258 us (18866.3 GFLOPS/s)
GATED_DELTA_NET: 48 x 240.065 us = 11523.2 us
GET_ROWS: 96 x 8.208 us = 788 us
GLU: 64 x 118.98 us = 7614.72 us
MUL_MAT f32 m=48 n=512 k=5120: 96 x 37.737 us = 3622.8 us (6668 GFLOPS/s)
MUL_MAT q4_0 m=1024 n=512 k=5120: 32 x 73.653 us = 2356.92 us (72884.1 GFLOPS/s)
MUL_MAT q4_0 m=10240 n=512 k=5120: 48 x 1073.47 us = 51526.6 us (50007.7 GFLOPS/s)
MUL_MAT q4_0 m=12288 n=512 k=5120: 16 x 1173.96 us = 18783.3 us (54872.7 GFLOPS/s)
MUL_MAT q4_0 m=17408 n=512 k=5120: 128 x 1527.6 us = 195532 us (59740.3 GFLOPS/s)
MUL_MAT q4_0 m=5120 n=512 k=17408: 56 x 1740.91 us = 97491 us (52424 GFLOPS/s)
MUL_MAT q4_0 m=5120 n=512 k=6144: 16 x 572.59 us = 9161.44 us (56252.5 GFLOPS/s)
MUL_MAT q4_0 m=6144 n=512 k=5120: 48 x 562.566 us = 27003.2 us (57253.9 GFLOPS/s)
MUL_MAT q4_1 m=5120 n=512 k=17408: 8 x 2022.37 us = 16178.9 us (45128.1 GFLOPS/s)
MUL_MAT q5_K m=5120 n=512 k=6144: 48 x 732.621 us = 35165.8 us (43964.9 GFLOPS/s)
RMS_NORM(128,16,512,1): 96 x 28.589 us = 2744.6 us
RMS_NORM_MUL RMS_NORM(128,48,512,1): 48 x 97.876 us = 4698.08 us
RMS_NORM_MUL RMS_NORM(256,24,512,1): 16 x 56.267 us = 900.28 us
RMS_NORM_MUL RMS_NORM(256,4,512,1): 16 x 12.96 us = 207.36 us
RMS_NORM_MUL RMS_NORM(5120,512,1,1): 129 x 21.368 us = 2756.52 us
ROPE: 16 x 39.635 us = 634.16 us
ROPE_VIEW_SET_ROWS ROPE: 16 x 10.09 us = 161.44 us
SCALE: 96 x 10.884 us = 1044.92 us
SET_ROWS: 16 x 9.637 us = 154.2 us
SIGMOID: 48 x 4.33 us = 207.88 us
SIGMOID_MUL SIGMOID: 16 x 37.787 us = 604.6 us
SILU_MUL SILU: 48 x 36.316 us = 1743.2 us
SOFTPLUS_MUL SOFTPLUS: 48 x 4.907 us = 235.56 us
SSM_CONV_SILU SSM_CONV: 48 x 35.237 us = 1691.4 us
Total time: 1.36896e+06 us.
----------------
Vulkan Timings:
ADD: 176 x 14.162 us = 2492.6 us
CONCAT: 48 x 133.059 us = 6386.84 us
CONT: 16 x 37.715 us = 603.44 us
CPY: 96 x 3.991 us = 383.2 us
FLASH_ATTN_EXT dst(256,24,512,1),  q(256,512,24,1),  k(256,81408,4,1),  v(256,81408,4,1),  m(81408,512,1,1): 16 x 42379.7 us = 678076 us (24170.7 GFLOPS/s)
GATED_DELTA_NET: 48 x 238.322 us = 11439.5 us
GET_ROWS: 96 x 7.365 us = 707.08 us
GLU: 64 x 93.7 us = 5996.84 us
MUL_MAT f32 m=48 n=512 k=5120: 96 x 35.143 us = 3373.76 us (7160.21 GFLOPS/s)
MUL_MAT q4_0 m=1024 n=512 k=5120: 32 x 71.578 us = 2290.52 us (74996.9 GFLOPS/s)
MUL_MAT q4_0 m=10240 n=512 k=5120: 48 x 1071.04 us = 51410 us (50121.2 GFLOPS/s)
MUL_MAT q4_0 m=12288 n=512 k=5120: 16 x 1172.28 us = 18756.5 us (54951.1 GFLOPS/s)
MUL_MAT q4_0 m=17408 n=512 k=5120: 128 x 1544.24 us = 197663 us (59096.3 GFLOPS/s)
MUL_MAT q4_0 m=5120 n=512 k=17408: 56 x 1742.88 us = 97601.2 us (52364.8 GFLOPS/s)
MUL_MAT q4_0 m=5120 n=512 k=6144: 16 x 603.187 us = 9651 us (53399 GFLOPS/s)
MUL_MAT q4_0 m=6144 n=512 k=5120: 48 x 561.297 us = 26942.3 us (57383.3 GFLOPS/s)
MUL_MAT q4_1 m=5120 n=512 k=17408: 8 x 2042.07 us = 16336.6 us (44692.6 GFLOPS/s)
MUL_MAT q5_K m=5120 n=512 k=6144: 48 x 737.55 us = 35402.4 us (43671.1 GFLOPS/s)
RMS_NORM(128,16,512,1): 96 x 27.588 us = 2648.48 us
RMS_NORM_MUL RMS_NORM(128,48,512,1): 48 x 97.97 us = 4702.56 us
RMS_NORM_MUL RMS_NORM(256,24,512,1): 16 x 54.992 us = 879.88 us
RMS_NORM_MUL RMS_NORM(256,4,512,1): 16 x 12.332 us = 197.32 us
RMS_NORM_MUL RMS_NORM(5120,512,1,1): 129 x 17.584 us = 2268.4 us
ROPE: 16 x 35.625 us = 570 us
ROPE_VIEW_SET_ROWS ROPE: 16 x 9.405 us = 150.48 us
SCALE: 96 x 9.478 us = 909.96 us
SET_ROWS: 16 x 9.482 us = 151.72 us
SIGMOID: 48 x 4.004 us = 192.2 us
SIGMOID_MUL SIGMOID: 16 x 32.157 us = 514.52 us
SILU_MUL SILU: 48 x 35.433 us = 1700.8 us
SOFTPLUS_MUL SOFTPLUS: 48 x 5.159 us = 247.64 us
SSM_CONV_SILU SSM_CONV: 48 x 29.55 us = 1418.44 us
Total time: 1.18207e+06 us.
----------------
Vulkan Timings:
ADD: 176 x 15.57 us = 2740.36 us
CONCAT: 48 x 133.293 us = 6398.08 us
CONT: 16 x 42.687 us = 683 us
CPY: 96 x 4.134 us = 396.92 us
FLASH_ATTN_EXT dst(256,24,512,1),  q(256,512,24,1),  k(256,81920,4,1),  v(256,81920,4,1),  m(81920,512,1,1): 16 x 48719.5 us = 779512 us (21157.7 GFLOPS/s)
GATED_DELTA_NET: 48 x 238.288 us = 11437.8 us
GET_ROWS: 96 x 7.509 us = 720.92 us
GLU: 64 x 100.041 us = 6402.64 us
MUL_MAT f32 m=48 n=512 k=5120: 96 x 35.859 us = 3442.48 us (7017.28 GFLOPS/s)
MUL_MAT q4_0 m=1024 n=512 k=5120: 32 x 72.355 us = 2315.36 us (74192.3 GFLOPS/s)
MUL_MAT q4_0 m=10240 n=512 k=5120: 48 x 1070.09 us = 51364.2 us (50165.8 GFLOPS/s)
MUL_MAT q4_0 m=12288 n=512 k=5120: 16 x 1173.11 us = 18769.7 us (54912.6 GFLOPS/s)
MUL_MAT q4_0 m=17408 n=512 k=5120: 128 x 1544.2 us = 197657 us (59098.1 GFLOPS/s)
MUL_MAT q4_0 m=5120 n=512 k=17408: 56 x 1743.72 us = 97648.3 us (52339.5 GFLOPS/s)
MUL_MAT q4_0 m=5120 n=512 k=6144: 16 x 587.17 us = 9394.72 us (54855.7 GFLOPS/s)
MUL_MAT q4_0 m=6144 n=512 k=5120: 48 x 563.847 us = 27064.7 us (57123.8 GFLOPS/s)
MUL_MAT q4_1 m=5120 n=512 k=17408: 8 x 2031.84 us = 16254.7 us (44917.6 GFLOPS/s)
MUL_MAT q5_K m=5120 n=512 k=6144: 48 x 740.541 us = 35546 us (43494.7 GFLOPS/s)
RMS_NORM(128,16,512,1): 96 x 28.148 us = 2702.24 us
RMS_NORM_MUL RMS_NORM(128,48,512,1): 48 x 97.776 us = 4693.28 us
RMS_NORM_MUL RMS_NORM(256,24,512,1): 16 x 55.957 us = 895.32 us
RMS_NORM_MUL RMS_NORM(256,4,512,1): 16 x 12.377 us = 198.04 us
RMS_NORM_MUL RMS_NORM(5120,512,1,1): 129 x 18.623 us = 2402.44 us
ROPE: 16 x 37.652 us = 602.44 us
ROPE_VIEW_SET_ROWS ROPE: 16 x 9.79 us = 156.64 us
SCALE: 96 x 9.851 us = 945.72 us
SET_ROWS: 16 x 9.55 us = 152.8 us
SIGMOID: 48 x 3.874 us = 185.96 us
SIGMOID_MUL SIGMOID: 16 x 33.87 us = 541.92 us
SILU_MUL SILU: 48 x 35.716 us = 1714.4 us
SOFTPLUS_MUL SOFTPLUS: 48 x 5.155 us = 247.48 us
SSM_CONV_SILU SSM_CONV: 48 x 30.79 us = 1477.96 us
Total time: 1.28467e+06 us.
5.49.837.518 I slot print_timing: id  0 | task 47 | prompt processing, n_tokens =  81920, progress = 0.93, t = 142.20 s / 576.11 tokens per second
----------------
Vulkan Timings:
ADD: 176 x 15.737 us = 2769.76 us
CONCAT: 48 x 133.86 us = 6425.32 us
CONT: 16 x 42.777 us = 684.44 us
CPY: 96 x 4.092 us = 392.84 us
FLASH_ATTN_EXT dst(256,24,512,1),  q(256,512,24,1),  k(256,82432,4,1),  v(256,82432,4,1),  m(82432,512,1,1): 16 x 47922.2 us = 766756 us (21644.1 GFLOPS/s)
GATED_DELTA_NET: 48 x 239.2 us = 11481.6 us
GET_ROWS: 96 x 7.544 us = 724.24 us
GLU: 64 x 102.431 us = 6555.6 us
MUL_MAT f32 m=48 n=512 k=5120: 96 x 35.668 us = 3424.2 us (7054.74 GFLOPS/s)
MUL_MAT q4_0 m=1024 n=512 k=5120: 32 x 74.398 us = 2380.76 us (72154.2 GFLOPS/s)
MUL_MAT q4_0 m=10240 n=512 k=5120: 48 x 1073.9 us = 51547 us (49987.9 GFLOPS/s)
MUL_MAT q4_0 m=12288 n=512 k=5120: 16 x 1171.57 us = 18745.1 us (54984.5 GFLOPS/s)
MUL_MAT q4_0 m=17408 n=512 k=5120: 128 x 1552.81 us = 198760 us (58770.3 GFLOPS/s)
MUL_MAT q4_0 m=5120 n=512 k=17408: 56 x 1747.51 us = 97860.3 us (52226.1 GFLOPS/s)
MUL_MAT q4_0 m=5120 n=512 k=6144: 16 x 599.182 us = 9586.92 us (53756 GFLOPS/s)
MUL_MAT q4_0 m=6144 n=512 k=5120: 48 x 566.074 us = 27171.6 us (56899.1 GFLOPS/s)
MUL_MAT q4_1 m=5120 n=512 k=17408: 8 x 2012.22 us = 16097.8 us (45355.5 GFLOPS/s)
MUL_MAT q5_K m=5120 n=512 k=6144: 48 x 740.886 us = 35562.6 us (43474.4 GFLOPS/s)
RMS_NORM(128,16,512,1): 96 x 28.02 us = 2689.96 us
RMS_NORM_MUL RMS_NORM(128,48,512,1): 48 x 96.99 us = 4655.52 us
RMS_NORM_MUL RMS_NORM(256,24,512,1): 16 x 55.397 us = 886.36 us
RMS_NORM_MUL RMS_NORM(256,4,512,1): 16 x 12.472 us = 199.56 us
RMS_NORM_MUL RMS_NORM(5120,512,1,1): 129 x 18.813 us = 2427 us
ROPE: 16 x 37.662 us = 602.6 us
ROPE_VIEW_SET_ROWS ROPE: 16 x 10.097 us = 161.56 us
SCALE: 96 x 9.934 us = 953.72 us
SET_ROWS: 16 x 9.59 us = 153.44 us
SIGMOID: 48 x 4.288 us = 205.84 us
SIGMOID_MUL SIGMOID: 16 x 34.495 us = 551.92 us
SILU_MUL SILU: 48 x 35.742 us = 1715.64 us
SOFTPLUS_MUL SOFTPLUS: 48 x 5.124 us = 245.96 us
SSM_CONV_SILU SSM_CONV: 48 x 31.056 us = 1490.72 us
Total time: 1.27387e+06 us.
----------------
Vulkan Timings:
ADD: 176 x 25.855 us = 4550.64 us
CONCAT: 48 x 138.009 us = 6624.44 us
CONT: 16 x 61.185 us = 978.96 us
CPY: 96 x 5.009 us = 480.88 us
FLASH_ATTN_EXT dst(256,24,512,1),  q(256,512,24,1),  k(256,82944,4,1),  v(256,82944,4,1),  m(82944,512,1,1): 16 x 68629.7 us = 1.09807e+06 us (15207.4 GFLOPS/s)
GATED_DELTA_NET: 48 x 241.698 us = 11601.5 us
GET_ROWS: 96 x 9.15 us = 878.4 us
GLU: 64 x 143.839 us = 9205.72 us
MUL_MAT f32 m=48 n=512 k=5120: 96 x 40.758 us = 3912.8 us (6173.8 GFLOPS/s)
MUL_MAT q4_0 m=1024 n=512 k=5120: 32 x 72.467 us = 2318.96 us (74077.1 GFLOPS/s)
MUL_MAT q4_0 m=10240 n=512 k=5120: 48 x 1064.63 us = 51102.1 us (50423.1 GFLOPS/s)
MUL_MAT q4_0 m=12288 n=512 k=5120: 16 x 1184.4 us = 18950.4 us (54389 GFLOPS/s)
MUL_MAT q4_0 m=17408 n=512 k=5120: 128 x 1514.05 us = 193798 us (60274.9 GFLOPS/s)
MUL_MAT q4_0 m=5120 n=512 k=17408: 56 x 1754.19 us = 98234.5 us (52027.2 GFLOPS/s)
MUL_MAT q4_0 m=5120 n=512 k=6144: 16 x 555.412 us = 8886.6 us (57992.3 GFLOPS/s)
MUL_MAT q4_0 m=6144 n=512 k=5120: 48 x 573.677 us = 27536.5 us (56145 GFLOPS/s)
MUL_MAT q4_1 m=5120 n=512 k=17408: 8 x 2009.24 us = 16073.9 us (45422.9 GFLOPS/s)
MUL_MAT q5_K m=5120 n=512 k=6144: 48 x 728.154 us = 34951.4 us (44234.6 GFLOPS/s)
RMS_NORM(128,16,512,1): 96 x 29.744 us = 2855.48 us
RMS_NORM_MUL RMS_NORM(128,48,512,1): 48 x 97.873 us = 4697.92 us
RMS_NORM_MUL RMS_NORM(256,24,512,1): 16 x 59.36 us = 949.76 us
RMS_NORM_MUL RMS_NORM(256,4,512,1): 16 x 13.56 us = 216.96 us
RMS_NORM_MUL RMS_NORM(5120,512,1,1): 129 x 25.324 us = 3266.88 us
ROPE: 16 x 43.64 us = 698.24 us
ROPE_VIEW_SET_ROWS ROPE: 16 x 10.777 us = 172.44 us
SCALE: 96 x 12.582 us = 1207.96 us
SET_ROWS: 16 x 9.905 us = 158.48 us
SIGMOID: 48 x 4.125 us = 198.04 us
SIGMOID_MUL SIGMOID: 16 x 42.82 us = 685.12 us
SILU_MUL SILU: 48 x 36.665 us = 1759.96 us
SOFTPLUS_MUL SOFTPLUS: 48 x 5.305 us = 254.68 us
SSM_CONV_SILU SSM_CONV: 48 x 39.514 us = 1896.68 us
Total time: 1.60718e+06 us.
----------------
Vulkan Timings:
ADD: 176 x 14.412 us = 2536.64 us
CONCAT: 48 x 132.682 us = 6368.76 us
CONT: 16 x 36.82 us = 589.12 us
CPY: 96 x 4.032 us = 387.16 us
FLASH_ATTN_EXT dst(256,24,512,1),  q(256,512,24,1),  k(256,83456,4,1),  v(256,83456,4,1),  m(83456,512,1,1): 16 x 46856.4 us = 749703 us (22411.4 GFLOPS/s)
GATED_DELTA_NET: 48 x 239.81 us = 11510.9 us
GET_ROWS: 96 x 7.195 us = 690.72 us
GLU: 64 x 93.656 us = 5994.04 us
MUL_MAT f32 m=48 n=512 k=5120: 96 x 35.492 us = 3407.32 us (7089.69 GFLOPS/s)
MUL_MAT q4_0 m=1024 n=512 k=5120: 32 x 67.573 us = 2162.36 us (79441.9 GFLOPS/s)
MUL_MAT q4_0 m=10240 n=512 k=5120: 48 x 1071.29 us = 51421.8 us (50109.7 GFLOPS/s)
MUL_MAT q4_0 m=12288 n=512 k=5120: 16 x 1187.64 us = 19002.3 us (54240.3 GFLOPS/s)
MUL_MAT q4_0 m=17408 n=512 k=5120: 128 x 1533.84 us = 196331 us (59497.3 GFLOPS/s)
MUL_MAT q4_0 m=5120 n=512 k=17408: 56 x 1730.38 us = 96901.2 us (52743.1 GFLOPS/s)
MUL_MAT q4_0 m=5120 n=512 k=6144: 16 x 587.467 us = 9399.48 us (54827.9 GFLOPS/s)
MUL_MAT q4_0 m=6144 n=512 k=5120: 48 x 565.304 us = 27134.6 us (56976.6 GFLOPS/s)
MUL_MAT q4_1 m=5120 n=512 k=17408: 8 x 2021.4 us = 16171.2 us (45149.5 GFLOPS/s)
MUL_MAT q5_K m=5120 n=512 k=6144: 48 x 737.985 us = 35423.3 us (43645.4 GFLOPS/s)
RMS_NORM(128,16,512,1): 96 x 27.971 us = 2685.24 us
RMS_NORM_MUL RMS_NORM(128,48,512,1): 48 x 97.265 us = 4668.72 us
RMS_NORM_MUL RMS_NORM(256,24,512,1): 16 x 54.79 us = 876.64 us
RMS_NORM_MUL RMS_NORM(256,4,512,1): 16 x 12.245 us = 195.92 us
RMS_NORM_MUL RMS_NORM(5120,512,1,1): 129 x 17.795 us = 2295.68 us
ROPE: 16 x 35.532 us = 568.52 us
ROPE_VIEW_SET_ROWS ROPE: 16 x 9.67 us = 154.72 us
SCALE: 96 x 9.511 us = 913.08 us
SET_ROWS: 16 x 9.465 us = 151.44 us
SIGMOID: 48 x 4.045 us = 194.16 us
SIGMOID_MUL SIGMOID: 16 x 32.3 us = 516.8 us
SILU_MUL SILU: 48 x 35.456 us = 1701.92 us
SOFTPLUS_MUL SOFTPLUS: 48 x 5.34 us = 256.36 us
SSM_CONV_SILU SSM_CONV: 48 x 29.648 us = 1423.12 us
Total time: 1.25174e+06 us.
----------------
Vulkan Timings:
ADD: 176 x 25.192 us = 4433.88 us
CONCAT: 48 x 137.435 us = 6596.92 us
CONT: 16 x 63.57 us = 1017.12 us
CPY: 96 x 4.992 us = 479.24 us
FLASH_ATTN_EXT dst(256,24,512,1),  q(256,512,24,1),  k(256,83968,4,1),  v(256,83968,4,1),  m(83968,512,1,1): 16 x 72554.7 us = 1.16088e+06 us (14562.3 GFLOPS/s)
GATED_DELTA_NET: 48 x 242.693 us = 11649.3 us
GET_ROWS: 96 x 9.118 us = 875.4 us
GLU: 64 x 146.11 us = 9351.08 us
MUL_MAT f32 m=48 n=512 k=5120: 96 x 40.732 us = 3910.28 us (6177.78 GFLOPS/s)
MUL_MAT q4_0 m=1024 n=512 k=5120: 32 x 75.923 us = 2429.56 us (70704.9 GFLOPS/s)
MUL_MAT q4_0 m=10240 n=512 k=5120: 48 x 1058.28 us = 50797.4 us (50725.6 GFLOPS/s)
MUL_MAT q4_0 m=12288 n=512 k=5120: 16 x 1176.26 us = 18820.2 us (54765.2 GFLOPS/s)
MUL_MAT q4_0 m=17408 n=512 k=5120: 128 x 1519.8 us = 194534 us (60047 GFLOPS/s)
MUL_MAT q4_0 m=5120 n=512 k=17408: 56 x 1732.71 us = 97031.8 us (52672.1 GFLOPS/s)
MUL_MAT q4_0 m=5120 n=512 k=6144: 16 x 555.805 us = 8892.88 us (57951.3 GFLOPS/s)
MUL_MAT q4_0 m=6144 n=512 k=5120: 48 x 564.797 us = 27110.3 us (57027.7 GFLOPS/s)
MUL_MAT q4_1 m=5120 n=512 k=17408: 8 x 2004.49 us = 16035.9 us (45530.5 GFLOPS/s)
MUL_MAT q5_K m=5120 n=512 k=6144: 48 x 733.222 us = 35194.7 us (43928.9 GFLOPS/s)
RMS_NORM(128,16,512,1): 96 x 29.809 us = 2861.72 us
RMS_NORM_MUL RMS_NORM(128,48,512,1): 48 x 98.195 us = 4713.36 us
RMS_NORM_MUL RMS_NORM(256,24,512,1): 16 x 59.485 us = 951.76 us
RMS_NORM_MUL RMS_NORM(256,4,512,1): 16 x 13.7 us = 219.2 us
RMS_NORM_MUL RMS_NORM(5120,512,1,1): 129 x 25.843 us = 3333.84 us
ROPE: 16 x 44.2 us = 707.2 us
ROPE_VIEW_SET_ROWS ROPE: 16 x 11.052 us = 176.84 us
SCALE: 96 x 12.48 us = 1198.16 us
SET_ROWS: 16 x 9.897 us = 158.36 us
SIGMOID: 48 x 4.665 us = 223.92 us
SIGMOID_MUL SIGMOID: 16 x 43.59 us = 697.44 us
SILU_MUL SILU: 48 x 36.781 us = 1765.52 us
SOFTPLUS_MUL SOFTPLUS: 48 x 5.203 us = 249.76 us
SSM_CONV_SILU SSM_CONV: 48 x 40.4 us = 1939.24 us
Total time: 1.66923e+06 us.
5.55.848.359 I slot print_timing: id  0 | task 47 | prompt processing, n_tokens =  83968, progress = 0.95, t = 148.21 s / 566.56 tokens per second
----------------
Vulkan Timings:
ADD: 176 x 24.245 us = 4267.16 us
CONCAT: 48 x 137.368 us = 6593.68 us
CONT: 16 x 60.935 us = 974.96 us
CPY: 96 x 4.863 us = 466.92 us
FLASH_ATTN_EXT dst(256,24,512,1),  q(256,512,24,1),  k(256,84480,4,1),  v(256,84480,4,1),  m(84480,512,1,1): 16 x 71317.6 us = 1.14108e+06 us (14905.2 GFLOPS/s)
GATED_DELTA_NET: 48 x 242.081 us = 11619.9 us
GET_ROWS: 96 x 9.079 us = 871.6 us
GLU: 64 x 141.485 us = 9055.04 us
MUL_MAT f32 m=48 n=512 k=5120: 96 x 40.345 us = 3873.2 us (6236.92 GFLOPS/s)
MUL_MAT q4_0 m=1024 n=512 k=5120: 32 x 75.46 us = 2414.72 us (71139.5 GFLOPS/s)
MUL_MAT q4_0 m=10240 n=512 k=5120: 48 x 1071.99 us = 51455.4 us (50076.9 GFLOPS/s)
MUL_MAT q4_0 m=12288 n=512 k=5120: 16 x 1174.96 us = 18799.4 us (54825.8 GFLOPS/s)
MUL_MAT q4_0 m=17408 n=512 k=5120: 128 x 1511.87 us = 193519 us (60361.8 GFLOPS/s)
MUL_MAT q4_0 m=5120 n=512 k=17408: 56 x 1743.04 us = 97610.4 us (52359.8 GFLOPS/s)
MUL_MAT q4_0 m=5120 n=512 k=6144: 16 x 557.572 us = 8921.16 us (57767.6 GFLOPS/s)
MUL_MAT q4_0 m=6144 n=512 k=5120: 48 x 568.897 us = 27307.1 us (56616.7 GFLOPS/s)
MUL_MAT q4_1 m=5120 n=512 k=17408: 8 x 1992.3 us = 15938.4 us (45809.1 GFLOPS/s)
MUL_MAT q5_K m=5120 n=512 k=6144: 48 x 733.556 us = 35210.7 us (43908.9 GFLOPS/s)
RMS_NORM(128,16,512,1): 96 x 29.881 us = 2868.64 us
RMS_NORM_MUL RMS_NORM(128,48,512,1): 48 x 98.561 us = 4730.96 us
RMS_NORM_MUL RMS_NORM(256,24,512,1): 16 x 59.3 us = 948.8 us
RMS_NORM_MUL RMS_NORM(256,4,512,1): 16 x 13.767 us = 220.28 us
RMS_NORM_MUL RMS_NORM(5120,512,1,1): 129 x 25.029 us = 3228.8 us
ROPE: 16 x 43.917 us = 702.68 us
ROPE_VIEW_SET_ROWS ROPE: 16 x 10.895 us = 174.32 us
SCALE: 96 x 12.324 us = 1183.16 us
SET_ROWS: 16 x 10.15 us = 162.4 us
SIGMOID: 48 x 4.211 us = 202.16 us
SIGMOID_MUL SIGMOID: 16 x 42.535 us = 680.56 us
SILU_MUL SILU: 48 x 36.955 us = 1773.84 us
SOFTPLUS_MUL SOFTPLUS: 48 x 5.351 us = 256.88 us
SSM_CONV_SILU SSM_CONV: 48 x 39.225 us = 1882.8 us
Total time: 1.649e+06 us.
----------------
Vulkan Timings:
ADD: 176 x 15.291 us = 2691.28 us
CONCAT: 48 x 132.233 us = 6347.2 us
CONT: 16 x 41.275 us = 660.4 us
CPY: 96 x 4.034 us = 387.32 us
FLASH_ATTN_EXT dst(256,24,512,1),  q(256,512,24,1),  k(256,84992,4,1),  v(256,84992,4,1),  m(84992,512,1,1): 16 x 50368 us = 805888 us (21232.7 GFLOPS/s)
GATED_DELTA_NET: 48 x 237.2 us = 11385.6 us
GET_ROWS: 96 x 7.421 us = 712.48 us
GLU: 64 x 98.061 us = 6275.96 us
MUL_MAT f32 m=48 n=512 k=5120: 96 x 35.312 us = 3390.04 us (7125.82 GFLOPS/s)
MUL_MAT q4_0 m=1024 n=512 k=5120: 32 x 68.006 us = 2176.2 us (78936.6 GFLOPS/s)
MUL_MAT q4_0 m=10240 n=512 k=5120: 48 x 1066.24 us = 51179.5 us (50346.9 GFLOPS/s)
MUL_MAT q4_0 m=12288 n=512 k=5120: 16 x 1174.62 us = 18794 us (54841.5 GFLOPS/s)
MUL_MAT q4_0 m=17408 n=512 k=5120: 128 x 1535.25 us = 196513 us (59442.4 GFLOPS/s)
MUL_MAT q4_0 m=5120 n=512 k=17408: 56 x 1733.18 us = 97058.2 us (52657.7 GFLOPS/s)
MUL_MAT q4_0 m=5120 n=512 k=6144: 16 x 587.037 us = 9392.6 us (54868.1 GFLOPS/s)
MUL_MAT q4_0 m=6144 n=512 k=5120: 48 x 561.293 us = 26942.1 us (57383.7 GFLOPS/s)
MUL_MAT q4_1 m=5120 n=512 k=17408: 8 x 2017.68 us = 16141.4 us (45232.9 GFLOPS/s)
MUL_MAT q5_K m=5120 n=512 k=6144: 48 x 738.839 us = 35464.3 us (43594.9 GFLOPS/s)
RMS_NORM(128,16,512,1): 96 x 27.695 us = 2658.72 us
RMS_NORM_MUL RMS_NORM(128,48,512,1): 48 x 97.274 us = 4669.16 us
RMS_NORM_MUL RMS_NORM(256,24,512,1): 16 x 54.722 us = 875.56 us
RMS_NORM_MUL RMS_NORM(256,4,512,1): 16 x 12.422 us = 198.76 us
RMS_NORM_MUL RMS_NORM(5120,512,1,1): 129 x 18.182 us = 2345.6 us
ROPE: 16 x 36.037 us = 576.6 us
ROPE_VIEW_SET_ROWS ROPE: 16 x 9.6 us = 153.6 us
SCALE: 96 x 9.688 us = 930.08 us
SET_ROWS: 16 x 9.43 us = 150.88 us
SIGMOID: 48 x 4.163 us = 199.84 us
SIGMOID_MUL SIGMOID: 16 x 33.162 us = 530.6 us
SILU_MUL SILU: 48 x 35.489 us = 1703.48 us
SOFTPLUS_MUL SOFTPLUS: 48 x 4.946 us = 237.44 us
SSM_CONV_SILU SSM_CONV: 48 x 30.01 us = 1440.52 us
Total time: 1.30807e+06 us.
----------------
Vulkan Timings:
ADD: 176 x 24.861 us = 4375.68 us
CONCAT: 48 x 137.622 us = 6605.88 us
CONT: 16 x 63.732 us = 1019.72 us
CPY: 96 x 4.932 us = 473.56 us
FLASH_ATTN_EXT dst(256,24,512,1),  q(256,512,24,1),  k(256,85504,4,1),  v(256,85504,4,1),  m(85504,512,1,1): 16 x 71771.8 us = 1.14835e+06 us (14990.4 GFLOPS/s)
GATED_DELTA_NET: 48 x 244.301 us = 11726.5 us
GET_ROWS: 96 x 9.084 us = 872.12 us
GLU: 64 x 144.972 us = 9278.24 us
MUL_MAT f32 m=48 n=512 k=5120: 96 x 40.452 us = 3883.4 us (6220.54 GFLOPS/s)
MUL_MAT q4_0 m=1024 n=512 k=5120: 32 x 79.958 us = 2558.68 us (67136.9 GFLOPS/s)
MUL_MAT q4_0 m=10240 n=512 k=5120: 48 x 1071.56 us = 51434.8 us (50097 GFLOPS/s)
MUL_MAT q4_0 m=12288 n=512 k=5120: 16 x 1167.27 us = 18676.2 us (55187.3 GFLOPS/s)
MUL_MAT q4_0 m=17408 n=512 k=5120: 128 x 1513.18 us = 193688 us (60309.4 GFLOPS/s)
MUL_MAT q4_0 m=5120 n=512 k=17408: 56 x 1749.95 us = 97997.4 us (52153.1 GFLOPS/s)
MUL_MAT q4_0 m=5120 n=512 k=6144: 16 x 556.4 us = 8902.4 us (57889.3 GFLOPS/s)
MUL_MAT q4_0 m=6144 n=512 k=5120: 48 x 565.989 us = 27167.5 us (56907.6 GFLOPS/s)
MUL_MAT q4_1 m=5120 n=512 k=17408: 8 x 2006.96 us = 16055.7 us (45474.5 GFLOPS/s)
MUL_MAT q5_K m=5120 n=512 k=6144: 48 x 730.898 us = 35083.1 us (44068.6 GFLOPS/s)
RMS_NORM(128,16,512,1): 96 x 29.81 us = 2861.84 us
RMS_NORM_MUL RMS_NORM(128,48,512,1): 48 x 98.714 us = 4738.28 us
RMS_NORM_MUL RMS_NORM(256,24,512,1): 16 x 60.73 us = 971.68 us
RMS_NORM_MUL RMS_NORM(256,4,512,1): 16 x 13.812 us = 221 us
RMS_NORM_MUL RMS_NORM(5120,512,1,1): 129 x 25.577 us = 3299.44 us
ROPE: 16 x 44.47 us = 711.52 us
ROPE_VIEW_SET_ROWS ROPE: 16 x 11.74 us = 187.84 us
SCALE: 96 x 12.441 us = 1194.4 us
SET_ROWS: 16 x 9.91 us = 158.56 us
SIGMOID: 48 x 4.333 us = 208 us
SIGMOID_MUL SIGMOID: 16 x 43.532 us = 696.52 us
SILU_MUL SILU: 48 x 36.742 us = 1763.64 us
SOFTPLUS_MUL SOFTPLUS: 48 x 5.393 us = 258.88 us
SSM_CONV_SILU SSM_CONV: 48 x 39.818 us = 1911.28 us
Total time: 1.65733e+06 us.
----------------
Vulkan Timings:
ADD: 176 x 17.903 us = 3151.04 us
CONCAT: 48 x 133.712 us = 6418.2 us
CONT: 16 x 46.905 us = 750.48 us
CPY: 96 x 4.385 us = 420.96 us
FLASH_ATTN_EXT dst(256,24,512,1),  q(256,512,24,1),  k(256,86016,4,1),  v(256,86016,4,1),  m(86016,512,1,1): 16 x 59049.7 us = 944795 us (18329.2 GFLOPS/s)
GATED_DELTA_NET: 48 x 237.658 us = 11407.6 us
GET_ROWS: 96 x 8.071 us = 774.88 us
GLU: 64 x 114.516 us = 7329.04 us
MUL_MAT f32 m=48 n=512 k=5120: 96 x 37.59 us = 3608.68 us (6694.09 GFLOPS/s)
MUL_MAT q4_0 m=1024 n=512 k=5120: 32 x 69.2 us = 2214.4 us (77574.9 GFLOPS/s)
MUL_MAT q4_0 m=10240 n=512 k=5120: 48 x 1052.71 us = 50530 us (50994.1 GFLOPS/s)
MUL_MAT q4_0 m=12288 n=512 k=5120: 16 x 1165.93 us = 18655 us (55250.3 GFLOPS/s)
MUL_MAT q4_0 m=17408 n=512 k=5120: 128 x 1500.55 us = 192070 us (60817.1 GFLOPS/s)
MUL_MAT q4_0 m=5120 n=512 k=17408: 56 x 1713.58 us = 95960.2 us (53260.2 GFLOPS/s)
MUL_MAT q4_0 m=5120 n=512 k=6144: 16 x 559.585 us = 8953.36 us (57559.9 GFLOPS/s)
MUL_MAT q4_0 m=6144 n=512 k=5120: 48 x 556.007 us = 26688.4 us (57929.3 GFLOPS/s)
MUL_MAT q4_1 m=5120 n=512 k=17408: 8 x 1990.35 us = 15922.8 us (45854.1 GFLOPS/s)
MUL_MAT q5_K m=5120 n=512 k=6144: 48 x 725.649 us = 34831.2 us (44387.3 GFLOPS/s)
RMS_NORM(128,16,512,1): 96 x 28.338 us = 2720.52 us
RMS_NORM_MUL RMS_NORM(128,48,512,1): 48 x 96.95 us = 4653.64 us
RMS_NORM_MUL RMS_NORM(256,24,512,1): 16 x 56.292 us = 900.68 us
RMS_NORM_MUL RMS_NORM(256,4,512,1): 16 x 12.885 us = 206.16 us
RMS_NORM_MUL RMS_NORM(5120,512,1,1): 129 x 20.846 us = 2689.16 us
ROPE: 16 x 40.07 us = 641.12 us
ROPE_VIEW_SET_ROWS ROPE: 16 x 10.175 us = 162.8 us
SCALE: 96 x 10.749 us = 1031.92 us
SET_ROWS: 16 x 9.567 us = 153.08 us
SIGMOID: 48 x 4.153 us = 199.36 us
SIGMOID_MUL SIGMOID: 16 x 35.17 us = 562.72 us
SILU_MUL SILU: 48 x 35.56 us = 1706.88 us
SOFTPLUS_MUL SOFTPLUS: 48 x 5.109 us = 245.24 us
SSM_CONV_SILU SSM_CONV: 48 x 33.362 us = 1601.4 us
Total time: 1.44196e+06 us.
6.02.118.276 I slot print_timing: id  0 | task 47 | prompt processing, n_tokens =  86016, progress = 0.98, t = 154.48 s / 556.82 tokens per second
----------------
Vulkan Timings:
ADD: 176 x 17.52 us = 3083.68 us
CONCAT: 48 x 134.507 us = 6456.36 us
CONT: 16 x 44.22 us = 707.52 us
CPY: 96 x 4.235 us = 406.56 us
FLASH_ATTN_EXT dst(256,24,512,1),  q(256,512,24,1),  k(256,86528,4,1),  v(256,86528,4,1),  m(86528,512,1,1): 16 x 54568.8 us = 873100 us (19952.3 GFLOPS/s)
GATED_DELTA_NET: 48 x 240.521 us = 11545 us
GET_ROWS: 96 x 7.918 us = 760.16 us
GLU: 64 x 108.105 us = 6918.72 us
MUL_MAT f32 m=48 n=512 k=5120: 96 x 36.532 us = 3507.08 us (6888.02 GFLOPS/s)
MUL_MAT q4_0 m=1024 n=512 k=5120: 32 x 69.112 us = 2211.6 us (77673.1 GFLOPS/s)
MUL_MAT q4_0 m=10240 n=512 k=5120: 48 x 1071.63 us = 51438.2 us (50093.6 GFLOPS/s)
MUL_MAT q4_0 m=12288 n=512 k=5120: 16 x 1190.2 us = 19043.2 us (54124 GFLOPS/s)
MUL_MAT q4_0 m=17408 n=512 k=5120: 128 x 1532.69 us = 196185 us (59541.7 GFLOPS/s)
MUL_MAT q4_0 m=5120 n=512 k=17408: 56 x 1739.25 us = 97398.2 us (52473.9 GFLOPS/s)
MUL_MAT q4_0 m=5120 n=512 k=6144: 16 x 580.762 us = 9292.2 us (55460.9 GFLOPS/s)
MUL_MAT q4_0 m=6144 n=512 k=5120: 48 x 561.87 us = 26969.8 us (57324.8 GFLOPS/s)
MUL_MAT q4_1 m=5120 n=512 k=17408: 8 x 2019.55 us = 16156.4 us (45191 GFLOPS/s)
MUL_MAT q5_K m=5120 n=512 k=6144: 48 x 734.922 us = 35276.3 us (43827.3 GFLOPS/s)
RMS_NORM(128,16,512,1): 96 x 28.322 us = 2719 us
RMS_NORM_MUL RMS_NORM(128,48,512,1): 48 x 97.873 us = 4697.92 us
RMS_NORM_MUL RMS_NORM(256,24,512,1): 16 x 55.905 us = 894.48 us
RMS_NORM_MUL RMS_NORM(256,4,512,1): 16 x 12.472 us = 199.56 us
RMS_NORM_MUL RMS_NORM(5120,512,1,1): 129 x 19.607 us = 2529.4 us
ROPE: 16 x 37.522 us = 600.36 us
ROPE_VIEW_SET_ROWS ROPE: 16 x 9.802 us = 156.84 us
SCALE: 96 x 10.305 us = 989.32 us
SET_ROWS: 16 x 9.667 us = 154.68 us
SIGMOID: 48 x 3.956 us = 189.92 us
SIGMOID_MUL SIGMOID: 16 x 34.617 us = 553.88 us
SILU_MUL SILU: 48 x 35.685 us = 1712.88 us
SOFTPLUS_MUL SOFTPLUS: 48 x 5.331 us = 255.92 us
SSM_CONV_SILU SSM_CONV: 48 x 32.08 us = 1539.84 us
Total time: 1.37765e+06 us.
----------------
Vulkan Timings:
ADD: 176 x 14.624 us = 2573.92 us
CONCAT: 48 x 132.673 us = 6368.32 us
CONT: 16 x 37.687 us = 603 us
CPY: 96 x 3.979 us = 382.04 us
FLASH_ATTN_EXT dst(256,24,512,1),  q(256,512,24,1),  k(256,87040,4,1),  v(256,87040,4,1),  m(87040,512,1,1): 16 x 50427.9 us = 806847 us (21718.5 GFLOPS/s)
GATED_DELTA_NET: 48 x 237.112 us = 11381.4 us
GET_ROWS: 96 x 7.319 us = 702.64 us
GLU: 64 x 94.028 us = 6017.84 us
MUL_MAT f32 m=48 n=512 k=5120: 96 x 35.211 us = 3380.28 us (7146.4 GFLOPS/s)
MUL_MAT q4_0 m=1024 n=512 k=5120: 32 x 67.181 us = 2149.8 us (79906 GFLOPS/s)
MUL_MAT q4_0 m=10240 n=512 k=5120: 48 x 1072.3 us = 51470.4 us (50062.3 GFLOPS/s)
MUL_MAT q4_0 m=12288 n=512 k=5120: 16 x 1193.38 us = 19094.2 us (53979.4 GFLOPS/s)
MUL_MAT q4_0 m=17408 n=512 k=5120: 128 x 1529.66 us = 195796 us (59659.8 GFLOPS/s)
MUL_MAT q4_0 m=5120 n=512 k=17408: 56 x 1728.67 us = 96805.4 us (52795.2 GFLOPS/s)
MUL_MAT q4_0 m=5120 n=512 k=6144: 16 x 578.932 us = 9262.92 us (55636.2 GFLOPS/s)
MUL_MAT q4_0 m=6144 n=512 k=5120: 48 x 560.984 us = 26927.2 us (57415.4 GFLOPS/s)
MUL_MAT q4_1 m=5120 n=512 k=17408: 8 x 2023.17 us = 16185.4 us (45110.1 GFLOPS/s)
MUL_MAT q5_K m=5120 n=512 k=6144: 48 x 734.403 us = 35251.4 us (43858.2 GFLOPS/s)
RMS_NORM(128,16,512,1): 96 x 27.81 us = 2669.76 us
RMS_NORM_MUL RMS_NORM(128,48,512,1): 48 x 96.779 us = 4645.4 us
RMS_NORM_MUL RMS_NORM(256,24,512,1): 16 x 55.035 us = 880.56 us
RMS_NORM_MUL RMS_NORM(256,4,512,1): 16 x 12.205 us = 195.28 us
RMS_NORM_MUL RMS_NORM(5120,512,1,1): 129 x 17.544 us = 2263.24 us
ROPE: 16 x 35.425 us = 566.8 us
ROPE_VIEW_SET_ROWS ROPE: 16 x 9.582 us = 153.32 us
SCALE: 96 x 9.5 us = 912.04 us
SET_ROWS: 16 x 9.442 us = 151.08 us
SIGMOID: 48 x 4.065 us = 195.16 us
SIGMOID_MUL SIGMOID: 16 x 31.227 us = 499.64 us
SILU_MUL SILU: 48 x 35.259 us = 1692.44 us
SOFTPLUS_MUL SOFTPLUS: 48 x 5.298 us = 254.32 us
SSM_CONV_SILU SSM_CONV: 48 x 29.779 us = 1429.4 us
Total time: 1.30771e+06 us.
----------------
Vulkan Timings:
ADD: 176 x 13.984 us = 2461.32 us
CONCAT: 48 x 122.897 us = 5899.08 us
CONT: 16 x 33.797 us = 540.76 us
CPY: 96 x 4.065 us = 390.24 us
FLASH_ATTN_EXT dst(256,24,478,1),  q(256,478,24,1),  k(256,87552,4,1),  v(256,87552,4,1),  m(87552,478,1,1): 16 x 48435.1 us = 774961 us (21234.7 GFLOPS/s)
GATED_DELTA_NET: 48 x 222.785 us = 10693.7 us
GET_ROWS: 96 x 7.35 us = 705.64 us
GLU: 64 x 84.928 us = 5435.44 us
MUL_MAT f32 m=48 n=478 k=5120: 96 x 33.843 us = 3248.96 us (6941.5 GFLOPS/s)
MUL_MAT q4_0 m=1024 n=478 k=5120: 32 x 67.392 us = 2156.56 us (74365.9 GFLOPS/s)
MUL_MAT q4_0 m=10240 n=478 k=5120: 48 x 1070.84 us = 51400.2 us (46801.8 GFLOPS/s)
MUL_MAT q4_0 m=12288 n=478 k=5120: 16 x 1175.39 us = 18806.2 us (51166.5 GFLOPS/s)
MUL_MAT q4_0 m=17408 n=478 k=5120: 128 x 1521.72 us = 194780 us (55988.6 GFLOPS/s)
MUL_MAT q4_0 m=5120 n=478 k=17408: 56 x 1742.22 us = 97564.3 us (48905.9 GFLOPS/s)
MUL_MAT q4_0 m=5120 n=478 k=6144: 16 x 581.097 us = 9297.56 us (51748.1 GFLOPS/s)
MUL_MAT q4_0 m=6144 n=478 k=5120: 48 x 556.711 us = 26722.2 us (54014 GFLOPS/s)
MUL_MAT q4_1 m=5120 n=478 k=17408: 8 x 2003.8 us = 16030.4 us (42521.7 GFLOPS/s)
MUL_MAT q5_K m=5120 n=478 k=6144: 48 x 737.485 us = 35399.3 us (40774.7 GFLOPS/s)
RMS_NORM(128,16,478,1): 96 x 26.212 us = 2516.44 us
RMS_NORM_MUL RMS_NORM(128,48,478,1): 48 x 88.292 us = 4238.04 us
RMS_NORM_MUL RMS_NORM(256,24,478,1): 16 x 50.585 us = 809.36 us
RMS_NORM_MUL RMS_NORM(256,4,478,1): 16 x 11.657 us = 186.52 us
RMS_NORM_MUL RMS_NORM(5120,478,1,1): 129 x 17.538 us = 2262.52 us
ROPE: 16 x 26.785 us = 428.56 us
ROPE_VIEW_SET_ROWS ROPE: 16 x 9.627 us = 154.04 us
SCALE: 96 x 9.258 us = 888.84 us
SET_ROWS: 16 x 9.362 us = 149.8 us
SIGMOID: 48 x 4.095 us = 196.56 us
SIGMOID_MUL SIGMOID: 16 x 30.1 us = 481.6 us
SILU_MUL SILU: 48 x 34.21 us = 1642.08 us
SOFTPLUS_MUL SOFTPLUS: 48 x 5.218 us = 250.48 us
SSM_CONV_SILU SSM_CONV: 48 x 27.985 us = 1343.28 us
Total time: 1.27204e+06 us.
6.06.228.662 I slot print_timing: id  0 | task 47 | prompt processing, n_tokens =  87518, progress = 0.99, t = 158.59 s / 551.86 tokens per second
----------------
Vulkan Timings:
ADD: 176 x 16.333 us = 2874.72 us
CONCAT: 48 x 133.81 us = 6422.88 us
CONT: 16 x 40.587 us = 649.4 us
CPY: 96 x 4.136 us = 397.08 us
FLASH_ATTN_EXT dst(256,24,512,1),  q(256,512,24,1),  k(256,88064,4,1),  v(256,88064,4,1),  m(88064,512,1,1): 16 x 54091.4 us = 865462 us (20485.7 GFLOPS/s)
GATED_DELTA_NET: 48 x 240.21 us = 11530.1 us
GET_ROWS: 96 x 7.52 us = 721.96 us
GLU: 64 x 101.441 us = 6492.24 us
MUL_MAT f32 m=48 n=512 k=5120: 96 x 35.85 us = 3441.68 us (7018.91 GFLOPS/s)
MUL_MAT q4_0 m=1024 n=512 k=5120: 32 x 71.937 us = 2302 us (74622.9 GFLOPS/s)
MUL_MAT q4_0 m=10240 n=512 k=5120: 48 x 1077.64 us = 51726.6 us (49814.3 GFLOPS/s)
MUL_MAT q4_0 m=12288 n=512 k=5120: 16 x 1171.34 us = 18741.5 us (54995.2 GFLOPS/s)
MUL_MAT q4_0 m=17408 n=512 k=5120: 128 x 1546.97 us = 198012 us (58992.1 GFLOPS/s)
MUL_MAT q4_0 m=5120 n=512 k=17408: 56 x 1743.68 us = 97645.9 us (52340.8 GFLOPS/s)
MUL_MAT q4_0 m=5120 n=512 k=6144: 16 x 586.145 us = 9378.32 us (54951.6 GFLOPS/s)
MUL_MAT q4_0 m=6144 n=512 k=5120: 48 x 567.731 us = 27251.1 us (56733 GFLOPS/s)
MUL_MAT q4_1 m=5120 n=512 k=17408: 8 x 2027.45 us = 16219.6 us (45014.8 GFLOPS/s)
MUL_MAT q5_K m=5120 n=512 k=6144: 48 x 741.455 us = 35589.8 us (43441.1 GFLOPS/s)
RMS_NORM(128,16,512,1): 96 x 28.269 us = 2713.88 us
RMS_NORM_MUL RMS_NORM(128,48,512,1): 48 x 97.836 us = 4696.16 us
RMS_NORM_MUL RMS_NORM(256,24,512,1): 16 x 55.232 us = 883.72 us
RMS_NORM_MUL RMS_NORM(256,4,512,1): 16 x 12.622 us = 201.96 us
RMS_NORM_MUL RMS_NORM(5120,512,1,1): 129 x 18.915 us = 2440.12 us
ROPE: 16 x 36.392 us = 582.28 us
ROPE_VIEW_SET_ROWS ROPE: 16 x 9.642 us = 154.28 us
SCALE: 96 x 9.867 us = 947.24 us
SET_ROWS: 16 x 9.512 us = 152.2 us
SIGMOID: 48 x 3.97 us = 190.6 us
SIGMOID_MUL SIGMOID: 16 x 33.17 us = 530.72 us
SILU_MUL SILU: 48 x 35.81 us = 1718.92 us
SOFTPLUS_MUL SOFTPLUS: 48 x 5.389 us = 258.68 us
SSM_CONV_SILU SSM_CONV: 48 x 31.411 us = 1507.76 us
Total time: 1.37184e+06 us.
6.07.726.160 I slot print_timing: id  0 | task 47 | prompt processing, n_tokens =  88030, progress = 1.00, t = 160.08 s / 549.90 tokens per second
----------------
Vulkan Timings:
ADD: 176 x 3.249 us = 571.84 us
CONCAT: 48 x 2.626 us = 126.08 us
CONT: 16 x 4.772 us = 76.36 us
CPY: 96 x 7.429 us = 713.24 us
FLASH_ATTN_EXT dst(256,24,4,1),  q(256,4,24,1),  k(256,88064,4,1),  v(256,88064,4,1),  m(88064,4,1,1): 16 x 1426.94 us = 22831 us (6066.86 GFLOPS/s)
GATED_DELTA_NET: 48 x 9.177 us = 440.52 us
GET_ROWS: 97 x 8.563 us = 830.68 us
GLU: 64 x 3.082 us = 197.28 us
MUL_MAT_VEC f32 m=48 n=4 k=5120: 96 x 11.585 us = 1112.24 us (169.68 GFLOPS/s)
MUL_MAT_VEC q4_0 m=1024 n=4 k=5120: 32 x 11.251 us = 360.04 us (3727.49 GFLOPS/s)
MUL_MAT_VEC q4_0 m=10240 n=4 k=5120: 48 x 75.426 us = 3620.48 us (5560.23 GFLOPS/s)
MUL_MAT_VEC q4_0 m=12288 n=4 k=5120: 16 x 83.565 us = 1337.04 us (6022.47 GFLOPS/s)
MUL_MAT_VEC q4_0 m=17408 n=4 k=5120: 128 x 117.017 us = 14978.2 us (6092.78 GFLOPS/s)
MUL_MAT_VEC q4_0 m=5120 n=4 k=17408: 56 x 114.916 us = 6435.32 us (6204.61 GFLOPS/s)
MUL_MAT_VEC q4_0 m=5120 n=4 k=6144: 16 x 50.22 us = 803.52 us (5010.71 GFLOPS/s)
MUL_MAT_VEC q4_0 m=6144 n=4 k=5120: 48 x 43.602 us = 2092.92 us (5771.08 GFLOPS/s)
MUL_MAT_VEC q4_1 m=5120 n=4 k=17408: 8 x 174.76 us = 1398.08 us (4079.95 GFLOPS/s)
MUL_MAT_VEC q5_K m=5120 n=4 k=6144: 48 x 47.63 us = 2286.28 us (5283.09 GFLOPS/s)
MUL_MAT_VEC q6_K m=248320 n=1 k=5120: 1 x 1201.44 us = 1201.44 us (2116.25 GFLOPS/s)
RMS_NORM(128,16,4,1): 96 x 4.102 us = 393.88 us
RMS_NORM_MUL RMS_NORM(128,48,4,1): 48 x 7.856 us = 377.12 us
RMS_NORM_MUL RMS_NORM(256,24,4,1): 16 x 3.367 us = 53.88 us
RMS_NORM_MUL RMS_NORM(256,4,4,1): 16 x 6.52 us = 104.32 us
RMS_NORM_MUL RMS_NORM(5120,4,1,1): 129 x 12.124 us = 1564.04 us
ROPE: 16 x 5.757 us = 92.12 us
ROPE_VIEW_SET_ROWS ROPE: 16 x 6.07 us = 97.12 us
SCALE: 96 x 4.392 us = 421.64 us
SET_ROWS: 16 x 6.32 us = 101.12 us
SIGMOID: 48 x 5.768 us = 276.88 us
SIGMOID_MUL SIGMOID: 16 x 5.78 us = 92.48 us
SILU_MUL SILU: 48 x 5.311 us = 254.96 us
SOFTPLUS_MUL SOFTPLUS: 48 x 3.492 us = 167.64 us
SSM_CONV_SILU SSM_CONV: 48 x 6.64 us = 318.72 us
Total time: 65728.6 us.
----------------
Vulkan Timings:
ADD: 96 x 3.782 us = 363.08 us
CONCAT: 48 x 2.62 us = 125.76 us
CONT: 16 x 3.987 us = 63.8 us
CPY: 96 x 7.146 us = 686.08 us
FLASH_ATTN_EXT dst(256,24,1,1),  q(256,1,24,1),  k(256,88064,4,1),  v(256,88064,4,1),  m(88064,1,1,1): 16 x 507.495 us = 8119.92 us (4264.6 GFLOPS/s)
GATED_DELTA_NET: 48 x 8.08 us = 387.88 us
GET_ROWS: 97 x 8.458 us = 820.52 us
GLU: 64 x 3.724 us = 238.36 us
MUL_MAT_ADD MUL_MAT_VEC q4_0 m=5120 n=1 k=17408: 56 x 72.987 us = 4087.32 us (2442.23 GFLOPS/s)
MUL_MAT_ADD MUL_MAT_VEC q4_0 m=5120 n=1 k=6144: 16 x 32.482 us = 519.72 us (1936.72 GFLOPS/s)
MUL_MAT_ADD MUL_MAT_VEC q4_1 m=5120 n=1 k=17408: 8 x 84.51 us = 676.08 us (2109.25 GFLOPS/s)
MUL_MAT_VEC f32 m=48 n=1 k=5120: 96 x 6.721 us = 645.28 us (73.1176 GFLOPS/s)
MUL_MAT_VEC q4_0 m=1024 n=1 k=5120: 32 x 6.788 us = 217.24 us (1544.43 GFLOPS/s)
MUL_MAT_VEC q4_0 m=10240 n=1 k=5120: 48 x 41.963 us = 2014.24 us (2498.55 GFLOPS/s)
MUL_MAT_VEC q4_0 m=12288 n=1 k=5120: 16 x 45.547 us = 728.76 us (2762.32 GFLOPS/s)
MUL_MAT_VEC q4_0 m=17408 n=1 k=5120: 128 x 67.114 us = 8590.68 us (2655.76 GFLOPS/s)
MUL_MAT_VEC q4_0 m=6144 n=1 k=5120: 48 x 24.291 us = 1166 us (2589.71 GFLOPS/s)
MUL_MAT_VEC q5_K m=5120 n=1 k=6144: 48 x 36.43 us = 1748.68 us (1726.82 GFLOPS/s)
MUL_MAT_VEC q6_K m=248320 n=1 k=5120: 1 x 1196.8 us = 1196.8 us (2124.46 GFLOPS/s)
RMS_NORM(128,16,1,1): 96 x 5.982 us = 574.32 us
RMS_NORM_MUL RMS_NORM(128,48,1,1): 48 x 7.264 us = 348.68 us
RMS_NORM_MUL RMS_NORM(256,24,1,1): 16 x 3.965 us = 63.44 us
RMS_NORM_MUL RMS_NORM(256,4,1,1): 16 x 7.612 us = 121.8 us
RMS_NORM_MUL RMS_NORM(5120,1,1,1): 129 x 10.044 us = 1295.8 us
ROPE: 16 x 6.872 us = 109.96 us
ROPE_VIEW_SET_ROWS ROPE: 16 x 7.537 us = 120.6 us
SCALE: 96 x 5.424 us = 520.72 us
SET_ROWS: 16 x 20.892 us = 334.28 us
SIGMOID: 48 x 5.585 us = 268.08 us
SIGMOID_MUL SIGMOID: 16 x 7.457 us = 119.32 us
SILU_MUL SILU: 48 x 6.511 us = 312.56 us
SOFTPLUS_MUL SOFTPLUS: 48 x 4.197 us = 201.48 us
SSM_CONV_SILU SSM_CONV: 48 x 6.524 us = 313.16 us
Total time: 37100.4 us.
6.07.952.564 I slot print_timing: id  0 | task 47 | prompt eval time =  160260.11 ms / 88034 tokens (    1.82 ms per token,   549.32 tokens per second)
6.07.952.570 I slot print_timing: id  0 | task 47 |        eval time =      50.02 ms /     2 tokens (   50.02 ms per token,    19.99 tokens per second)
6.07.952.571 I slot print_timing: id  0 | task 47 |       total time =  160310.13 ms / 88036 tokens
6.07.952.572 I slot print_timing: id  0 | task 47 |    graphs reused =          1
6.07.953.942 I slot      release: id  0 | task 47 | stop processing: n_tokens = 88035, truncated = 0
6.07.982.547 I srv    operator(): operator(): cleaning up before exit...
